season,as_of_utc_date,game_id,game_date_et,game_status,game_status_text,away_team,home_team,matchup,possessions,rows_before_exclusion,rows_excluded_score_margin,rows_excluded_intentional,rows_excluded_total,rows_used_in_model,adjusted_mean_M_t_if_L_t_eq_1,adjusted_mean_M_t_if_L_t_eq_0,WMI_controlledgame,beta_L_t,irr_L_t,p_value_L_t,fit_status,wmi_controlledgame_z_score
2025-26,2026-03-24,0022500001,2025-10-21T19:30:00-04:00,3,Final,HOU,OKC,HOU @ OKC,225,225,0,1,1,224,0.23013136024289604,0.300722394773686,0.7652617970673102,-0.2675372853103172,0.7652617970673102,0.3705292471964453,ok,-0.0004910866240707062
2025-26,2026-03-24,0022500002,2025-10-21T22:00:00-04:00,3,Final,GSW,LAL,GSW @ LAL,201,201,11,0,11,190,0.17396136068862125,0.25615777567692327,0.6791180171240575,-0.38696035632924947,0.6791180171240575,0.26003611707940644,ok,-0.18672473139866336
2025-26,2026-03-24,0022500003,2025-10-22T19:00:00-04:00,3,Final,CLE,NYK,CLE @ NYK,208,208,10,1,11,197,0.3040136343422668,0.23451396664944985,1.2963561986766643,0.25955740482512885,1.296356198676664,0.36761914027896536,ok,1.1476782437239448
2025-26,2026-03-24,0022500004,2025-10-22T21:30:00-04:00,3,Final,SAS,DAL,SAS @ DAL,200,200,76,0,76,124,0.21161240176025037,0.34713462137776147,0.6095975126893722,-0.49495635485199413,0.6095975126893722,0.18408955859171583,ok,-0.3370206312996028
2025-26,2026-03-24,0022500005,2025-10-23T19:30:00-04:00,3,Final,OKC,IND,OKC @ IND,245,245,0,2,2,243,0.2715692847794017,0.37727035648712737,0.7198267240184499,-0.32874475702104844,0.7198267240184498,0.15897896340797335,ok,-0.09871685823594055
2025-26,2026-03-24,0022500006,2025-10-23T22:00:00-04:00,3,Final,DEN,GSW,DEN @ GSW,211,211,0,1,1,210,0.13267946256882782,0.21805288447100118,0.60847377869231,-0.4968014591965713,0.60847377869231,0.19414521306460364,ok,-0.33945002409114133
2025-26,2026-03-24,0022500007,2025-10-27T19:00:00-04:00,3,Final,CLE,DET,CLE @ DET,208,208,140,0,140,68,0.16118002976809523,0.37859543414178387,0.4257315731592615,-0.8539462412702615,0.42573157315926147,0.10786119835500713,ok,-0.7345191400851974
2025-26,2026-03-24,0022500008,2025-10-27T21:30:00-04:00,3,Final,DEN,MIN,DEN @ MIN,204,204,5,1,6,198,0.2240946938526323,0.26066018904921534,0.8597196782141553,-0.15114889843458099,0.8597196782141555,0.6230255514232823,ok,0.20371675630144837
2025-26,2026-03-24,0022500009,2025-12-25T12:00:00-05:00,3,Final,CLE,NYK,CLE @ NYK,206,206,16,2,18,188,0.1998486574543548,0.1955499608738477,1.0219826000542145,0.02174446624931338,1.0219826000542145,0.9527993897706116,ok,0.5545118498758856
2025-26,2026-03-24,0022500010,2025-12-25T14:30:00-05:00,3,Final,SAS,OKC,SAS @ OKC,193,193,37,0,37,156,0.1321105107667067,0.23297791302382045,0.5670516533178803,-0.5673048800776092,0.5670516533178802,0.19419336446052649,ok,-0.4290002317540963
2025-26,2026-03-24,0022500011,2025-12-25T17:00:00-05:00,3,Final,DAL,GSW,DAL @ GSW,211,211,5,0,5,206,0.14842656098645413,0.23083590588014602,0.6429959863502334,-0.4416167968320659,0.6429959863502333,0.22944024204391988,ok,-0.2648167010347854
2025-26,2026-03-24,0022500012,2025-12-25T20:00:00-05:00,3,Final,HOU,LAL,HOU @ LAL,180,180,76,0,76,104,0.4370157763462673,0.13954205142776852,3.1317855218179935,1.1416032961598357,3.131785521817994,0.010488209786656214,ok,5.115680260816143
2025-26,2026-03-24,0022500013,2025-12-25T22:30:00-05:00,3,Final,MIN,DEN,MIN @ DEN,234,234,4,5,9,225,0.12879187626214397,0.27405661607234927,0.46994623997015167,-0.7551369738625021,0.4699462399701518,0.034788108228527306,ok,-0.6389317563169136
2025-26,2026-03-24,0022500014,2026-01-19T13:00:00-05:00,3,Final,MIL,ATL,MIL @ ATL,204,204,61,2,63,141,0.23918209880750038,0.2091842424530289,1.1434039964133882,0.1340097750431195,1.143403996413388,0.7291123001621722,ok,0.8170119306998933
2025-26,2026-03-24,0022500015,2026-01-19T14:30:00-05:00,3,Final,OKC,CLE,OKC @ CLE,212,212,80,0,80,132,0.20875366259918446,0.31523341355390827,0.6622193385076718,-0.4121584508709516,0.6622193385076717,0.2630494946665253,ok,-0.22325786835500702
2025-26,2026-03-24,0022500016,2026-01-19T17:00:00-05:00,3,Final,DAL,NYK,DAL @ NYK,209,209,142,0,142,67,0.06423400829274226,0.13610224193407347,0.4719540793740676,-0.7508735875912294,0.4719540793740677,0.48913885872996965,ok,-0.6345910221332078
2025-26,2026-03-24,0022500017,2026-01-19T20:00:00-05:00,3,Final,BOS,DET,BOS @ DET,185,185,0,0,0,185,0.3245217021126148,0.343242582671079,0.9454587469515576,-0.056085022769847066,0.9454587469515576,0.8301812076252306,ok,0.3890754587064783
2025-26,2026-03-24,0022500018,2025-10-24T19:30:00-04:00,3,Final,BOS,NYK,BOS @ NYK,186,186,47,0,47,139,0.17598646043548655,0.3163885104174328,0.5562353076706094,-0.5865638590269535,0.5562353076706095,0.12746584781470274,ok,-0.4523840149403001
2025-26,2026-03-24,0022500019,2025-10-24T22:00:00-04:00,3,Final,MIN,LAL,MIN @ LAL,185,185,43,0,43,142,0.2808338087672108,0.34370176042281253,0.8170857444015903,-0.2020112393210885,0.8170857444015902,0.526151412450023,ok,0.11154674831917599
2025-26,2026-03-24,0022500020,2025-10-31T19:00:00-04:00,3,Final,ATL,IND,ATL @ IND,203,203,83,0,83,120,0.2348614000026215,0.245409244314603,0.9570193684372392,-0.04393164903258301,0.9570193684372393,0.9116503327446737,ok,0.4140682867035342
2025-26,2026-03-24,0022500021,2025-10-31T19:00:00-04:00,3,Final,BOS,PHI,BOS @ PHI,194,194,43,1,44,150,0.19959487507676832,0.23023365678232346,0.8669230983264846,-0.14280500472091673,0.8669230983264847,0.7164839788789428,ok,0.21928978064801666
2025-26,2026-03-24,0022500022,2025-10-31T19:30:00-04:00,3,Final,TOR,CLE,TOR @ CLE,195,195,0,0,0,195,0.19291822356744076,0.20292645794023947,0.9506804855592262,-0.05057725021971587,0.9506804855592261,0.8877779914362421,ok,0.4003642994516481
2025-26,2026-03-24,0022500023,2025-10-31T20:00:00-04:00,3,Final,NYK,CHI,NYK @ CHI,196,196,22,2,24,172,0.1953726690888664,0.3587727269818352,0.5445583077967858,-0.6077802573160777,0.5445583077967857,0.05939115127267615,ok,-0.4776284405734354
2025-26,2026-03-24,0022500024,2025-10-31T21:30:00-04:00,3,Final,LAL,MEM,LAL @ MEM,195,195,1,1,2,193,0.2878288383998727,0.2428869358669032,1.1850321935700845,0.16976994178775423,1.1850321935700843,0.5650789834726448,ok,0.9070076435301626
2025-26,2026-03-24,0022500025,2025-10-31T22:00:00-04:00,3,Final,UTA,PHX,UTA @ PHX,202,202,113,0,113,89,0.2738159048438378,0.20072498659991214,1.364134627591788,0.310520255131178,1.3641346275917876,0.5190358654395901,ok,1.2942079625530267
2025-26,2026-03-24,0022500026,2025-10-31T22:00:00-04:00,3,Final,DEN,POR,DEN @ POR,196,196,0,1,1,195,0.19814926295727275,0.31509077169654903,0.628864063172571,-0.4638401614209536,0.6288640631725709,0.13673986279998626,ok,-0.2953684084567759
2025-26,2026-03-24,0022500027,2025-10-31T22:30:00-04:00,3,Final,NOP,LAC,NOP @ LAC,197,197,6,0,6,191,0.24301835695725998,0.248190413119055,0.9791609349579752,-0.021059262874905265,0.9791609349579752,0.9452873228736017,ok,0.4619359869239345
2025-26,2026-03-24,0022500028,2025-11-07T19:00:00-05:00,3,Final,BOS,ORL,BOS @ ORL,198,198,4,0,4,194,0.20860589286608303,0.32493790284376095,0.6419869490152599,-0.4431873041354723,0.6419869490152599,0.14012115449027254,ok,-0.26699813190222055
2025-26,2026-03-24,0022500029,2025-11-07T19:00:00-05:00,3,Final,CLE,WAS,CLE @ WAS,207,207,114,0,114,93,0.17352545586585008,0.29098158760908027,0.5963451409130848,-0.5169356840361233,0.5963451409130847,0.28300262985030933,ok,-0.3656708426025173
2025-26,2026-03-24,0022500030,2025-11-07T19:30:00-05:00,3,Final,TOR,ATL,TOR @ ATL,200,200,0,1,1,199,0.1643332135174771,0.24607542561904366,0.667816435160356,-0.40374194087342535,0.6678164351603562,0.24619934343031558,ok,-0.21115754363659178
2025-26,2026-03-24,0022500031,2025-11-07T19:30:00-05:00,3,Final,DET,BKN,DET @ BKN,199,199,63,1,63,136,0.07929100202675562,0.2805281419891455,0.2826490114842868,-1.2635493931806383,0.2826490114842868,0.02021687490684969,ok,-1.043848345072134
2025-26,2026-03-24,0022500032,2025-11-07T19:30:00-05:00,3,Final,HOU,SAS,HOU @ SAS,200,200,0,1,1,199,0.1673408777906364,0.2720207840733793,0.6151768084952477,-0.4858455590057457,0.6151768084952476,0.15072059146859673,ok,-0.32495879010934786
2025-26,2026-03-24,0022500033,2025-11-07T20:00:00-05:00,3,Final,CHA,MIA,CHA @ MIA,211,211,42,1,42,169,0.1551508394791283,0.2213947820291854,0.7007881489215746,-0.3555496502883688,0.7007881489215745,0.3814427652378838,ok,-0.13987622266064503
2025-26,2026-03-24,0022500034,2025-11-07T20:00:00-05:00,3,Final,DAL,MEM,DAL @ MEM,198,198,117,0,117,81,0.19687917097598942,0.2375087462091572,0.8289344039676408,-0.18761425367518303,0.828934403967641,0.7115649210980086,ok,0.13716228385909013
2025-26,2026-03-24,0022500035,2025-11-07T20:00:00-05:00,3,Final,CHI,MIL,CHI @ MIL,211,211,5,0,5,206,0.16756359645636185,0.22087121400042914,0.7586484151621328,-0.2762168300368176,0.7586484151621331,0.43653328877154574,ok,-0.01478851143290633
2025-26,2026-03-24,0022500036,2025-11-07T20:00:00-05:00,3,Final,UTA,MIN,UTA @ MIN,210,210,189,0,189,21,3.2897905662708077e-10,0.11739298801373127,2.802373993484182e-09,-19.692798924175335,2.8023739934841806e-09,0.9990645896543612,ok,-1.654905290953008
2025-26,2026-03-24,0022500037,2025-11-07T22:00:00-05:00,3,Final,GSW,DEN,GSW @ DEN,190,190,98,0,98,92,0.17233983506813821,0.11629589897413725,1.481908103281135,0.39333051636905364,1.4819081032811352,0.5478367632082897,ok,1.548821628796226
2025-26,2026-03-24,0022500038,2025-11-07T22:00:00-05:00,3,Final,OKC,SAC,OKC @ SAC,209,209,64,1,64,145,0.1000008518733199,0.1904755723441035,0.5250061760815368,-0.6443452524948763,0.5250061760815368,0.24034130171913193,ok,-0.5198980595156553
2025-26,2026-03-24,0022500039,2025-11-14T19:00:00-05:00,3,Final,MIA,NYK,MIA @ NYK,203,203,1,0,1,202,0.19744504669672666,0.3058741203064427,0.6455107954177837,-0.43771334471788326,0.6455107954177837,0.14870082887674665,ok,-0.25937995262566504
2025-26,2026-03-24,0022500040,2025-11-14T19:00:00-05:00,3,Final,BKN,ORL,BKN @ ORL,185,185,5,1,6,179,0.20361566655049618,0.19989099509042488,1.018633513022367,0.0184620359897415,1.0186335130223667,0.9591648950760558,ok,0.5472714816796077
2025-26,2026-03-24,0022500041,2025-11-14T19:30:00-05:00,3,Final,PHI,DET,PHI @ DET,198,198,0,0,0,198,0.17424677629391164,0.20019108315036133,0.8704022854156636,-0.13879977717657163,0.8704022854156639,0.7084773382248574,ok,0.22681141126252338
2025-26,2026-03-24,0022500042,2025-11-14T20:00:00-05:00,3,Final,POR,HOU,POR @ HOU,201,201,82,0,82,119,0.20630149929457414,0.28357831373602654,0.7274939207326454,-0.3181496363526479,0.7274939207326452,0.4426239022104468,ok,-0.08214119844681791
2025-26,2026-03-24,0022500043,2025-11-14T20:00:00-05:00,3,Final,CHA,MIL,CHA @ MIL,219,219,0,1,1,218,0.12154592449729384,0.2431333686656918,0.4999146154406284,-0.6933179642613947,0.4999146154406284,0.06543824949161112,ok,-0.5741433317142673
2025-26,2026-03-24,0022500044,2025-11-14T20:00:00-05:00,3,Final,SAC,MIN,SAC @ MIN,208,208,14,1,15,193,0.15074688799362748,0.3174704892446946,0.4748374828547837,-0.7447826748495542,0.4748374828547838,0.031453609351686784,ok,-0.6283574119999717
2025-26,2026-03-24,0022500045,2025-11-14T20:00:00-05:00,3,Final,LAL,NOP,LAL @ NOP,207,207,53,0,53,154,0.20509150348080965,0.20904345540996125,0.981095069819807,-0.019085912981052635,0.9810950698198069,0.9603119591562367,ok,0.4661173797655514
2025-26,2026-03-24,0022500046,2025-11-14T20:30:00-05:00,3,Final,LAC,DAL,LAC @ DAL,249,249,1,0,1,248,0.30978941465050863,0.25908745765698604,1.1956943707427492,0.17872708001456716,1.195694370742749,0.46802563540646813,ok,0.9300581309525379
2025-26,2026-03-24,0022500047,2025-11-14T21:30:00-05:00,3,Final,GSW,SAS,GSW @ SAS,193,193,0,1,1,192,0.21549784638023173,0.170266615667641,1.2656494377082217,0.2355853799328504,1.2656494377082217,0.52250982076442,ok,1.0812935085969
2025-26,2026-03-24,0022500048,2025-11-21T19:00:00-05:00,3,Final,IND,CLE,IND @ CLE,205,205,29,0,29,176,0.32737452588491106,0.2950293291007267,1.109633834991169,0.10403008251606483,1.109633834991169,0.7139055779021627,ok,0.7440044512228005
2025-26,2026-03-24,0022500049,2025-11-21T19:30:00-05:00,3,Final,BKN,BOS,BKN @ BOS,192,192,9,0,9,183,0.2359412357576441,0.2512040047228339,0.9392415380398494,-0.06268260384215954,0.9392415380398491,0.8438471424432409,ok,0.3756345175646427
2025-26,2026-03-24,0022500050,2025-11-21T19:30:00-05:00,3,Final,WAS,TOR,WAS @ TOR,209,209,82,1,82,127,0.1040819658869639,0.21452261541307202,0.4851794561918325,-0.7232364437158316,0.48517945619183234,0.18959968006298678,ok,-0.6059991710452677
2025-26,2026-03-24,0022500051,2025-11-21T20:00:00-05:00,3,Final,MIA,CHI,MIA @ CHI,217,217,142,0,142,75,0.2300534629395222,0.35896741940104987,0.6408756073834632,-0.4449199011377999,0.6408756073834632,0.3285256475142533,ok,-0.2694007337246108
2025-26,2026-03-24,0022500052,2025-11-21T20:30:00-05:00,3,Final,NOP,DAL,NOP @ DAL,210,210,1,1,2,208,0.18818820494345564,0.24942989623180203,0.7544733321324368,-0.2817353464851193,0.7544733321324368,0.38893754362843547,ok,-0.02381459469009598
2025-26,2026-03-24,0022500053,2025-11-21T21:00:00-05:00,3,Final,MIN,PHX,MIN @ PHX,206,206,15,1,16,190,0.2976649111434437,0.2927299009322545,1.0168585791730627,0.016718050536809116,1.0168585791730624,0.9520291807041605,ok,0.5434342644109031
2025-26,2026-03-24,0022500054,2025-11-21T21:30:00-05:00,3,Final,DEN,HOU,DEN @ HOU,188,188,0,4,4,184,0.21669429805128623,0.2512713183340546,0.8623916947146365,-0.14804570930671293,0.8623916947146363,0.6534144086828761,ok,0.20949337037747656
2025-26,2026-03-24,0022500055,2025-11-21T22:00:00-05:00,3,Final,OKC,UTA,OKC @ UTA,205,205,77,0,77,128,0.2108076382178098,0.21099222652309862,0.9991251416778208,-0.0008752412340663485,0.999125141677821,0.9983513190653803,ok,0.5050964679815281
2025-26,2026-03-24,0022500056,2025-11-21T22:00:00-05:00,3,Final,POR,GSW,POR @ GSW,201,201,0,1,1,200,0.17498767411090368,0.3000140883844805,0.5832648561711866,-0.5391138970441874,0.5832648561711865,0.08905539699887968,ok,-0.39394902013057437
2025-26,2026-03-24,0022500057,2025-11-25T19:00:00-05:00,3,Final,ATL,WAS,ATL @ WAS,205,205,183,0,183,22,0.0857485121185564,0.4836530098015164,0.1772934529110989,-1.7299489931991263,0.17729345291109894,0.14681065476055788,ok,-1.2716158017970773
2025-26,2026-03-24,0022500058,2025-11-25T20:00:00-05:00,3,Final,ORL,PHI,ORL @ PHI,211,211,127,1,127,84,0.39627350277766926,0.24200506279695816,1.6374595564149088,0.49314598984968544,1.637459556414909,0.225631467274506,ok,1.8851072443818229
2025-26,2026-03-24,0022500059,2025-11-25T23:00:00-05:00,3,Final,LAC,LAL,LAC @ LAL,191,191,12,0,12,179,0.23616851860952845,0.2896722454223023,0.8152956396123737,-0.20420448352777773,0.8152956396123736,0.5138669822817551,ok,0.10767673309992425
2025-26,2026-03-24,0022500060,2025-11-26T17:00:00-05:00,3,Final,DET,BOS,DET @ BOS,192,192,0,3,3,189,0.22206805420471423,0.25524247681150775,0.8700278142525146,-0.13923009743936074,0.8700278142525147,0.6602521931930981,ok,0.2260018446330796
2025-26,2026-03-24,0022500061,2025-11-26T19:00:00-05:00,3,Final,NYK,CHA,NYK @ CHA,196,196,110,0,110,86,0.0943718622623448,0.23980433315700672,0.39353693496671244,-0.9325803528440858,0.3935369349667126,0.15920822524619727,ok,-0.8041205067392658
2025-26,2026-03-24,0022500062,2025-11-26T19:30:00-05:00,3,Final,MIL,MIA,MIL @ MIA,200,200,0,0,0,200,0.08917397657623258,0.14180386770981795,0.6288543325116831,-0.46385563493381843,0.6288543325116832,0.39834578303989965,ok,-0.2953894451055557
2025-26,2026-03-24,0022500063,2025-11-26T19:30:00-05:00,3,Final,IND,TOR,IND @ TOR,200,200,0,0,0,200,0.19939110700262438,0.22254944331855495,0.8959407133506869,-0.10988103633180818,0.895940713350687,0.743325675123595,ok,0.2820227627876801
2025-26,2026-03-24,0022500064,2025-11-26T19:30:00-05:00,3,Final,MIN,OKC,MIN @ OKC,197,197,0,2,2,195,0.2156153242078642,0.3836074120768332,0.5620728834214453,-0.5761237516936393,0.5620728834214453,0.0401761866047443,ok,-0.43976380011524685
2025-26,2026-03-24,0022500065,2025-11-26T20:00:00-05:00,3,Final,MEM,NOP,MEM @ NOP,216,216,15,1,16,200,0.1469516986436301,0.19704369382821946,0.7457822972591095,-0.293321548098499,0.7457822972591094,0.47848675600498236,ok,-0.04260368314650073
2025-26,2026-03-24,0022500066,2025-11-26T22:00:00-05:00,3,Final,HOU,GSW,HOU @ GSW,180,180,0,3,3,177,0.21419597692801,0.32257417555834955,0.6640208459256054,-0.40944173553222607,0.6640208459256053,0.18821763332494024,ok,-0.21936320187123703
2025-26,2026-03-24,0022500067,2025-11-26T22:00:00-05:00,3,Final,SAS,POR,SAS @ POR,203,203,0,0,0,203,0.20967544020737383,0.28415462097544375,0.7378920655507963,-0.3039577177188224,0.7378920655507963,0.3162053487755362,ok,-0.059661520753849805
2025-26,2026-03-24,0022500068,2025-11-26T22:00:00-05:00,3,Final,PHX,SAC,PHX @ SAC,192,192,114,0,114,78,0.11877575129460488,0.16350142565536802,0.7264508600980831,-0.31958443749125526,0.7264508600980829,0.6855368072535462,ok,-0.08439618405138967
2025-26,2026-03-24,0022500069,2025-11-28T19:30:00-05:00,3,Final,CLE,ATL,CLE @ ATL,212,212,0,1,1,211,0.10644431565292656,0.18754142929818368,0.5675776069920219,-0.5663777865674886,0.5675776069920218,0.21238869253846693,ok,-0.427863176127068
2025-26,2026-03-24,0022500070,2025-11-28T19:30:00-05:00,3,Final,PHI,BKN,PHI @ BKN,196,196,65,0,65,131,0.2151628989991519,0.16249179525756122,1.3241462355567133,0.28076790123193357,1.3241462355567137,0.5384277734992611,ok,1.207757333125422
2025-26,2026-03-24,0022500071,2025-11-28T19:30:00-05:00,3,Final,CHI,CHA,CHI @ CHA,213,213,0,1,1,212,0.15678884924901462,0.202401897773654,0.7746412013604317,-0.25535532281717055,0.7746412013604318,0.48628447097711236,ok,0.019786182941684934
2025-26,2026-03-24,0022500072,2025-11-28T19:30:00-05:00,3,Final,ORL,DET,ORL @ DET,207,207,0,1,1,206,0.31994422347993523,0.2815549144914107,1.1363475010119053,0.12781917229955334,1.1363475010119053,0.6270752975808966,ok,0.8017565418741532
2025-26,2026-03-24,0022500073,2025-11-28T19:30:00-05:00,3,Final,WAS,IND,WAS @ IND,200,200,82,0,82,118,0.2915312969128144,0.15531964008852525,1.8769763871887326,0.6296621774446519,1.8769763871887326,0.14666454087519426,ok,2.402917031800633
2025-26,2026-03-24,0022500074,2025-11-28T19:30:00-05:00,3,Final,MIL,NYK,MIL @ NYK,185,185,0,1,1,184,0.13795304074171363,0.3740550731843257,0.36880408964199124,-0.9974896983102292,0.3688040896419912,0.003941973878816817,ok,-0.8575902747655044
2025-26,2026-03-24,0022500075,2025-11-28T21:30:00-05:00,3,Final,PHX,OKC,PHX @ OKC,211,211,3,2,5,206,0.18684642596115605,0.27465787784195345,0.68028788188873,-0.38523921468301164,0.68028788188873,0.22281109090655882,ok,-0.18419560881823033
2025-26,2026-03-24,0022500076,2025-11-28T21:30:00-05:00,3,Final,SAS,DEN,SAS @ DEN,201,201,10,3,13,188,0.264035616091694,0.284384667700046,0.9284453280378143,-0.07424378195011647,0.9284453280378142,0.8023963445533957,ok,0.35229426549124393
2025-26,2026-03-24,0022500077,2025-11-28T21:30:00-05:00,3,Final,SAC,UTA,SAC @ UTA,206,206,14,3,17,189,0.1512956923392525,0.2917442275888577,0.5185901828791857,-0.6566413361007408,0.5185901828791857,0.06494334303885387,ok,-0.533768751046837
2025-26,2026-03-24,0022500078,2025-11-28T22:00:00-05:00,3,Final,DAL,LAL,DAL @ LAL,188,188,0,0,0,188,0.3130497872256938,0.24810198137747216,1.2617786665290975,0.23252236563863538,1.2617786665290975,0.4300009837387522,ok,1.0729253150343279
2025-26,2026-03-24,0022500079,2025-11-28T22:00:00-05:00,3,Final,MEM,LAC,MEM @ LAC,196,196,16,2,18,178,0.07708547782491473,0.23864884521983426,0.3230079649197821,-1.1300782968691414,0.3230079649197822,0.022226379577300302,ok,-0.95659660150421
2025-26,2026-03-24,0022500080,2025-10-22T19:00:00-04:00,3,Final,BKN,CHA,BKN @ CHA,211,211,90,0,90,121,0.4262265714248433,0.381590614006507,1.1169734154351478,0.11062271983530633,1.116973415435148,0.712293721630002,ok,0.759871839652922
2025-26,2026-03-24,0022500081,2025-10-22T19:00:00-04:00,3,Final,MIA,ORL,MIA @ ORL,219,219,0,1,1,218,0.17383863158300242,0.2909820123958278,0.5974205420867278,-0.5151339879748887,0.5974205420867278,0.10067360641791144,ok,-0.3633459402091658
2025-26,2026-03-24,0022500082,2025-10-22T19:30:00-04:00,3,Final,TOR,ATL,TOR @ ATL,224,224,63,0,63,161,0.27072965742307115,0.23552397656626994,1.1494781184067486,0.13930802929111197,1.1494781184067486,0.6733340106019651,ok,0.830143533218081
2025-26,2026-03-24,0022500083,2025-10-22T19:30:00-04:00,3,Final,PHI,BOS,PHI @ BOS,199,199,0,3,3,196,0.2793492527799048,0.29068171994528386,0.9610141732768328,-0.03976612165355451,0.9610141732768328,0.8879942517186689,ok,0.4227046277827251
2025-26,2026-03-24,0022500084,2025-10-22T20:00:00-04:00,3,Final,DET,CHI,DET @ CHI,210,210,105,2,107,103,0.17322516684954758,0.2427975659075101,0.7134551213562618,-0.3376357433339423,0.7134551213562618,0.5169782550982903,ok,-0.11249158216396504
2025-26,2026-03-24,0022500085,2025-10-22T20:00:00-04:00,3,Final,NOP,MEM,NOP @ MEM,216,216,3,3,6,210,0.3063939456263746,0.3446064657073932,0.8891125852714993,-0.11753140888661773,0.8891125852714994,0.6368411773530938,ok,0.2672610797037414
2025-26,2026-03-24,0022500086,2025-10-22T20:00:00-04:00,3,Final,WAS,MIL,WAS @ MIL,214,214,104,0,104,110,0.4979733585229243,0.1713646335512702,2.905928418269203,1.066752932452831,2.9059284182692036,0.004575082026230183,ok,4.62740134364032
2025-26,2026-03-24,0022500087,2025-10-22T21:00:00-04:00,3,Final,LAC,UTA,LAC @ UTA,189,189,153,0,153,36,1.8623954786407545e-10,0.2494956799232335,7.464640186209993e-10,-21.015673700216794,7.464640186209988e-10,0.9986957004094029,ok,-1.6549052953976657
2025-26,2026-03-24,0022500088,2025-10-22T22:00:00-04:00,3,Final,SAC,PHX,SAC @ PHX,201,201,50,3,53,148,0.15341068043330255,0.30223674943232864,0.5075844705233354,-0.678092137535567,0.5075844705233356,0.0909023140251382,ok,-0.557561924816562
2025-26,2026-03-24,0022500089,2025-10-22T22:00:00-04:00,3,Final,MIN,POR,MIN @ POR,206,206,0,0,0,206,0.3347461717589883,0.2457114325778164,1.362354890234807,0.3092147393035015,1.362354890234807,0.25444969676888984,ok,1.2903603606141472
2025-26,2026-03-24,0022500090,2025-10-24T19:00:00-04:00,3,Final,ATL,ORL,ATL @ ORL,204,204,0,1,1,203,0.25899123398964896,0.2782695880651503,0.9307205857113363,-0.07179616950995545,0.9307205857113364,0.8065760243497805,ok,0.3572131293908835
2025-26,2026-03-24,0022500091,2025-10-24T19:30:00-04:00,3,Final,CLE,BKN,CLE @ BKN,207,207,72,3,75,132,0.244666145315369,0.22823415852322354,1.0719961766392363,0.06952249607437336,1.0719961766392363,0.8561386985512507,ok,0.662635856760394
2025-26,2026-03-24,0022500092,2025-10-24T18:30:00-04:00,3,Final,MIL,TOR,MIL @ TOR,208,208,0,1,1,207,0.13655398327643892,0.284707016806963,0.47962984828373667,-0.7347406219777363,0.4796298482837367,0.03641216166511179,ok,-0.6179968301737088
2025-26,2026-03-24,0022500093,2025-10-24T20:00:00-04:00,3,Final,DET,HOU,DET @ HOU,198,198,0,1,1,197,0.2554683763692171,0.3739391092107485,0.6831817535973151,-0.38099434412830546,0.683181753597315,0.14777060190619776,ok,-0.17793936749523626
2025-26,2026-03-24,0022500094,2025-10-24T20:00:00-04:00,3,Final,MIA,MEM,MIA @ MEM,226,226,177,0,177,49,0.11902479350971788,0.2174130575209484,0.5474592688539395,-0.6024672148462349,0.5474592688539399,0.4634453292430266,ok,-0.47135687283657995
2025-26,2026-03-24,0022500095,2025-10-24T20:00:00-04:00,3,Final,SAS,NOP,SAS @ NOP,209,209,0,2,2,207,0.2113958007421406,0.30810036114115896,0.6861264295801578,-0.3766933685578211,0.6861264295801578,0.2000760342479314,ok,-0.1715732927615033
2025-26,2026-03-24,0022500096,2025-10-24T20:30:00-04:00,3,Final,WAS,DAL,WAS @ DAL,216,216,5,0,5,211,0.25713388873476467,0.22695428446214688,1.1329765787155754,0.12484830991302795,1.1329765787155757,0.6801046641399437,ok,0.794468968169923
2025-26,2026-03-24,0022500097,2025-10-24T22:00:00-04:00,3,Final,GSW,POR,GSW @ POR,220,220,60,0,60,160,0.018742330220751956,0.22504604694143335,0.08328220146710472,-2.485520420501458,0.08328220146710473,0.015045050765394486,ok,-1.4748580790429697
2025-26,2026-03-24,0022500098,2025-10-24T22:00:00-04:00,3,Final,UTA,SAC,UTA @ SAC,195,195,0,1,1,194,0.12541912778931621,0.17104495311100706,0.7332524316453817,-0.31026525487316203,0.7332524316453817,0.4978510118808446,ok,-0.06969191335090497
2025-26,2026-03-24,0022500099,2025-10-24T22:30:00-04:00,3,Final,PHX,LAC,PHX @ LAC,191,191,103,0,103,88,0.32505923395705544,0.19218547256983884,1.6913829625646195,0.5255465153370207,1.6913829625646195,0.23817993693828798,ok,2.0016838848837453
2025-26,2026-03-24,0022500100,2025-10-25T19:00:00-04:00,3,Final,CHI,ORL,CHI @ ORL,213,213,0,0,0,213,0.20026855973384725,0.35554834736663443,0.563266743375787,-0.5740019737453588,0.563266743375787,0.04463721660765174,ok,-0.43718280249947084
2025-26,2026-03-24,0022500101,2025-10-25T19:30:00-04:00,3,Final,OKC,ATL,OKC @ ATL,189,189,64,0,64,125,0.09589250473086888,0.27450551430526576,0.34932815456752886,-1.0517435275904186,0.3493281545675289,0.040482773420359164,ok,-0.8996951647146081
2025-26,2026-03-24,0022500102,2025-10-25T19:30:00-04:00,3,Final,CHA,PHI,CHA @ PHI,205,205,0,2,2,203,0.22673364151852418,0.2669650359901195,0.8493008857044324,-0.1633417553326737,0.8493008857044322,0.5862359087910511,ok,0.18119244050622657
2025-26,2026-03-24,0022500103,2025-10-25T20:00:00-04:00,3,Final,IND,MEM,IND @ MEM,201,201,76,0,76,125,0.24589277514389313,0.20795373824170021,1.182439792729752,0.16757992484861584,1.182439792729752,0.6850378241496877,ok,0.9014031500016704
2025-26,2026-03-24,0022500104,2025-10-25T21:00:00-04:00,3,Final,PHX,DEN,PHX @ DEN,211,211,86,1,86,125,0.1739196989290583,0.39589373375413445,0.4393090471016883,-0.8225521338539663,0.43930904710168805,0.034580660148250945,ok,-0.7051660926475773
2025-26,2026-03-24,0022500105,2025-10-26T14:00:00-04:00,3,Final,BKN,SAS,BKN @ SAS,188,188,34,0,34,154,0.2747713466611058,0.44634749395378653,0.6155996177488448,-0.48515849795840366,0.6155996177488448,0.09094277178139216,ok,-0.32404472169496346
2025-26,2026-03-24,0022500106,2025-10-26T15:30:00-04:00,3,Final,BOS,DET,BOS @ DET,198,198,4,0,4,194,0.2636397078943781,0.35593946282223565,0.740686929749191,-0.300177239927694,0.7406869297491913,0.2648146451739115,ok,-0.053619323085487176
2025-26,2026-03-24,0022500107,2025-10-26T18:00:00-04:00,3,Final,MIL,CLE,MIL @ CLE,207,207,11,3,14,193,0.12167153731438693,0.2688389786632581,0.45258145942739225,-0.7927875112099463,0.4525814594273922,0.03901916431599426,ok,-0.676472555818855
2025-26,2026-03-24,0022500108,2025-10-26T18:00:00-04:00,3,Final,NYK,MIA,NYK @ MIA,207,207,9,0,9,198,0.12506584418020017,0.26182599325767003,0.4776677923536778,-0.7388397831877035,0.47766779235367784,0.05278413404107666,ok,-0.6222385853804941
2025-26,2026-03-24,0022500109,2025-10-26T18:00:00-04:00,3,Final,CHA,WAS,CHA @ WAS,217,217,21,0,21,196,0.26033256709320696,0.23574086712578277,1.1043166603536032,0.09922673675747197,1.1043166603536028,0.7431791776359877,ok,0.7325092879816563
2025-26,2026-03-24,0022500110,2025-10-26T19:00:00-04:00,3,Final,IND,MIN,IND @ MIN,203,203,0,1,1,202,0.21935520837972566,0.341833838346623,0.6417012705374628,-0.44363239427209894,0.6417012705374627,0.11941220491273614,ok,-0.267615738236524
2025-26,2026-03-24,0022500111,2025-10-26T19:30:00-04:00,3,Final,TOR,DAL,TOR @ DAL,219,219,7,0,7,212,0.26658162382543943,0.3002442236636756,0.8878826062747373,-0.11891574487023754,0.8878826062747373,0.6651809581542563,ok,0.26460199657882993
2025-26,2026-03-24,0022500112,2025-10-26T21:00:00-04:00,3,Final,POR,LAC,POR @ LAC,202,202,0,0,0,202,0.18994057772306377,0.2884029188945595,0.65859450539232,-0.41764725193480284,0.6585945053923198,0.18470707919240048,ok,-0.2310943701107496
2025-26,2026-03-24,0022500113,2025-10-26T21:00:00-04:00,3,Final,LAL,SAC,LAL @ SAC,214,214,0,3,3,211,0.2216649428818657,0.2023298620794574,1.0955621706242016,0.09126762935520806,1.0955621706242011,0.7791168588969659,ok,0.71358301690878
2025-26,2026-03-24,0022500114,2025-10-27T19:00:00-04:00,3,Final,ORL,PHI,ORL @ PHI,196,196,8,0,8,188,0.3616887128812222,0.3246134261262915,1.1142136577570467,0.10814891643381884,1.1142136577570472,0.6708580989394963,ok,0.7539055385290799
2025-26,2026-03-24,0022500115,2025-10-27T20:00:00-04:00,3,Final,ATL,CHI,ATL @ CHI,210,210,0,1,1,209,0.1304039903518988,0.21431065537722502,0.6084811327853228,-0.4967893731399007,0.6084811327853227,0.1960048148620681,ok,-0.33943412532808864
2025-26,2026-03-24,0022500116,2025-10-27T20:00:00-04:00,3,Final,BKN,HOU,BKN @ HOU,184,184,102,0,102,82,0.24747770770301344,0.24201975213158022,1.0225516947412865,0.022301164861039422,1.0225516947412863,0.9632246558077966,ok,0.5557421717617501
2025-26,2026-03-24,0022500117,2025-10-27T20:00:00-04:00,3,Final,BOS,NOP,BOS @ NOP,187,187,20,0,20,167,0.36482104474093263,0.2343095516172451,1.5570045788695963,0.442763833675794,1.557004578869596,0.13511669527968181,ok,1.7111721823449364
2025-26,2026-03-24,0022500118,2025-10-27T20:00:00-04:00,3,Final,TOR,SAS,TOR @ SAS,197,197,99,0,99,98,0.17723994044187058,0.18627402784984234,0.9515010894849267,-0.0497144472282735,0.9515010894849266,0.9255536940526372,ok,0.40213835742890675
2025-26,2026-03-24,0022500119,2025-10-27T20:30:00-04:00,3,Final,OKC,DAL,OKC @ DAL,194,194,38,2,40,154,0.10730020865237522,0.22430183605231402,0.47837418783923613,-0.7373620329868917,0.4783741878392361,0.12311343106775818,ok,-0.6207114338436739
2025-26,2026-03-24,0022500120,2025-10-27T21:00:00-04:00,3,Final,PHX,UTA,PHX @ UTA,226,226,34,1,35,191,0.2804828809406417,0.35339851395557714,0.7936730627449637,-0.23108366229838026,0.7936730627449639,0.4014329876869447,ok,0.060931033037897195
2025-26,2026-03-24,0022500121,2025-10-27T22:00:00-04:00,3,Final,MEM,GSW,MEM @ GSW,208,208,52,0,52,156,0.22614942648736297,0.2869470092074414,0.7881226122969406,-0.23810160186698323,0.7881226122969406,0.47847635616164663,ok,0.04893155242818792
2025-26,2026-03-24,0022500122,2025-10-27T22:30:00-04:00,3,Final,POR,LAL,POR @ LAL,212,212,12,0,12,200,0.03446242238613485,0.19723063635732366,0.17473158847238682,-1.744504262661314,0.1747315884723868,0.01754629795415614,ok,-1.2771542788891446
2025-26,2026-03-24,0022500123,2025-10-28T19:00:00-04:00,3,Final,PHI,WAS,PHI @ WAS,220,220,34,3,37,183,0.24154605080068486,0.26468146659193914,0.9125914780163952,-0.0914669486691927,0.9125914780163954,0.7723624977729497,ok,0.318019936280898
2025-26,2026-03-24,0022500124,2025-10-28T19:30:00-04:00,3,Final,CHA,MIA,CHA @ MIA,214,214,72,0,72,142,0.19435511866812025,0.1509669607879359,1.2874016781799822,0.25262598417753773,1.2874016781799822,0.5820945195720009,ok,1.1283195275124613
2025-26,2026-03-24,0022500125,2025-10-28T20:00:00-04:00,3,Final,NYK,MIL,NYK @ MIL,192,192,0,1,1,191,0.2636488729171969,0.2529238373474673,1.0424042102247386,0.041529785792653956,1.0424042102247384,0.8926602783424917,ok,0.598661188304359
2025-26,2026-03-24,0022500126,2025-10-28T20:00:00-04:00,3,Final,SAC,OKC,SAC @ OKC,203,203,0,0,0,203,0.2044986537575947,0.16629722456120938,1.229717779699471,0.2067846956584406,1.2297177796994712,0.5653785136561041,ok,1.0036131045309071
2025-26,2026-03-24,0022500127,2025-10-28T23:00:00-04:00,3,Final,LAC,GSW,LAC @ GSW,177,177,40,0,40,137,0.10030538617927358,0.13072952866412194,0.767274136182225,-0.26491112793573635,0.767274136182225,0.6812735730400593,ok,0.003859375453863681
2025-26,2026-03-24,0022500128,2025-10-29T19:00:00-04:00,3,Final,CLE,BOS,CLE @ BOS,189,189,46,0,46,143,0.13673340713865975,0.2723148740277529,0.5021150887436454,-0.6889259251210589,0.5021150887436455,0.11571686803238027,ok,-0.5693861436303453
2025-26,2026-03-24,0022500129,2025-10-29T19:00:00-04:00,3,Final,ORL,DET,ORL @ DET,199,199,43,0,43,156,0.2215718161282593,0.4667271451321906,0.47473522472215274,-0.744998052002268,0.47473522472215274,0.011944429766101102,ok,-0.6285784831528775
2025-26,2026-03-24,0022500130,2025-10-29T19:30:00-04:00,3,Final,ATL,BKN,ATL @ BKN,192,192,10,1,11,181,0.2694205849531563,0.3077527683502063,0.8754448786844704,-0.1330230890504239,0.8754448786844704,0.6453823290165348,ok,0.23771295893299196
2025-26,2026-03-24,0022500131,2025-10-29T18:30:00-04:00,3,Final,HOU,TOR,HOU @ TOR,202,202,23,0,23,179,0.18951981302415258,0.2717253750226586,0.6974682177119047,-0.360298332329216,0.6974682177119047,0.2860937361193193,ok,-0.14705355908568976
2025-26,2026-03-24,0022500132,2025-10-29T20:00:00-04:00,3,Final,SAC,CHI,SAC @ CHI,199,199,14,0,14,185,0.19148475764890946,0.2288856529568289,0.8365957200691222,-0.17841433584999575,0.8365957200691224,0.608410842284888,ok,0.1537252303920731
2025-26,2026-03-24,0022500133,2025-10-29T20:30:00-04:00,3,Final,IND,DAL,IND @ DAL,210,210,0,0,0,210,0.20011730352884266,0.2887948422452087,0.6929393266619628,-0.3668128353394482,0.6929393266619629,0.23224692679023984,ok,-0.15684453746594343
2025-26,2026-03-24,0022500134,2025-10-29T21:00:00-04:00,3,Final,NOP,DEN,NOP @ DEN,195,195,116,0,116,79,0.1365203430330792,0.2816882290001206,0.484650507114448,-0.724327251692168,0.48465050711444807,0.21193523989222995,ok,-0.6071427024139441
2025-26,2026-03-24,0022500135,2025-10-29T21:00:00-04:00,3,Final,POR,UTA,POR @ UTA,220,220,53,2,55,165,0.3495346612037531,0.29394711499807585,1.1891073032169106,0.17320286024466355,1.1891073032169106,0.5419629011568177,ok,0.9158175950192251
2025-26,2026-03-24,0022500136,2025-10-29T21:30:00-04:00,3,Final,LAL,MIN,LAL @ MIN,194,194,11,1,12,182,0.298753319451489,0.2618190607972081,1.1410678754320651,0.13196455678113905,1.1410678754320653,0.6537736836387282,ok,0.8119614868341517
2025-26,2026-03-24,0022500137,2025-10-29T22:00:00-04:00,3,Final,MEM,PHX,MEM @ PHX,212,212,0,0,0,212,0.19537778070167708,0.17341172113996658,1.126669981805791,0.11926636325366406,1.1266699818057908,0.74515760437452,ok,0.780834779730467
2025-26,2026-03-24,0022500138,2025-10-30T19:00:00-04:00,3,Final,ORL,CHA,ORL @ CHA,190,190,36,1,36,154,0.11258822160999936,0.2504722662245412,0.44950374469430177,-0.7996110943058267,0.4495037446943017,0.0736350028010464,ok,-0.6831262461108004
2025-26,2026-03-24,0022500139,2025-10-30T20:00:00-04:00,3,Final,GSW,MIL,GSW @ MIL,205,205,0,0,0,205,0.2744414373662869,0.20271781475269818,1.3538101606959734,0.3029229583795942,1.3538101606959734,0.32625116390776343,ok,1.271887568653098
2025-26,2026-03-24,0022500140,2025-10-30T20:00:00-04:00,3,Final,WAS,OKC,WAS @ OKC,200,200,35,0,35,165,0.16926724222949258,0.24996499008192177,0.6771637987144444,-0.38984208745499604,0.6771637987144445,0.3009665429209313,ok,-0.1909495427239569
2025-26,2026-03-24,0022500141,2025-10-30T20:30:00-04:00,3,Final,MIA,SAS,MIA @ SAS,199,199,5,1,6,193,0.10133963002956116,0.20180404941453003,0.5021684665078114,-0.6888196249353451,0.5021684665078114,0.1312970127151598,ok,-0.5692707466094913
2025-26,2026-03-24,0022500142,2025-11-01T17:00:00-04:00,3,Final,SAC,MIL,SAC @ MIL,197,197,5,1,6,191,0.21149561548394455,0.33447814329857223,0.6323152042109753,-0.4583672683250047,0.6323152042109752,0.12993199412116357,ok,-0.2879074104063469
2025-26,2026-03-24,0022500143,2025-11-01T18:00:00-04:00,3,Final,MIN,CHA,MIN @ CHA,201,201,16,0,16,185,0.09381609815385131,0.2355372437716194,0.39830685224803286,-0.9205325852065608,0.39830685224803297,0.040785890856713546,ok,-0.7938084554088181
2025-26,2026-03-24,0022500144,2025-11-01T19:00:00-04:00,3,Final,GSW,IND,GSW @ IND,201,201,0,0,0,201,0.10425055149010576,0.3401078116674656,0.30652207304204726,-1.1824655097485322,0.30652207304204726,0.0017420709212525006,ok,-0.9922373376522282
2025-26,2026-03-24,0022500145,2025-11-01T19:00:00-04:00,3,Final,ORL,WAS,ORL @ WAS,212,212,114,0,114,98,0.13271785294766808,0.20630444365119727,0.6433106849218265,-0.44112749115574434,0.6433106849218264,0.4526896131916591,ok,-0.2641363563595022
2025-26,2026-03-24,0022500146,2025-11-01T20:00:00-04:00,3,Final,HOU,BOS,HOU @ BOS,192,192,124,0,124,68,0.04329128837103404,0.22271385380616657,0.19438076092343826,-1.6379363582965187,0.19438076092343826,0.12210591002271193,ok,-1.2346748682483017
2025-26,2026-03-24,0022500147,2025-11-01T22:00:00-04:00,3,Final,DAL,DET,DAL @ DET,203,203,0,0,0,203,0.38384308437796577,0.2667748545717109,1.4388278272860462,0.3638287732736877,1.4388278272860462,0.15334843506011162,ok,1.4556866767225425
2025-26,2026-03-24,0022500148,2025-11-02T15:30:00-05:00,3,Final,NOP,OKC,NOP @ OKC,198,198,154,0,154,44,9.327182693541673e-11,0.12412259609838573,7.51449211241802e-10,-21.00901749219727,7.514492112418046e-10,0.9990841455501354,ok,-1.6549052953868881
2025-26,2026-03-24,0022500149,2025-11-02T18:00:00-05:00,3,Final,PHI,BKN,PHI @ BKN,202,202,70,0,70,132,0.3132096960151317,0.23778735357264816,1.3171839936367378,0.27549611963689863,1.3171839936367378,0.4233494238842819,ok,1.192705710252434
2025-26,2026-03-24,0022500150,2025-11-02T18:00:00-05:00,3,Final,UTA,CHA,UTA @ CHA,202,202,147,0,147,55,0.2696853969007745,0.305326223832357,0.8832696828846527,-0.12412470837793109,0.8832696828846528,0.8115655047774744,ok,0.25462934926096975
2025-26,2026-03-24,0022500151,2025-11-02T18:00:00-05:00,3,Final,ATL,CLE,ATL @ CLE,212,212,0,3,3,209,0.1796675994952236,0.2788567034974638,0.6443008084145185,-0.43958956812077565,0.6443008084145186,0.16924004915758772,ok,-0.26199581519747694
2025-26,2026-03-24,0022500152,2025-11-02T18:00:00-05:00,3,Final,MEM,TOR,MEM @ TOR,189,189,7,1,8,181,0.14316964818210096,0.22378116941710793,0.6397752257485331,-0.44663837408493146,0.639775225748533,0.2693669683512283,ok,-0.27177964120523274
2025-26,2026-03-24,0022500153,2025-11-02T19:00:00-05:00,3,Final,CHI,NYK,CHI @ NYK,199,199,54,0,54,145,0.1633156308681143,0.22913062858628033,0.712762112493472,-0.33860755730573133,0.7127621124934721,0.42359583963532,ok,-0.11398979325318652
2025-26,2026-03-24,0022500154,2025-11-02T20:00:00-05:00,3,Final,SAS,PHX,SAS @ PHX,204,204,108,1,109,95,0.06702569090736218,0.19950677170256775,0.3359569719632706,-1.090772186852391,0.33595697196327057,0.15585554374128285,ok,-0.9286022323285209
2025-26,2026-03-24,0022500155,2025-11-02T21:30:00-05:00,3,Final,MIA,LAL,MIA @ LAL,211,211,9,1,10,201,0.18246828854042196,0.30577511192002943,0.5967401578063803,-0.5162735068922872,0.5967401578063802,0.10211404647793655,ok,-0.3648168583005232
2025-26,2026-03-24,0022500156,2025-11-03T19:00:00-05:00,3,Final,MIN,BKN,MIN @ BKN,193,193,24,0,24,169,0.40485460391606065,0.34621055921629035,1.1693883769244982,0.1564808573603692,1.169388376924498,0.5435451850312003,ok,0.8731873840289869
2025-26,2026-03-24,0022500157,2025-11-03T19:00:00-05:00,3,Final,MIL,IND,MIL @ IND,207,207,0,0,0,207,0.1584915826197093,0.35393089441542963,0.4478037524287958,-0.8034001951545217,0.44780375242879594,0.010243967236823037,ok,-0.686801447685451
2025-26,2026-03-24,0022500158,2025-11-03T19:30:00-05:00,3,Final,UTA,BOS,UTA @ BOS,191,191,0,0,0,191,0.14592974683687132,0.27676570170461356,0.5272681764325667,-0.6400459861869963,0.5272681764325666,0.07223236054593031,ok,-0.515007856530237
2025-26,2026-03-24,0022500159,2025-11-03T19:30:00-05:00,3,Final,WAS,NYK,WAS @ NYK,202,202,70,0,70,132,0.10694109725992346,0.21115536143778382,0.5064569354609225,-0.6803159826772804,0.5064569354609225,0.186839722891338,ok,-0.5599995351051125
2025-26,2026-03-24,0022500160,2025-11-03T20:00:00-05:00,3,Final,DAL,HOU,DAL @ HOU,202,202,0,1,1,201,0.16918954676512735,0.22796772303040033,0.742164480638188,-0.298184388361247,0.7421644806381881,0.40210560234186166,ok,-0.05042501599124189
2025-26,2026-03-24,0022500161,2025-11-03T20:00:00-05:00,3,Final,DET,MEM,DET @ MEM,195,195,13,1,14,181,0.2039956741244714,0.25581301291989195,0.7974405672175591,-0.22634797096530848,0.797440567217559,0.49935706255856493,ok,0.0690759750185975
2025-26,2026-03-24,0022500162,2025-11-03T21:00:00-05:00,3,Final,SAC,DEN,SAC @ DEN,212,212,2,1,3,209,0.10703225206137361,0.23090185742373392,0.46354002196247374,-0.7688625504278356,0.4635400219624738,0.0572060809379504,ok,-0.6527813149220318
2025-26,2026-03-24,0022500163,2025-11-03T22:00:00-05:00,3,Final,LAL,POR,LAL @ POR,201,201,0,0,0,201,0.14124863743829377,0.2330958673577111,0.6059680038064866,-0.5009280933059357,0.6059680038064867,0.1897544884606046,ok,-0.34486724156498494
2025-26,2026-03-24,0022500164,2025-11-03T22:30:00-05:00,3,Final,MIA,LAC,MIA @ LAC,205,205,0,0,0,205,0.2695840059938669,0.22426316127961957,1.2020877814066824,0.18405986290296966,1.2020877814066826,0.5382346413545169,ok,0.9438800014493907
2025-26,2026-03-24,0022500165,2025-11-04T19:30:00-05:00,3,Final,MIL,TOR,MIL @ TOR,200,200,110,0,110,90,0.1106514167668961,0.2385199163698552,0.4639085006021767,-0.76806794317983,0.46390850060217664,0.23529935180716444,ok,-0.6519847034877684
2025-26,2026-03-24,0022500166,2025-11-04T20:00:00-05:00,3,Final,ORL,ATL,ORL @ ATL,199,199,86,0,86,113,0.3322294838661578,0.33963793040788043,0.9781872226908649,-0.022054193024278197,0.978187222690865,0.9484567753999548,ok,0.4598309250775059
2025-26,2026-03-24,0022500167,2025-11-04T20:00:00-05:00,3,Final,PHI,CHI,PHI @ CHI,201,201,103,0,103,98,0.18640992360228437,0.21505962961138606,0.8667825009237119,-0.1429671976597203,0.8667825009237117,0.769575264788112,ok,0.21898582409095063
2025-26,2026-03-24,0022500168,2025-11-04T20:00:00-05:00,3,Final,CHA,NOP,CHA @ NOP,197,197,0,2,2,195,0.1974636865146744,0.30300742776811196,0.6516793597079444,-0.428202617607768,0.6516793597079445,0.16518628264204172,ok,-0.24604417595624323
2025-26,2026-03-24,0022500169,2025-11-04T22:00:00-05:00,3,Final,PHX,GSW,PHX @ GSW,197,197,96,0,96,101,0.07672454256422735,0.1777086111165637,0.4317435271265596,-0.8399235542470969,0.4317435271265596,0.21471210663461138,ok,-0.7215219381945379
2025-26,2026-03-24,0022500170,2025-11-04T23:00:00-05:00,3,Final,OKC,LAC,OKC @ LAC,195,195,43,0,43,152,0.08361761328355385,0.24960833438684718,0.33499527765752357,-1.0936388438011337,0.3349952776575235,0.04349111090637353,ok,-0.9306813126270199
2025-26,2026-03-24,0022500171,2025-11-05T19:00:00-05:00,3,Final,PHI,CLE,PHI @ CLE,208,208,61,0,61,147,0.19146173474057357,0.26379588543347565,0.7257950002743944,-0.3204876727989596,0.7257950002743944,0.3998377679183981,ok,-0.08581408288874325
2025-26,2026-03-24,0022500172,2025-11-05T19:00:00-05:00,3,Final,UTA,DET,UTA @ DET,202,202,0,1,1,201,0.29869899021025476,0.21423908095062724,1.3942320368667556,0.3323437524797718,1.3942320368667558,0.2673282000010362,ok,1.3592753444492265
2025-26,2026-03-24,0022500173,2025-11-05T19:00:00-05:00,3,Final,BKN,IND,BKN @ IND,200,200,0,1,1,199,0.22909409151072843,0.23227059152023685,0.9863241403540678,-0.013770235650956308,0.9863241403540679,0.965329960010803,ok,0.4774220713523418
2025-26,2026-03-24,0022500174,2025-11-05T19:30:00-05:00,3,Final,WAS,BOS,WAS @ BOS,197,197,74,1,74,123,0.36870078216207464,0.3100569343642824,1.1891389654549454,0.17322948678746797,1.189138965454945,0.5896814693109063,ok,0.9158860453936435
2025-26,2026-03-24,0022500175,2025-11-05T19:30:00-05:00,3,Final,MIN,NYK,MIN @ NYK,193,193,33,0,33,160,0.12045951811758923,0.16878736801232358,0.7136761449399115,-0.33732599805593355,0.7136761449399116,0.5074626271964005,ok,-0.11201375280018108
2025-26,2026-03-24,0022500176,2025-11-05T20:00:00-05:00,3,Final,HOU,MEM,HOU @ MEM,207,207,64,0,64,143,0.5064429644622326,0.1947016321678054,2.6011233641110416,0.955943414834675,2.6011233641110416,0.003078141687323666,ok,3.968445395584808
2025-26,2026-03-24,0022500177,2025-11-05T20:30:00-05:00,3,Final,NOP,DAL,NOP @ DAL,198,198,0,1,1,197,0.1694329471994748,0.21398762231954982,0.7917885406776421,-0.23346091691086626,0.7917885406776419,0.515090225436429,ok,0.056856897755156566
2025-26,2026-03-24,0022500178,2025-11-05T21:00:00-05:00,3,Final,MIA,DEN,MIA @ DEN,211,211,16,1,17,194,0.1657841482307556,0.20197395562725745,0.8208194354360714,-0.19745212619578226,0.8208194354360715,0.5957258072316711,ok,0.11961858926081662
2025-26,2026-03-24,0022500179,2025-11-05T22:00:00-05:00,3,Final,SAS,LAL,SAS @ LAL,199,199,0,1,1,198,0.3004764283949613,0.577514426212035,0.520292506571327,-0.6533641129204252,0.520292506571327,0.004972824675757221,ok,-0.530088509176995
2025-26,2026-03-24,0022500180,2025-11-05T22:00:00-05:00,3,Final,OKC,POR,OKC @ POR,214,214,42,1,43,171,0.31151385871485754,0.22331438399543505,1.3949565323173516,0.33286325515871906,1.3949565323173516,0.2901908635522661,ok,1.360841626175847
2025-26,2026-03-24,0022500181,2025-11-05T22:00:00-05:00,3,Final,GSW,SAC,GSW @ SAC,210,210,0,2,2,208,0.17922756676915433,0.25406696479571134,0.7054343602414685,-0.3489415520723784,0.7054343602414687,0.29060826045585897,ok,-0.12983161039651142
2025-26,2026-03-24,0022500182,2025-11-06T21:00:00-05:00,3,Final,LAC,PHX,LAC @ PHX,190,190,52,0,52,138,0.18861799580325989,0.3630039920162041,0.5196030896399624,-0.6546900480140672,0.5196030896399623,0.08579239266841578,ok,-0.5315789548943982
2025-26,2026-03-24,0022500183,2025-11-08T19:00:00-05:00,3,Final,DAL,WAS,DAL @ WAS,204,204,0,2,2,202,0.2612199381098353,0.23208253652861002,1.125547583273821,0.1182696579244008,1.125547583273821,0.6906660762478655,ok,0.778408274071717
2025-26,2026-03-24,0022500184,2025-11-08T19:30:00-05:00,3,Final,TOR,PHI,TOR @ PHI,203,203,0,0,0,203,0.25515118914810947,0.2878608011297607,0.886370037694342,-0.12062076580056386,0.8863700376943421,0.6706706818954341,ok,0.2613319849786412
2025-26,2026-03-24,0022500185,2025-11-08T20:00:00-05:00,3,Final,LAL,ATL,LAL @ ATL,196,196,87,0,87,109,0.22516874894489283,0.1593510591416053,1.4130357850009612,0.3457404289308626,1.413035785000961,0.4695047231214481,ok,1.3999270380800775
2025-26,2026-03-24,0022500186,2025-11-08T20:00:00-05:00,3,Final,CHI,CLE,CHI @ CLE,207,207,22,2,24,183,0.25433476452898823,0.37369392845311555,0.6805964591980188,-0.38478571940018597,0.6805964591980187,0.1683021888845313,ok,-0.1835284976577792
2025-26,2026-03-24,0022500187,2025-11-08T20:00:00-05:00,3,Final,POR,MIA,POR @ MIA,223,223,0,2,2,221,0.2619756185930461,0.27050333907872665,0.9684746202589437,-0.03203300168346344,0.9684746202589434,0.9061100842779128,ok,0.4388333167494895
2025-26,2026-03-24,0022500188,2025-11-08T20:00:00-05:00,3,Final,NOP,SAS,NOP @ SAS,197,197,8,2,10,187,0.22403255371527708,0.20764513442992852,1.0789203143639208,0.0759608321715758,1.0789203143639208,0.8253348515238481,ok,0.6776051024359229
2025-26,2026-03-24,0022500189,2025-11-08T21:00:00-05:00,3,Final,IND,DEN,IND @ DEN,206,206,63,0,63,143,0.20232509901013163,0.24579320966673665,0.8231517025407574,-0.1946147665664191,0.8231517025407575,0.6111840588263279,ok,0.12466070145718985
2025-26,2026-03-24,0022500190,2025-11-08T22:30:00-05:00,3,Final,PHX,LAC,PHX @ LAC,177,177,7,0,7,170,0.11312845928947607,0.22229261905428233,0.5089168491997967,-0.6754706368770881,0.5089168491997967,0.13754986849507797,ok,-0.5546814645291124
2025-26,2026-03-24,0022500191,2025-11-09T15:30:00-05:00,3,Final,HOU,MIL,HOU @ MIL,192,192,0,2,2,190,0.11722152985488567,0.25461353272659676,0.4603900216912578,-0.7756812754986024,0.4603900216912577,0.05322673169757698,ok,-0.6595912788211775
2025-26,2026-03-24,0022500192,2025-11-09T18:00:00-05:00,3,Final,BKN,NYK,BKN @ NYK,190,190,139,1,139,51,0.23305888265059208,0.295534863735076,0.7886003015181019,-0.23749567519262457,0.7886003015181019,0.6899484387274126,ok,0.04996426546661056
2025-26,2026-03-24,0022500193,2025-11-09T18:00:00-05:00,3,Final,BOS,ORL,BOS @ ORL,188,188,0,1,1,187,0.20426353645080558,0.3588852980876639,0.5691610593669699,-0.5635918280248933,0.5691610593669701,0.05901978640442779,ok,-0.42443992133945796
2025-26,2026-03-24,0022500194,2025-11-09T18:00:00-05:00,3,Final,OKC,MEM,OKC @ MEM,199,199,23,0,23,176,0.13298159323927516,0.24925808657945883,0.5335096448190182,-0.6282781300175776,0.5335096448190182,0.11470240451095595,ok,-0.501514468996976
2025-26,2026-03-24,0022500195,2025-11-09T19:30:00-05:00,3,Final,DET,PHI,DET @ PHI,197,197,0,0,0,197,0.19273655907672393,0.31886267044770283,0.6044500562142001,-0.5034362323335612,0.6044500562142001,0.10297473432330853,ok,-0.34814888201394784
2025-26,2026-03-24,0022500196,2025-11-09T20:30:00-05:00,3,Final,IND,GSW,IND @ GSW,199,199,39,0,39,160,0.10775057651368251,0.3261950960173246,0.33032555617562,-1.1076765769608188,0.33032555617562,0.00943683480562212,ok,-0.9407767513485388
2025-26,2026-03-24,0022500197,2025-11-09T21:00:00-05:00,3,Final,MIN,SAC,MIN @ SAC,213,213,112,0,112,101,0.18762520492293655,0.14794664509638117,1.2681950631641996,0.23759467948659385,1.2681950631641996,0.6669243963538531,ok,1.0867968787439963
2025-26,2026-03-24,0022500198,2025-11-10T19:00:00-05:00,3,Final,LAL,CHA,LAL @ CHA,189,189,40,2,42,147,0.14765541278314104,0.25102336253242535,0.5882138271654616,-0.5306647455468013,0.5882138271654616,0.21853010607799495,ok,-0.38324987381084347
2025-26,2026-03-24,0022500199,2025-11-10T19:00:00-05:00,3,Final,WAS,DET,WAS @ DET,230,230,0,1,1,229,0.254876216485056,0.2455543356330207,1.037962599308231,0.03725975259958662,1.037962599308231,0.8955197077376976,ok,0.5890589002436688
2025-26,2026-03-24,0022500200,2025-11-10T19:00:00-05:00,3,Final,POR,ORL,POR @ ORL,195,195,0,2,2,193,0.22238175662149706,0.3301858336882533,0.6735048385857159,-0.3952600989174125,0.6735048385857157,0.18278372250988884,ok,-0.1988598234349603
2025-26,2026-03-24,0022500201,2025-11-10T19:30:00-05:00,3,Final,CLE,MIA,CLE @ MIA,228,228,1,1,2,226,0.2145178987323408,0.32387398738804324,0.6623498863319345,-0.4119613334651756,0.6623498863319345,0.13713119311410055,ok,-0.22297563791253222
2025-26,2026-03-24,0022500202,2025-11-10T20:00:00-05:00,3,Final,SAS,CHI,SAS @ CHI,207,207,0,2,2,205,0.1725752262222422,0.21237482502732788,0.8125973791857657,-0.20751952065428053,0.8125973791857658,0.5592245986732509,ok,0.10184338246068729
2025-26,2026-03-24,0022500203,2025-11-10T20:30:00-05:00,3,Final,MIL,DAL,MIL @ DAL,206,206,0,0,0,206,0.278807235673742,0.3225998456766865,0.8642509889888975,-0.14589205584909665,0.8642509889888975,0.5837680558555278,ok,0.2135129658680884
2025-26,2026-03-24,0022500204,2025-11-10T21:00:00-05:00,3,Final,NOP,PHX,NOP @ PHX,197,197,141,0,141,56,0.042765634383907514,0.24527283532934976,0.17435944068768264,-1.7466363594188645,0.17435944068768264,0.11046483531510741,ok,-1.2779588226227245
2025-26,2026-03-24,0022500205,2025-11-10T21:00:00-05:00,3,Final,MIN,UTA,MIN @ UTA,204,204,21,1,22,182,0.28522640376583336,0.29596801549161483,0.9637068495123055,-0.03696812863504951,0.9637068495123058,0.8975222221912017,ok,0.4285259059975926
2025-26,2026-03-24,0022500206,2025-11-10T22:30:00-05:00,3,Final,ATL,LAC,ATL @ LAC,184,184,9,1,10,174,0.1364693193199151,0.2683915023906187,0.5084710883331052,-0.6763469218786514,0.5084710883331051,0.08215099291671965,ok,-0.5556451518778279
2025-26,2026-03-24,0022500207,2025-11-11T19:30:00-05:00,3,Final,TOR,BKN,TOR @ BKN,192,192,7,0,7,185,0.3485859239840347,0.25828579962412784,1.3496131978270456,0.29981803126748935,1.3496131978270451,0.28245020545151267,ok,1.2628141835221116
2025-26,2026-03-24,0022500208,2025-11-11T19:30:00-05:00,3,Final,MEM,NYK,MEM @ NYK,219,219,112,0,112,107,0.07004365329468148,0.20396097829966794,0.34341693140817575,-1.068810026526956,0.3434169314081757,0.161912712145592,ok,-0.9124745973650851
2025-26,2026-03-24,0022500209,2025-11-11T20:00:00-05:00,3,Final,BOS,PHI,BOS @ PHI,188,188,0,0,0,188,0.23895816445448778,0.2230618291155683,1.071264256201735,0.0688394988475889,1.0712642562017352,0.8318704091520914,ok,0.661053523005703
2025-26,2026-03-24,0022500210,2025-11-11T20:00:00-05:00,3,Final,GSW,OKC,GSW @ OKC,202,202,128,1,128,74,0.10769374555621015,0.35270843273133895,0.30533362846541695,-1.18635023638679,0.305333628465417,0.051089011692499735,ok,-0.9948066278002141
2025-26,2026-03-24,0022500211,2025-11-11T21:00:00-05:00,3,Final,IND,UTA,IND @ UTA,205,205,98,0,98,107,0.2800110587655764,0.2658166940982123,1.05339907155011,0.05202214668277823,1.0533990715501098,0.8976169142588936,ok,0.6224309033059992
2025-26,2026-03-24,0022500212,2025-11-11T23:00:00-05:00,3,Final,DEN,SAC,DEN @ SAC,192,192,6,0,6,186,0.18953987035178377,0.2384747547258985,0.7948005673373678,-0.22966405449324565,0.7948005673373678,0.49894058743866865,ok,0.06336857745354538
2025-26,2026-03-24,0022500213,2025-11-12T19:00:00-05:00,3,Final,MIL,CHA,MIL @ CHA,187,187,44,0,44,143,0.08885646823566168,0.1939100387832825,0.45823552402549583,-0.7803719824492398,0.4582355240254958,0.16204253187774564,ok,-0.664249072491452
2025-26,2026-03-24,0022500214,2025-11-12T19:00:00-05:00,3,Final,CHI,DET,CHI @ DET,210,210,32,0,32,178,0.14287562326340156,0.18603737133867862,0.767994205870058,-0.26397309030295296,0.767994205870058,0.5486197206366484,ok,0.0054160891544371
2025-26,2026-03-24,0022500215,2025-11-12T19:00:00-05:00,3,Final,ORL,NYK,ORL @ NYK,201,201,83,0,83,118,0.10302406178137195,0.25260780092888324,0.4078419645099414,-0.89687552150162,0.4078419645099413,0.10817054514495307,ok,-0.7731945618573635
2025-26,2026-03-24,0022500216,2025-11-12T19:30:00-05:00,3,Final,MEM,BOS,MEM @ BOS,192,192,103,0,103,89,0.07064784763499557,0.23067832497444413,0.3062613171082387,-1.1833165639831558,0.3062613171082387,0.12327570280230529,ok,-0.9928010641102705
2025-26,2026-03-24,0022500217,2025-11-12T19:30:00-05:00,3,Final,CLE,MIA,CLE @ MIA,215,215,7,0,7,208,0.22768869916663237,0.2791894660139306,0.8155347062960875,-0.20391129952365855,0.8155347062960874,0.4853951866672531,ok,0.1081935697175131
2025-26,2026-03-24,0022500218,2025-11-12T20:00:00-05:00,3,Final,WAS,HOU,WAS @ HOU,199,199,123,0,123,76,0.1994650650701779,0.274871158159109,0.7256674960226916,-0.32066336352793934,0.7256674960226918,0.5496433805132092,ok,-0.08608973345265507
2025-26,2026-03-24,0022500219,2025-11-12T20:00:00-05:00,3,Final,POR,NOP,POR @ NOP,191,191,3,0,3,188,0.22178858895472844,0.21621305702042456,1.025787211980344,0.025460329508450275,1.025787211980344,0.9395783450077606,ok,0.5627370142049031
2025-26,2026-03-24,0022500220,2025-11-12T20:00:00-05:00,3,Final,GSW,SAS,GSW @ SAS,212,212,6,3,9,203,0.16736799453258322,0.20396781196751282,0.8205608175040919,-0.1977672487076515,0.820560817504092,0.5878697121561591,ok,0.11905948493420906
2025-26,2026-03-24,0022500221,2025-11-12T20:30:00-05:00,3,Final,PHX,DAL,PHX @ DAL,207,207,37,3,40,167,0.17675064694947912,0.2768088595739282,0.6385295876061864,-0.44858726534090765,0.6385295876061862,0.21432119797456683,ok,-0.2744725777291732
2025-26,2026-03-24,0022500222,2025-11-12T21:30:00-05:00,3,Final,LAL,OKC,LAL @ OKC,204,204,146,0,146,58,0.2584936492947525,0.11757587141605205,2.198526331818976,0.7877872867418829,2.1985263318189756,0.27669826429598054,ok,3.098073643282123
2025-26,2026-03-24,0022500223,2025-11-12T22:00:00-05:00,3,Final,ATL,SAC,ATL @ SAC,215,215,127,0,127,88,0.047782050328868016,0.13418488260614678,0.3560911587120858,-1.0325685171108518,0.3560911587120857,0.33235343027882847,ok,-0.8850742726165807
2025-26,2026-03-24,0022500224,2025-11-12T22:30:00-05:00,3,Final,DEN,LAC,DEN @ LAC,194,194,39,0,39,155,0.13596774637793202,0.259976556820902,0.5230000275432538,-0.6481737622532503,0.5230000275432538,0.1134288178168355,ok,-0.5242351382285906
2025-26,2026-03-24,0022500225,2025-11-13T19:00:00-05:00,3,Final,TOR,CLE,TOR @ CLE,194,194,20,0,20,174,0.2845606584848929,0.262561871987705,1.0837851525457516,0.08045968461495322,1.0837851525457516,0.792060200642193,ok,0.6881223626076705
2025-26,2026-03-24,0022500226,2025-11-13T21:00:00-05:00,3,Final,IND,PHX,IND @ PHX,196,196,90,0,90,106,0.5380397252855095,0.3838724869639533,1.4016105440138846,0.3376219640126501,1.4016105440138849,0.2790895652784887,ok,1.3752268882508851
2025-26,2026-03-24,0022500227,2025-11-13T21:00:00-05:00,3,Final,ATL,UTA,ATL @ UTA,216,216,6,0,6,210,0.12044610174122963,0.19501289386832626,0.6176314773450594,-0.4818633143665664,0.6176314773450595,0.24025275320592132,ok,-0.31965205842290184
2025-26,2026-03-24,0022500228,2025-11-15T17:00:00-05:00,3,Final,MEM,CLE,MEM @ CLE,209,209,0,0,0,209,0.24506969253334165,0.3139950050385215,0.7804891434603427,-0.2478344488474879,0.7804891434603427,0.3747629615910356,ok,0.032428808705433035
2025-26,2026-03-24,0022500229,2025-11-15T19:00:00-05:00,3,Final,OKC,CHA,OKC @ CHA,192,192,40,0,40,152,3.7020881885898574e-11,0.10697622357427154,3.460664496180844e-10,-21.784390308390922,3.460664496180844e-10,0.9990373977688068,ok,-1.6549052962632824
2025-26,2026-03-24,0022500230,2025-11-15T19:00:00-05:00,3,Final,TOR,IND,TOR @ IND,214,214,64,1,64,150,0.2683184174730103,0.2146730313095575,1.2498934581405168,0.2230583141940431,1.2498934581405168,0.5337818150816315,ok,1.047230764846618
2025-26,2026-03-24,0022500231,2025-11-15T20:00:00-05:00,3,Final,LAL,MIL,LAL @ MIL,194,194,110,0,110,84,0.12690484798895285,0.30487618071291545,0.4162504518791907,-0.8764681520924196,0.41625045187919063,0.11835046336151411,ok,-0.7550163109047354
2025-26,2026-03-24,0022500232,2025-11-15T20:00:00-05:00,3,Final,DEN,MIN,DEN @ MIN,204,204,0,0,0,204,0.267751626297753,0.2705979274356524,0.9894814377742185,-0.010574273312825939,0.9894814377742188,0.9705959423844804,ok,0.48424781090753
2025-26,2026-03-24,0022500233,2025-11-16T15:30:00-05:00,3,Final,LAC,BOS,LAC @ BOS,187,187,43,2,45,142,0.2559276164944888,0.2521808500169979,1.0148574583567243,0.014748167515289108,1.014857458356725,0.9665376063671243,ok,0.5391080550954249
2025-26,2026-03-24,0022500234,2025-11-16T16:00:00-05:00,3,Final,SAC,SAS,SAC @ SAS,205,205,40,0,40,165,0.12293279748524354,0.18508523893434278,0.6641955792533665,-0.40917862580785164,0.6641955792533665,0.36120697899781806,ok,-0.2189854470929585
2025-26,2026-03-24,0022500235,2025-11-16T18:00:00-05:00,3,Final,BKN,WAS,BKN @ WAS,194,194,34,0,34,160,0.2774323010207421,0.2359987696046233,1.175566726409353,0.1617503516654362,1.175566726409353,0.6281770343760084,ok,0.8865443152434485
2025-26,2026-03-24,0022500236,2025-11-16T19:00:00-05:00,3,Final,ORL,HOU,ORL @ HOU,211,211,0,2,2,209,0.1822422353136287,0.2938188411988017,0.6202537406044741,-0.47762662562716385,0.6202537406044741,0.12053906418978552,ok,-0.31398300553619296
2025-26,2026-03-24,0022500237,2025-11-16T19:00:00-05:00,3,Final,GSW,NOP,GSW @ NOP,208,208,86,0,86,122,0.14657418774950956,0.28285641828798536,0.518192900258949,-0.6574077117219146,0.5181929002589492,0.14326233846092298,ok,-0.5346276336083058
2025-26,2026-03-24,0022500238,2025-11-16T19:30:00-05:00,3,Final,POR,DAL,POR @ DAL,221,221,0,2,2,219,0.179351056202402,0.37930456574986693,0.4728418068151475,-0.7489943929095044,0.47284180681514754,0.008582834025280409,ok,-0.6326718502901839
2025-26,2026-03-24,0022500239,2025-11-16T20:00:00-05:00,3,Final,ATL,PHX,ATL @ PHX,203,203,25,2,27,176,0.22365201774055185,0.22057453533469132,1.0139521200903399,0.013855685208327972,1.0139521200903399,0.9684465728354936,ok,0.5371508105304227
2025-26,2026-03-24,0022500240,2025-11-16T20:00:00-05:00,3,Final,CHI,UTA,CHI @ UTA,250,250,1,0,1,249,0.2614254685581254,0.2934072377998915,0.890998703775746,-0.11541230630952881,0.8909987037757457,0.6532459617580025,ok,0.2713386663124792
2025-26,2026-03-24,0022500241,2025-11-17T19:00:00-05:00,3,Final,MIL,CLE,MIL @ CLE,201,201,0,0,0,201,0.1951449999430343,0.19347704189104112,1.0086209611005554,0.008584012816692075,1.0086209611005552,0.9803068871787051,ok,0.5256254146144967
2025-26,2026-03-24,0022500242,2025-11-17T19:00:00-05:00,3,Final,IND,DET,IND @ DET,203,203,100,0,100,103,0.18053224709255644,0.25800925089974286,0.6997123028069547,-0.35708602441079784,0.6997123028069546,0.4530438554734859,ok,-0.14220208696883102
2025-26,2026-03-24,0022500243,2025-11-17T19:00:00-05:00,3,Final,LAC,PHI,LAC @ PHI,189,189,0,0,0,189,0.18271882008071105,0.36480424656053223,0.5008681280534173,-0.6914124300033165,0.5008681280534172,0.025094072436008426,ok,-0.5720819393614451
2025-26,2026-03-24,0022500244,2025-11-17T19:30:00-05:00,3,Final,NYK,MIA,NYK @ MIA,209,209,0,0,0,209,0.12472415647322366,0.21400200517805834,0.5828177000932683,-0.5398808343376645,0.5828177000932682,0.17867585125348573,ok,-0.39491572377683537
2025-26,2026-03-24,0022500245,2025-11-17T19:30:00-05:00,3,Final,CHA,TOR,CHA @ TOR,204,204,0,0,0,204,0.1499720982535115,0.1944595188046161,0.7712252872753249,-0.259774746706606,0.771225287275325,0.5055188873518628,ok,0.012401341799058357
2025-26,2026-03-24,0022500246,2025-11-17T20:00:00-05:00,3,Final,DAL,MIN,DAL @ MIN,214,214,124,0,124,90,0.14561920792362756,0.2694746143331999,0.5403819142072224,-0.6154791408743071,0.5403819142072224,0.24497925371480467,ok,-0.4866573571209797
2025-26,2026-03-24,0022500247,2025-11-17T20:00:00-05:00,3,Final,OKC,NOP,OKC @ NOP,199,199,168,1,168,31,0.30646687408274476,0.39001520067745654,0.7857818709383934,-0.24107604295823076,0.7857818709383935,0.7098543435271967,ok,0.043871119800735915
2025-26,2026-03-24,0022500248,2025-11-17T21:00:00-05:00,3,Final,CHI,DEN,CHI @ DEN,207,207,8,2,10,197,0.16176736979434794,0.16977381928992796,0.9528404937282635,-0.04830776212933207,0.9528404937282633,0.9031174537342259,ok,0.40503400624101465
2025-26,2026-03-24,0022500249,2025-11-18T19:00:00-05:00,3,Final,GSW,ORL,GSW @ ORL,205,205,1,0,1,204,0.1720067101787725,0.272539921350019,0.6311248250411977,-0.46025161502044926,0.6311248250411977,0.16224064899753432,ok,-0.2904808829379385
2025-26,2026-03-24,0022500250,2025-11-18T19:30:00-05:00,3,Final,BOS,BKN,BOS @ BKN,190,190,1,1,1,189,0.24561867951417518,0.2765398981208002,0.8881853258182738,-0.11857485751902991,0.8881853258182738,0.6930024931714165,ok,0.26525644387583097
2025-26,2026-03-24,0022500251,2025-11-18T19:30:00-05:00,3,Final,DET,ATL,DET @ ATL,200,200,9,4,13,187,0.1007642525471407,0.25525198134469956,0.3947638408771675,-0.9294675640743119,0.39476384087716754,0.027827338935372096,ok,-0.8014680672984837
2025-26,2026-03-24,0022500252,2025-11-18T20:00:00-05:00,3,Final,MEM,SAS,MEM @ SAS,192,192,0,0,0,192,0.2369401970321774,0.14856285702092928,1.594881801437069,0.4667996278087578,1.594881801437069,0.20870005834856864,ok,1.7930586890355613
2025-26,2026-03-24,0022500253,2025-11-18T22:30:00-05:00,3,Final,UTA,LAL,UTA @ LAL,210,210,30,1,31,179,0.28928822623727574,0.2719733124870518,1.0636640175901386,0.061719568111080494,1.0636640175901388,0.8389988832916845,ok,0.6446226194775947
2025-26,2026-03-24,0022500254,2025-11-18T23:00:00-05:00,3,Final,PHX,POR,PHX @ POR,210,210,82,0,82,128,0.2913808005558197,0.24188872613313955,1.2046067843419825,0.18615319364049843,1.2046067843419823,0.6158857756149041,ok,0.9493258165523253
2025-26,2026-03-24,0022500255,2025-11-19T19:00:00-05:00,3,Final,HOU,CLE,HOU @ CLE,194,194,33,2,35,159,0.16275014299647614,0.3280163200782107,0.4961647730139487,-0.7008472037674724,0.4961647730139486,0.05638830879778177,ok,-0.5822500902395027
2025-26,2026-03-24,0022500256,2025-11-19T19:00:00-05:00,3,Final,CHA,IND,CHA @ IND,199,199,67,1,68,131,0.13943711978624793,0.25990690928827925,0.5364886996197141,-0.6227097802837948,0.536488699619714,0.16717909575739687,ok,-0.4950740709336182
2025-26,2026-03-24,0022500257,2025-11-19T19:30:00-05:00,3,Final,GSW,MIA,GSW @ MIA,211,211,4,0,4,207,0.13034129013336257,0.2464652050805694,0.5288425605178387,-0.6370645085891633,0.5288425605178387,0.09095127915628541,ok,-0.5116042064156441
2025-26,2026-03-24,0022500258,2025-11-19T19:00:00-05:00,3,Final,TOR,PHI,TOR @ PHI,193,193,7,0,7,186,0.1216142079230646,0.2946547251474876,0.4127346264757552,-0.8849504434515725,0.4127346264757552,0.022220732739586056,ok,-0.762617149638585
2025-26,2026-03-24,0022500259,2025-11-19T20:00:00-05:00,3,Final,WAS,MIN,WAS @ MIN,193,193,58,1,59,134,0.13815427133008967,0.28800459256927236,0.4796946815938711,-0.7346054574776868,0.4796946815938711,0.09245096160661918,ok,-0.6178566674868952
2025-26,2026-03-24,0022500260,2025-11-19T20:00:00-05:00,3,Final,DEN,NOP,DEN @ NOP,213,213,30,3,33,180,0.23052951380726855,0.22586804453636905,1.020638020223126,0.02042794176899933,1.020638020223126,0.9518294105003984,ok,0.5516050119962503
2025-26,2026-03-24,0022500261,2025-11-19T20:00:00-05:00,3,Final,SAC,OKC,SAC @ OKC,205,205,23,0,23,182,0.13961634045940635,0.2722532317212136,0.5128179363629117,-0.6678343966805983,0.5128179363629117,0.0804729958358465,ok,-0.5462477310494709
2025-26,2026-03-24,0022500262,2025-11-19T21:30:00-05:00,3,Final,NYK,DAL,NYK @ DAL,203,203,0,2,2,201,0.16477092240519567,0.32737832150881807,0.5033043166871924,-0.6865602884688853,0.5033043166871923,0.029734471463249954,ok,-0.5668151599268155
2025-26,2026-03-24,0022500263,2025-11-19T22:00:00-05:00,3,Final,CHI,POR,CHI @ POR,213,213,18,3,21,192,0.09666322634561751,0.2462886884549559,0.39247935807371187,-0.9352713340376252,0.39247935807371187,0.03666163762241185,ok,-0.8064068749430134
2025-26,2026-03-24,0022500264,2025-11-20T19:00:00-05:00,3,Final,LAC,ORL,LAC @ ORL,209,209,74,0,74,135,0.04549216161597421,0.23067700474457647,0.1972115151501411,-1.6234784452621285,0.19721151515014104,0.0311666666617135,ok,-1.2285550801748362
2025-26,2026-03-24,0022500265,2025-11-20T20:00:00-05:00,3,Final,SAC,MEM,SAC @ MEM,198,198,130,0,130,68,0.170104795151267,0.28492718529240046,0.597011460934135,-0.5158189682291898,0.5970114609341355,0.35493659356486584,ok,-0.3642303299365045
2025-26,2026-03-24,0022500266,2025-11-20T20:00:00-05:00,3,Final,PHI,MIL,PHI @ MIL,216,216,0,2,2,214,0.2093854478918757,0.1786974433377377,1.1717316374590638,0.1584826866580432,1.1717316374590636,0.6511048129634447,ok,0.8782532628457291
2025-26,2026-03-24,0022500267,2025-11-20T20:00:00-05:00,3,Final,ATL,SAS,ATL @ SAS,205,205,23,0,23,182,0.1226948700817187,0.2654164127212659,0.4622731082217209,-0.7715994192197344,0.46227310822172096,0.05591503691109125,ok,-0.6555202470156878
2025-26,2026-03-24,0022500268,2025-11-22T13:00:00-05:00,3,Final,LAC,CHA,LAC @ CHA,191,191,62,0,62,129,0.06977898884900348,0.24416584433010466,0.28578521717666805,-1.2525147391884737,0.28578521717666805,0.04535253045145069,ok,-1.037068203577998
2025-26,2026-03-24,0022500269,2025-11-22T17:00:00-05:00,3,Final,NYK,ORL,NYK @ ORL,199,199,12,0,12,187,0.24718813893113148,0.31528896065014916,0.7840050549864203,-0.24333981096575497,0.7840050549864203,0.4006863815682812,ok,0.040029833627229595
2025-26,2026-03-24,0022500270,2025-11-22T19:00:00-05:00,3,Final,ATL,NOP,ATL @ NOP,197,197,67,0,67,130,0.047642211158202885,0.2158590010523762,0.22070986581950752,-1.5109062643193503,0.22070986581950752,0.0431772016690516,ok,-1.177754157644731
2025-26,2026-03-24,0022500271,2025-11-22T20:00:00-05:00,3,Final,WAS,CHI,WAS @ CHI,210,210,3,0,3,207,0.18663580185108922,0.25759996239546934,0.7245179700941282,-0.3222487140864493,0.7245179700941282,0.3233800799131774,ok,-0.08857488564333317
2025-26,2026-03-24,0022500272,2025-11-22T20:00:00-05:00,3,Final,DET,MIL,DET @ MIL,199,199,96,0,96,103,3.886430525798505e-11,0.14721695266931611,2.639934094090605e-10,-22.055096977453466,2.6399340940906044e-10,0.9990382069316993,ok,-1.6549052964407156
2025-26,2026-03-24,0022500273,2025-11-22T20:30:00-05:00,3,Final,MEM,DAL,MEM @ DAL,183,183,0,1,1,182,0.13064192592320642,0.25669919563331095,0.5089300167103971,-0.6754447636125687,0.508930016710397,0.08991413272781983,ok,-0.5546529977786016
2025-26,2026-03-24,0022500274,2025-11-22T22:00:00-05:00,3,Final,SAC,DEN,SAC @ DEN,192,192,0,2,2,190,0.22974459731301414,0.26343771116177617,0.8721021614552701,-0.13684870430338641,0.8721021614552701,0.6680173304757203,ok,0.23048636156920213
2025-26,2026-03-24,0022500275,2025-11-23T13:00:00-05:00,3,Final,MIA,PHI,MIA @ PHI,212,212,1,0,1,211,0.3413689845781165,0.1705898288896991,2.001109836383274,0.6937019448414188,2.001109836383275,0.0207897153088867,ok,2.6712802809774177
2025-26,2026-03-24,0022500276,2025-11-23T18:00:00-05:00,3,Final,CHA,ATL,CHA @ ATL,187,187,0,2,2,185,0.19475314488727574,0.2023059107885578,0.9626666078522247,-0.038048128732866136,0.9626666078522248,0.9170590523864257,ok,0.4262770147145443
2025-26,2026-03-24,0022500277,2025-11-23T18:00:00-05:00,3,Final,ORL,BOS,ORL @ BOS,192,192,77,2,79,113,0.1409107091545733,0.28401085416498606,0.49614550672319097,-0.7008860349499234,0.49614550672319085,0.13478270604124878,ok,-0.5822917419008469
2025-26,2026-03-24,0022500278,2025-11-23T18:00:00-05:00,3,Final,LAC,CLE,LAC @ CLE,193,193,27,0,27,166,0.20908992309284147,0.25241520327933514,0.8283570893368583,-0.18831095025085068,0.8283570893368585,0.5932529134781536,ok,0.1359141913335106
2025-26,2026-03-24,0022500279,2025-11-23T18:00:00-05:00,3,Final,BKN,TOR,BKN @ TOR,188,188,0,1,1,187,0.2192334667916745,0.28672677033886695,0.7646075967464574,-0.26839252218658,0.7646075967464576,0.3891074497451592,ok,-0.0019053977936686766
2025-26,2026-03-24,0022500280,2025-11-23T19:00:00-05:00,3,Final,POR,OKC,POR @ OKC,193,193,155,0,155,38,0.38611470041548096,0.1995969730615427,1.9344717231579878,0.659834277919518,1.9344717231579887,0.3021198582572914,ok,2.5272158027873233
2025-26,2026-03-24,0022500281,2025-11-23T20:00:00-05:00,3,Final,SAS,PHX,SAS @ PHX,193,193,0,1,1,192,0.21619196875015315,0.2514878298472564,0.8596518125010639,-0.15122784090105001,0.8596518125010639,0.6427268638973586,ok,0.2035700378835596
2025-26,2026-03-24,0022500282,2025-11-23T20:00:00-05:00,3,Final,LAL,UTA,LAL @ UTA,204,204,0,1,1,203,0.12752905184821478,0.24164102325625234,0.5277624226618773,-0.6391090536167165,0.5277624226618775,0.09624618585183758,ok,-0.5139393490098885
2025-26,2026-03-24,0022500283,2025-11-24T19:00:00-05:00,3,Final,DET,IND,DET @ IND,201,201,40,2,42,159,0.2964556550940806,0.2543683802010364,1.1654579663548634,0.15311411393972815,1.1654579663548632,0.6310978573593962,ok,0.8646902564786768
2025-26,2026-03-24,0022500284,2025-11-24T19:00:00-05:00,3,Final,CLE,TOR,CLE @ TOR,201,201,0,0,0,201,0.0935172687302162,0.16267443391183758,0.5748737922819418,-0.5536047539601912,0.5748737922819417,0.2638629937909368,ok,-0.41208960338173845
2025-26,2026-03-24,0022500285,2025-11-24T19:30:00-05:00,3,Final,NYK,BKN,NYK @ BKN,186,186,30,0,30,156,0.15795661152757254,0.2805004434389668,0.5631242845501662,-0.5742549211194916,0.5631242845501663,0.133721041998887,ok,-0.43749078325377655
2025-26,2026-03-24,0022500286,2025-11-24T19:30:00-05:00,3,Final,DAL,MIA,DAL @ MIA,202,202,0,1,1,201,0.08133131119901131,0.20785094338913898,0.3912963293447394,-0.9382901304774423,0.39129632934473946,0.05422605835610748,ok,-0.8089644566072349
2025-26,2026-03-24,0022500287,2025-11-24T20:00:00-05:00,3,Final,DEN,MEM,DEN @ MEM,195,195,3,0,3,192,0.14296148431079286,0.16079894648708437,0.8890697820727063,-0.11757955152888835,0.8890697820727061,0.7864799019302087,ok,0.2671685437629633
2025-26,2026-03-24,0022500288,2025-11-24T20:00:00-05:00,3,Final,POR,MIL,POR @ MIL,197,197,56,0,56,141,0.20476780145573611,0.3208043325178338,0.6382950000974593,-0.4489547199053413,0.6382950000974593,0.2276936303891497,ok,-0.2749797308491967
2025-26,2026-03-24,0022500289,2025-11-24T20:00:00-05:00,3,Final,CHI,NOP,CHI @ NOP,218,218,60,1,61,157,0.09340081202363647,0.2126276161669084,0.43926943125919593,-0.822642315536069,0.439269431259196,0.10585313413620873,ok,-0.7052517378647135
2025-26,2026-03-24,0022500290,2025-11-24T21:30:00-05:00,3,Final,HOU,PHX,HOU @ PHX,189,189,24,0,24,165,0.15398955767598504,0.22998993500457973,0.6695491160207454,-0.40115075430019637,0.6695491160207453,0.3278847876435169,ok,-0.20741167281371806
2025-26,2026-03-24,0022500291,2025-11-24T22:00:00-05:00,3,Final,UTA,GSW,UTA @ GSW,211,211,88,0,88,123,0.16452206643590878,0.14186243823642927,1.1597295836810217,0.14818686042580106,1.159729583681022,0.7995284096751911,ok,0.8523061054150025
2025-26,2026-03-24,0022500292,2025-11-24T22:00:00-05:00,3,Final,MIN,SAC,MIN @ SAC,219,219,0,2,2,217,0.34469540775409385,0.22841764901567133,1.5090576811358605,0.411485403797286,1.5090576811358605,0.1261062883841327,ok,1.6075161142403038
2025-26,2026-03-24,0022500293,2025-11-29T17:00:00-05:00,3,Final,BOS,MIN,BOS @ MIN,191,191,0,1,1,190,0.16108046486374955,0.23826905291193168,0.6760444249689768,-0.39149648768873824,0.6760444249689769,0.290348546779454,ok,-0.19336950911759274
2025-26,2026-03-24,0022500294,2025-11-29T18:00:00-05:00,3,Final,TOR,CHA,TOR @ CHA,199,199,9,2,11,188,0.18518843186266734,0.2801328967093653,0.6610734906111303,-0.41389026435578385,0.6610734906111302,0.2184538094548203,ok,-0.22573506903357946
2025-26,2026-03-24,0022500295,2025-11-29T19:30:00-05:00,3,Final,CHI,IND,CHI @ IND,197,197,0,1,1,196,0.09255968253972,0.1549505284861213,0.59734989899057,-0.5152522418148087,0.59734989899057,0.3063766588386604,ok,-0.36349866303238404
2025-26,2026-03-24,0022500296,2025-11-29T20:00:00-05:00,3,Final,DET,MIA,DET @ MIA,222,222,55,2,57,165,0.18783387801942034,0.2670259685685406,0.7034292545640813,-0.35178796958236536,0.7034292545640815,0.3193000551094063,ok,-0.13416643455565605
2025-26,2026-03-24,0022500297,2025-11-29T20:00:00-05:00,3,Final,BKN,MIL,BKN @ MIL,184,184,105,0,105,79,0.12813015353692453,0.14197627753647463,0.9024757921548342,-0.1026134122319834,0.9024757921548342,0.895689808445786,ok,0.2961509046615016
2025-26,2026-03-24,0022500298,2025-11-29T20:30:00-05:00,3,Final,NOP,GSW,NOP @ GSW,189,189,0,2,2,187,0.1715787760498244,0.2904461666865134,0.5907420917522872,-0.5263757497972973,0.5907420917522872,0.12035422982392316,ok,-0.3777840360072407
2025-26,2026-03-24,0022500299,2025-11-29T21:00:00-05:00,3,Final,DEN,PHX,DEN @ PHX,183,183,34,0,34,149,0.2114393409006178,0.2887323551964036,0.7323022068544794,-0.31156199932620926,0.7323022068544794,0.3829137188101428,ok,-0.07174619778422647
2025-26,2026-03-24,0022500300,2025-11-29T22:00:00-05:00,3,Final,DAL,LAC,DAL @ LAC,207,207,0,4,4,203,0.15706999264914925,0.2578298126874936,0.609200274444322,-0.49560820746168815,0.609200274444322,0.1551791882582124,ok,-0.33787941792666165
2025-26,2026-03-24,0022500301,2025-11-30T15:00:00-05:00,3,Final,HOU,UTA,HOU @ UTA,202,202,123,0,123,79,0.073990242968501,0.26938924822805155,0.2746592280693569,-1.2922241203792653,0.2746592280693569,0.08749110703449892,ok,-1.061121402828622
2025-26,2026-03-24,0022500302,2025-11-30T18:00:00-05:00,3,Final,BOS,CLE,BOS @ CLE,194,194,17,2,19,175,0.22339553027047349,0.20546669642020302,1.0872590748897035,0.08365991910571086,1.0872590748897035,0.8116860852649909,ok,0.6956326114057177
2025-26,2026-03-24,0022500303,2025-11-30T18:00:00-05:00,3,Final,TOR,NYK,TOR @ NYK,192,192,87,0,87,105,0.19571351997137856,0.22866998111810607,0.855877623352294,-0.15562787643412052,0.8558776233522939,0.7485843194579482,ok,0.19541064434746028
2025-26,2026-03-24,0022500304,2025-11-30T18:00:00-05:00,3,Final,ATL,PHI,ATL @ PHI,255,255,0,2,2,253,0.203757805626493,0.2867881430818232,0.710481972639849,-0.3418117045468212,0.710481972639849,0.21652641060612232,ok,-0.11891921190437343
2025-26,2026-03-24,0022500305,2025-11-30T18:00:00-05:00,3,Final,OKC,POR,OKC @ POR,213,213,0,2,2,211,0.2759586494495591,0.30729182635684826,0.8980344603409564,-0.10754683687172675,0.8980344603409562,0.6940794959089074,ok,0.286549219990865
2025-26,2026-03-24,0022500306,2025-11-30T19:00:00-05:00,3,Final,SAS,MIN,SAS @ MIN,188,188,1,0,1,187,0.24183017071418728,0.1703997992436681,1.4191928147073416,0.35008826964276096,1.4191928147073414,0.3106311161756612,ok,1.4132378782122383
2025-26,2026-03-24,0022500307,2025-11-30T21:00:00-05:00,3,Final,MEM,SAC,MEM @ SAC,203,203,0,1,1,202,0.2115799953891859,0.26738099034299084,0.791305302287105,-0.2340714156601267,0.7913053022871049,0.4451304138292954,ok,0.05581218800566547
2025-26,2026-03-24,0022500308,2025-11-30T21:30:00-05:00,3,Final,NOP,LAL,NOP @ LAL,196,196,134,0,134,62,0.08622427432229028,0.2834709938432289,0.30417318242435715,-1.1901580607539208,0.3041731824243573,0.1285649002014265,ok,-0.997315388106915
2025-26,2026-03-24,0022500309,2025-12-01T19:00:00-05:00,3,Final,ATL,DET,ATL @ DET,199,199,0,2,2,197,0.0367959941363247,0.17525871680246788,0.20995243379418924,-1.5608742796629242,0.20995243379418924,0.034973154919431974,ok,-1.2010105758772454
2025-26,2026-03-24,0022500310,2025-12-01T19:00:00-05:00,3,Final,CLE,IND,CLE @ IND,196,196,66,0,66,130,0.24772715895859918,0.24533767906191528,1.0097395553174726,0.009692431577704346,1.0097395553174726,0.9796645444231553,ok,0.5280436957507262
2025-26,2026-03-24,0022500311,2025-12-01T19:00:00-05:00,3,Final,MIL,WAS,MIL @ WAS,203,203,4,1,5,198,0.09543463523408513,0.2072082672779918,0.46057349201250486,-0.7752828442449333,0.46057349201250486,0.08957299859301725,ok,-0.6591946355968343
2025-26,2026-03-24,0022500312,2025-12-01T19:30:00-05:00,3,Final,CHA,BKN,CHA @ BKN,198,198,3,0,3,195,0.17837205195149258,0.21000344484624017,0.8493767903764274,-0.16325238620383375,0.8493767903764272,0.6515854376515029,ok,0.18135653829402235
2025-26,2026-03-24,0022500313,2025-12-01T19:30:00-05:00,3,Final,LAC,MIA,LAC @ MIA,210,210,118,0,118,92,0.18719950299663887,0.2668951607092882,0.7013971422304779,-0.35468101566349014,0.7013971422304779,0.47482538212197367,ok,-0.1385596442189385
2025-26,2026-03-24,0022500314,2025-12-01T19:30:00-05:00,3,Final,CHI,ORL,CHI @ ORL,213,213,1,0,1,212,0.1564764280376654,0.2364919968012266,0.6616563357498524,-0.41300898812714115,0.6616563357498524,0.23436398556041826,ok,-0.22447502014096213
2025-26,2026-03-24,0022500315,2025-12-01T21:00:00-05:00,3,Final,DAL,DEN,DAL @ DEN,201,201,12,0,12,189,0.11226631576970676,0.17305463986224126,0.6487333472195571,-0.43273351385722464,0.6487333472195571,0.381436917842636,ok,-0.25241314007211163
2025-26,2026-03-24,0022500316,2025-12-01T21:00:00-05:00,3,Final,HOU,UTA,HOU @ UTA,213,213,21,3,24,189,0.2841955193954372,0.3589239703090412,0.7917986618467938,-0.23344813432568765,0.7917986618467938,0.4115439714526956,ok,0.05687877864106309
2025-26,2026-03-24,0022500317,2025-12-01T22:00:00-05:00,3,Final,PHX,LAL,PHX @ LAL,201,201,70,0,70,131,0.06576199497272506,0.14912419756713224,0.44098808942874973,-0.8187374119980897,0.4409880894287496,0.2773014359525421,ok,-0.7015361826006135
2025-26,2026-03-24,0022500318,2025-12-02T19:00:00-05:00,3,Final,WAS,PHI,WAS @ PHI,204,204,83,0,83,121,0.12484596895721427,0.301614546407796,0.413925556456475,-0.8820691366480602,0.413925556456475,0.059462852392880294,ok,-0.7600424863126096
2025-26,2026-03-24,0022500319,2025-12-02T19:30:00-05:00,3,Final,POR,TOR,POR @ TOR,204,204,6,2,8,196,0.22846085835003968,0.24673283766916007,0.9259442744154672,-0.07694122496376542,0.9259442744154672,0.8075139971573624,ok,0.34688725488440464
2025-26,2026-03-24,0022500320,2025-12-02T20:00:00-05:00,3,Final,NYK,BOS,NYK @ BOS,180,180,12,0,12,168,0.26040530813373686,0.2533847509064608,1.027707102349927,0.02733020654252208,1.0277071023499271,0.9315588590234664,ok,0.566887611976798
2025-26,2026-03-24,0022500321,2025-12-02T20:00:00-05:00,3,Final,MIN,NOP,MIN @ NOP,223,223,1,0,1,222,0.24194368771715896,0.2958515476871222,0.8177874667501368,-0.20115279673746414,0.8177874667501369,0.4625286271877769,ok,0.11306379703326408
2025-26,2026-03-24,0022500322,2025-12-02T20:00:00-05:00,3,Final,MEM,SAS,MEM @ SAS,199,199,0,1,1,198,0.3304074163247659,0.2837911255552644,1.164262679737755,0.15208799372742582,1.1642626797377549,0.5772758750035286,ok,0.8621061745704878
2025-26,2026-03-24,0022500323,2025-12-02T23:00:00-05:00,3,Final,OKC,GSW,OKC @ GSW,201,201,24,0,24,177,0.21001943934525188,0.1700346932765129,1.2351563983693328,0.21119760041771593,1.2351563983693328,0.589621690620622,ok,1.0153708167893516
2025-26,2026-03-24,0022500324,2025-12-03T19:00:00-05:00,3,Final,POR,CLE,POR @ CLE,202,202,12,0,12,190,0.22821522830434346,0.37472390649706305,0.6090223344374003,-0.4959003379916749,0.6090223344374002,0.08174909808102493,ok,-0.3382641052025402
2025-26,2026-03-24,0022500325,2025-12-03T19:00:00-05:00,3,Final,DEN,IND,DEN @ IND,200,200,102,0,102,98,0.13388422792222768,0.16922012988612647,0.7911838149061968,-0.2342249552703861,0.7911838149061968,0.7292764288612654,ok,0.05554954527329915
2025-26,2026-03-24,0022500326,2025-12-03T19:00:00-05:00,3,Final,SAS,ORL,SAS @ ORL,210,210,1,1,2,208,0.22969439664325975,0.2385388797725268,0.9629222576307005,-0.037782599798252436,0.9629222576307006,0.902217377247964,ok,0.4268297022105275
2025-26,2026-03-24,0022500327,2025-12-03T19:30:00-05:00,3,Final,LAC,ATL,LAC @ ATL,193,193,90,0,90,103,0.19409160576090773,0.2390394593158135,0.8119647120874647,-0.20829839778514964,0.8119647120874649,0.6564812142714973,ok,0.10047562381667167
2025-26,2026-03-24,0022500328,2025-12-03T19:30:00-05:00,3,Final,CHA,NYK,CHA @ NYK,185,185,66,0,66,119,0.20674532060456519,0.24607278552906986,0.8401795434633355,-0.1741396677661345,0.8401795434633357,0.68906401542173,ok,0.161473073514031
2025-26,2026-03-24,0022500329,2025-12-03T20:00:00-05:00,3,Final,BKN,CHI,BKN @ CHI,199,199,26,0,26,173,0.24390699155435602,0.23391618454024668,1.0427110549607583,0.04182410500210777,1.042711054960758,0.9037145614924572,ok,0.5993245538265881
2025-26,2026-03-24,0022500330,2025-12-03T20:00:00-05:00,3,Final,SAC,HOU,SAC @ HOU,200,200,50,0,50,150,0.06722199867312781,0.16133356056559575,0.41666469417438023,-0.8754734713465929,0.4166646941743801,0.1698810030661635,ok,-0.7541207633387502
2025-26,2026-03-24,0022500331,2025-12-03T20:00:00-05:00,3,Final,DET,MIL,DET @ MIL,193,193,20,2,22,171,0.1803495596685999,0.21470407158864233,0.8399913347434639,-0.17436370297957618,0.8399913347434641,0.6536776541430868,ok,0.16106618637832446
2025-26,2026-03-24,0022500332,2025-12-03T20:30:00-05:00,3,Final,MIA,DAL,MIA @ DAL,202,202,12,0,12,190,0.13932172806650833,0.16457185689426712,0.8465707970714501,-0.16656144585424307,0.8465707970714502,0.7011681823989928,ok,0.17529028068676067
2025-26,2026-03-24,0022500333,2025-12-04T19:00:00-05:00,3,Final,GSW,PHI,GSW @ PHI,192,192,114,1,115,77,0.20340289806300635,0.30526790667363984,0.6663094731424329,-0.40600104198142106,0.6663094731424329,0.4181884372396435,ok,-0.21441543444797215
2025-26,2026-03-24,0022500334,2025-12-04T19:00:00-05:00,3,Final,BOS,WAS,BOS @ WAS,194,194,79,0,79,115,0.1473619777816074,0.3111206839727238,0.47364892587638674,-0.7472888944212419,0.47364892587638685,0.10304699960282372,ok,-0.6309269451485632
2025-26,2026-03-24,0022500335,2025-12-04T19:30:00-05:00,3,Final,UTA,BKN,UTA @ BKN,199,199,2,0,2,197,0.23174363970405049,0.2981090688638156,0.777378697626664,-0.25182766301475495,0.7773786976266641,0.4004970919045343,ok,0.025704357272473805
2025-26,2026-03-24,0022500336,2025-12-04T19:30:00-05:00,3,Final,LAL,TOR,LAL @ TOR,186,186,0,0,0,186,0.1140569331445717,0.24874196411636468,0.4585351472549055,-0.7797183331791135,0.4585351472549056,0.06417885928180511,ok,-0.6636013190946443
2025-26,2026-03-24,0022500337,2025-12-04T20:00:00-05:00,3,Final,MIN,NOP,MIN @ NOP,221,221,0,0,0,221,0.10009613922455238,0.2383044908413219,0.42003463246188955,-0.8674181128616228,0.4200346324618896,0.0377590332928811,ok,-0.7468353169564144
2025-26,2026-03-24,0022500338,2025-12-05T19:00:00-05:00,3,Final,LAL,BOS,LAL @ BOS,191,191,152,0,152,39,1.7482905631992666e-10,0.1288950726871922,1.3563672580736187e-09,-20.418455844811216,1.3563672580736191e-09,0.9989975459707624,ok,-1.65490529407912
2025-26,2026-03-24,0022500339,2025-12-05T19:00:00-05:00,3,Final,MIA,ORL,MIA @ ORL,202,202,0,0,0,202,0.2072669573611717,0.2379991529137491,0.8708726683421654,-0.138259503009154,0.8708726683421653,0.6699718367180889,ok,0.2278283288728242
2025-26,2026-03-24,0022500340,2025-12-05T19:30:00-05:00,3,Final,DEN,ATL,DEN @ ATL,211,211,77,1,78,133,0.29488312307903636,0.19877562853338676,1.4834973746769322,0.3944023910652944,1.4834973746769322,0.2882778110582972,ok,1.5522574636849469
2025-26,2026-03-24,0022500341,2025-12-05T19:30:00-05:00,3,Final,SAS,CLE,SAS @ CLE,207,207,56,0,56,151,0.20941533371763127,0.24740671012145388,0.8464416086969818,-0.16671405947276027,0.8464416086969816,0.6565372073405119,ok,0.17501098922943684
2025-26,2026-03-24,0022500342,2025-12-05T19:30:00-05:00,3,Final,POR,DET,POR @ DET,197,197,0,3,3,194,0.39334557819230026,0.4344631461813107,0.9053600556217231,-0.09942256288842419,0.9053600556217228,0.6623466370031013,ok,0.3023863739929236
2025-26,2026-03-24,0022500343,2025-12-05T19:30:00-05:00,3,Final,UTA,NYK,UTA @ NYK,205,205,186,0,186,19,6.627727341821885e-11,0.8094824993480736,8.187610414258003e-11,-23.225813936353163,8.187610414258002e-11,0.9989887291639072,ok,-1.6549052968344338
2025-26,2026-03-24,0022500344,2025-12-05T19:30:00-05:00,3,Final,CHA,TOR,CHA @ TOR,204,204,39,0,39,165,0.15767165077309012,0.24092064603997318,0.6544547068287766,-0.4239528987330237,0.6544547068287767,0.28760764875537415,ok,-0.2400441721234914
2025-26,2026-03-24,0022500345,2025-12-05T20:00:00-05:00,3,Final,IND,CHI,IND @ CHI,199,199,33,0,33,166,0.1696497684389023,0.22418376160894324,0.756744231702349,-0.2787299535707422,0.7567442317023492,0.4744587783216848,ok,-0.018905152544645844
2025-26,2026-03-24,0022500346,2025-12-05T20:00:00-05:00,3,Final,PHX,HOU,PHX @ HOU,196,196,76,1,76,120,0.22615657552253526,0.28026461544740816,0.8069394531361156,-0.21450664061965485,0.8069394531361157,0.5872323975106214,ok,0.0896115510877713
2025-26,2026-03-24,0022500347,2025-12-05T20:00:00-05:00,3,Final,LAC,MEM,LAC @ MEM,193,193,0,1,1,192,0.10612661373188503,0.1845512077486329,0.5750523934605418,-0.5532941232740645,0.5750523934605417,0.2332947595444389,ok,-0.41170348672336066
2025-26,2026-03-24,0022500348,2025-12-05T20:00:00-05:00,3,Final,PHI,MIL,PHI @ MIL,197,197,107,0,107,90,0.2102317909153656,0.2502562056468085,0.8400662447990195,-0.17427452739831334,0.8400662447990198,0.7161410797963788,ok,0.1612281339116876
2025-26,2026-03-24,0022500349,2025-12-05T21:30:00-05:00,3,Final,DAL,OKC,DAL @ OKC,196,196,101,0,101,95,0.2157964591589423,0.411014897659903,0.5250331810052893,-0.6442938164728336,0.5250331810052892,0.11151363266731495,ok,-0.5198396777569189
2025-26,2026-03-24,0022500350,2025-12-06T17:00:00-05:00,3,Final,NOP,BKN,NOP @ BKN,194,194,102,0,102,92,0.12208115899534717,0.09257121837234764,1.3187809466253562,0.2767077846022437,1.3187809466253564,0.737710365822145,ok,1.1961581519237887
2025-26,2026-03-24,0022500351,2025-12-06T19:00:00-05:00,3,Final,ATL,WAS,ATL @ WAS,201,201,51,0,51,150,0.1218135222295497,0.2382266772727823,0.5113345139346703,-0.6707312768573852,0.5113345139346704,0.1459107565016406,ok,-0.5494547317839843
2025-26,2026-03-24,0022500352,2025-12-06T19:30:00-05:00,3,Final,GSW,CLE,GSW @ CLE,189,189,0,2,2,187,0.1968079172252448,0.22217488983328543,0.8858243043258607,-0.1212366501568016,0.8858243043258608,0.7276580661998779,ok,0.26015216776659944
2025-26,2026-03-24,0022500353,2025-12-06T19:30:00-05:00,3,Final,MIL,DET,MIL @ DET,191,191,44,1,45,146,0.3030096670441921,0.3520425226601069,0.8607189402989949,-0.14998726187695727,0.8607189402989948,0.6105858317000985,ok,0.2058770541229199
2025-26,2026-03-24,0022500354,2025-12-06T20:00:00-05:00,3,Final,SAC,MIA,SAC @ MIA,200,200,98,0,98,102,0.06901923535327338,0.19172154351003165,0.35999728611439025,-1.0216587861315347,0.35999728611439025,0.1808569084582481,ok,-0.8766296426785366
2025-26,2026-03-24,0022500355,2025-12-06T20:00:00-05:00,3,Final,LAC,MIN,LAC @ MIN,180,180,10,1,11,169,0.3043830347364973,0.29966615177513645,1.0157404596195445,0.015617863392212187,1.0157404596195447,0.9572753239141777,ok,0.5410170094462081
2025-26,2026-03-24,0022500356,2025-12-06T20:30:00-05:00,3,Final,HOU,DAL,HOU @ DAL,188,188,31,0,31,157,0.1711434790917541,0.19046652361680105,0.8985488674958811,-0.10697418637340357,0.8985488674958813,0.7991105185193508,ok,0.28766131327749445
2025-26,2026-03-24,0022500357,2025-12-07T12:00:00-05:00,3,Final,ORL,NYK,ORL @ NYK,190,190,3,0,3,187,0.21205266831146183,0.28687446991669574,0.7391827804441395,-0.30221005377969906,0.7391827804441398,0.3334230813076656,ok,-0.056871133112275436
2025-26,2026-03-24,0022500358,2025-12-07T15:30:00-05:00,3,Final,BOS,TOR,BOS @ TOR,190,190,39,1,40,150,0.14492719715054989,0.2320678267030636,0.6245036169360423,-0.4707981577022242,0.6245036169360423,0.2873186952268765,ok,-0.3047952271546245
2025-26,2026-03-24,0022500359,2025-12-07T18:00:00-05:00,3,Final,DEN,CHA,DEN @ CHA,192,192,0,1,1,191,0.2724828934019112,0.2551000953573678,1.0681410879921154,0.06591983667445543,1.0681410879921152,0.8245237340232932,ok,0.6543015671557885
2025-26,2026-03-24,0022500360,2025-12-07T18:00:00-05:00,3,Final,POR,MEM,POR @ MEM,208,208,111,0,111,97,0.1562756263948083,0.246133975852514,0.6349209850185423,-0.45425472087354435,0.6349209850185422,0.37906296519322713,ok,-0.28227399081880883
2025-26,2026-03-24,0022500361,2025-12-07T19:00:00-05:00,3,Final,GSW,CHI,GSW @ CHI,188,188,72,0,72,116,0.14512438439963057,0.19222628552759188,0.7549663876681404,-0.28108205036898853,0.7549663876681402,0.6248389745148815,ok,-0.022748661322058827
2025-26,2026-03-24,0022500362,2025-12-07T19:30:00-05:00,3,Final,LAL,PHI,LAL @ PHI,197,197,0,1,1,196,0.18935945315495586,0.25395985334067084,0.7456275102700675,-0.2935291194699842,0.7456275102700675,0.382426040352534,ok,-0.042938316072429594
2025-26,2026-03-24,0022500363,2025-12-07T20:00:00-05:00,3,Final,OKC,UTA,OKC @ UTA,200,200,166,0,166,34,7.791529788915618e-11,0.11142868280886636,6.992391539151935e-10,-21.0810282949926,6.992391539151934e-10,0.9993568235324576,ok,-1.6549052954997607
2025-26,2026-03-24,0022500364,2025-12-08T19:00:00-05:00,3,Final,SAC,IND,SAC @ IND,198,198,28,2,30,168,0.18595118000096636,0.17509693632533474,1.0619899120077358,0.060144423723534735,1.0619899120077358,0.8797344424096166,ok,0.6410033821449197
2025-26,2026-03-24,0022500365,2025-12-08T19:30:00-05:00,3,Final,PHX,MIN,PHX @ MIN,184,184,0,1,1,183,0.3234675287737572,0.24947390765579405,1.2965986375619456,0.2597444029807464,1.2965986375619456,0.3793278861395063,ok,1.1482023706808855
2025-26,2026-03-24,0022500366,2025-12-08T20:00:00-05:00,3,Final,SAS,NOP,SAS @ NOP,208,208,52,1,53,155,0.25458141799343753,0.27203568325568167,0.9358383243942333,-0.06631254777219096,0.9358383243942333,0.8510272577414117,ok,0.3682771334147107
2025-26,2026-03-24,0022500367,2025-12-17T20:00:00-05:00,3,Final,CLE,CHI,CLE @ CHI,211,211,21,0,21,190,0.14996210486472486,0.13847768909791233,1.082933329127787,0.07967340483836458,1.082933329127787,0.8503276248240645,ok,0.6862808114250266
2025-26,2026-03-24,0022500368,2025-12-17T20:00:00-05:00,3,Final,MEM,MIN,MEM @ MIN,212,212,0,3,3,209,0.16737771940158946,0.31743840900754006,0.5272762043033481,-0.6400307608993209,0.5272762043033481,0.04184248078310509,ok,-0.5149905011316652
2025-26,2026-03-24,0022500369,2025-12-18T20:00:00-05:00,3,Final,LAC,OKC,LAC @ OKC,212,212,66,0,66,146,0.053159082652515045,0.17531382358636452,0.30322242459293225,-1.1932886682095847,0.30322242459293225,0.10885457234291221,ok,-0.9993708249168727
2025-26,2026-03-24,0022500370,2025-12-18T20:00:00-05:00,3,Final,WAS,SAS,WAS @ SAS,199,199,55,0,55,144,0.16307961759457812,0.1978705548274223,0.8241732466804474,-0.19337452034648683,0.8241732466804476,0.6660663749975575,ok,0.12686917069963458
2025-26,2026-03-24,0022500371,2025-12-18T19:00:00-05:00,3,Final,ATL,CHA,ATL @ CHA,207,207,54,2,56,151,0.1904040267478452,0.27280129244131274,0.6979586681716564,-0.35959539262680884,0.6979586681716564,0.33572220433995614,ok,-0.14599325761341742
2025-26,2026-03-24,0022500372,2025-12-18T19:00:00-05:00,3,Final,NYK,IND,NYK @ IND,198,198,7,1,8,190,0.08531760330475652,0.23592902718302386,0.3616240202549163,-1.0171502249742193,0.3616240202549163,0.03557011300627345,ok,-0.8731128173399109
2025-26,2026-03-24,0022500373,2025-12-18T19:30:00-05:00,3,Final,MIA,BKN,MIA @ BKN,198,198,0,1,1,197,0.15065848654272598,0.17607693935331598,0.8556400803878961,-0.15590545809793144,0.8556400803878962,0.6932170729589222,ok,0.19489710184816977
2025-26,2026-03-24,0022500374,2025-12-18T20:00:00-05:00,3,Final,TOR,MIL,TOR @ MIL,193,193,0,1,1,192,0.1687624669563702,0.21093054373629982,0.8000854877013587,-0.2230366973965946,0.8000854877013587,0.5563724386851353,ok,0.07479401040271301
2025-26,2026-03-24,0022500375,2025-12-18T20:00:00-05:00,3,Final,HOU,NOP,HOU @ NOP,214,214,90,2,92,122,0.13145883539554346,0.226284007021949,0.5809462061664493,-0.5430971147705796,0.5809462061664494,0.29460380105635686,ok,-0.39896169361231976
2025-26,2026-03-24,0022500376,2025-12-18T20:30:00-05:00,3,Final,DET,DAL,DET @ DAL,220,220,16,1,17,203,0.18279303231681962,0.28813785990201063,0.6343943568505143,-0.4550845039556108,0.6343943568505142,0.15881312137984505,ok,-0.28341250462952666
2025-26,2026-03-24,0022500377,2025-12-18T21:00:00-05:00,3,Final,ORL,DEN,ORL @ DEN,203,203,56,0,56,147,0.15189300567677272,0.176746635352078,0.8593827281305977,-0.1515409054338489,0.8593827281305977,0.7495267866667852,ok,0.20298830623564704
2025-26,2026-03-24,0022500378,2025-12-18T21:00:00-05:00,3,Final,GSW,PHX,GSW @ PHX,200,200,0,1,1,199,0.20629316374623916,0.22114544768867833,0.9328392960485093,-0.06952233729154716,0.9328392960485096,0.8325020576451005,ok,0.3617935546818711
2025-26,2026-03-24,0022500379,2025-12-18T21:00:00-05:00,3,Final,LAL,UTA,LAL @ UTA,204,204,0,3,3,201,0.3643097324529776,0.38121413755991346,0.9556564055700083,-0.045356838932987226,0.9556564055700082,0.8477252028061986,ok,0.4111217066646265
2025-26,2026-03-24,0022500380,2025-12-18T22:00:00-05:00,3,Final,SAC,POR,SAC @ POR,226,226,16,2,18,208,0.15770682393707441,0.4581087990587266,0.34425626458411995,-1.0663689437637291,0.3442562645841199,0.0004403990956990331,ok,-0.9106600487506721
2025-26,2026-03-24,0022500381,2025-12-19T19:00:00-05:00,3,Final,MIA,BOS,MIA @ BOS,202,202,25,1,26,176,0.1744310789873285,0.25677841104214993,0.6793058586171241,-0.3866837983305006,0.6793058586171241,0.2889099376180999,ok,-0.1863186381680582
2025-26,2026-03-24,0022500382,2025-12-19T19:00:00-05:00,3,Final,PHI,NYK,PHI @ NYK,188,188,0,0,0,188,0.36218395658918684,0.28722269027668423,1.2609865754000553,0.23189441093091542,1.2609865754000553,0.3855562077999617,ok,1.0712128986758593
2025-26,2026-03-24,0022500383,2025-12-19T19:30:00-05:00,3,Final,SAS,ATL,SAS @ ATL,213,213,152,0,152,61,7.382351671278617e-11,0.15667268663539605,4.711958306082159e-10,-21.475747332084868,4.711958306082164e-10,0.9988434080742203,ok,-1.654905295992766
2025-26,2026-03-24,0022500384,2025-12-19T19:30:00-05:00,3,Final,CHI,CLE,CHI @ CLE,213,213,0,1,1,212,0.1447520839189547,0.17226738483105497,0.8402756218823144,-0.1740253196763258,0.8402756218823142,0.6711209049396513,ok,0.16168078478653866
2025-26,2026-03-24,0022500385,2025-12-19T21:30:00-05:00,3,Final,OKC,MIN,OKC @ MIN,206,206,0,2,2,204,0.22454941293732655,0.31829499225480073,0.7054757957284191,-0.34888281624602224,0.7054757957284193,0.22287145093285132,ok,-0.12974203130254902
2025-26,2026-03-24,0022500386,2025-12-20T17:00:00-05:00,3,Final,HOU,DEN,HOU @ DEN,192,192,36,0,36,156,0.07853171652185607,0.16180434259042764,0.4853498692593311,-0.7228852681979342,0.48534986925933093,0.21958601433033964,ok,-0.6056307562079064
2025-26,2026-03-24,0022500387,2025-12-20T19:00:00-05:00,3,Final,DAL,PHI,DAL @ PHI,209,209,0,1,1,208,0.19947430630133195,0.19577967493442233,1.0188713734872998,0.01869551809581005,1.0188713734872998,0.9566820665895776,ok,0.5477857105811188
2025-26,2026-03-24,0022500388,2025-12-20T19:00:00-05:00,3,Final,BOS,TOR,BOS @ TOR,182,182,4,0,4,178,0.1811631435000393,0.2415861767894421,0.7498903534449102,-0.2878282785461577,0.7498903534449101,0.4191567717533783,ok,-0.03372250476166024
2025-26,2026-03-24,0022500389,2025-12-20T19:00:00-05:00,3,Final,IND,NOP,IND @ NOP,216,216,87,0,87,129,0.29631525618800814,0.3516283250172603,0.8426945018535209,-0.17115078066617073,0.8426945018535212,0.6201237794600439,ok,0.16691014474272817
2025-26,2026-03-24,0022500390,2025-12-20T19:30:00-05:00,3,Final,CHA,DET,CHA @ DET,211,211,60,0,60,151,0.2145743067442639,0.28398537858391193,0.7555822338961072,-0.2802666562091492,0.7555822338961073,0.4267952627320919,ok,-0.021417267601809925
2025-26,2026-03-24,0022500391,2025-12-20T20:00:00-05:00,3,Final,WAS,MEM,WAS @ MEM,206,206,20,3,23,183,0.1363593371004601,0.19303236234335203,0.706406612057692,-0.34756426951862224,0.7064066120576923,0.4039089332135539,ok,-0.12772970588880028
2025-26,2026-03-24,0022500392,2025-12-20T20:30:00-05:00,3,Final,PHX,GSW,PHX @ GSW,201,201,0,1,1,200,0.30569879014746,0.2208599490749769,1.3841295872239934,0.3250714851995178,1.3841295872239932,0.2671643659281959,ok,1.3374349281201223
2025-26,2026-03-24,0022500393,2025-12-20T21:30:00-05:00,3,Final,ORL,UTA,ORL @ UTA,217,217,19,2,21,196,0.26546937413822597,0.39774952823400794,0.6674285078775566,-0.4043229987470941,0.6674285078775565,0.11981090010914636,ok,-0.21199620095846505
2025-26,2026-03-24,0022500394,2025-12-20T22:00:00-05:00,3,Final,POR,SAC,POR @ SAC,192,192,0,1,1,191,0.23272971666246148,0.2815487166442933,0.826605496328689,-0.19042772760567173,0.826605496328689,0.5272314267727489,ok,0.1321274344685582
2025-26,2026-03-24,0022500395,2025-12-20T22:30:00-05:00,3,Final,LAL,LAC,LAL @ LAC,183,183,64,0,64,119,0.17141622729661649,0.23028584851706252,0.7443628360164554,-0.2952266802098461,0.7443628360164551,0.515613820628042,ok,-0.04567240663425449
2025-26,2026-03-24,0022500396,2025-12-21T15:30:00-05:00,3,Final,CHI,ATL,CHI @ ATL,213,213,0,2,2,211,0.2808581115708707,0.2555997339252199,1.0988200467103795,0.09423691925746905,1.0988200467103795,0.7340271177324192,ok,0.720626196789586
2025-26,2026-03-24,0022500397,2025-12-21T18:00:00-05:00,3,Final,TOR,BKN,TOR @ BKN,192,192,10,0,10,182,0.15016675504712482,0.1884216872911296,0.7969717138510853,-0.22693609159828987,0.7969717138510853,0.5742754869495031,ok,0.06806236415359063
2025-26,2026-03-24,0022500398,2025-12-21T18:00:00-05:00,3,Final,MIA,NYK,MIA @ NYK,202,202,0,1,1,201,0.11463884209164786,0.27756783853598804,0.4130119782475604,-0.8842786834209564,0.4130119782475604,0.02046123177561896,ok,-0.7620175447526373
2025-26,2026-03-24,0022500399,2025-12-21T19:00:00-05:00,3,Final,SAS,WAS,SAS @ WAS,203,203,89,0,89,114,0.448035833970434,0.18407342457944498,2.434006076618977,0.8895384911189064,2.434006076618977,0.016056643945334455,ok,3.6071556823287514
2025-26,2026-03-24,0022500400,2025-12-21T19:00:00-05:00,3,Final,MIL,MIN,MIL @ MIN,197,197,2,1,3,194,0.26209622243998154,0.18928866518728316,1.3846377023191654,0.3254385186463482,1.3846377023191652,0.31370856804653136,ok,1.3385334186460918
2025-26,2026-03-24,0022500401,2025-12-21T22:00:00-05:00,3,Final,HOU,SAC,HOU @ SAC,206,206,0,1,1,205,0.1462570274422146,0.3009288280612284,0.4860186655578789,-0.7215082493214607,0.48601866555787887,0.032504416195683804,ok,-0.6041848900946203
2025-26,2026-03-24,0022500402,2025-12-22T19:00:00-05:00,3,Final,CHA,CLE,CHA @ CLE,201,201,13,0,13,188,0.17756595301155875,0.25743343862300117,0.6897548118121342,-0.37141908974070376,0.689754811812134,0.2968073567674636,ok,-0.16372911819496505
2025-26,2026-03-24,0022500403,2025-12-22T19:30:00-05:00,3,Final,IND,BOS,IND @ BOS,191,191,41,1,42,149,0.09876808295700952,0.2832808851602963,0.34865777442456436,-1.0536644269130346,0.3486577744245644,0.02424849540919022,ok,-0.901144454930234
2025-26,2026-03-24,0022500404,2025-12-22T20:00:00-05:00,3,Final,DAL,NOP,DAL @ NOP,214,214,0,1,1,213,0.18066810010393747,0.1773777073242819,1.0185502046975952,0.018380248251018323,1.0185502046975952,0.9593597719038661,ok,0.5470913779858467
2025-26,2026-03-24,0022500406,2025-12-22T21:30:00-05:00,3,Final,MEM,OKC,MEM @ OKC,208,208,28,0,28,180,0.14783493513076204,0.1733887565500931,0.8526212314582902,-0.15943987294572387,0.8526212314582902,0.713850442956502,ok,0.188370673131497
2025-26,2026-03-24,0022500407,2025-12-22T22:00:00-05:00,3,Final,ORL,GSW,ORL @ GSW,196,196,34,1,34,162,0.2045686238839871,0.3383141736685262,0.6046705689736179,-0.5030714833461255,0.6046705689736178,0.12777869694303542,ok,-0.3476721569975539
2025-26,2026-03-24,0022500408,2025-12-22T22:00:00-05:00,3,Final,DET,POR,DET @ POR,191,191,45,1,46,145,0.061819308862238916,0.386074914030425,0.1601225736655016,-1.83181567163257,0.1601225736655016,0.0005939886760881569,ok,-1.3087374074196605
2025-26,2026-03-24,0022500409,2025-12-23T19:00:00-05:00,3,Final,WAS,CHA,WAS @ CHA,188,188,12,0,12,176,0.15157495945328073,0.25448520619528264,0.5956140308484873,-0.5181624209472596,0.5956140308484873,0.16775925868037667,ok,-0.3672514244176068
2025-26,2026-03-24,0022500410,2025-12-23T19:00:00-05:00,3,Final,BKN,PHI,BKN @ PHI,198,198,25,0,25,173,0.2558721636957204,0.4069164071685062,0.6288076843010226,-0.4639298173613043,0.6288076843010226,0.10950570075780502,ok,-0.29549029355101786
2025-26,2026-03-24,0022500411,2025-12-23T19:30:00-05:00,3,Final,CHI,ATL,CHI @ ATL,214,214,12,2,14,200,0.25655421997823347,0.203436603222383,1.2611015712732183,0.2319856019334142,1.2611015712732183,0.4692973482768634,ok,1.0714615074623242
2025-26,2026-03-24,0022500412,2025-12-23T19:30:00-05:00,3,Final,NOP,CLE,NOP @ CLE,211,211,84,0,84,127,0.0762373343368869,0.17113675635255796,0.445476097372272,-0.8086116869960328,0.4454760973722721,0.2043119266963973,ok,-0.6918335891266554
2025-26,2026-03-24,0022500413,2025-12-23T19:30:00-05:00,3,Final,MIL,IND,MIL @ IND,197,197,84,0,84,113,0.07169463408702344,0.3496025603005925,0.20507468259208264,-1.5843810608595699,0.20507468259208267,0.005384691652773208,ok,-1.2115557526186234
2025-26,2026-03-24,0022500414,2025-12-23T19:30:00-05:00,3,Final,TOR,MIA,TOR @ MIA,189,189,50,0,50,139,0.25551775361254325,0.177175328341284,1.442174573653687,0.3661520950952719,1.4421745736536873,0.355421237192733,ok,1.462921984652987
2025-26,2026-03-24,0022500415,2025-12-23T20:00:00-05:00,3,Final,DEN,DAL,DEN @ DAL,194,194,31,0,31,163,0.1312682069023075,0.1521094631840614,0.8629851434257265,-0.14735780308081023,0.8629851434257264,0.7707341201456055,ok,0.21077634306019238
2025-26,2026-03-24,0022500416,2025-12-23T20:00:00-05:00,3,Final,NYK,MIN,NYK @ MIN,204,204,4,1,5,199,0.09223626617740083,0.17956869138568643,0.5136544988195701,-0.6662044208269824,0.5136544988195703,0.17392472901207612,ok,-0.544439172434006
2025-26,2026-03-24,0022500417,2025-12-23T20:30:00-05:00,3,Final,OKC,SAS,OKC @ SAS,190,190,21,0,21,169,0.12942396360029254,0.1914472019592908,0.6760295385660071,-0.3915185077902591,0.6760295385660071,0.3764273282253259,ok,-0.19340169192968254
2025-26,2026-03-24,0022500418,2025-12-23T21:00:00-05:00,3,Final,LAL,PHX,LAL @ PHX,191,191,91,0,91,100,0.23238220265194603,0.2592492677523203,0.8963658978352743,-0.10940658124704832,0.896365897835274,0.7998196559079978,ok,0.2829419661975895
2025-26,2026-03-24,0022500419,2025-12-23T21:00:00-05:00,3,Final,MEM,UTA,MEM @ UTA,209,209,1,1,2,207,0.27692337428616565,0.2743162526344895,1.0095040728598388,0.00945919329440303,1.0095040728598386,0.9729560486309775,ok,0.5275346078468228
2025-26,2026-03-24,0022500420,2025-12-23T22:00:00-05:00,3,Final,ORL,POR,ORL @ POR,195,195,21,2,23,172,0.18256242996168895,0.24161800523474572,0.7555828870630692,-0.2802657917543613,0.7555828870630694,0.4405127241771819,ok,-0.021415855524651802
2025-26,2026-03-24,0022500421,2025-12-23T22:00:00-05:00,3,Final,DET,SAC,DET @ SAC,198,198,84,2,86,112,0.2739379386497981,0.26338623478311335,1.040061713458084,0.03928005125628373,1.0400617134580843,0.919318287079541,ok,0.5935969606722055
2025-26,2026-03-24,0022500422,2025-12-23T22:30:00-05:00,3,Final,HOU,LAC,HOU @ LAC,179,179,45,0,45,134,0.15578433506890457,0.30249148392737074,0.5150040359691876,-0.6635805415157346,0.5150040359691876,0.10921060184323637,ok,-0.541521617361573
2025-26,2026-03-24,0022500423,2025-12-26T19:00:00-05:00,3,Final,MIA,ATL,MIA @ ATL,220,220,23,0,23,197,0.15663191610897734,0.18632590546759015,0.8406341335946019,-0.1735987510083102,0.840634133594602,0.6594869077384297,ok,0.16245584878904315
2025-26,2026-03-24,0022500424,2025-12-26T19:00:00-05:00,3,Final,CHA,ORL,CHA @ ORL,193,193,73,0,73,120,0.17111668745269318,0.1766031286145307,0.9689334996221233,-0.031559297287314714,0.9689334996221235,0.9489078668549107,ok,0.439825364885444
2025-26,2026-03-24,0022500425,2025-12-26T19:00:00-05:00,3,Final,TOR,WAS,TOR @ WAS,207,207,25,0,25,182,0.20695058830901217,0.24486012004847177,0.8451788240079473,-0.16820704796968813,0.8451788240079471,0.6196485305428833,ok,0.1722809837042629
2025-26,2026-03-24,0022500426,2025-12-26T19:00:00-05:00,3,Final,BOS,IND,BOS @ IND,203,203,72,0,72,131,0.21582437237421834,0.22396560287897377,0.9636496390512486,-0.03702749540130563,0.9636496390512482,0.9283339105414499,ok,0.4284022230957177
2025-26,2026-03-24,0022500427,2025-12-26T19:30:00-05:00,3,Final,PHI,CHI,PHI @ CHI,194,194,0,1,1,193,0.16584302389237163,0.27353562881554344,0.6062940488246471,-0.5003901815148103,0.606294048824647,0.14263770114752872,ok,-0.3441623670849862
2025-26,2026-03-24,0022500428,2025-12-26T20:00:00-05:00,3,Final,MIL,MEM,MIL @ MEM,200,200,18,0,18,182,0.1228537770684638,0.33105829131851744,0.37109409517934067,-0.9912996227119677,0.3710940951793407,0.00826320684144283,ok,-0.8526395275605928
2025-26,2026-03-24,0022500429,2025-12-26T20:00:00-05:00,3,Final,PHX,NOP,PHX @ NOP,204,204,0,2,2,202,0.2642999467443529,0.3044069621748866,0.8682454069250506,-0.1412808774093192,0.8682454069250507,0.6058685063603415,ok,0.22214847050339503
2025-26,2026-03-24,0022500430,2025-12-26T21:30:00-05:00,3,Final,DET,UTA,DET @ UTA,209,209,3,0,3,206,0.17323888175475702,0.21940813338955148,0.7895736547157868,-0.2362621567743811,0.7895736547157868,0.4969654632694456,ok,0.05206855104332048
2025-26,2026-03-24,0022500431,2025-12-26T22:00:00-05:00,3,Final,LAC,POR,LAC @ POR,180,180,5,0,5,175,0.17849227445458332,0.24697307399758006,0.7227195724839716,-0.3247339986135823,0.7227195724839715,0.372536820288631,ok,-0.0924628290550806
2025-26,2026-03-24,0022500432,2025-12-27T17:00:00-05:00,3,Final,DAL,SAC,DAL @ SAC,205,205,37,2,39,166,0.1284889079122942,0.1022928267262808,1.2560891318030531,0.22800303033947175,1.256089131803053,0.6760773930403096,ok,1.0606251490815353
2025-26,2026-03-24,0022500433,2025-12-27T19:00:00-05:00,3,Final,DEN,ORL,DEN @ ORL,199,199,5,2,7,192,0.28284222914493523,0.3418257297415787,0.8274456968431394,-0.18941179703449712,0.8274456968431393,0.4932400343572847,ok,0.13394385817611631
2025-26,2026-03-24,0022500434,2025-12-27T19:00:00-05:00,3,Final,PHX,NOP,PHX @ NOP,197,197,0,1,1,196,0.15797382984086797,0.3082355943021579,0.5125100175355122,-0.6684350217498469,0.5125100175355122,0.04631631305417612,ok,-0.5469134186424591
2025-26,2026-03-24,0022500435,2025-12-27T20:00:00-05:00,3,Final,NYK,ATL,NYK @ ATL,205,205,12,1,13,192,0.14967935819233455,0.32192115476663874,0.4649565770253198,-0.7658112604964683,0.46495657702531973,0.024585017195323418,ok,-0.6497188742843967
2025-26,2026-03-24,0022500436,2025-12-27T20:00:00-05:00,3,Final,IND,MIA,IND @ MIA,216,216,27,0,27,189,0.12485377169879532,0.24014400297813185,0.5199120950364304,-0.6540955297037535,0.5199120950364303,0.10427703108329858,ok,-0.5309109182552215
2025-26,2026-03-24,0022500437,2025-12-27T20:00:00-05:00,3,Final,MIL,CHI,MIL @ CHI,193,193,1,1,2,191,0.13667478213082018,0.21716121118580567,0.6293701411246949,-0.4630357356984835,0.6293701411246949,0.2249294460676311,ok,-0.29427432201633674
2025-26,2026-03-24,0022500438,2025-12-27T20:00:00-05:00,3,Final,CLE,HOU,CLE @ HOU,192,192,85,0,85,107,0.05527157347751444,0.21181942767927822,0.26093722413981163,-1.3434754211262674,0.2609372241398116,0.08904775035124417,ok,-1.0907869086503297
2025-26,2026-03-24,0022500439,2025-12-27T20:00:00-05:00,3,Final,BKN,MIN,BKN @ MIN,191,191,27,0,27,164,0.1585123493152807,0.35938988987556836,0.4410595672854416,-0.8185753394472378,0.4410595672854415,0.019584216180314012,ok,-0.7013816551143437
2025-26,2026-03-24,0022500440,2025-12-27T20:00:00-05:00,3,Final,UTA,SAS,UTA @ SAS,201,201,7,0,7,194,0.2769068064537438,0.2709948449012476,1.0218157712728837,0.02158121258981176,1.0218157712728837,0.9402003204651292,ok,0.5541511838821134
2025-26,2026-03-24,0022500441,2025-12-28T15:30:00-05:00,3,Final,GSW,TOR,GSW @ TOR,221,221,0,1,1,220,0.24509789937356985,0.23881011194419674,1.0263296532051474,0.025988994563194086,1.0263296532051471,0.9300159947837225,ok,0.5639097141541934
2025-26,2026-03-24,0022500442,2025-12-28T15:30:00-05:00,3,Final,PHI,OKC,PHI @ OKC,199,199,61,0,61,138,0.07521064300821266,0.1834637435615774,0.4099482630635906,-0.8917243148958941,0.4099482630635905,0.1565785806689581,ok,-0.7686409695157231
2025-26,2026-03-24,0022500443,2025-12-28T18:00:00-05:00,3,Final,MEM,WAS,MEM @ WAS,215,215,0,1,1,214,0.1408878718168379,0.22071201807398594,0.6383334856265516,-0.44889442745607466,0.6383334856265516,0.21089181924343747,ok,-0.27489652924881824
2025-26,2026-03-24,0022500444,2025-12-28T18:00:00-05:00,3,Final,BOS,POR,BOS @ POR,207,207,0,2,2,205,0.12105369008581561,0.1698664769598437,0.7126402587040915,-0.3387785318910692,0.7126402587040914,0.43507388800031666,ok,-0.11425322812150629
2025-26,2026-03-24,0022500445,2025-12-28T21:00:00-05:00,3,Final,DET,LAC,DET @ LAC,184,184,101,0,101,83,0.25878630330810415,0.3822035721577525,0.6770902266745206,-0.3899507406893478,0.6770902266745207,0.34446960214140254,ok,-0.1911085976105378
2025-26,2026-03-24,0022500446,2025-12-28T21:30:00-05:00,3,Final,SAC,LAL,SAC @ LAL,201,201,105,0,105,96,0.3089699369882988,0.33239289543792644,0.9295323132019173,-0.07307370835612945,0.9295323132019172,0.8458258786803433,ok,0.3546442112338172
2025-26,2026-03-24,0022500447,2025-12-29T19:00:00-05:00,3,Final,MIL,CHA,MIL @ CHA,188,188,0,0,0,188,0.21087793846609548,0.2611731385504441,0.8074258311421472,-0.21390407808255843,0.8074258311421469,0.5171229278017692,ok,0.0906630483503842
2025-26,2026-03-24,0022500448,2025-12-29T19:00:00-05:00,3,Final,PHX,WAS,PHX @ WAS,191,191,12,0,12,179,0.14242344252411715,0.23899949728287118,0.5959152389159627,-0.5176568386144799,0.5959152389159627,0.18460707307901725,ok,-0.3666002447702962
2025-26,2026-03-24,0022500449,2025-12-29T19:30:00-05:00,3,Final,GSW,BKN,GSW @ BKN,189,189,0,1,1,188,0.34097161222564226,0.2964768610915824,1.1500783264172354,0.13983004998381365,1.1500783264172354,0.5985500405483282,ok,0.8314411187836261
2025-26,2026-03-24,0022500450,2025-12-29T19:30:00-05:00,3,Final,DEN,MIA,DEN @ MIA,203,203,54,0,54,149,0.16600590103479312,0.28485501893810344,0.5827733057105263,-0.539957009226699,0.5827733057105263,0.17213623069196848,ok,-0.3950116996872377
2025-26,2026-03-24,0022500451,2025-12-29T19:30:00-05:00,3,Final,ORL,TOR,ORL @ TOR,187,187,15,0,15,172,0.26180461692320034,0.2895408138941551,0.9042062616391828,-0.10069777908568674,0.9042062616391829,0.7453327342129101,ok,0.29989199472573785
2025-26,2026-03-24,0022500452,2025-12-29T20:00:00-05:00,3,Final,MIN,CHI,MIN @ CHI,205,205,71,0,71,134,0.14544149465848907,0.15056927917703863,0.9659440189487768,-0.034649397847647936,0.9659440189487769,0.947466261593356,ok,0.4333624271997832
2025-26,2026-03-24,0022500453,2025-12-29T20:00:00-05:00,3,Final,IND,HOU,IND @ HOU,194,194,124,0,124,70,0.2886972853220246,0.2575628331903835,1.1208809972540852,0.11411498078682154,1.1208809972540854,0.8114239154588243,ok,0.7683196138842713
2025-26,2026-03-24,0022500454,2025-12-29T20:00:00-05:00,3,Final,NYK,NOP,NYK @ NOP,200,200,0,1,1,199,0.10153526063349066,0.22157539984738264,0.45824247955064695,-0.7803568036339837,0.4582424795506469,0.08064417112470722,ok,-0.6642340353895154
2025-26,2026-03-24,0022500455,2025-12-29T20:00:00-05:00,3,Final,ATL,OKC,ATL @ OKC,218,218,4,0,4,214,0.14572495169805383,0.19705751765708168,0.7395046554460486,-0.3017747014541431,0.7395046554460485,0.4324578938169269,ok,-0.056175273761700846
2025-26,2026-03-24,0022500456,2025-12-29T20:00:00-05:00,3,Final,CLE,SAS,CLE @ SAS,215,215,0,0,0,215,0.15738160071096188,0.30913126173379346,0.509109301428369,-0.6750925479041353,0.5091093014283692,0.03363420219282894,ok,-0.5542654033811617
2025-26,2026-03-24,0022500457,2025-12-29T22:30:00-05:00,3,Final,DAL,POR,DAL @ POR,204,204,17,1,18,186,0.21507789679880426,0.21504214560744656,1.0001662520212338,0.00016623820289828306,1.000166252021234,0.9996107285153275,ok,0.5073472372650915
2025-26,2026-03-24,0022500458,2025-12-30T20:00:00-05:00,3,Final,PHI,MEM,PHI @ MEM,223,223,0,0,0,223,0.11659143674827085,0.21260928483917285,0.5483835611246509,-0.6007803078106452,0.5483835611246509,0.11999740008243912,ok,-0.4693586517401181
2025-26,2026-03-24,0022500459,2025-12-30T21:00:00-05:00,3,Final,BOS,UTA,BOS @ UTA,199,199,0,0,0,199,0.15028206919232864,0.24641445441175952,0.6098752183636383,-0.494500902799652,0.6098752183636384,0.1700750842953963,ok,-0.3364202613143615
2025-26,2026-03-24,0022500460,2025-12-30T22:30:00-05:00,3,Final,DET,LAL,DET @ LAL,204,204,33,0,33,171,0.131359662479322,0.3317532231539321,0.39595594951724605,-0.9264523125079408,0.395955949517246,0.014379723628063031,ok,-0.7988908558369555
2025-26,2026-03-24,0022500461,2025-12-30T23:00:00-05:00,3,Final,SAC,LAC,SAC @ LAC,187,187,136,0,136,51,0.14525404899411412,0.4262203729748575,0.34079564986604377,-1.0764722485860143,0.3407956498660437,0.1338334260079867,ok,-0.9181415278839593
2025-26,2026-03-24,0022500462,2025-12-31T13:00:00-05:00,3,Final,GSW,CHA,GSW @ CHA,199,199,1,2,3,196,0.1337351125754781,0.21295304133214488,0.6280028298205432,-0.46521060644042306,0.6280028298205433,0.24624503106219686,ok,-0.2972303029110852
2025-26,2026-03-24,0022500463,2025-12-31T15:00:00-05:00,3,Final,MIN,ATL,MIN @ ATL,198,198,136,0,136,62,9.3537550200352e-11,0.10753930806935469,8.697986985375374e-10,-20.862759312043966,8.697986985375377e-10,0.9989852041004857,ok,-1.6549052951310292
2025-26,2026-03-24,0022500464,2025-12-31T15:00:00-05:00,3,Final,ORL,IND,ORL @ IND,218,218,0,1,1,217,0.1836273374249897,0.2699656876017395,0.6801876899848162,-0.38538650421347614,0.6801876899848164,0.21956290739119233,ok,-0.18441221300549812
2025-26,2026-03-24,0022500465,2025-12-31T15:30:00-05:00,3,Final,PHX,CLE,PHX @ CLE,211,211,78,0,78,133,0.09181252479579652,0.15948213040419526,0.575691612365001,-0.552183156861084,0.575691612365001,0.3820646436447611,ok,-0.41032156377471973
2025-26,2026-03-24,0022500466,2025-12-31T19:00:00-05:00,3,Final,NOP,CHI,NOP @ CHI,211,211,15,0,15,196,0.24796058058528755,0.25130907467778424,0.9866757931571315,-0.013413770553503079,0.9866757931571314,0.9644660355130915,ok,0.4781823071262178
2025-26,2026-03-24,0022500467,2025-12-31T19:00:00-05:00,3,Final,NYK,SAS,NYK @ SAS,203,203,11,3,14,189,0.24714819165317226,0.25787054697466905,0.958419620048543,-0.042469580160478096,0.9584196200485432,0.8887486404914877,ok,0.4170954810215265
2025-26,2026-03-24,0022500468,2025-12-31T19:30:00-05:00,3,Final,DEN,TOR,DEN @ TOR,190,190,0,1,1,189,0.25715754981878786,0.27730160460679826,0.9273568762194009,-0.07541680776151433,0.927356876219401,0.7989539212534114,ok,0.3499411489988147
2025-26,2026-03-24,0022500469,2025-12-31T20:00:00-05:00,3,Final,WAS,MIL,WAS @ MIL,194,194,0,0,0,194,0.09577124684030586,0.23600937124483704,0.4057942544194671,-0.9019090103415516,0.4057942544194671,0.04628731484861583,ok,-0.7776214922038373
2025-26,2026-03-24,0022500470,2025-12-31T20:00:00-05:00,3,Final,POR,OKC,POR @ OKC,213,213,120,0,120,93,7.03624358357465e-11,0.21905968214057636,3.2120212696461904e-10,-21.85895051194568,3.2120212696461867e-10,0.9988054731829125,ok,-1.6549052963170363
2025-26,2026-03-24,0022500471,2026-01-01T18:00:00-05:00,3,Final,HOU,BKN,HOU @ BKN,181,181,90,0,90,91,0.15668949980987748,0.2876979164965157,0.5446320283371783,-0.6076448897167528,0.5446320283371783,0.23521980940600595,ok,-0.4774690646447139
2025-26,2026-03-24,0022500472,2026-01-01T19:00:00-05:00,3,Final,MIA,DET,MIA @ DET,215,215,31,1,32,183,0.1297417107596822,0.22251702897806783,0.5830641877412001,-0.5394579996505898,0.5830641877412001,0.1835087159423484,ok,-0.3943828438277956
2025-26,2026-03-24,0022500473,2026-01-01T20:30:00-05:00,3,Final,PHI,DAL,PHI @ DAL,203,203,4,0,4,199,0.17688195135158802,0.2085920445540092,0.8479803327580371,-0.16489783596149876,0.8479803327580373,0.6511449490097821,ok,0.17833754618318853
2025-26,2026-03-24,0022500474,2026-01-01T22:00:00-05:00,3,Final,BOS,SAC,BOS @ SAC,188,188,0,0,0,188,0.20906045958289995,0.16690904062288187,1.252541257218391,0.22517449332929942,1.2525412572183912,0.543592215238213,ok,1.0529550234434446
2025-26,2026-03-24,0022500475,2026-01-01T22:30:00-05:00,3,Final,UTA,LAC,UTA @ LAC,196,196,38,0,38,158,0.19224833755578769,0.33479550168657735,0.5742261666817828,-0.5547319416581407,0.5742261666817828,0.10530664889975401,ok,-0.4134897007079341
2025-26,2026-03-24,0022500476,2026-01-02T19:00:00-05:00,3,Final,SAS,IND,SAS @ IND,212,212,40,0,40,172,0.2933490262589996,0.2128430095382155,1.378241300456379,0.3208082664462433,1.378241300456379,0.32868331994520794,ok,1.324705081497032
2025-26,2026-03-24,0022500477,2026-01-02T19:00:00-05:00,3,Final,BKN,WAS,BKN @ WAS,205,205,97,0,97,108,0.21480306856892054,0.1498736599994867,1.4332276169785685,0.35992897571498195,1.4332276169785687,0.48420320693205376,ok,1.4435796206152665
2025-26,2026-03-24,0022500478,2026-01-02T19:30:00-05:00,3,Final,DEN,CLE,DEN @ CLE,196,196,0,2,2,194,0.1614327353561957,0.18931549511677334,0.8527180263645138,-0.15932635312157917,0.8527180263645138,0.6836717424855592,ok,0.18857993337284595
2025-26,2026-03-24,0022500479,2026-01-02T19:30:00-05:00,3,Final,ATL,NYK,ATL @ NYK,206,206,77,1,78,128,0.07566630239076796,0.20372999738402842,0.371404816975175,-0.9904626603706459,0.371404816975175,0.11612414818828808,ok,-0.8519677802494432
2025-26,2026-03-24,0022500480,2026-01-02T20:00:00-05:00,3,Final,ORL,CHI,ORL @ CHI,197,197,0,1,1,196,0.06024473165529463,0.24690566867295005,0.24399898138869577,-1.4105912283341415,0.24399898138869583,0.008080944902791619,ok,-1.1274055790371544
2025-26,2026-03-24,0022500481,2026-01-02T20:00:00-05:00,3,Final,CHA,MIL,CHA @ MIL,191,191,13,1,14,177,0.2294052041190597,0.2598251660665722,0.8829214182443039,-0.12451907639919445,0.8829214182443039,0.7049798426979195,ok,0.2538764383327404
2025-26,2026-03-24,0022500482,2026-01-02T20:00:00-05:00,3,Final,POR,NOP,POR @ NOP,187,187,38,0,38,149,0.23468573485414834,0.24478891260584287,0.9587269797306441,-0.04214893730012537,0.9587269797306441,0.9095439239131906,ok,0.4177599598021438
2025-26,2026-03-24,0022500483,2026-01-02T21:00:00-05:00,3,Final,SAC,PHX,SAC @ PHX,205,205,66,0,66,139,0.27577112512221263,0.2836642435420987,0.972174432979902,-0.028220032824069142,0.9721744329799021,0.9331778322906242,ok,0.44683191639837155
2025-26,2026-03-24,0022500484,2026-01-02T22:00:00-05:00,3,Final,OKC,GSW,OKC @ GSW,206,206,118,0,118,88,0.09639857709879472,0.1933004853256265,0.49869806036133546,-0.6957544558273663,0.49869806036133546,0.36693703775803777,ok,-0.5767733937644237
2025-26,2026-03-24,0022500485,2026-01-02T22:30:00-05:00,3,Final,MEM,LAL,MEM @ LAL,211,211,1,1,2,209,0.15868019524758684,0.22193874586845325,0.7149729292497634,-0.3355105981940244,0.7149729292497634,0.35249844350827186,ok,-0.10921024372884339
2025-26,2026-03-24,0022500486,2026-01-03T17:00:00-05:00,3,Final,MIN,MIA,MIN @ MIA,197,197,20,0,20,177,0.18146188811685343,0.27495847367026965,0.6599610686465427,-0.4155744326006393,0.6599610686465426,0.23688990802276988,ok,-0.22814000641999246
2025-26,2026-03-24,0022500487,2026-01-03T19:30:00-05:00,3,Final,PHI,NYK,PHI @ NYK,204,204,25,0,25,179,0.11359502325612157,0.26410494626216746,0.43011319880150933,-0.8437068519127611,0.4301131988015093,0.04535083904343951,ok,-0.7250465337759413
2025-26,2026-03-24,0022500488,2026-01-03T19:30:00-05:00,3,Final,ATL,TOR,ATL @ TOR,214,214,24,0,24,190,0.1835573562487253,0.25676961316497715,0.7148718027268585,-0.3356520492492502,0.7148718027268585,0.32531832293502905,ok,-0.10942886846247332
2025-26,2026-03-24,0022500489,2026-01-03T20:00:00-05:00,3,Final,CHA,CHI,CHA @ CHI,199,199,9,0,9,190,0.16738987777204203,0.16882802257057908,0.9914815989867095,-0.008554889957276334,0.9914815989867096,0.9829538589557384,ok,0.4885719456620573
2025-26,2026-03-24,0022500490,2026-01-03T20:00:00-05:00,3,Final,POR,SAS,POR @ SAS,195,195,6,2,8,187,0.10539711688674847,0.24878815078036487,0.42364202859401906,-0.8588664525325816,0.4236420285940191,0.04417231886740573,ok,-0.7390365120946494
2025-26,2026-03-24,0022500491,2026-01-03T20:30:00-05:00,3,Final,HOU,DAL,HOU @ DAL,202,202,8,1,9,193,0.14408752582432602,0.18912090488850472,0.7618804801577704,-0.2719655857844206,0.7618804801577705,0.5040393128914653,ok,-0.0078011323710344875
2025-26,2026-03-24,0022500492,2026-01-03T22:00:00-05:00,3,Final,UTA,GSW,UTA @ GSW,193,193,0,0,0,193,0.09130256564856898,0.23569261085696117,0.38737983900555684,-0.9483495711663626,0.3873798390055567,0.03518347450669046,ok,-0.8174314901071688
2025-26,2026-03-24,0022500493,2026-01-03T22:30:00-05:00,3,Final,BOS,LAC,BOS @ LAC,183,183,41,0,41,142,0.24460712741888993,0.2259479965792508,1.0825815281486442,0.07934849274546857,1.0825815281486444,0.8270432105884842,ok,0.6855202553103055
2025-26,2026-03-24,0022500494,2026-01-04T14:00:00-05:00,3,Final,DET,CLE,DET @ CLE,200,200,0,2,2,198,0.2615343364532878,0.2406033584495388,1.0869937067322306,0.08341581854754782,1.0869937067322306,0.7833368907398259,ok,0.6950589138130899
2025-26,2026-03-24,0022500495,2026-01-04T15:00:00-05:00,3,Final,IND,ORL,IND @ ORL,201,201,0,0,0,201,0.3328044743833537,0.2715586853217723,1.2255342670738398,0.20337688530366838,1.2255342670738396,0.445829675271452,ok,0.9945687973883015
2025-26,2026-03-24,0022500496,2026-01-04T15:30:00-05:00,3,Final,DEN,BKN,DEN @ BKN,186,186,42,1,43,143,0.21838327025109305,0.3474234278319361,0.6285795739622216,-0.464292649638798,0.6285795739622215,0.17246008296738546,ok,-0.2959834437219723
2025-26,2026-03-24,0022500497,2026-01-04T18:00:00-05:00,3,Final,NOP,MIA,NOP @ MIA,216,216,71,0,71,145,0.26128897259515366,0.14991352241092062,1.7429313139541023,0.5555683589651461,1.742931313954102,0.17637784755400976,ok,2.1131259108513643
2025-26,2026-03-24,0022500498,2026-01-04T18:00:00-05:00,3,Final,MIN,WAS,MIN @ WAS,207,207,119,1,119,88,0.07572755413090815,0.20667860895700335,0.36640247635236517,-1.0040228876013844,0.36640247635236517,0.14192221727200716,ok,-0.8627823060016633
2025-26,2026-03-24,0022500499,2026-01-04T20:00:00-05:00,3,Final,OKC,PHX,OKC @ PHX,188,188,10,0,10,178,0.09596956229415442,0.25978484489188536,0.36941940294513353,-0.9958226870275657,0.3694194029451336,0.027011894360000066,ok,-0.8562600331717646
2025-26,2026-03-24,0022500500,2026-01-04T21:00:00-05:00,3,Final,MIL,SAC,MIL @ SAC,196,196,89,1,89,107,0.22145201693374972,0.27125124721820454,0.8164092117726025,-0.20283956470417291,0.8164092117726025,0.6257658452119368,ok,0.11008415708637502
2025-26,2026-03-24,0022500501,2026-01-04T21:30:00-05:00,3,Final,MEM,LAL,MEM @ LAL,195,195,12,3,15,180,0.3080271210964931,0.2762997844895532,1.1148293932460143,0.10870138266308378,1.1148293932460145,0.7042021700335407,ok,0.7552366928434486
2025-26,2026-03-24,0022500502,2026-01-05T19:00:00-05:00,3,Final,NYK,DET,NYK @ DET,185,185,82,0,82,103,0.06296491253400725,0.1684534958476361,0.3737821659157383,-0.9840820953296131,0.37378216591573843,0.20757929798504082,ok,-0.8468282059424674
2025-26,2026-03-24,0022500503,2026-01-05T19:30:00-05:00,3,Final,CHI,BOS,CHI @ BOS,188,188,125,0,125,63,9.507838478269606e-11,0.1019940266871551,9.321956184191913e-10,-20.793478432259278,9.321956184191907e-10,0.9990028274506342,ok,-1.6549052949961336
2025-26,2026-03-24,0022500504,2026-01-05T19:30:00-05:00,3,Final,ATL,TOR,ATL @ TOR,209,209,22,0,22,187,0.09556565544730579,0.24956539718948376,0.38292830866591293,-0.9599074909624493,0.3829283086659128,0.03193985321298314,ok,-0.827055222900444
2025-26,2026-03-24,0022500505,2026-01-05T20:00:00-05:00,3,Final,PHX,HOU,PHX @ HOU,188,188,0,0,0,188,0.07591478594014475,0.1625903993421008,0.46690817076114743,-0.7616226771344939,0.46690817076114743,0.16582299762482033,ok,-0.6454997372232893
2025-26,2026-03-24,0022500506,2026-01-05T20:00:00-05:00,3,Final,CHA,OKC,CHA @ OKC,191,191,103,0,103,88,0.09993148929918463,0.20696994505481942,0.4828309215268725,-0.7280887455650757,0.4828309215268726,0.2723996408353978,ok,-0.6110764519681979
2025-26,2026-03-24,0022500507,2026-01-05T20:30:00-05:00,3,Final,DEN,PHI,DEN @ PHI,204,204,0,0,0,204,0.29786713490285405,0.21190160803690666,1.4056860524200216,0.3405254771465956,1.4056860524200216,0.2490138848845277,ok,1.3840377018149563
2025-26,2026-03-24,0022500508,2026-01-05T22:00:00-05:00,3,Final,GSW,LAC,GSW @ LAC,195,195,0,0,0,195,0.27664376889313264,0.26819097115139817,1.0315178311389264,0.031031339990447278,1.0315178311389264,0.9159368207802374,ok,0.5751260003095406
2025-26,2026-03-24,0022500509,2026-01-05T22:00:00-05:00,3,Final,UTA,POR,UTA @ POR,202,202,134,0,134,68,0.04538638971753542,0.19579279107450115,0.23180827786588648,-1.4618446374721563,0.23180827786588648,0.17603074446894174,ok,-1.1537605770522734
2025-26,2026-03-24,0022500510,2026-01-06T19:00:00-05:00,3,Final,CLE,IND,CLE @ IND,207,207,0,2,2,205,0.22039335426805035,0.20392359624618886,1.0807643564797582,0.07766852828931887,1.0807643564797582,0.8139513897628214,ok,0.6815917243902473
2025-26,2026-03-24,0022500511,2026-01-06T19:00:00-05:00,3,Final,ORL,WAS,ORL @ WAS,210,210,50,1,51,159,0.16260973255540903,0.21857435237545406,0.7439561448457945,-0.2957731909861143,0.7439561448457945,0.4719848995883682,ok,-0.04655162947610919
2025-26,2026-03-24,0022500512,2026-01-06T20:00:00-05:00,3,Final,SAS,MEM,SAS @ MEM,209,209,0,0,0,209,0.12102428280808544,0.19594455891295082,0.6176455395316742,-0.48184054670162463,0.6176455395316741,0.2477200776340761,ok,-0.31962165747847493
2025-26,2026-03-24,0022500513,2026-01-06T20:00:00-05:00,3,Final,MIA,MIN,MIA @ MIN,219,219,61,0,61,158,0.10758270854361034,0.26900874519666645,0.39992271799550216,-0.9164839555518921,0.3999227179955022,0.035515061218616174,ok,-0.7903151263743147
2025-26,2026-03-24,0022500514,2026-01-06T20:00:00-05:00,3,Final,LAL,NOP,LAL @ NOP,198,198,0,2,2,196,0.181473647334226,0.23099187755022638,0.7856278292502591,-0.24127209837090818,0.785627829250259,0.488165541574608,ok,0.04353809813570829
2025-26,2026-03-24,0022500515,2026-01-06T23:00:00-05:00,3,Final,DAL,SAC,DAL @ SAC,201,201,0,1,1,200,0.2257938859501372,0.1454228136817704,1.5526716904559643,0.4399771183765878,1.552671690455964,0.2358178783406253,ok,1.7018049407146776
2025-26,2026-03-24,0022500516,2026-01-07T19:00:00-05:00,3,Final,TOR,CHA,TOR @ CHA,182,182,0,0,0,182,0.25299093688343743,0.24419689706716974,1.0360120866476399,0.035378810417537626,1.0360120866476399,0.9115183717262626,ok,0.5848421003516722
2025-26,2026-03-24,0022500517,2026-01-07T19:00:00-05:00,3,Final,CHI,DET,CHI @ DET,181,181,5,0,5,176,0.1435184928269835,0.19125538067640535,0.7504023798933516,-0.2871457097954824,0.7504023798933516,0.49167280424510995,ok,-0.03261555830798655
2025-26,2026-03-24,0022500518,2026-01-07T19:00:00-05:00,3,Final,WAS,PHI,WAS @ PHI,203,203,47,0,47,156,0.1452970444996621,0.14804124442159997,0.9814632744228846,-0.01871068377222098,0.9814632744228848,0.970610938130938,ok,0.4669133987619212
2025-26,2026-03-24,0022500519,2026-01-07T19:30:00-05:00,3,Final,NOP,ATL,NOP @ ATL,212,212,93,0,93,119,0.05428658055896746,0.2190887589917916,0.24778350477123914,-1.395199878704777,0.24778350477123925,0.06318106612954075,ok,-1.1192238439922098
2025-26,2026-03-24,0022500520,2026-01-07T19:00:00-05:00,3,Final,DEN,BOS,DEN @ BOS,184,184,0,4,4,180,0.18125972663843715,0.22847771515009288,0.7933365690363411,-0.23150772237580713,0.7933365690363412,0.5280638550130401,ok,0.06020356960592569
2025-26,2026-03-24,0022500521,2026-01-07T19:30:00-05:00,3,Final,ORL,BKN,ORL @ BKN,200,200,11,1,12,188,0.13162116633793272,0.23581290180702524,0.5581593090510517,-0.5831108572567314,0.5581593090510517,0.14846340941287303,ok,-0.44822452960233183
2025-26,2026-03-24,0022500522,2026-01-07T19:30:00-05:00,3,Final,LAC,NYK,LAC @ NYK,184,184,3,0,3,181,0.15120211941966902,0.2387282701464642,0.6333649522400666,-0.45670847915232693,0.6333649522400666,0.2429515187841439,ok,-0.28563796736958436
2025-26,2026-03-24,0022500523,2026-01-07T21:30:00-05:00,3,Final,LAL,SAS,LAL @ SAS,201,201,4,0,4,197,0.18912571530060324,0.27647858974968503,0.6840519386033894,-0.37972143061171254,0.6840519386033894,0.24017879255204033,ok,-0.1760581205216745
2025-26,2026-03-24,0022500524,2026-01-07T20:00:00-05:00,3,Final,PHX,MEM,PHX @ MEM,196,196,104,0,104,92,0.026947687579628645,0.25505061937239387,0.10565623265663555,-2.247564543222959,0.1056562326566356,0.03217917989984753,ok,-1.42648781505558
2025-26,2026-03-24,0022500525,2026-01-07T20:00:00-05:00,3,Final,UTA,OKC,UTA @ OKC,235,235,19,3,22,213,0.19785864758334373,0.32263122080737244,0.6132656569572218,-0.48895706505290587,0.6132656569572218,0.09482295202353921,ok,-0.3290904954614649
2025-26,2026-03-24,0022500526,2026-01-07T22:00:00-05:00,3,Final,MIL,GSW,MIL @ GSW,190,190,28,0,28,162,0.18949174286487563,0.25012030506077054,0.7576023978494498,-0.2775965720552857,0.7576023978494497,0.44429357970413186,ok,-0.017049889059550953
2025-26,2026-03-24,0022500527,2026-01-07T22:00:00-05:00,3,Final,HOU,POR,HOU @ POR,192,192,0,0,0,192,0.2219901541049777,0.3336410872981374,0.6653561643222021,-0.4074327962540572,0.6653561643222021,0.17537035872956896,ok,-0.21647638622306614
2025-26,2026-03-24,0022500528,2026-01-08T19:00:00-05:00,3,Final,IND,CHA,IND @ CHA,199,199,0,1,1,198,0.16758785043389077,0.28232462441283646,0.5935998348795503,-0.5215498652968784,0.5935998348795504,0.12038806456518933,ok,-0.3716059008154679
2025-26,2026-03-24,0022500529,2026-01-29T20:00:00-05:00,3,Final,MIA,CHI,MIA @ CHI,213,213,0,1,1,212,0.16913587681617318,0.21093668291706194,0.8018324479041685,-0.22085561076721758,0.8018324479041686,0.5334385352316584,ok,0.07857075163765485
2025-26,2026-03-24,0022500530,2026-01-08T20:00:00-05:00,3,Final,CLE,MIN,CLE @ MIN,208,208,27,1,28,180,0.18398869672356433,0.19071747304753836,0.9647186164096416,-0.03591880937635799,0.9647186164096417,0.9267827650641786,ok,0.43071323788710714
2025-26,2026-03-24,0022500531,2026-01-08T21:00:00-05:00,3,Final,DAL,UTA,DAL @ UTA,202,202,0,1,1,201,0.039880889826179454,0.12595237595768033,0.3166346765826738,-1.1500066094765289,0.31663467658267397,0.1239393765996503,ok,-0.9703749696812388
2025-26,2026-03-24,0022500532,2026-01-09T19:00:00-05:00,3,Final,TOR,BOS,TOR @ BOS,182,182,17,0,17,165,0.20981979664707326,0.17198165127374565,1.2200126879413438,0.19886125864300702,1.2200126879413435,0.621343935826613,ok,0.9826317334768564
2025-26,2026-03-24,0022500533,2026-01-09T19:00:00-05:00,3,Final,PHI,ORL,PHI @ ORL,193,193,1,0,1,192,0.4026027400315743,0.18475174697585076,2.1791552535857712,0.7789373033489586,2.1791552535857712,0.006626272919436186,ok,3.0561954426162132
2025-26,2026-03-24,0022500534,2026-01-09T19:00:00-05:00,3,Final,NOP,WAS,NOP @ WAS,214,214,67,0,67,147,0.19815157559071983,0.3405503082030493,0.5818569850554185,-0.541530591592627,0.5818569850554187,0.12367898951169823,ok,-0.39699268700280926
2025-26,2026-03-24,0022500535,2026-01-09T19:30:00-05:00,3,Final,LAC,BKN,LAC @ BKN,184,184,106,0,106,78,0.07697462244084921,0.24991632267218228,0.3080015807603635,-1.1776503636828903,0.30800158076036355,0.1258036766434189,ok,-0.98903880010215
2025-26,2026-03-24,0022500536,2026-01-09T20:00:00-05:00,3,Final,OKC,MEM,OKC @ MEM,195,195,72,0,72,123,0.3086219995413976,0.2822699990422448,1.0933574258283427,0.08925316930376401,1.093357425828343,0.7997028678085876,ok,0.7088165943138917
2025-26,2026-03-24,0022500537,2026-01-09T21:00:00-05:00,3,Final,ATL,DEN,ATL @ DEN,191,191,24,0,24,167,0.1489962380025136,0.17497237180967995,0.851541511734087,-0.16070702876519063,0.8515415117340869,0.718867384527557,ok,0.18603643449342194
2025-26,2026-03-24,0022500538,2026-01-09T21:00:00-05:00,3,Final,NYK,PHX,NYK @ PHX,184,184,0,3,3,181,0.2679002258158007,0.23912344374857575,1.1203427887124362,0.11363469983017177,1.120342788712436,0.7177989505911804,ok,0.7671560645435512
2025-26,2026-03-24,0022500539,2026-01-09T22:00:00-05:00,3,Final,SAC,GSW,SAC @ GSW,185,185,39,0,39,146,0.24874936136881587,0.17958600211386236,1.385126671571552,0.3257915950755748,1.3851266715715518,0.4261221575293077,ok,1.3395905179063594
2025-26,2026-03-24,0022500540,2026-01-09T22:00:00-05:00,3,Final,HOU,POR,HOU @ POR,194,194,0,2,2,192,0.10097391284216826,0.2819145022384766,0.35817211261005866,-1.0267416466296004,0.3581721126100586,0.010874311886698157,ok,-0.8805754727115536
2025-26,2026-03-24,0022500541,2026-01-09T22:30:00-05:00,3,Final,MIL,LAL,MIL @ LAL,187,187,0,1,1,186,0.1573335173250076,0.22516108847521263,0.6987598007740491,-0.35844822845870844,0.6987598007740491,0.3543261164886087,ok,-0.14426129455596132
2025-26,2026-03-24,0022500542,2026-01-10T13:00:00-05:00,3,Final,MIN,CLE,MIN @ CLE,205,205,18,0,18,187,0.18641276116424804,0.26910936494161697,0.6927026162939002,-0.36715449700979336,0.6927026162939002,0.28332966009414084,ok,-0.15735627998094887
2025-26,2026-03-24,0022500543,2026-01-10T19:00:00-05:00,3,Final,MIA,IND,MIA @ IND,223,223,159,2,159,64,0.15191844323418666,0.2259756156547909,0.6722780366987169,-0.3970832789405084,0.6722780366987168,0.5637378285767165,ok,-0.20151203798814887
2025-26,2026-03-24,0022500544,2026-01-10T19:30:00-05:00,3,Final,LAC,DET,LAC @ DET,197,197,24,2,26,171,0.21363510178573875,0.3274237665340622,0.6524728001487763,-0.4269858262499024,0.6524728001487763,0.18071952567573168,ok,-0.2443288425299063
2025-26,2026-03-24,0022500545,2026-01-10T20:00:00-05:00,3,Final,SAS,BOS,SAS @ BOS,193,193,0,1,1,192,0.20005617358645209,0.18246118378954812,1.096431413144826,0.09206073620791566,1.0964314131448263,0.8015662547661686,ok,0.7154622263295366
2025-26,2026-03-24,0022500546,2026-01-10T20:00:00-05:00,3,Final,DAL,CHI,DAL @ CHI,211,211,58,0,58,153,0.22758126028608885,0.1410267094585196,1.6137458014861197,0.4785580614626239,1.6137458014861195,0.2628321626946579,ok,1.8338406408662922
2025-26,2026-03-24,0022500547,2026-01-10T21:30:00-05:00,3,Final,CHA,UTA,CHA @ UTA,202,202,179,0,179,23,8.91573728666003e-10,0.08906071606283951,1.001085291114127e-08,-18.419596041340885,1.0010852911141225e-08,0.9994775302405651,ok,-1.654905275369047
2025-26,2026-03-24,0022500548,2026-01-11T15:00:00-05:00,3,Final,NOP,ORL,NOP @ ORL,189,189,0,2,2,187,0.14466166191894136,0.30641533757375633,0.4721097287896703,-0.7505438441656961,0.4721097287896703,0.033020128834476345,ok,-0.6342545247332351
2025-26,2026-03-24,0022500549,2026-01-11T15:30:00-05:00,3,Final,BKN,MEM,BKN @ MEM,182,182,9,1,10,172,0.12186434458045318,0.20364122535226423,0.5984266907137731,-0.5134512498510448,0.598426690713773,0.26458548120401004,ok,-0.36117075441951235
2025-26,2026-03-24,0022500550,2026-01-11T18:00:00-05:00,3,Final,PHI,TOR,PHI @ TOR,214,214,0,1,1,213,0.21978298455721554,0.35759531867554195,0.6146137073920476,-0.48676132658612314,0.6146137073920477,0.07584603614618425,ok,-0.3261761545075045
2025-26,2026-03-24,0022500551,2026-01-11T18:00:00-05:00,3,Final,NYK,POR,NYK @ POR,200,200,0,0,0,200,0.1437219329889386,0.13856464958481113,1.0372193298909969,0.03654341111784987,1.0372193298909969,0.9339650875071348,ok,0.587452031207829
2025-26,2026-03-24,0022500552,2026-01-11T19:00:00-05:00,3,Final,SAS,MIN,SAS @ MIN,199,199,40,0,40,159,0.22702185177780512,0.2555614348602041,0.8883259397177412,-0.11841655410436643,0.8883259397177414,0.7365451621836514,ok,0.2655604360969877
2025-26,2026-03-24,0022500553,2026-01-11T19:00:00-05:00,3,Final,MIA,OKC,MIA @ OKC,208,208,24,0,24,184,0.24395515299609952,0.23618935079151618,1.032879561159547,0.032350592013531285,1.0328795611595467,0.9196360508703812,ok,0.5780699150658494
2025-26,2026-03-24,0022500554,2026-01-11T20:00:00-05:00,3,Final,MIL,DEN,MIL @ DEN,188,188,1,2,3,185,0.20132367221014144,0.22420153423795366,0.8979584947731398,-0.10763143137711777,0.8979584947731397,0.7554048170053145,ok,0.28638499055281197
2025-26,2026-03-24,0022500555,2026-01-11T20:00:00-05:00,3,Final,WAS,PHX,WAS @ PHX,204,204,87,0,87,117,0.1281062466487559,0.20520740199765977,0.6242769286178909,-0.4711612131989623,0.6242769286178907,0.3690356679855967,ok,-0.305285303068927
2025-26,2026-03-24,0022500556,2026-01-11T20:30:00-05:00,3,Final,ATL,GSW,ATL @ GSW,203,203,55,0,55,148,0.2324722657010802,0.21850861822101755,1.0639043328988456,0.061945474188009324,1.0639043328988453,0.868278531893784,ok,0.6451421554889597
2025-26,2026-03-24,0022500557,2026-01-11T21:00:00-05:00,3,Final,HOU,SAC,HOU @ SAC,170,170,1,0,1,169,0.27700030157270605,0.26860083360451276,1.0312711909917625,0.03079220729612579,1.0312711909917622,0.9215757102434095,ok,0.5745927906734609
2025-26,2026-03-24,0022500558,2026-01-12T19:00:00-05:00,3,Final,UTA,CLE,UTA @ CLE,208,208,11,0,11,197,0.17698294310674345,0.19929197271581506,0.8880585640000479,-0.11871758771409802,0.8880585640000478,0.7481897696846846,ok,0.26498239837374116
2025-26,2026-03-24,0022500559,2026-01-12T19:30:00-05:00,3,Final,BOS,IND,BOS @ IND,185,185,0,0,0,185,0.0262061737134449,0.08853110051138836,0.29601093358230446,-1.2173588875622041,0.2960109335823044,0.24390455752920692,ok,-1.0149612976829057
2025-26,2026-03-24,0022500560,2026-01-12T19:30:00-05:00,3,Final,PHI,TOR,PHI @ TOR,186,186,138,0,138,48,0.21800409871220547,0.39896824585405755,0.5464196736898989,-0.6043679653527133,0.5464196736898987,0.27859923188345004,ok,-0.4736043664642901
2025-26,2026-03-24,0022500561,2026-01-12T20:30:00-05:00,3,Final,BKN,DAL,BKN @ DAL,190,190,0,1,1,189,0.06940582851896065,0.21314178571537667,0.3256321996459351,-1.1219867564818964,0.32563219964593515,0.036633714545426056,ok,-0.950923286517133
2025-26,2026-03-24,0022500562,2026-01-12T22:00:00-05:00,3,Final,LAL,SAC,LAL @ SAC,190,190,33,0,33,157,0.1338398415898594,0.1588072189267122,0.8427818489260556,-0.17104713391660667,0.8427818489260557,0.7348918231863004,ok,0.16709897977747165
2025-26,2026-03-24,0022500563,2026-01-12T22:30:00-05:00,3,Final,CHA,LAC,CHA @ LAC,187,187,0,1,1,186,0.15039147342970866,0.21083464973036756,0.7133147877829449,-0.33783245840743875,0.7133147877829449,0.4036205532381826,ok,-0.11279496834994693
2025-26,2026-03-24,0022500564,2026-01-13T19:30:00-05:00,3,Final,PHX,MIA,PHX @ MIA,205,205,42,1,43,162,0.33135154290289426,0.245963386182192,1.347157997969067,0.2979971867404107,1.3471579979690669,0.3360308372555384,ok,1.2575063038527658
2025-26,2026-03-24,0022500565,2026-01-13T20:00:00-05:00,3,Final,CHI,HOU,CHI @ HOU,191,191,0,1,1,190,0.23568913560657845,0.21368054756684784,1.1029976209362036,0.0980315833662321,1.1029976209362036,0.7639209254629888,ok,0.7296576657465336
2025-26,2026-03-24,0022500566,2026-01-13T20:00:00-05:00,3,Final,MIN,MIL,MIN @ MIL,203,203,162,0,162,41,3.1620454679378385e-10,0.060449453732500054,5.230891716458632e-09,-19.068684073124203,5.230891716458633e-09,0.9987451152969896,ok,-1.6549052857028121
2025-26,2026-03-24,0022500567,2026-01-13T20:00:00-05:00,3,Final,DEN,NOP,DEN @ NOP,198,198,0,3,3,195,0.25451411158981624,0.25758643843713824,0.9880726374184805,-0.01199906428237422,0.9880726374184804,0.9676839651000213,ok,0.4812021351178019
2025-26,2026-03-24,0022500568,2026-01-13T20:00:00-05:00,3,Final,SAS,OKC,SAS @ OKC,189,189,51,0,51,138,0.11934488455980058,0.29637892147752154,0.4026766949715489,-0.9096212847349368,0.40267669497154873,0.04674874117183987,ok,-0.7843613225104449
2025-26,2026-03-24,0022500569,2026-01-13T22:30:00-05:00,3,Final,ATL,LAL,ATL @ LAL,201,201,114,0,114,87,0.09101645167903502,0.2775776854446647,0.3278954197389156,-1.1150605636983972,0.3278954197389156,0.08280135934723751,ok,-0.9460304465799894
2025-26,2026-03-24,0022500570,2026-01-13T23:00:00-05:00,3,Final,POR,GSW,POR @ GSW,203,203,154,0,154,49,0.020408163485969355,10942908.452848183,1.864967030831514e-09,-20.100022461845217,1.8649670308315144e-09,0.9989859926722563,ok,-1.6549052929795816
2025-26,2026-03-24,0022500571,2026-01-14T19:00:00-05:00,3,Final,TOR,IND,TOR @ IND,193,193,118,0,118,75,0.20796298847071654,0.19624288950985846,1.0597224133324297,0.05800699961424705,1.0597224133324294,0.9175149481331285,ok,0.6361012923701036
2025-26,2026-03-24,0022500572,2026-01-14T19:00:00-05:00,3,Final,CLE,PHI,CLE @ PHI,202,202,100,0,100,102,0.10510916427849509,0.19058446022818984,0.551509625457638,-0.5950959872085411,0.5515096254576382,0.352695490817853,ok,-0.4626004347810346
2025-26,2026-03-24,0022500573,2026-01-14T20:00:00-05:00,3,Final,UTA,CHI,UTA @ CHI,204,204,0,0,0,204,0.25216355186209444,0.25664387561480734,0.9825426430224372,-0.017611533613218613,0.9825426430224374,0.9524510323360831,ok,0.4692468783060316
2025-26,2026-03-24,0022500574,2026-01-14T20:00:00-05:00,3,Final,BKN,NOP,BKN @ NOP,194,194,0,2,2,192,0.16994184068682158,0.1885725456762517,0.901201392161211,-0.10402652563916573,0.9012013921612109,0.7830282711578752,ok,0.29339578808930666
2025-26,2026-03-24,0022500575,2026-01-14T21:30:00-05:00,3,Final,DEN,DAL,DEN @ DAL,190,190,81,2,83,107,0.2187525328308665,0.2937037570973746,0.7448067229127792,-0.2946305265928064,0.7448067229127793,0.4828122943675299,ok,-0.044712770609175036
2025-26,2026-03-24,0022500576,2026-01-14T22:00:00-05:00,3,Final,NYK,SAC,NYK @ SAC,198,198,130,0,130,68,0.30112741337630744,0.20800884174462347,1.4476664109596238,0.3699528882506363,1.4476664109596238,0.49006583788865354,ok,1.4747947499143608
2025-26,2026-03-24,0022500577,2026-01-14T22:30:00-05:00,3,Final,WAS,LAC,WAS @ LAC,192,192,59,0,59,133,0.10740517617392761,0.25449028206958013,0.4220403832338163,-0.8626542746577234,0.42204038323381643,0.084942506879208,ok,-0.742499098171826
2025-26,2026-03-24,0022500578,2026-01-15T14:00:00-05:00,3,Final,MEM,ORL,MEM @ ORL,201,201,38,2,40,161,0.13430062429217784,0.20206078558710958,0.6646545686831454,-0.40848781887413593,0.6646545686831453,0.3531746934802723,ok,-0.2179931610047806
2025-26,2026-03-24,0022500579,2026-01-15T19:00:00-05:00,3,Final,PHX,DET,PHX @ DET,197,197,9,3,12,185,0.16124656592620257,0.24416753735922408,0.6603931369016244,-0.41491995932568204,0.6603931369016244,0.25443534443308324,ok,-0.22720592103404508
2025-26,2026-03-24,0022500580,2026-01-15T19:30:00-05:00,3,Final,BOS,MIA,BOS @ MIA,192,192,16,3,19,173,0.13850186902837314,0.26847146778154807,0.5158904600658362,-0.6618608227307001,0.515890460065836,0.08967800096304401,ok,-0.5396052632099021
2025-26,2026-03-24,0022500581,2026-01-15T19:30:00-05:00,3,Final,OKC,HOU,OKC @ HOU,197,197,22,0,22,175,0.18664070757473006,0.16564256395417093,1.1267678012178608,0.11935318119278689,1.1267678012178612,0.7718254702595164,ok,0.7810462548439512
2025-26,2026-03-24,0022500582,2026-01-15T20:00:00-05:00,3,Final,MIL,SAS,MIL @ SAS,197,197,108,0,108,89,0.19876109534796216,0.23804258552015514,0.8349812488956224,-0.1803460107958589,0.8349812488956223,0.7118364927166952,ok,0.15023491627743307
2025-26,2026-03-24,0022500583,2026-01-15T20:30:00-05:00,3,Final,UTA,DAL,UTA @ DAL,219,219,142,0,142,77,0.39399635446389436,0.20374499624631273,1.9337719292383588,0.6594724631063118,1.933771929238359,0.14854048937853576,ok,2.5257029231304347
2025-26,2026-03-24,0022500584,2026-01-15T22:00:00-05:00,3,Final,NYK,GSW,NYK @ GSW,186,186,8,0,8,178,0.22363687028198181,0.1785532411460458,1.2524940395736661,0.22513679514213952,1.2524940395736663,0.5452498135633161,ok,1.0528529439423993
2025-26,2026-03-24,0022500585,2026-01-15T22:00:00-05:00,3,Final,ATL,POR,ATL @ POR,207,207,6,0,6,201,0.14417903656373712,0.19750567158828045,0.7299994749735197,-0.31471146405431544,0.7299994749735197,0.41040021244625813,ok,-0.07672445798377066
2025-26,2026-03-24,0022500586,2026-01-15T22:30:00-05:00,3,Final,CHA,LAL,CHA @ LAL,195,195,21,1,21,174,0.14840855897768282,0.2646515571523586,0.560769642070327,-0.5784450779824938,0.5607696420703271,0.13196679466948885,ok,-0.44258126861964286
2025-26,2026-03-24,0022500587,2026-01-16T19:30:00-05:00,3,Final,CHI,BKN,CHI @ BKN,196,196,32,1,33,163,0.03956620063399255,0.22231746177142658,0.17797162813361073,-1.7261311339021927,0.1779716281336107,0.019487623476507756,ok,-1.270149659452646
2025-26,2026-03-24,0022500588,2026-01-16T19:00:00-05:00,3,Final,NOP,IND,NOP @ IND,191,191,2,0,2,189,0.16221697955451964,0.2847683200974822,0.5696454559938035,-0.5627411187085821,0.5696454559938033,0.10084624566700404,ok,-0.42339270760689185
2025-26,2026-03-24,0022500589,2026-01-16T19:00:00-05:00,3,Final,CLE,PHI,CLE @ PHI,196,196,0,0,0,196,0.10579969075310244,0.20102081357147744,0.5263121209858351,-0.6418608563235993,0.5263121209858352,0.1596874486996206,ok,-0.5170747462182529
2025-26,2026-03-24,0022500590,2026-01-16T19:30:00-05:00,3,Final,LAC,TOR,LAC @ TOR,207,207,0,1,1,206,0.1308125112090838,0.26243738489741897,0.4984522737117486,-0.6962474339594815,0.4984522737117485,0.059090671751027134,ok,-0.5773047582299677
2025-26,2026-03-24,0022500591,2026-01-16T21:30:00-05:00,3,Final,MIN,HOU,MIN @ HOU,194,194,0,2,2,192,0.29994104496948154,0.33133828706435825,0.9052411287175569,-0.09955393019931044,0.9052411287175568,0.7112056333353786,ok,0.30212926673759755
2025-26,2026-03-24,0022500592,2026-01-16T22:00:00-05:00,3,Final,WAS,SAC,WAS @ SAC,202,202,38,0,38,164,0.11527620921487335,0.2501092016761483,0.4609035111156675,-0.7745665613292396,0.4609035111156675,0.08702047521534756,ok,-0.6584811695698303
2025-26,2026-03-24,0022500593,2026-01-17T17:00:00-05:00,3,Final,UTA,DAL,UTA @ DAL,204,204,80,0,80,124,0.0790041968792061,0.2862213908082293,0.27602478157245613,-1.2872646289897152,0.27602478157245613,0.02178574866503799,ok,-1.0581692221118666
2025-26,2026-03-24,0022500594,2026-01-17T19:30:00-05:00,3,Final,BOS,ATL,BOS @ ATL,209,209,141,0,141,68,0.303681514020846,0.15639789244031582,1.9417238255735203,0.6635761484139784,1.9417238255735194,0.28874905849240073,ok,2.5428940730700167
2025-26,2026-03-24,0022500595,2026-01-17T19:30:00-05:00,3,Final,IND,DET,IND @ DET,220,220,201,0,201,19,0.6334956510327908,0.37734897917084487,1.6788057898679924,0.5180827012847852,1.6788057898679922,0.5402217626678834,ok,1.9744933818225223
2025-26,2026-03-24,0022500596,2026-01-17T19:30:00-05:00,3,Final,PHX,NYK,PHX @ NYK,185,185,0,2,2,183,0.3369370759815178,0.22058383647753055,1.5274785376934878,0.4236183613550746,1.5274785376934876,0.16048336596878776,ok,1.6473400372078912
2025-26,2026-03-24,0022500597,2026-01-17T20:00:00-05:00,3,Final,OKC,MIA,OKC @ MIA,200,200,0,0,0,200,0.2389004529126477,0.272753213329988,0.8758850170671176,-0.13252045571677135,0.8758850170671175,0.6607339189883423,ok,0.23866449107216192
2025-26,2026-03-24,0022500598,2026-01-17T20:00:00-05:00,3,Final,MIN,SAS,MIN @ SAS,198,198,33,2,35,163,0.14151081589609632,0.2723843108334425,0.5195263099519243,-0.6548378249669815,0.5195263099519244,0.10843850816870376,ok,-0.5317449443733532
2025-26,2026-03-24,0022500599,2026-01-17T20:30:00-05:00,3,Final,CHA,GSW,CHA @ GSW,203,203,40,0,40,163,0.1714180194975499,0.20630881936157447,0.8308807157542046,-0.18526903744537138,0.8308807157542043,0.6523176006875253,ok,0.14137000191044916
2025-26,2026-03-24,0022500600,2026-01-17T21:00:00-05:00,3,Final,WAS,DEN,WAS @ DEN,199,199,0,1,1,198,0.1565454301247378,0.2637110464890013,0.5936248488978898,-0.5215077266542355,0.5936248488978899,0.12683252239954437,ok,-0.37155182318143676
2025-26,2026-03-24,0022500601,2026-01-17T22:00:00-05:00,3,Final,LAL,POR,LAL @ POR,200,200,69,0,69,131,0.1894028704499191,0.384842116888913,0.49215733449619126,-0.7089568280489693,0.49215733449619115,0.04842574801831922,ok,-0.5909137439805354
2025-26,2026-03-24,0022500602,2026-01-18T12:00:00-05:00,3,Final,ORL,MEM,ORL @ MEM,201,201,171,0,171,30,2.6675541797905795e-10,0.13370881384950511,1.995047374209021e-09,-20.03259804041584,1.9950473742090185e-09,0.9988163225109552,ok,-1.6549052926983618
2025-26,2026-03-24,0022500603,2026-01-18T19:00:00-05:00,3,Final,BKN,CHI,BKN @ CHI,183,183,112,0,112,71,0.08187218301807056,0.30061188300518193,0.2723517852973871,-1.30066072001555,0.27235178529738713,0.08594502821996992,ok,-1.0661098474710071
2025-26,2026-03-24,0022500604,2026-01-18T19:00:00-05:00,3,Final,NOP,HOU,NOP @ HOU,197,197,9,2,11,186,0.15165381469197553,0.15732013162906885,0.963982251486711,-0.03668239586192112,0.963982251486711,0.9330100706870813,ok,0.42912129562996604
2025-26,2026-03-24,0022500605,2026-01-18T20:00:00-05:00,3,Final,CHA,DEN,CHA @ DEN,171,171,136,0,136,35,0.0867001381055539,0.5028500705725911,0.172417472283198,-1.7578365785375036,0.172417472283198,0.07361203203283172,ok,-1.28215715074627
2025-26,2026-03-24,0022500606,2026-01-18T21:00:00-05:00,3,Final,POR,SAC,POR @ SAC,201,201,0,3,3,198,0.20772891631089677,0.24501458116332084,0.8478226696738087,-0.16508378100872043,0.8478226696738086,0.6112017360891291,ok,0.17799669544687774
2025-26,2026-03-24,0022500607,2026-01-18T21:30:00-05:00,3,Final,TOR,LAL,TOR @ LAL,190,190,26,0,26,164,0.08979381439521612,0.2031077758431158,0.4420993436734521,-0.8162206627168588,0.44209934367345216,0.108507729923348,ok,-0.6991337696997808
2025-26,2026-03-24,0022500608,2026-01-19T15:00:00-05:00,3,Final,LAC,WAS,LAC @ WAS,195,195,0,1,1,194,0.21033218992547933,0.24453018600235676,0.8601481615175812,-0.15065062373882548,0.8601481615175813,0.6458898874787449,ok,0.20464309140509293
2025-26,2026-03-24,0022500609,2026-01-19T19:00:00-05:00,3,Final,IND,PHI,IND @ PHI,199,199,2,0,2,197,0.12479003779893469,0.25624833889413834,0.48698867019968517,-0.719514420647202,0.48698867019968517,0.06353049037567773,ok,-0.6020878437378102
2025-26,2026-03-24,0022500610,2026-01-19T19:30:00-05:00,3,Final,PHX,BKN,PHX @ BKN,178,178,44,0,44,134,0.16148416879295438,0.24863976281062383,0.6494704103942883,-0.43159800142382554,0.6494704103942883,0.3114009059074023,ok,-0.25081968826921014
2025-26,2026-03-24,0022500611,2026-01-19T17:00:00-05:00,3,Final,UTA,SAS,UTA @ SAS,199,199,44,0,44,155,0.10374908310383979,0.2340674872427679,0.4432443152441513,-0.8136341592783625,0.44324431524415125,0.09992362199153441,ok,-0.6966584635440134
2025-26,2026-03-24,0022500612,2026-01-19T22:00:00-05:00,3,Final,MIA,GSW,MIA @ GSW,214,214,30,1,30,184,0.2075446393878714,0.19847426146027164,1.045700524898617,0.044687019581366894,1.045700524898617,0.9021370002524681,ok,0.6057874683032719
2025-26,2026-03-24,0022500613,2026-01-20T19:00:00-05:00,3,Final,PHX,PHI,PHX @ PHI,209,209,15,1,16,193,0.19808315202589244,0.2198302667419293,0.9010731550375318,-0.10416883150937255,0.9010731550375319,0.7609801512186519,ok,0.2931185531345147
2025-26,2026-03-24,0022500614,2026-01-20T20:00:00-05:00,3,Final,LAC,CHI,LAC @ CHI,205,205,91,0,91,114,0.07522585379108807,0.14871862464947988,0.5058267178599217,-0.6815611231680039,0.5058267178599217,0.37064080630810836,ok,-0.5613619981977791
2025-26,2026-03-24,0022500615,2026-01-20T20:00:00-05:00,3,Final,SAS,HOU,SAS @ HOU,194,194,7,2,9,185,0.033929785118371344,0.17452735193801458,0.1944095566775224,-1.6377882283003065,0.1944095566775224,0.029226050711307905,ok,-1.2346126149058008
2025-26,2026-03-24,0022500616,2026-01-20T21:00:00-05:00,3,Final,MIN,UTA,MIN @ UTA,209,209,1,2,3,206,0.15484129105237673,0.2256786647534589,0.6861139985099257,-0.3767114864764858,0.6861139985099258,0.2813524276684265,ok,-0.17160016740665232
2025-26,2026-03-24,0022500617,2026-01-20T22:00:00-05:00,3,Final,LAL,DEN,LAL @ DEN,189,189,5,0,5,184,0.16325445923515047,0.24866978067280227,0.6565110516985552,-0.42081575111052383,0.6565110516985551,0.24754820850295245,ok,-0.23559857430708872
2025-26,2026-03-24,0022500618,2026-01-20T22:00:00-05:00,3,Final,TOR,GSW,TOR @ GSW,207,207,135,0,135,72,0.12511015968667133,0.2498899858014063,0.5006609580029326,-0.6918261375158065,0.5006609580029328,0.3148806262874492,ok,-0.5725298188672586
2025-26,2026-03-24,0022500619,2026-01-20T22:00:00-05:00,3,Final,MIA,SAC,MIA @ SAC,209,209,19,0,19,190,0.17445240677510382,0.23690445497702195,0.7363829725870898,-0.30600495239585357,0.7363829725870896,0.38353934674797474,ok,-0.06292401844224808
2025-26,2026-03-24,0022500620,2026-01-21T19:00:00-05:00,3,Final,CLE,CHA,CLE @ CHA,193,193,96,2,98,95,0.2621853455285354,0.2307446146354278,1.1362577018006828,0.12774014474900625,1.1362577018006828,0.7784385036953351,ok,0.8015624055776629
2025-26,2026-03-24,0022500621,2026-01-21T19:30:00-05:00,3,Final,IND,BOS,IND @ BOS,200,200,98,0,98,102,0.08978079307875915,0.1895450433225187,0.47366468415633234,-0.7472556250165169,0.4736646841563322,0.2541740480677964,ok,-0.6308928774316417
2025-26,2026-03-24,0022500622,2026-01-21T19:30:00-05:00,3,Final,BKN,NYK,BKN @ NYK,183,183,139,0,139,44,1.7310637609598724e-10,0.23163953062333673,7.473093026486537e-10,-21.0145419567242,7.473093026486536e-10,0.9986497998932209,ok,-1.654905295395838
2025-26,2026-03-24,0022500623,2026-01-21T20:00:00-05:00,3,Final,ATL,MEM,ATL @ MEM,207,207,0,0,0,207,0.18746780005092806,0.2645092618249644,0.7087381317293246,-0.3442691694358306,0.7087381317293245,0.2831825582030306,ok,-0.12268920956279909
2025-26,2026-03-24,0022500624,2026-01-21T20:00:00-05:00,3,Final,DET,NOP,DET @ NOP,203,203,0,0,0,203,0.15485748676722777,0.2652179252787777,0.5838877089640638,-0.5380465938130435,0.5838877089640637,0.12414346874431151,ok,-0.3926024789658847
2025-26,2026-03-24,0022500625,2026-01-21T21:30:00-05:00,3,Final,OKC,MIL,OKC @ MIL,192,192,160,0,160,32,2.5706456378152926e-10,0.07545786990277967,3.4067296640195734e-09,-19.497513048636293,3.4067296640195725e-09,0.999097718074678,ok,-1.6549052896464556
2025-26,2026-03-24,0022500626,2026-01-21T22:00:00-05:00,3,Final,TOR,SAC,TOR @ SAC,199,199,13,1,14,185,0.17226194836660555,0.24276337700851286,0.7095878731352667,-0.34307093785198267,0.7095878731352667,0.32641884234714,ok,-0.12085215946761257
2025-26,2026-03-24,0022500627,2026-01-22T19:00:00-05:00,3,Final,CHA,ORL,CHA @ ORL,190,190,136,1,136,54,0.21384182428053713,0.3116625369467139,0.6861325919229697,-0.37668438724639935,0.6861325919229695,0.5235436868233883,ok,-0.17155997043500484
2025-26,2026-03-24,0022500628,2026-01-22T19:00:00-05:00,3,Final,HOU,PHI,HOU @ PHI,206,206,0,1,1,205,0.2030830775083062,0.2668931912237853,0.7609151682630396,-0.2732334013643142,0.7609151682630395,0.38782643080271373,ok,-0.00988803351025096
2025-26,2026-03-24,0022500629,2026-01-22T19:00:00-05:00,3,Final,DEN,WAS,DEN @ WAS,190,190,0,0,0,190,0.14223356189779268,0.27515830941256464,0.5169153793735942,-0.6598760941301016,0.516915379373594,0.0758918084115746,ok,-0.5373894972148485
2025-26,2026-03-24,0022500630,2026-01-22T19:30:00-05:00,3,Final,GSW,DAL,GSW @ DAL,215,215,0,0,0,215,0.18425987049357656,0.20768795711011823,0.8871957385371176,-0.1196896462294749,0.8871957385371176,0.7246686587883557,ok,0.2631170619458333
2025-26,2026-03-24,0022500631,2026-01-22T20:00:00-05:00,3,Final,CHI,MIN,CHI @ MIN,207,207,0,2,2,205,0.14781972534605028,0.24505105441353772,0.6032201154972221,-0.5054731148715734,0.6032201154972223,0.1606917928022168,ok,-0.3508078823820578
2025-26,2026-03-24,0022500632,2026-01-22T21:00:00-05:00,3,Final,SAS,UTA,SAS @ UTA,197,197,12,0,12,185,0.2471301184676936,0.19638035872632084,1.2584258429433797,0.22986160890149201,1.25842584294338,0.503954791703099,ok,1.0656768688079634
2025-26,2026-03-24,0022500633,2026-01-22T22:00:00-05:00,3,Final,LAL,LAC,LAL @ LAC,195,195,48,1,49,146,0.127166459553932,0.17203387475598597,0.739194299577951,-0.302194470294312,0.739194299577951,0.539742450164952,ok,-0.05684622997619561
2025-26,2026-03-24,0022500634,2026-01-22T22:00:00-05:00,3,Final,MIA,POR,MIA @ POR,207,207,39,0,39,168,0.09930179865547538,0.12749849800386281,0.7788468116108069,-0.24994089993195828,0.7788468116108068,0.6389039689053179,ok,0.028878262787086655
2025-26,2026-03-24,0022500635,2026-01-23T19:00:00-05:00,3,Final,HOU,DET,HOU @ DET,196,196,0,1,1,195,0.2704507815551507,0.23459614763087944,1.1528355613950063,0.1422246130717747,1.1528355613950063,0.6378381602040528,ok,0.8374019660989928
2025-26,2026-03-24,0022500636,2026-01-23T19:30:00-05:00,3,Final,PHX,ATL,PHX @ ATL,201,201,0,1,1,200,0.09523857352212123,0.14237262686831928,0.6689387954484226,-0.40206270966324675,0.6689387954484225,0.4309275051213536,ok,-0.20873112065707325
2025-26,2026-03-24,0022500637,2026-01-23T19:30:00-05:00,3,Final,BOS,BKN,BOS @ BKN,218,218,0,0,0,218,0.3300538784647173,0.2853594831898375,1.1566248816239497,0.14550617924095843,1.1566248816239495,0.5718062049934372,ok,0.8455940714131444
2025-26,2026-03-24,0022500638,2026-01-23T19:30:00-05:00,3,Final,SAC,CLE,SAC @ CLE,193,193,0,1,1,192,0.17662300992690802,0.2956158330682239,0.5974747972519657,-0.5150431763975248,0.5974747972519656,0.12034086320616645,ok,-0.3632286463409751
2025-26,2026-03-24,0022500639,2026-01-23T20:00:00-05:00,3,Final,NOP,MEM,NOP @ MEM,208,208,0,2,2,206,0.26797952783932505,0.21609054897642702,1.2401260911626382,0.21521306086871408,1.240126091162638,0.4833888825711292,ok,1.0261147614237405
2025-26,2026-03-24,0022500640,2026-01-23T21:30:00-05:00,3,Final,DEN,MIL,DEN @ MIL,189,189,34,2,36,153,0.11904194847436196,0.2547846458307333,0.46722575485748746,-0.7609427230082897,0.4672257548574874,0.09082837081561364,ok,-0.6448131543519223
2025-26,2026-03-24,0022500641,2026-01-23T20:00:00-05:00,3,Final,IND,OKC,IND @ OKC,201,201,20,3,23,178,0.18202505765521765,0.2587552733636479,0.7034641469872747,-0.3517383674971442,0.7034641469872747,0.32890386561765794,ok,-0.13409100086618259
2025-26,2026-03-24,0022500642,2026-01-23T22:00:00-05:00,3,Final,TOR,POR,TOR @ POR,195,195,0,0,0,195,0.23474953899612108,0.12467076477546157,1.8829557949605669,0.6328427735420802,1.8829557949605669,0.11199108066913324,ok,2.4158438722953948
2025-26,2026-03-24,0022500643,2026-01-24T15:00:00-05:00,3,Final,NYK,PHI,NYK @ PHI,195,195,13,2,15,180,0.18617726225087286,0.281372915377195,0.6616744259172657,-0.41298164777061286,0.6616744259172657,0.2188475682413904,ok,-0.22443591113257896
2025-26,2026-03-24,0022500644,2026-01-25T17:30:00-05:00,3,Final,GSW,MIN,GSW @ MIN,206,206,61,1,61,145,0.055836626956150326,0.15570443707344897,0.35860652403766147,-1.0255295248989016,0.3586065240376614,0.17422633106491203,ok,-0.8796363216370651
2025-26,2026-03-24,0022500645,2026-01-24T12:00:00-05:00,3,Final,WAS,CHA,WAS @ CHA,199,199,25,2,27,172,0.18582047451329356,0.17730012536048434,1.0480560808148656,0.0469370966950475,1.0480560808148658,0.9030961425534053,ok,0.6108799284210227
2025-26,2026-03-24,0022500646,2026-01-24T19:00:00-05:00,3,Final,CLE,ORL,CLE @ ORL,198,198,11,0,11,187,0.1886436055885162,0.29258955330020553,0.6447380074262675,-0.4389112347406782,0.6447380074262674,0.17698465178190048,ok,-0.2610506376640149
2025-26,2026-03-24,0022500647,2026-01-24T20:00:00-05:00,3,Final,BOS,CHI,BOS @ CHI,184,184,0,0,0,184,0.20154893707830523,0.13166337363655192,1.5307897064423384,0.4257837502473102,1.530789706442338,0.3224455288943562,ok,1.6544984301292187
2025-26,2026-03-24,0022500648,2026-01-24T20:30:00-05:00,3,Final,LAL,DAL,LAL @ DAL,205,205,3,0,3,202,0.2650001932293236,0.23867145702499173,1.1103137196735466,0.10464260572834184,1.1103137196735469,0.729353075681264,ok,0.7454742892367466
2025-26,2026-03-24,0022500649,2026-01-24T21:30:00-05:00,3,Final,MIA,UTA,MIA @ UTA,222,222,129,1,129,93,0.18097389796974128,0.3129579952732699,0.578268971245543,-0.5477161703749636,0.578268971245543,0.22637069890452244,ok,-0.4047495893555371
2025-26,2026-03-24,0022500650,2026-01-25T15:00:00-05:00,3,Final,SAC,DET,SAC @ DET,199,199,79,1,79,120,0.14676273041642537,0.3181014940466818,0.46137076739063587,-0.7735532915767679,0.4613707673906358,0.08010146871704685,ok,-0.6574710114459531
2025-26,2026-03-24,0022500651,2026-03-18T20:30:00-04:00,3,Final,DEN,MEM,DEN @ MEM,217,217,0,2,2,215,0.20864983535127143,0.23965768590881184,0.8706160812662662,-0.13855417855938476,0.8706160812662662,0.651365425139026,ok,0.22727361503999455
2025-26,2026-03-24,0022500653,2026-01-25T19:00:00-05:00,3,Final,TOR,OKC,TOR @ OKC,192,192,0,1,1,191,0.14523353641477854,0.2619828934190766,0.554362670475809,-0.5899361665700178,0.554362670475809,0.10713323195837024,ok,-0.4564324563989623
2025-26,2026-03-24,0022500654,2026-01-25T19:00:00-05:00,3,Final,NOP,SAS,NOP @ SAS,188,188,26,1,27,161,0.1746687772680538,0.2506053482946461,0.6969874284673653,-0.36098790501646266,0.6969874284673653,0.3415372475143159,ok,-0.14809297404331043
2025-26,2026-03-24,0022500655,2026-01-25T20:00:00-05:00,3,Final,MIA,PHX,MIA @ PHX,202,202,14,0,14,188,0.1919166454658354,0.2744003001529336,0.6994039195980217,-0.3575268501391948,0.6994039195980217,0.2765277553882385,ok,-0.14286877850505933
2025-26,2026-03-24,0022500656,2026-01-25T21:00:00-05:00,3,Final,BKN,LAC,BKN @ LAC,204,204,167,0,167,37,0.09268559069079431,0.2593752340907641,0.35734171389069674,-1.0290627732421949,0.3573417138906968,0.3556711343255514,ok,-0.8823707059857934
2025-26,2026-03-24,0022500657,2026-01-26T15:00:00-05:00,3,Final,PHI,CHA,PHI @ CHA,203,203,131,0,131,72,0.03939484740888404,0.17161500774469177,0.22955362661225392,-1.4716186096216646,0.2295536266122539,0.1761187651029269,ok,-1.1586348920746254
2025-26,2026-03-24,0022500658,2026-01-26T19:00:00-05:00,3,Final,ORL,CLE,ORL @ CLE,192,192,5,0,5,187,0.11405323567153931,0.2775478212370354,0.4109318356858363,-0.889327928153327,0.41093183568583636,0.021869931752295728,ok,-0.7665145906354142
2025-26,2026-03-24,0022500659,2026-01-26T13:30:00-05:00,3,Final,IND,ATL,IND @ ATL,219,219,7,0,7,212,0.08240074431002531,0.1652117716517705,0.4987583117485579,-0.6956336457569106,0.4987583117485577,0.16114736100125382,ok,-0.5766431367052076
2025-26,2026-03-24,0022500660,2026-01-26T20:00:00-05:00,3,Final,POR,BOS,POR @ BOS,196,196,56,0,56,140,0.0654692036203683,0.27882488031135627,0.2348040230386205,-1.4490040572796614,0.2348040230386206,0.008387062729014409,ok,-1.1472840961885165
2025-26,2026-03-24,0022500661,2026-01-26T20:00:00-05:00,3,Final,LAL,CHI,LAL @ CHI,202,202,25,0,25,177,0.1344462170176276,0.22979378113865964,0.5850733485972867,-0.5360180573923898,0.5850733485972867,0.19482447198845287,ok,-0.39003925280574
2025-26,2026-03-24,0022500662,2026-01-26T20:00:00-05:00,3,Final,MEM,HOU,MEM @ HOU,197,197,0,1,1,196,0.0779863471798636,0.2350511030540866,0.3317846466856124,-1.1032691750944454,0.33178464668561247,0.02247417135833967,ok,-0.9376223536205669
2025-26,2026-03-24,0022500663,2026-01-26T21:30:00-05:00,3,Final,GSW,MIN,GSW @ MIN,213,213,88,0,88,125,0.09218016465860973,0.10648250140086818,0.8656836893001291,-0.1442356919912375,0.8656836893001291,0.8523451315895197,ok,0.21661031080705104
2025-26,2026-03-24,0022500664,2026-01-27T19:00:00-05:00,3,Final,POR,WAS,POR @ WAS,212,212,0,1,1,211,0.10024288506670052,0.20542665304540753,0.4879740947954929,-0.7174929589734836,0.487974094795493,0.09879574287240203,ok,-0.5999574610886079
2025-26,2026-03-24,0022500665,2026-01-27T19:30:00-05:00,3,Final,SAC,NYK,SAC @ NYK,191,191,6,0,6,185,0.22074455227538878,0.19031246219861944,1.1599059237907863,0.14833890164911914,1.1599059237907863,0.6752060605218957,ok,0.8526873338842319
2025-26,2026-03-24,0022500666,2026-01-27T20:00:00-05:00,3,Final,MIL,PHI,MIL @ PHI,195,195,29,0,29,166,0.22057249193684428,0.2240221311189707,0.9846013464611921,-0.015518444137956526,0.9846013464611917,0.9656403006739784,ok,0.47369757509646593
2025-26,2026-03-24,0022500667,2026-01-27T20:00:00-05:00,3,Final,NOP,OKC,NOP @ OKC,190,190,5,2,7,183,0.1484440095591343,0.2451559635899802,0.6055084583110724,-0.5016867469518385,0.6055084583110725,0.19071702362422893,ok,-0.3458607298076314
2025-26,2026-03-24,0022500668,2026-01-27T21:00:00-05:00,3,Final,DET,DEN,DET @ DEN,187,187,6,1,7,180,0.17395423285209882,0.21830272924061683,0.7968486397637458,-0.2270905306946473,0.7968486397637459,0.5595402314720468,ok,0.06779629113151457
2025-26,2026-03-24,0022500669,2026-01-27T21:00:00-05:00,3,Final,BKN,PHX,BKN @ PHX,177,177,0,0,0,177,0.1762898793385165,0.30021939234774087,0.587203504610128,-0.5323838333581431,0.5872035046101279,0.1137807644191082,ok,-0.38543408318732647
2025-26,2026-03-24,0022500670,2026-01-27T22:00:00-05:00,3,Final,LAC,UTA,LAC @ UTA,188,188,39,0,39,149,0.10295086297876041,0.2290080711225277,0.44955124277553493,-0.7995054320672773,0.449551242775535,0.11277333150830006,ok,-0.6830235603359983
2025-26,2026-03-24,0022500671,2026-01-28T19:00:00-05:00,3,Final,LAL,CLE,LAL @ CLE,194,194,65,0,65,129,0.21333092509891632,0.19582540832841544,1.0893934904562674,0.08562111060193237,1.0893934904562677,0.8429439141779446,ok,0.7002469897239977
2025-26,2026-03-24,0022500672,2026-01-28T19:00:00-05:00,3,Final,CHI,IND,CHI @ IND,193,193,0,1,1,192,0.1395387304144237,0.2509768920922926,0.5559823824860761,-0.5870186714096943,0.5559823824860761,0.12552029267173323,ok,-0.45293081215539727
2025-26,2026-03-24,0022500673,2026-01-28T19:30:00-05:00,3,Final,ATL,BOS,ATL @ BOS,191,191,99,0,99,92,0.03194760176804764,0.21417246438455645,0.1491676432815577,-1.9026844828178346,0.1491676432815577,0.06850370415265894,ok,-1.3324207959939458
2025-26,2026-03-24,0022500674,2026-01-28T19:30:00-05:00,3,Final,ORL,MIA,ORL @ MIA,214,214,6,2,8,206,0.189723352240027,0.17513133538993989,1.0833204224566504,0.08003078987019685,1.0833204224566502,0.8231976634036459,ok,0.6871176658276272
2025-26,2026-03-24,0022500675,2026-01-28T19:30:00-05:00,3,Final,NYK,TOR,NYK @ TOR,202,202,35,0,35,167,0.24428006871695174,0.21971764449491335,1.1117908590295624,0.10597210172754051,1.1117908590295627,0.7586518149431691,ok,0.7486677066406734
2025-26,2026-03-24,0022500676,2026-01-28T20:00:00-05:00,3,Final,CHA,MEM,CHA @ MEM,184,184,59,1,59,125,0.15882334897735018,0.11762380736071344,1.3502653292822882,0.30030111334794357,1.350265329282288,0.6082380657985592,ok,1.2642240220253906
2025-26,2026-03-24,0022500677,2026-01-28T20:30:00-05:00,3,Final,MIN,DAL,MIN @ DAL,208,208,27,0,27,181,0.3224190796969033,0.2605722317175506,1.2373501104537956,0.212972085259122,1.2373501104537956,0.4631332520918152,ok,1.020113387841431
2025-26,2026-03-24,0022500678,2026-01-28T21:00:00-05:00,3,Final,GSW,UTA,GSW @ UTA,216,216,66,0,66,150,0.19903624287497526,0.22053392572926156,0.902519837783698,-0.10256460809291303,0.9025198377836979,0.79560060508985,ok,0.29624612660329597
2025-26,2026-03-24,0022500679,2026-01-28T21:30:00-05:00,3,Final,SAS,HOU,SAS @ HOU,195,195,4,0,4,191,0.2583181569420431,0.1566125696348489,1.6494088408377854,0.5004169454353622,1.6494088408377856,0.15083177106520962,ok,1.9109403201069248
2025-26,2026-03-24,0022500680,2026-01-29T19:00:00-05:00,3,Final,SAC,PHI,SAC @ PHI,182,182,0,1,1,181,0.2032133674060435,0.3638536303042619,0.5585030640923173,-0.5824951741990909,0.5585030640923173,0.05793969179340829,ok,-0.4474813679453125
2025-26,2026-03-24,0022500681,2026-01-29T19:00:00-05:00,3,Final,MIL,WAS,MIL @ WAS,201,201,20,2,22,179,0.27547497357246803,0.16243490019094503,1.6959100122488606,0.5282194771465122,1.6959100122488604,0.1430317683250783,ok,2.011470882428168
2025-26,2026-03-24,0022500682,2026-01-29T20:00:00-05:00,3,Final,HOU,ATL,HOU @ ATL,180,180,40,0,40,140,0.0853507142812247,0.1932687797727077,0.4416166666007866,-0.8173130433347312,0.44161666660078663,0.14792618726232618,ok,-0.7001772659400298
2025-26,2026-03-24,0022500683,2026-01-29T20:30:00-05:00,3,Final,CHA,DAL,CHA @ DAL,202,202,1,1,2,200,0.07824752758795007,0.19838322459053626,0.3944261302811933,-0.9303234051998446,0.3944261302811933,0.0577477735689081,ok,-0.8021981615108426
2025-26,2026-03-24,0022500684,2026-01-29T21:00:00-05:00,3,Final,BKN,DEN,BKN @ DEN,176,176,15,2,17,159,0.14232115743622145,0.25061939472575956,0.5678776680151051,-0.5658492566699698,0.5678776680151052,0.15805103181077496,ok,-0.42721447626713155
2025-26,2026-03-24,0022500685,2026-01-29T21:00:00-05:00,3,Final,DET,PHX,DET @ PHX,190,190,42,0,42,148,0.18104687003288986,0.26949620680906045,0.6717974704599926,-0.39779836712810324,0.6717974704599926,0.30511156183973065,ok,-0.20255097083103313
2025-26,2026-03-24,0022500686,2026-01-29T21:30:00-05:00,3,Final,OKC,MIN,OKC @ MIN,196,196,111,0,111,85,0.21955882850398772,0.19073224349735893,1.1511364018901604,0.1407496300077649,1.1511364018901609,0.7923539881873801,ok,0.8337285648638798
2025-26,2026-03-24,0022500687,2026-01-30T19:30:00-05:00,3,Final,TOR,ORL,TOR @ ORL,205,205,0,2,2,203,0.30062512178252865,0.3276875660548203,0.9174138811609219,-0.08619656595367929,0.9174138811609219,0.7432011638495823,ok,0.3284454564376556
2025-26,2026-03-24,0022500688,2026-01-30T19:00:00-05:00,3,Final,LAL,WAS,LAL @ WAS,208,208,163,0,163,45,9.956604866759912e-11,0.051111138182218144,1.9480303551964086e-09,-20.05644704909778,1.94803035519641e-09,0.9993622362519593,ok,-1.6549052928000074
2025-26,2026-03-24,0022500689,2026-01-30T19:30:00-05:00,3,Final,SAC,BOS,SAC @ BOS,180,180,108,0,108,72,0.22716415540807036,0.388488320823367,0.5847386992911803,-0.5365901994144171,0.5847386992911802,0.2562430829458261,ok,-0.39076272883660995
2025-26,2026-03-24,0022500690,2026-01-30T19:30:00-05:00,3,Final,POR,NYK,POR @ NYK,200,200,112,0,112,88,0.047493564610645196,0.19419066442805766,0.24457182197983707,-1.4082462627746386,0.2445718219798371,0.17765805592313944,ok,-1.1261671589070725
2025-26,2026-03-24,0022500691,2026-01-30T19:30:00-05:00,3,Final,MEM,NOP,MEM @ NOP,198,198,5,1,6,192,0.14822353425963566,0.22090037924417164,0.6709971923397976,-0.3989903263116126,0.6709971923397975,0.3020717348220685,ok,-0.20428108658930905
2025-26,2026-03-24,0022500692,2026-01-31T20:00:00-05:00,3,Final,CHI,MIA,CHI @ MIA,226,226,0,2,2,224,0.16323348173456692,0.18517115615285765,0.8815275830530468,-0.12609898659230684,0.8815275830530468,0.7285108604321591,ok,0.25086311562907093
2025-26,2026-03-24,0022500693,2026-01-30T21:00:00-05:00,3,Final,CLE,PHX,CLE @ PHX,205,205,75,1,76,129,0.05654181659503823,0.18156971416756215,0.3114055494015838,-1.1666591989266932,0.3114055494015838,0.12030736990965116,ok,-0.9816797837324193
2025-26,2026-03-24,0022500694,2026-01-30T21:30:00-05:00,3,Final,BKN,UTA,BKN @ UTA,185,185,1,0,1,184,0.12744821583840774,0.3263273393115777,0.39055328955052715,-0.940190854094763,0.39055328955052715,0.011683537566837356,ok,-0.8105708292226446
2025-26,2026-03-24,0022500695,2026-01-30T21:00:00-05:00,3,Final,LAC,DEN,LAC @ DEN,188,188,13,0,13,175,0.26632714039070754,0.22623743550310751,1.1772019064769206,0.1631403568771609,1.1772019064769206,0.6173272054288806,ok,0.8900793997735966
2025-26,2026-03-24,0022500696,2026-01-30T22:00:00-05:00,3,Final,DET,GSW,DET @ GSW,223,223,27,2,29,194,0.23006354810884788,0.24908802065963442,0.9236234946168589,-0.07945076373865792,0.923623494616859,0.8040591102900174,ok,0.34186997701595273
2025-26,2026-03-24,0022500697,2026-01-31T12:00:00-05:00,3,Final,SAS,CHA,SAS @ CHA,188,188,21,1,22,166,0.12071051748054866,0.24997679822649535,0.48288688525075446,-0.727972844784223,0.48288688525075446,0.08946789943283227,ok,-0.6109554643788379
2025-26,2026-03-24,0022500698,2026-01-31T19:00:00-05:00,3,Final,ATL,IND,ATL @ IND,215,215,0,1,1,214,0.08094668301366402,0.20363796408371687,0.39750290854600334,-0.9225530278176567,0.3975029085460033,0.05785453779868456,ok,-0.7955464957632251
2025-26,2026-03-24,0022500699,2026-01-31T19:30:00-05:00,3,Final,NOP,PHI,NOP @ PHI,201,201,1,1,2,199,0.07239325851419658,0.2154960179327061,0.33593780158296543,-1.0908292504911188,0.33593780158296543,0.02730015516947836,ok,-0.9286436766417181
2025-26,2026-03-24,0022500700,2026-01-31T20:00:00-05:00,3,Final,MIN,MEM,MIN @ MEM,202,202,79,0,79,123,0.026331870258778728,0.21170690622815766,0.12437889121293347,-2.0844227978586427,0.12437889121293347,0.043319486440610275,ok,-1.3860114284249205
2025-26,2026-03-24,0022500701,2026-01-31T20:30:00-05:00,3,Final,DAL,HOU,DAL @ HOU,197,197,0,0,0,197,0.1571903118532561,0.21467740396921176,0.7322163811697656,-0.3116792060117562,0.7322163811697656,0.4126331806331047,ok,-0.07193174374111459
2025-26,2026-03-24,0022500702,2026-02-01T15:30:00-05:00,3,Final,MIL,BOS,MIL @ BOS,173,173,80,0,80,93,0.09802522476154109,0.19232115315693343,0.5096954919023017,-0.6739418062852184,0.5096954919023016,0.3141822428786438,ok,-0.5529981222313846
2025-26,2026-03-24,0022500703,2026-02-01T21:00:00-05:00,3,Final,ORL,SAS,ORL @ SAS,202,202,20,0,20,182,0.15807975029616372,0.2638591800709476,0.5991065016334036,-0.5123158976169702,0.5991065016334035,0.17601374705516837,ok,-0.3597010758727413
2025-26,2026-03-24,0022500704,2026-02-01T18:00:00-05:00,3,Final,BKN,DET,BKN @ DET,201,201,119,0,119,82,0.2367746081886642,0.3051337664995823,0.7759698669369924,-0.2536415908196339,0.7759698669369923,0.5769015107463558,ok,0.022658615904023557
2025-26,2026-03-24,0022500705,2026-02-01T18:00:00-05:00,3,Final,CHI,MIA,CHI @ MIA,212,212,194,0,194,18,0.12955221712140477,0.38906324925758146,0.33298497704067137,-1.0996579040113363,0.33298497704067187,0.3483364522438822,ok,-0.9350273676900276
2025-26,2026-03-24,0022500706,2026-02-01T18:00:00-05:00,3,Final,UTA,TOR,UTA @ TOR,206,206,0,1,1,205,0.18629532294491577,0.2736315545276493,0.6808254379379021,-0.38444933764736683,0.6808254379379021,0.24049208061173233,ok,-0.18303347009650384
2025-26,2026-03-24,0022500707,2026-02-01T18:00:00-05:00,3,Final,SAC,WAS,SAC @ WAS,193,193,5,2,7,186,0.22227642648069706,0.2357429125523833,0.9428763905311728,-0.05882008603157167,0.9428763905311728,0.8581563509099288,ok,0.3834926801403166
2025-26,2026-03-24,0022500708,2026-02-01T19:00:00-05:00,3,Final,LAL,NYK,LAL @ NYK,185,185,0,0,0,185,0.1693726390178185,0.19847793370914657,0.8533575287317352,-0.158576676596103,0.8533575287317352,0.6763964671373925,ok,0.189962469137681
2025-26,2026-03-24,0022500709,2026-02-01T20:00:00-05:00,3,Final,LAC,PHX,LAC @ PHX,188,188,45,0,45,143,0.23429657712402005,0.27423942976057086,0.8543504386972233,-0.15741381960144935,0.854350438697223,0.6691695798420034,ok,0.19210903435605972
2025-26,2026-03-24,0022500710,2026-02-01T21:00:00-05:00,3,Final,CLE,POR,CLE @ POR,205,205,64,0,64,141,0.2034932809106022,0.14751197067965308,1.3795035072273687,0.32172365706223544,1.3795035072273687,0.4843752214191507,ok,1.327433837625164
2025-26,2026-03-24,0022500711,2026-02-01T21:30:00-05:00,3,Final,OKC,DEN,OKC @ DEN,197,197,44,0,44,153,0.06829175280146726,0.28593282404219245,0.23883845106006468,-1.431967892586204,0.2388384510600647,0.008556031700767476,ok,-1.1385620940252814
2025-26,2026-03-24,0022500712,2026-02-02T15:00:00-05:00,3,Final,NOP,CHA,NOP @ CHA,193,193,29,1,30,163,0.0924640239195899,0.3436627658053852,0.2690545299631089,-1.3128412063064216,0.26905452996310897,0.0029431504629840993,ok,-1.073238161077162
2025-26,2026-03-24,0022500713,2026-02-02T19:00:00-05:00,3,Final,HOU,IND,HOU @ IND,196,196,0,1,1,195,0.3182876162180814,0.27230380700583406,1.1688695054170217,0.15603704701771057,1.1688695054170215,0.5674041670688507,ok,0.8720656392893124
2025-26,2026-03-24,0022500714,2026-02-02T19:30:00-05:00,3,Final,MIN,MEM,MIN @ MEM,196,196,18,1,19,177,0.3454864169940915,0.2752010841813928,1.2553962787674617,0.22745128271613152,1.255396278767462,0.4216813381876966,ok,1.0591272748740612
2025-26,2026-03-24,0022500715,2026-02-02T22:00:00-05:00,3,Final,PHI,LAC,PHI @ LAC,187,187,102,0,102,85,0.09550369415644167,0.31723755490190975,0.30104788251180264,-1.2004859487725414,0.30104788251180264,0.05949731361485089,ok,-1.0040719524707282
2025-26,2026-03-24,0022500716,2026-02-03T19:00:00-05:00,3,Final,DEN,DET,DEN @ DET,199,199,39,3,42,157,0.22063987256681983,0.3787715499040627,0.5825143747536072,-0.5404014161581742,0.5825143747536075,0.09416467784007908,ok,-0.3955714807403071
2025-26,2026-03-24,0022500717,2026-02-03T19:00:00-05:00,3,Final,UTA,IND,UTA @ IND,207,207,0,0,0,207,0.1536722659366954,0.2088473050024141,0.7358115822223278,-0.30678119544278826,0.7358115822223278,0.41872501433362563,ok,-0.06415930333790534
2025-26,2026-03-24,0022500718,2026-02-03T19:00:00-05:00,3,Final,NYK,WAS,NYK @ WAS,201,201,166,0,166,35,0.09852837267364763,0.28168289499136917,0.34978472042708364,-1.0504373982347959,0.3497847204270836,0.32644368040072547,ok,-0.898708118126212
2025-26,2026-03-24,0022500719,2026-02-03T19:30:00-05:00,3,Final,LAL,BKN,LAL @ BKN,206,206,166,0,166,40,0.32742473536879,0.3639405300250668,0.8996654902553399,-0.10573226224109283,0.8996654902553397,0.8524942653790657,ok,0.2900753323334177
2025-26,2026-03-24,0022500720,2026-02-03T19:30:00-05:00,3,Final,ATL,MIA,ATL @ MIA,212,212,71,0,71,141,0.08697883041926746,0.25260020795599436,0.34433396204653993,-1.0661432726468736,0.34433396204653993,0.04860313118622189,ok,-0.9104920751415997
2025-26,2026-03-24,0022500721,2026-02-03T20:00:00-05:00,3,Final,BOS,DAL,BOS @ DAL,189,189,31,0,31,158,0.23586418242735663,0.1526539458776206,1.5450906366773112,0.4350825731450725,1.5450906366773114,0.27187752344298477,ok,1.685415512744825
2025-26,2026-03-24,0022500722,2026-02-03T20:00:00-05:00,3,Final,CHI,MIL,CHI @ MIL,200,200,115,0,115,85,0.1489608080575047,0.24076784613480445,0.6186906202338266,-0.48014993700325886,0.6186906202338267,0.40255701301813585,ok,-0.317362304703688
2025-26,2026-03-24,0022500723,2026-02-03T20:00:00-05:00,3,Final,ORL,OKC,ORL @ OKC,193,193,162,0,162,31,1.227300059316254,0.14007755396943278,8.761575459720484,2.1703757357778226,8.761575459720486,0.021859608733096378,ok,17.286684367457152
2025-26,2026-03-24,0022500724,2026-02-03T22:00:00-05:00,3,Final,PHI,GSW,PHI @ GSW,180,180,31,0,31,149,0.10664726026270996,0.1255682229024711,0.8493172699078726,-0.1633224641183574,0.8493172699078724,0.7778073599787116,ok,0.18122786140284156
2025-26,2026-03-24,0022500725,2026-02-03T23:00:00-05:00,3,Final,PHX,POR,PHX @ POR,194,194,19,3,22,172,0.19464156930513982,0.157514894757172,1.2357026273940823,0.21163973736519262,1.2357026273940825,0.619100957564885,ok,1.016551705557267
2025-26,2026-03-24,0022500726,2026-02-04T19:00:00-05:00,3,Final,DEN,NYK,DEN @ NYK,220,220,0,1,1,219,0.14480902540182114,0.22008285265824104,0.6579750473640489,-0.4185882703150102,0.6579750473640489,0.25939666125266025,ok,-0.23243357215720972
2025-26,2026-03-24,0022500727,2026-02-04T19:30:00-05:00,3,Final,MIN,TOR,MIN @ TOR,205,205,10,2,12,193,0.1555019934368131,0.2699135753976343,0.5761177191911483,-0.5514432655719407,0.5761177191911482,0.11756560546115591,ok,-0.4094003663609422
2025-26,2026-03-24,0022500728,2026-02-04T20:00:00-05:00,3,Final,BOS,HOU,BOS @ HOU,179,179,77,0,77,102,0.0787056112074358,0.29741743010510546,0.26463012332404906,-1.3294221890190148,0.26463012332404906,0.03321910094581159,ok,-1.0828032553288864
2025-26,2026-03-24,0022500729,2026-02-04T20:00:00-05:00,3,Final,NOP,MIL,NOP @ MIL,211,211,0,1,1,210,0.12436784038622917,0.1853444834417853,0.6710091289298705,-0.3989725371404528,0.6710091289298705,0.32868744903788494,ok,-0.20425528095741172
2025-26,2026-03-24,0022500730,2026-02-04T21:30:00-05:00,3,Final,OKC,SAS,OKC @ SAS,209,209,37,0,37,172,0.15533685261314478,0.18257409759710164,0.8508153930791262,-0.1615601033430808,0.8508153930791261,0.6991853788743037,ok,0.1844666435724611
2025-26,2026-03-24,0022500731,2026-02-04T22:00:00-05:00,3,Final,MEM,SAC,MEM @ SAC,204,204,0,0,0,204,0.3364371037906511,0.29091553626992556,1.156476921461109,0.14537824698752738,1.1564769214611093,0.5799736038715746,ok,0.8452741973557787
2025-26,2026-03-24,0022500732,2026-02-04T22:30:00-05:00,3,Final,CLE,LAC,CLE @ LAC,197,197,126,0,126,71,0.09909057874690048,0.21646535252120244,0.4577664628208559,-0.7813961314191648,0.457766462820856,0.309967454035902,ok,-0.6652631326803594
2025-26,2026-03-24,0022500733,2026-02-05T19:00:00-05:00,3,Final,WAS,DET,WAS @ DET,204,204,44,0,44,160,0.13172816708500112,0.3122831856756497,0.4218227977916796,-0.8631699635794616,0.4218227977916796,0.030875762464269603,ok,-0.742969494641144
2025-26,2026-03-24,0022500734,2026-02-05T19:00:00-05:00,3,Final,BKN,ORL,BKN @ ORL,192,192,126,0,126,66,0.06286011298671189,0.32179435730134665,0.1953424961017762,-1.6330008708025294,0.1953424961017762,0.12469500341918135,ok,-1.23259569958763
2025-26,2026-03-24,0022500735,2026-02-05T19:30:00-05:00,3,Final,UTA,ATL,UTA @ ATL,198,198,0,1,1,197,0.2127506614544483,0.22866678182548955,0.9303960101070217,-0.07214496614992388,0.9303960101070216,0.8255838016076992,ok,0.35651143162656146
2025-26,2026-03-24,0022500736,2026-02-05T19:30:00-05:00,3,Final,CHI,TOR,CHI @ TOR,189,189,16,0,16,173,0.1332751493928712,0.14846028593156796,0.897715833945677,-0.10790170402629334,0.8977158339456771,0.8204443681255775,ok,0.2858603837805971
2025-26,2026-03-24,0022500737,2026-02-05T20:00:00-05:00,3,Final,CHA,HOU,CHA @ HOU,191,191,36,0,36,155,0.1949944769688135,0.18374778988527693,1.0612071965086407,0.059407124740399046,1.0612071965086407,0.8866899157355327,ok,0.6393112348962839
2025-26,2026-03-24,0022500738,2026-02-05T20:30:00-05:00,3,Final,SAS,DAL,SAS @ DAL,210,210,0,0,0,210,0.1393738492702905,0.23146385264454644,0.6021408858355245,-0.5072638314268602,0.6021408858355246,0.17316472467443011,ok,-0.353141061557376
2025-26,2026-03-24,0022500739,2026-02-05T22:00:00-05:00,3,Final,GSW,PHX,GSW @ PHX,179,179,0,0,0,179,0.03645045433548145,0.1772321185072986,0.20566506027506734,-1.5815063544314365,0.2056650602750674,0.03413004758017179,ok,-1.2102794191704247
2025-26,2026-03-24,0022500740,2026-02-05T22:00:00-05:00,3,Final,PHI,LAL,PHI @ LAL,206,206,1,1,2,204,0.08162300099541639,0.2101682818386844,0.3883697401022029,-0.9457974547086828,0.38836974010220293,0.053174007540505414,ok,-0.815291429741624
2025-26,2026-03-24,0022500741,2026-02-06T19:30:00-05:00,3,Final,MIA,BOS,MIA @ BOS,186,186,80,0,80,106,0.11267060821998756,0.15118355450808768,0.7452570392764523,-0.2940261009449793,0.7452570392764521,0.653447851425544,ok,-0.04373923476289887
2025-26,2026-03-24,0022500742,2026-02-06T19:30:00-05:00,3,Final,NYK,DET,NYK @ DET,186,186,127,0,127,59,0.14215604170583301,0.2111016799000548,0.6734008074835605,-0.39541457314159545,0.6734008074835605,0.5714862566807896,ok,-0.19908472755847428
2025-26,2026-03-24,0022500743,2026-02-06T20:00:00-05:00,3,Final,IND,MIL,IND @ MIL,184,184,50,1,51,133,0.1247709918589861,0.18294011757791956,0.6820318774849506,-0.3826788810507302,0.6820318774849508,0.46660908464360373,ok,-0.18042527674586292
2025-26,2026-03-24,0022500744,2026-02-06T20:00:00-05:00,3,Final,NOP,MIN,NOP @ MIN,193,193,7,1,8,185,0.20050884309242747,0.2413349230042191,0.8308322749000654,-0.1853273397568116,0.8308322749000654,0.5820661414698429,ok,0.14126527796139224
2025-26,2026-03-24,0022500745,2026-02-06T22:00:00-05:00,3,Final,MEM,POR,MEM @ POR,207,207,63,0,63,144,0.037463532646401364,0.22071461510219673,0.1697374350541071,-1.77350253558278,0.1697374350541071,0.017638022637230084,ok,-1.2879511047802583
2025-26,2026-03-24,0022500746,2026-02-06T22:00:00-05:00,3,Final,LAC,SAC,LAC @ SAC,196,196,0,3,3,193,0.21384811425385378,0.2604659319127006,0.8210214390937255,-0.19720605648000536,0.8210214390937254,0.5374414160562825,ok,0.12005529957753949
2025-26,2026-03-24,0022500747,2026-02-07T15:00:00-05:00,3,Final,WAS,BKN,WAS @ BKN,195,195,146,0,146,49,0.11913650935382628,0.3778527526917969,0.3152987731466981,-1.154234603505302,0.3152987731466979,0.1182205488264526,ok,-0.9732630501220153
2025-26,2026-03-24,0022500748,2026-02-07T15:30:00-05:00,3,Final,HOU,OKC,HOU @ OKC,191,191,1,3,4,187,0.19989508191813238,0.3236709816296478,0.6175872823435781,-0.4819348725438587,0.6175872823435781,0.11979588175998716,ok,-0.31974760329232954
2025-26,2026-03-24,0022500749,2026-02-07T18:00:00-05:00,3,Final,DAL,SAS,DAL @ SAS,218,218,91,0,91,127,0.14605238382036684,0.24441668143758752,0.5975548925766007,-0.514909128975211,0.5975548925766007,0.26746546180410324,ok,-0.36305548881008903
2025-26,2026-03-24,0022500750,2026-02-07T19:00:00-05:00,3,Final,UTA,ORL,UTA @ ORL,228,228,3,1,4,224,0.14131676823127923,0.2588356664158357,0.5459710023279596,-0.6051894139370313,0.5459710023279597,0.0793412202959675,ok,-0.4745743459926434
2025-26,2026-03-24,0022500751,2026-02-07T19:30:00-05:00,3,Final,CHA,ATL,CHA @ ATL,193,193,0,2,2,191,0.1205174867486932,0.19561058488195232,0.6161092295768322,-0.4843310104264709,0.6161092295768322,0.2619742505887044,ok,-0.3229429953926249
2025-26,2026-03-24,0022500752,2026-02-07T20:00:00-05:00,3,Final,DEN,CHI,DEN @ CHI,201,201,17,0,17,184,0.1730622639480523,0.2965268150000281,0.5836310754831259,-0.5384862158362432,0.5836310754831258,0.11346362278781769,ok,-0.39315729312144826
2025-26,2026-03-24,0022500753,2026-02-07T20:30:00-05:00,3,Final,GSW,LAL,GSW @ LAL,192,192,0,0,0,192,0.3060840488748961,0.23859818787850337,1.282843141418816,0.24907881893773148,1.2828431414188155,0.39413619866450067,ok,1.1184644582732173
2025-26,2026-03-24,0022500754,2026-02-07T21:00:00-05:00,3,Final,PHI,PHX,PHI @ PHX,192,192,27,2,29,163,0.3119243813503381,0.27035770444755425,1.1537469664040858,0.14301487749589778,1.1537469664040856,0.6449828744387325,ok,0.839372326313259
2025-26,2026-03-24,0022500755,2026-02-07T22:00:00-05:00,3,Final,MEM,POR,MEM @ POR,205,205,0,1,1,204,0.15718154275646515,0.18399719339322027,0.8542605452712129,-0.15751904358389693,0.8542605452712125,0.6844392276272591,ok,0.1919146943772682
2025-26,2026-03-24,0022500756,2026-02-07T22:00:00-05:00,3,Final,CLE,SAC,CLE @ SAC,204,204,0,2,2,202,0.0708089528967686,0.25877659809679143,0.27362966132773564,-1.295979687824237,0.27362966132773564,0.007113140418721922,ok,-1.0633472160789474
2025-26,2026-03-24,0022500757,2026-02-08T12:30:00-05:00,3,Final,NYK,BOS,NYK @ BOS,182,182,46,0,46,136,0.3004207413449748,0.2417170797319076,1.2428610410078444,0.2174160130433993,1.2428610410078444,0.5250082979270891,ok,1.0320274306644448
2025-26,2026-03-24,0022500758,2026-02-08T14:00:00-05:00,3,Final,MIA,WAS,MIA @ WAS,208,208,137,0,137,71,1.286211797701018e-10,0.16885897961389107,7.617076691106623e-10,-20.995458270186862,7.617076691106616e-10,0.9986821418090309,ok,-1.6549052953647103
2025-26,2026-03-24,0022500759,2026-02-08T15:00:00-05:00,3,Final,IND,TOR,IND @ TOR,206,206,64,0,64,142,0.22806645241576473,0.21395140343620403,1.0659731544306954,0.06388814196565783,1.0659731544306952,0.8739139784992697,ok,0.6496147265151947
2025-26,2026-03-24,0022500760,2026-02-08T15:00:00-05:00,3,Final,LAC,MIN,LAC @ MIN,194,194,71,0,71,123,0.2558388905850172,0.19357422160193377,1.3216578554097174,0.27888689961946767,1.3216578554097174,0.5032597964960521,ok,1.2023777212176898
2025-26,2026-03-24,0022500761,2026-02-09T19:00:00-05:00,3,Final,DET,CHA,DET @ CHA,186,186,2,2,4,182,0.2486228478765122,0.2737196726057515,0.9083119437842264,-0.096167408957621,0.9083119437842264,0.7509426488246154,ok,0.30876804068821045
2025-26,2026-03-24,0022500762,2026-02-09T19:30:00-05:00,3,Final,CHI,BKN,CHI @ BKN,212,212,1,1,2,210,0.37713896930039753,0.20952492675132497,1.7999718465383623,0.5877710239677791,1.799971846538362,0.030386340255214257,ok,2.2364414455312733
2025-26,2026-03-24,0022500763,2026-02-09T19:30:00-05:00,3,Final,UTA,MIA,UTA @ MIA,205,205,1,1,2,203,0.18509945151896054,0.32601240568990336,0.5677681225880206,-0.5660421784917752,0.5677681225880206,0.06227747238521582,ok,-0.4274513017717446
2025-26,2026-03-24,0022500764,2026-02-09T19:30:00-05:00,3,Final,MIL,ORL,MIL @ ORL,197,197,35,0,35,162,0.12896648817987816,0.23207815061043333,0.5557028433769341,-0.5875215819612252,0.5557028433769341,0.1788066419174149,ok,-0.45353514583087395
2025-26,2026-03-24,0022500765,2026-02-09T20:00:00-05:00,3,Final,ATL,MIN,ATL @ MIN,214,214,125,0,125,89,0.29826469950171086,0.15968958612355902,1.8677780232389734,0.6247495015031396,1.867778023238973,0.25259358547400457,ok,2.3830311521067618
2025-26,2026-03-24,0022500766,2026-02-09T20:00:00-05:00,3,Final,SAC,NOP,SAC @ NOP,198,198,117,0,117,81,0.06041338720630046,0.13964881686039163,0.4326093737456892,-0.8379200973075297,0.43260937374568925,0.42855889333547326,ok,-0.7196500703498429
2025-26,2026-03-24,0022500767,2026-02-09T21:00:00-05:00,3,Final,CLE,DEN,CLE @ DEN,197,197,0,1,1,196,0.2945636403386019,0.3405413151351501,0.8649865001598964,-0.14504137892360902,0.8649865001598965,0.5827447821940348,ok,0.2151030624048063
2025-26,2026-03-24,0022500768,2026-02-09T22:00:00-05:00,3,Final,MEM,GSW,MEM @ GSW,201,201,8,0,8,193,0.17053229260521371,0.2201707455651171,0.7745456471408348,-0.25547868330116963,0.7745456471408348,0.47480941457007764,ok,0.01957960493221247
2025-26,2026-03-24,0022500769,2026-02-09T22:00:00-05:00,3,Final,OKC,LAL,OKC @ LAL,196,196,0,1,1,195,0.20140287711356494,0.22312963934480654,0.9026271798984679,-0.10244567914824002,0.9026271798984676,0.7654095845255183,ok,0.29647818878218535
2025-26,2026-03-24,0022500770,2026-02-09T22:00:00-05:00,3,Final,PHI,POR,PHI @ POR,201,201,91,0,91,110,0.1351701623963688,0.27434212713114126,0.49270654787827994,-0.7078415197330714,0.4927065478782799,0.1509361054906312,ok,-0.5897264033510351
2025-26,2026-03-24,0022500771,2026-02-10T19:30:00-05:00,3,Final,IND,NYK,IND @ NYK,222,222,0,3,3,219,0.2554326647381287,0.2631837660600714,0.9705487103631859,-0.029893686634982514,0.9705487103631859,0.9158225472815542,ok,0.4433172778661063
2025-26,2026-03-24,0022500772,2026-02-10T20:00:00-05:00,3,Final,LAC,HOU,LAC @ HOU,183,183,11,1,12,171,0.15279872517882598,0.24085855901450381,0.6343919261329836,-0.4550883355189926,0.6343919261329836,0.24851583463306026,ok,-0.2834177595810212
2025-26,2026-03-24,0022500773,2026-02-10T21:00:00-05:00,3,Final,DAL,PHX,DAL @ PHX,205,205,128,0,128,77,0.08225142265041777,0.24675232768180935,0.333335954408836,-1.098604425472517,0.33333595440883595,0.2969728353629961,ok,-0.9342685921342098
2025-26,2026-03-24,0022500774,2026-02-10T22:30:00-05:00,3,Final,SAS,LAL,SAS @ LAL,212,212,162,0,162,50,0.3289911382654621,0.22038618354569878,1.4927938447522653,0.4006494278121584,1.4927938447522653,0.48248321986280696,ok,1.5723554383362532
2025-26,2026-03-24,0022500775,2026-02-11T19:00:00-05:00,3,Final,ATL,CHA,ATL @ CHA,199,199,56,0,56,143,0.17436704859072977,0.24711754965083907,0.7056036644791072,-0.3487015808802705,0.705603664479107,0.3963594745418847,ok,-0.12946559273079034
2025-26,2026-03-24,0022500776,2026-02-11T19:00:00-05:00,3,Final,WAS,CLE,WAS @ CLE,211,211,106,0,106,105,0.20899733938337933,0.3229074543551264,0.6472360317626137,-0.4350442414831465,0.6472360317626138,0.2926848279736689,ok,-0.2556501760497249
2025-26,2026-03-24,0022500777,2026-02-11T19:00:00-05:00,3,Final,MIL,ORL,MIL @ ORL,184,184,0,0,0,184,0.11577543670022032,0.3199599383965499,0.36184353978944483,-1.016543371112653,0.3618435397894448,0.0076288245984803,ok,-0.8726382395695669
2025-26,2026-03-24,0022500778,2026-02-11T19:30:00-05:00,3,Final,CHI,BOS,CHI @ BOS,192,192,130,0,130,62,2.883601919410438e-10,0.07516523194646599,3.8363507232495346e-09,-19.37874425468609,3.836350723249534e-09,0.9987170070943469,ok,-1.654905288717661
2025-26,2026-03-24,0022500779,2026-02-11T19:30:00-05:00,3,Final,IND,BKN,IND @ BKN,204,204,15,1,16,188,0.14999206161297726,0.2265681208771643,0.6620175028696851,-0.41246328401445415,0.6620175028696851,0.28995582274230447,ok,-0.22369421543116771
2025-26,2026-03-24,0022500780,2026-02-11T19:30:00-05:00,3,Final,NYK,PHI,NYK @ PHI,204,204,150,0,150,54,0.07349433988887154,0.1732951654950249,0.42409919329793117,-0.8577879046539997,0.42409919329793117,0.42487997702580704,ok,-0.7380481708687602
2025-26,2026-03-24,0022500781,2026-02-11T19:30:00-05:00,3,Final,DET,TOR,DET @ TOR,185,185,88,0,88,97,0.4225209494410986,0.33089109922787063,1.276918449686452,0.24444971415486969,1.2769184496864523,0.5054427341087377,ok,1.105655908007477
2025-26,2026-03-24,0022500782,2026-02-11T20:00:00-05:00,3,Final,LAC,HOU,LAC @ HOU,184,184,2,1,3,181,0.12552681735402807,0.23787267188731573,0.5277059208108287,-0.6392161186015684,0.5277059208108287,0.11030063843951084,ok,-0.5140614999726653
2025-26,2026-03-24,0022500783,2026-02-11T20:00:00-05:00,3,Final,POR,MIN,POR @ MIN,218,218,92,0,92,126,0.13449577759971085,0.1576148607364579,0.8533191411728389,-0.15862166175302195,0.8533191411728388,0.7697298245290808,ok,0.1898794793383947
2025-26,2026-03-24,0022500784,2026-02-11T20:00:00-05:00,3,Final,MIA,NOP,MIA @ NOP,206,206,7,2,9,197,0.1534283222969282,0.21999198325358166,0.6974268790516496,-0.3603576036828299,0.6974268790516496,0.3337312924073069,ok,-0.14714292885068594
2025-26,2026-03-24,0022500785,2026-02-11T21:00:00-05:00,3,Final,OKC,PHX,OKC @ PHX,189,189,132,0,132,57,0.16409490125819196,0.12913924765200782,1.2706818743468238,0.23955366532097655,1.2706818743468247,0.7702986111103101,ok,1.0921730987184555
2025-26,2026-03-24,0022500786,2026-02-11T21:00:00-05:00,3,Final,SAC,UTA,SAC @ UTA,204,204,168,0,168,36,3.777381204455666e-10,0.13916510602197796,2.714316334339669e-09,-19.724725725826406,2.714316334339666e-09,0.998641446010136,ok,-1.6549052911433793
2025-26,2026-03-24,0022500787,2026-02-11T21:00:00-05:00,3,Final,MEM,DEN,MEM @ DEN,196,196,2,2,4,192,0.2589515203477744,0.27818242386895686,0.9308694515860515,-0.07163623539766448,0.9308694515860515,0.8041009062293595,ok,0.357534961500515
2025-26,2026-03-24,0022500788,2026-02-11T22:00:00-05:00,3,Final,SAS,GSW,SAS @ GSW,194,194,1,0,1,193,0.17874435213065823,0.27904742682837663,0.640551873788078,-0.4454251714040136,0.640551873788078,0.1703320967787435,ok,-0.27010061115562534
2025-26,2026-03-24,0022500789,2026-02-12T19:30:00-05:00,3,Final,MIL,OKC,MIL @ OKC,185,185,55,0,55,130,0.06175192623227011,0.15366908555429215,0.4018500273462798,-0.911676326272448,0.40185002734627984,0.23032580344488118,ok,-0.7861484895580534
2025-26,2026-03-24,0022500790,2026-02-12T21:00:00-05:00,3,Final,POR,UTA,POR @ UTA,210,210,13,0,13,197,0.22288503719897465,0.27334286907850425,0.8154046160061411,-0.20407082758021258,0.8154046160061411,0.5039990012904825,ok,0.10791232841532673
2025-26,2026-03-24,0022500791,2026-02-12T22:00:00-05:00,3,Final,DAL,LAL,DAL @ LAL,200,200,36,0,36,164,0.2804759700012721,0.20810810424822312,1.347741699029325,0.29843037619828605,1.3477416990293247,0.37628197366383975,ok,1.2587682031562584
2025-26,2026-03-24,0022500792,2026-02-19T19:00:00-05:00,3,Final,HOU,CHA,HOU @ CHA,187,187,0,1,1,186,0.13915334111827443,0.1473885164133866,0.9441260724002769,-0.05749557048233376,0.9441260724002769,0.8998079894002744,ok,0.38619435876929364
2025-26,2026-03-24,0022500793,2026-02-19T19:00:00-05:00,3,Final,BKN,CLE,BKN @ CLE,192,192,151,0,151,41,7.891555919664783e-11,0.24220951539451052,3.258152722369733e-10,-21.844690544748225,3.258152722369732e-10,0.9991120491217048,ok,-1.6549052963070632
2025-26,2026-03-24,0022500794,2026-02-19T19:00:00-05:00,3,Final,ATL,PHI,ATL @ PHI,206,206,0,0,0,206,0.22467565408054102,0.34586788753886516,0.6495996366684786,-0.43139904945059093,0.6495996366684786,0.11973470840098872,ok,-0.25054031487673817
2025-26,2026-03-24,0022500795,2026-02-19T19:00:00-05:00,3,Final,IND,WAS,IND @ WAS,214,214,7,1,8,206,0.141984589453766,0.21391191424512646,0.6637526009470547,-0.40984578786936543,0.6637526009470545,0.2787665562459911,ok,-0.21994311884354648
2025-26,2026-03-24,0022500796,2026-02-19T19:30:00-05:00,3,Final,DET,NYK,DET @ NYK,200,200,29,0,29,171,0.14319976424665956,0.25188044770582807,0.5685227477993965,-0.5647139528728188,0.5685227477993965,0.15868826303065786,ok,-0.42581988272273247
2025-26,2026-03-24,0022500797,2026-02-19T20:00:00-05:00,3,Final,TOR,CHI,TOR @ CHI,210,210,0,1,1,209,0.16264555403685765,0.21928541486225311,0.7417071223775895,-0.2988008275115778,0.7417071223775894,0.4017326548637946,ok,-0.05141377566599876
2025-26,2026-03-24,0022500798,2026-02-19T20:30:00-05:00,3,Final,PHX,SAS,PHX @ SAS,194,194,113,0,113,81,0.08389258218404735,0.2099370557011804,0.3996082630760438,-0.9172705540530551,0.3996082630760438,0.2504272451558246,ok,-0.7909949442997251
2025-26,2026-03-24,0022500799,2026-02-19T22:00:00-05:00,3,Final,BOS,GSW,BOS @ GSW,196,196,113,0,113,83,0.06883165422147795,0.08762731447201849,0.7855045499934562,-0.24142902882270803,0.785504549993456,0.8246175629693746,ok,0.04327158155918206
2025-26,2026-03-24,0022500800,2026-02-19T22:00:00-05:00,3,Final,ORL,SAC,ORL @ SAC,202,202,51,0,51,151,0.21662594189729478,0.17358933408032753,1.247921959289574,0.22147973537145677,1.2479219592895745,0.586137989777479,ok,1.0429685950541865
2025-26,2026-03-24,0022500801,2026-02-19T22:30:00-05:00,3,Final,DEN,LAC,DEN @ LAC,212,212,0,2,2,210,0.27695866020431,0.29231506781643324,0.9474662468587944,-0.053963966028109905,0.9474662468587944,0.8478886922942448,ok,0.3934154589346509
2025-26,2026-03-24,0022500802,2026-02-20T19:00:00-05:00,3,Final,CLE,CHA,CLE @ CHA,181,181,0,2,2,179,0.22371466434768075,0.3070329372444868,0.7286340884318196,-0.3165836092931935,0.7286340884318195,0.30464677703130294,ok,-0.07967627774782655
2025-26,2026-03-24,0022500803,2026-02-20T19:00:00-05:00,3,Final,IND,WAS,IND @ WAS,220,220,1,0,1,219,0.04875554950848052,0.17781329193439452,0.27419519079861154,-1.2939150510354085,0.27419519079861154,0.03457427604016911,ok,-1.0621246018094315
2025-26,2026-03-24,0022500804,2026-02-20T19:00:00-05:00,3,Final,UTA,MEM,UTA @ MEM,221,221,6,3,9,212,0.1678193136804935,0.21167155137514948,0.7928288548472164,-0.23214790050454392,0.7928288548472164,0.5164451893703246,ok,0.05910594579597971
2025-26,2026-03-24,0022500805,2026-02-20T19:30:00-05:00,3,Final,MIA,ATL,MIA @ ATL,203,203,54,1,54,149,0.08831802740665029,0.2024893981809032,0.4361612420209147,-0.8297432828512016,0.4361612420209148,0.132258801471149,ok,-0.7119713107796192
2025-26,2026-03-24,0022500806,2026-02-20T19:30:00-05:00,3,Final,DAL,MIN,DAL @ MIN,210,210,28,0,28,182,0.21597735745179264,0.23807861338065603,0.90716824323264,-0.0974273518763743,0.9071682432326398,0.7751248275684384,ok,0.3062954823399123
2025-26,2026-03-24,0022500807,2026-02-20T20:00:00-05:00,3,Final,MIL,NOP,MIL @ NOP,207,207,23,0,23,184,0.16674461772918422,0.1922703558638627,0.8672403864860373,-0.14243907824873375,0.8672403864860373,0.7205008697509838,ok,0.21997572373568058
2025-26,2026-03-24,0022500808,2026-02-20T20:00:00-05:00,3,Final,BKN,OKC,BKN @ OKC,201,201,73,0,73,128,0.14341759277125188,0.1932641565440284,0.7420806596311575,-0.29829733602042485,0.7420806596311574,0.5662122417910573,ok,-0.0506062280492481
2025-26,2026-03-24,0022500809,2026-02-20T22:00:00-05:00,3,Final,LAC,LAL,LAC @ LAL,195,195,4,1,5,190,0.2186131335460465,0.25682435707768975,0.851216512458418,-0.16108876154812002,0.8512165124584183,0.6152645066789179,ok,0.18533382079691582
2025-26,2026-03-24,0022500810,2026-02-20T22:00:00-05:00,3,Final,DEN,POR,DEN @ POR,220,220,148,0,148,72,0.07419821324528533,0.10252451844078309,0.7237118922742497,-0.3233619046428171,0.7237118922742495,0.769085610295187,ok,-0.09031753973242497
2025-26,2026-03-24,0022500811,2026-02-21T17:00:00-05:00,3,Final,ORL,PHX,ORL @ PHX,218,218,0,0,0,218,0.20730946134587566,0.2334452919857419,0.8880430167704452,-0.11873509485419789,0.8880430167704452,0.7026893138649792,ok,0.26494878692510293
2025-26,2026-03-24,0022500812,2026-02-21T19:00:00-05:00,3,Final,PHI,NOP,PHI @ NOP,206,206,26,0,26,180,0.13445630797447458,0.369225884027507,0.36415731884186564,-1.01016931009408,0.3641573188418656,0.0049208749986320455,ok,-0.8676360965660989
2025-26,2026-03-24,0022500813,2026-02-21T20:00:00-05:00,3,Final,MEM,MIA,MEM @ MIA,214,214,62,0,62,152,0.24553107697831986,0.3410043280217005,0.7200233451661499,-0.32847164365580245,0.72002334516615,0.30592339597327944,ok,-0.09829178433043001
2025-26,2026-03-24,0022500814,2026-02-21T20:00:00-05:00,3,Final,DET,CHI,DET @ CHI,211,211,77,1,77,134,0.0576146246654378,0.20143706911773226,0.2860179852585338,-1.251700584620147,0.2860179852585338,0.09456180691388465,ok,-1.0365649838643796
2025-26,2026-03-24,0022500815,2026-02-21T20:00:00-05:00,3,Final,SAC,SAS,SAC @ SAS,220,220,46,0,46,174,0.2940403449343733,0.23238839273890596,1.2652970377256958,0.23530690704673932,1.2652970377256956,0.4670144191061123,ok,1.0805316575008888
2025-26,2026-03-24,0022500816,2026-02-21T20:30:00-05:00,3,Final,HOU,NYK,HOU @ NYK,191,191,8,2,10,181,0.16037065730683558,0.2561304975566429,0.6261287071890759,-0.46819932647688384,0.6261287071890759,0.20589385636410673,ok,-0.30128195572505084
2025-26,2026-03-24,0022500817,2026-02-22T13:00:00-05:00,3,Final,CLE,OKC,CLE @ OKC,198,198,45,3,48,150,0.15060415442161382,0.27703688162914,0.543624926529539,-0.6094957432135014,0.5436249265295391,0.12337245291731315,ok,-0.479646311108931
2025-26,2026-03-24,0022500818,2026-02-22T15:30:00-05:00,3,Final,BKN,ATL,BKN @ ATL,192,192,0,0,0,192,0.09043987734827619,0.26261845125596317,0.3443774682081582,-1.06601693189002,0.3443774682081581,0.01679919566919198,ok,-0.9103980194703295
2025-26,2026-03-24,0022500819,2026-02-22T15:30:00-05:00,3,Final,TOR,MIL,TOR @ MIL,190,190,66,0,66,124,0.23136223257734154,0.1677436047312851,1.3792611226399334,0.3215479374046504,1.3792611226399332,0.4644159323189525,ok,1.3269098280543627
2025-26,2026-03-24,0022500820,2026-02-22T15:30:00-05:00,3,Final,DEN,GSW,DEN @ GSW,211,211,0,0,0,211,0.19396073610669207,0.20169939950494778,0.9616326899472704,-0.03912272040956574,0.9616326899472705,0.9087234800024349,ok,0.42404179471416586
2025-26,2026-03-24,0022500821,2026-02-22T17:00:00-05:00,3,Final,DAL,IND,DAL @ IND,215,215,0,2,2,213,0.18904928293996934,0.18726029660351953,1.0095534737950222,0.009508127942427502,1.009553473795022,0.978218944198252,ok,0.5276414073884792
2025-26,2026-03-24,0022500822,2026-02-22T18:00:00-05:00,3,Final,CHA,WAS,CHA @ WAS,189,189,69,0,69,120,0.29943547162806466,0.2742052391724203,1.0920122187737618,0.08802206661337458,1.0920122187737618,0.8051076459958673,ok,0.7059084004441062
2025-26,2026-03-24,0022500823,2026-02-22T18:30:00-05:00,3,Final,BOS,LAL,BOS @ LAL,191,191,28,0,28,163,0.2367449017145379,0.21075732896731103,1.1233056656893654,0.11627582544271864,1.1233056656893654,0.7441934088275698,ok,0.7735614878810892
2025-26,2026-03-24,0022500824,2026-02-22T19:00:00-05:00,3,Final,PHI,MIN,PHI @ MIN,203,203,64,0,64,139,0.2726754909226812,0.27379470393749633,0.9959122181739839,-0.004096159645069768,0.9959122181739841,0.9905079985991807,ok,0.49815047077899444
2025-26,2026-03-24,0022500825,2026-02-22T20:00:00-05:00,3,Final,NYK,CHI,NYK @ CHI,194,194,0,1,1,193,0.15985988018185765,0.19019654449893322,0.8404983413500148,-0.17376029954408165,0.8404983413500148,0.6563216535725626,ok,0.1621622804703758
2025-26,2026-03-24,0022500826,2026-02-22T20:00:00-05:00,3,Final,POR,PHX,POR @ PHX,186,186,39,1,39,147,0.0803924404017784,0.1146394223263607,0.701263481360832,-0.3548715975730447,0.7012634813608319,0.6512293713387793,ok,-0.1388486047327943
2025-26,2026-03-24,0022500827,2026-02-22T21:00:00-05:00,3,Final,ORL,LAC,ORL @ LAC,189,189,0,0,0,189,0.16120389224424939,0.28982282783941826,0.5562153038323379,-0.5865998225799722,0.556215303832338,0.09183286966706736,ok,-0.4524272611005364
2025-26,2026-03-24,0022500828,2026-02-23T19:00:00-05:00,3,Final,SAS,DET,SAS @ DET,204,204,1,0,1,203,0.17600771071314394,0.24476868355073458,0.7190777355987285,-0.3297858108344009,0.7190777355987283,0.33158361020131644,ok,-0.10033609114388331
2025-26,2026-03-24,0022500829,2026-02-23T20:00:00-05:00,3,Final,SAC,MEM,SAC @ MEM,205,205,0,0,0,205,0.13765385013953774,0.21487106844010853,0.6406346426201455,-0.4452959648737815,0.6406346426201455,0.2502775724389612,ok,-0.26992167378742743
2025-26,2026-03-24,0022500830,2026-02-23T21:30:00-05:00,3,Final,UTA,HOU,UTA @ HOU,216,216,141,0,141,75,0.24661374065370964,0.1701250144444608,1.4496030549006622,0.3712897637137543,1.449603054900662,0.5328013993020598,ok,1.47898156711704
2025-26,2026-03-24,0022500831,2026-02-24T19:00:00-05:00,3,Final,PHI,IND,PHI @ IND,218,218,69,0,69,149,0.07040471514543979,0.1785895266104661,0.39422645035060966,-0.9308297877052836,0.39422645035060955,0.13508789906072513,ok,-0.8026298481780102
2025-26,2026-03-24,0022500832,2026-02-24T19:30:00-05:00,3,Final,WAS,ATL,WAS @ ATL,211,211,162,0,162,49,0.31113923299405444,0.152446714843558,2.0409704027623548,0.7134253823812365,2.0409704027623543,0.33827553239155983,ok,2.7574545649993856
2025-26,2026-03-24,0022500833,2026-02-24T19:30:00-05:00,3,Final,DAL,BKN,DAL @ BKN,199,199,4,1,5,194,0.16083419295745843,0.2512794314863289,0.6400611144577855,-0.44619161584713773,0.6400611144577854,0.19741359238777,ok,-0.2711615803729933
2025-26,2026-03-24,0022500834,2026-02-24T19:30:00-05:00,3,Final,OKC,TOR,OKC @ TOR,200,200,28,0,28,172,0.14483093861954724,0.2021545054004795,0.7164368577026219,-0.33346516162288653,0.716436857702622,0.440769321760755,ok,-0.10604538688549774
2025-26,2026-03-24,0022500835,2026-02-24T19:30:00-05:00,3,Final,NYK,CLE,NYK @ CLE,188,188,41,0,41,147,0.35040840275665786,0.1882227580870473,1.8616686224234618,0.6214731943933057,1.861668622423462,0.07630715192003767,ok,2.3698232805458543
2025-26,2026-03-24,0022500836,2026-02-24T20:00:00-05:00,3,Final,CHA,CHI,CHA @ CHI,198,198,72,0,72,126,0.03052577569399762,0.17159869981749631,0.17789048359027948,-1.7265871787693718,0.17789048359027945,0.09579105414658101,ok,-1.2703250852822079
2025-26,2026-03-24,0022500837,2026-02-24T20:00:00-05:00,3,Final,MIA,MIL,MIA @ MIL,211,211,0,1,1,210,0.23798146607020645,0.2158318499258753,1.1026244094740334,0.09769316503291253,1.1026244094740334,0.7541577917494844,ok,0.728850822455963
2025-26,2026-03-24,0022500838,2026-02-24T20:00:00-05:00,3,Final,GSW,NOP,GSW @ NOP,213,213,0,2,2,211,0.25382068445604683,0.20422949400585247,1.2428209044516032,0.2173837188423507,1.2428209044516032,0.4809712184226498,ok,1.03194065971984
2025-26,2026-03-24,0022500839,2026-02-24T21:00:00-05:00,3,Final,BOS,PHX,BOS @ PHX,165,165,60,0,60,105,0.24509689410844107,0.2093148604097209,1.170948367586893,0.15781399106182825,1.170948367586893,0.7304555132298844,ok,0.8765599171017578
2025-26,2026-03-24,0022500840,2026-02-24T22:30:00-05:00,3,Final,ORL,LAL,ORL @ LAL,195,195,0,0,0,195,0.17443244545559602,0.269401975457583,0.6474802018779562,-0.43466706212616824,0.6474802018779561,0.19841140790807144,ok,-0.2551223063584341
2025-26,2026-03-24,0022500841,2026-02-24T22:00:00-05:00,3,Final,MIN,POR,MIN @ POR,200,200,0,2,2,198,0.13185357761034594,0.3229350413470244,0.4082975234287342,-0.8957591462426386,0.4082975234287342,0.011841810088328119,ok,-0.7722096921672681
2025-26,2026-03-24,0022500842,2026-02-25T19:30:00-05:00,3,Final,OKC,DET,OKC @ DET,199,199,12,1,13,186,0.18442473884256247,0.26837377466856416,0.6871935943455095,-0.3751392297386709,0.6871935943455095,0.27172944620335526,ok,-0.1692661966025305
2025-26,2026-03-24,0022500843,2026-02-25T19:30:00-05:00,3,Final,SAS,TOR,SAS @ TOR,203,203,1,2,3,200,0.2288547249129703,0.23061551294676,0.9923648326546176,-0.007664464456413583,0.9923648326546176,0.9806027811913488,ok,0.49048140244779986
2025-26,2026-03-24,0022500844,2026-02-25T19:30:00-05:00,3,Final,GSW,MEM,GSW @ MEM,196,196,117,0,117,79,0.043064611879114804,0.2151344278755177,0.20017536153735976,-1.6085614889186146,0.20017536153735982,0.1229236206282829,ok,-1.2221475610758676
2025-26,2026-03-24,0022500845,2026-02-25T20:00:00-05:00,3,Final,SAC,HOU,SAC @ HOU,193,193,144,0,144,49,8.357817655193302e-11,0.1606858653655423,5.201339667418914e-10,-21.376934709183768,5.201339667418917e-10,0.998912813819448,ok,-1.654905295886967
2025-26,2026-03-24,0022500846,2026-02-25T20:00:00-05:00,3,Final,CLE,MIL,CLE @ MIL,187,187,0,0,0,187,0.2067062389242709,0.18612355832829067,1.1105861116177236,0.10488790445069263,1.1105861116177234,0.773643572996251,ok,0.7460631715054923
2025-26,2026-03-24,0022500847,2026-02-25T22:00:00-05:00,3,Final,BOS,DEN,BOS @ DEN,189,189,34,0,34,155,0.1429751740731551,0.27259997668645086,0.5244871104211707,-0.6453344264312236,0.5244871104211707,0.11377557034695127,ok,-0.5210202239931253
2025-26,2026-03-24,0022500848,2026-02-26T19:00:00-05:00,3,Final,CHA,IND,CHA @ IND,196,196,109,0,109,87,0.04665089452236053,0.16777452811069032,0.27805707485931536,-1.2799288811144032,0.27805707485931525,0.22483776651057796,ok,-1.0537756212469864
2025-26,2026-03-24,0022500849,2026-02-26T19:00:00-05:00,3,Final,MIA,PHI,MIA @ PHI,207,207,5,0,5,202,0.11645885360478611,0.24053979714761986,0.48415628093888774,-0.7253475298828818,0.48415628093888774,0.0680765955729363,ok,-0.6082111665802279
2025-26,2026-03-24,0022500850,2026-02-26T19:30:00-05:00,3,Final,WAS,ATL,WAS @ ATL,215,215,140,0,140,75,1.1596898144358841e-10,0.14443866534668334,8.028943023340622e-10,-20.942798039121215,8.028943023340612e-10,0.9986860869884857,ok,-1.6549052952756693
2025-26,2026-03-24,0022500851,2026-02-26T19:30:00-05:00,3,Final,SAS,BKN,SAS @ BKN,192,192,100,0,100,92,0.24124934291634562,0.2889225992209552,0.8349964439155859,-0.18032781292407982,0.8349964439155858,0.6932788625934118,ok,0.15026776628647714
2025-26,2026-03-24,0022500852,2026-02-26T19:30:00-05:00,3,Final,HOU,ORL,HOU @ ORL,179,179,9,2,11,168,0.08889716229106084,0.23265129364355774,0.38210474095733643,-0.9620605169712491,0.3821047409573365,0.050898104687448605,ok,-0.8288356882594972
2025-26,2026-03-24,0022500853,2026-02-26T20:00:00-05:00,3,Final,POR,CHI,POR @ CHI,208,208,3,2,5,203,0.18652990341261697,0.24004906442608617,0.7770490747738433,-0.2522517713118585,0.7770490747738432,0.449328647499904,ok,0.024991747896355967
2025-26,2026-03-24,0022500854,2026-02-26T20:30:00-05:00,3,Final,SAC,DAL,SAC @ DAL,205,205,24,0,24,181,0.16013046464698735,0.2530558150741462,0.6327871367036896,-0.45762119032112675,0.6327871367036896,0.21454422719402289,ok,-0.2868871427995198
2025-26,2026-03-24,0022500855,2026-02-26T21:00:00-05:00,3,Final,LAL,PHX,LAL @ PHX,178,178,0,0,0,178,0.17532591062289699,0.3177587438803344,0.5517579421478435,-0.5946458394806651,0.5517579421478435,0.07271567736060985,ok,-0.4620636006380961
2025-26,2026-03-24,0022500856,2026-02-26T21:00:00-05:00,3,Final,NOP,UTA,NOP @ UTA,200,200,78,0,78,122,0.17141723588797814,0.34557067596784996,0.49604103533346644,-0.7010966231522064,0.49604103533346633,0.08045872286499763,ok,-0.5825175978790252
2025-26,2026-03-24,0022500857,2026-02-26T22:00:00-05:00,3,Final,MIN,LAC,MIN @ LAC,191,191,0,1,1,190,0.1256561464816318,0.2374654030218948,0.5291555943837681,-0.6364727611014882,0.5291555943837681,0.11209004525272144,ok,-0.5109274606560742
2025-26,2026-03-24,0022500858,2026-02-27T19:00:00-05:00,3,Final,CLE,DET,CLE @ DET,212,212,0,1,1,211,0.26436164589132816,0.3327364251599871,0.7945076820616114,-0.23003262400036667,0.7945076820616112,0.38998985081740023,ok,0.06273539079235098
2025-26,2026-03-24,0022500859,2026-02-27T19:30:00-05:00,3,Final,BKN,BOS,BKN @ BOS,185,185,68,0,68,117,0.29307539714282194,0.28908571875392863,1.0138010220846965,0.013706655227527722,1.0138010220846965,0.9698436134770481,ok,0.5368241527923053
2025-26,2026-03-24,0022500860,2026-02-27T20:00:00-05:00,3,Final,NYK,MIL,NYK @ MIL,196,196,127,0,127,69,0.22034824831514943,0.2954439449149212,0.7458208303392475,-0.2932698814327031,0.7458208303392476,0.5829258153742847,ok,-0.042520378745843815
2025-26,2026-03-24,0022500861,2026-02-27T20:30:00-05:00,3,Final,MEM,DAL,MEM @ DAL,204,204,121,0,121,83,0.24018559183954616,0.24148550584776793,0.9946170102273499,-0.005397530266458146,0.9946170102273493,0.991287498735297,ok,0.4953503696364447
2025-26,2026-03-24,0022500862,2026-02-27T21:30:00-05:00,3,Final,DEN,OKC,DEN @ OKC,228,228,2,4,6,222,0.08970527701553324,0.19340576251013192,0.46381904991498824,-0.7682607814488147,0.46381904991498824,0.08878899891316751,ok,-0.6521780863125489
2025-26,2026-03-24,0022500863,2026-02-28T13:00:00-05:00,3,Final,POR,CHA,POR @ CHA,193,193,23,0,23,170,0.1853918774845941,0.22590451663468247,0.8206647668952867,-0.19764057582085093,0.8206647668952864,0.5930974925515966,ok,0.11928421240735974
2025-26,2026-03-24,0022500864,2026-02-28T15:30:00-05:00,3,Final,HOU,MIA,HOU @ MIA,195,195,0,0,0,195,0.1962407502183189,0.23300095066409374,0.8422315430859755,-0.17170031075455225,0.8422315430859757,0.6178823048183828,ok,0.16590927737056113
2025-26,2026-03-24,0022500865,2026-02-28T19:00:00-05:00,3,Final,TOR,WAS,TOR @ WAS,192,192,6,0,6,186,0.30866214669382946,0.22888252185228952,1.3485614550027814,0.2990384354200308,1.3485614550027814,0.31059891441545506,ok,1.2605404279513985
2025-26,2026-03-24,0022500866,2026-02-28T20:30:00-05:00,3,Final,LAL,GSW,LAL @ GSW,190,190,144,0,144,46,0.28204094481102643,0.07066402785426282,3.9912944871003737,1.3841156111420492,3.9912944871003733,0.3238103596746589,ok,6.973846775292549
2025-26,2026-03-24,0022500867,2026-02-28T21:30:00-05:00,3,Final,NOP,UTA,NOP @ UTA,201,201,65,0,65,136,0.26582815081207856,0.3359957135249502,0.7911653039357563,-0.23424835209251718,0.7911653039357562,0.4854672754263488,ok,0.05550952653374865
2025-26,2026-03-24,0022500868,2026-03-01T13:00:00-05:00,3,Final,SAS,NYK,SAS @ NYK,196,196,48,0,48,148,0.16630091762452404,0.2687684527870332,0.6187516276558603,-0.4800513345477715,0.6187516276558601,0.22291430143531155,ok,-0.31723041317801853
2025-26,2026-03-24,0022500869,2026-03-01T15:30:00-05:00,3,Final,CLE,BKN,CLE @ BKN,194,194,0,2,2,192,0.24458349833084314,0.3149140187371889,0.7766675466263063,-0.25274288809589845,0.7766675466263061,0.3822792676911586,ok,0.024166924820949696
2025-26,2026-03-24,0022500870,2026-03-01T15:30:00-05:00,3,Final,MIL,CHI,MIL @ CHI,207,207,43,0,43,164,0.1297491463846002,0.16984139696874792,0.7639430003538831,-0.2692620994654924,0.7639430003538831,0.5699169666182071,ok,-0.0033421841591462077
2025-26,2026-03-24,0022500871,2026-03-01T15:30:00-05:00,3,Final,MIN,DEN,MIN @ DEN,201,201,0,0,0,201,0.12985902282673706,0.23539404145518808,0.5516665673606623,-0.5948114598499835,0.5516665673606624,0.12239429448352712,ok,-0.46226114316140365
2025-26,2026-03-24,0022500872,2026-03-01T17:00:00-05:00,3,Final,MEM,IND,MEM @ IND,192,192,17,0,17,175,0.06158378030133363,0.1821264657197947,0.33813745881436874,-1.08430278328944,0.33813745881436885,0.0801357461584887,ok,-0.9238882528173992
2025-26,2026-03-24,0022500873,2026-03-01T18:00:00-05:00,3,Final,POR,ATL,POR @ ATL,208,208,170,0,170,38,0.1054103208285134,0.1753569914226183,0.6011184382975057,-0.5089632951477661,0.6011184382975058,0.646596326577616,ok,-0.355351483850448
2025-26,2026-03-24,0022500874,2026-03-01T20:00:00-05:00,3,Final,PHI,BOS,PHI @ BOS,183,183,11,0,11,172,0.15688245512800383,0.32389836953653034,0.48435703876030195,-0.7249329608311069,0.48435703876030195,0.041421658306571026,ok,-0.6077771496282947
2025-26,2026-03-24,0022500875,2026-03-01T18:00:00-05:00,3,Final,DET,ORL,DET @ ORL,202,202,0,0,0,202,0.12198855589863246,0.27296282708607394,0.44690537975768235,-0.8054083851700483,0.44690537975768235,0.03241063749551671,ok,-0.6887436333779938
2025-26,2026-03-24,0022500876,2026-03-01T20:00:00-05:00,3,Final,OKC,DAL,OKC @ DAL,198,198,36,0,36,162,0.09741126734154848,0.2258942884723033,0.431225012373396,-0.8411252546378486,0.43122501237339605,0.09317919919588154,ok,-0.7226429116695198
2025-26,2026-03-24,0022500877,2026-03-01T21:00:00-05:00,3,Final,NOP,LAC,NOP @ LAC,201,201,68,0,68,133,0.15201547905957158,0.286162974000044,0.531219944127182,-0.6325791361045777,0.531219944127182,0.13650682420336627,ok,-0.5064645571584715
2025-26,2026-03-24,0022500878,2026-03-01T21:30:00-05:00,3,Final,SAC,LAL,SAC @ LAL,200,200,140,0,140,60,0.08122850442316823,0.12581504381063172,0.6456183772858505,-0.43754669699495985,0.6456183772858503,0.6864762713701059,ok,-0.2591473721257736
2025-26,2026-03-24,0022500879,2026-03-02T19:00:00-05:00,3,Final,HOU,WAS,HOU @ WAS,205,205,47,0,47,158,0.11837738092894111,0.1900447622360463,0.6228920993987181,-0.47338197038135055,0.6228920993987181,0.343106715456855,ok,-0.30827915582355164
2025-26,2026-03-24,0022500880,2026-03-02T19:30:00-05:00,3,Final,BOS,MIL,BOS @ MIL,179,179,106,1,106,73,0.044511276390757304,0.17809867953775513,0.24992479734427991,-1.3865952169953615,0.24992479734427994,0.19278782918173898,ok,-1.1145945983209746
2025-26,2026-03-24,0022500881,2026-03-02T21:00:00-05:00,3,Final,DEN,UTA,DEN @ UTA,200,200,0,1,1,199,0.22673599069471959,0.3196051401132023,0.7094253572217613,-0.3432999926778849,0.709425357221761,0.2335384770289023,ok,-0.12120350150212666
2025-26,2026-03-24,0022500882,2026-03-02T22:00:00-05:00,3,Final,LAC,GSW,LAC @ GSW,189,189,24,1,24,165,0.3797833586597357,0.2148082493182353,1.7680110510890679,0.5698552148119054,1.768011051089068,0.07131635600831718,ok,2.1673456218938814
2025-26,2026-03-24,0022500883,2026-03-03T19:00:00-05:00,3,Final,DAL,CHA,DAL @ CHA,195,195,53,0,53,142,0.2829061413731596,0.30344278885259285,0.9323211879343438,-0.07007790141800328,0.9323211879343436,0.82920270082224,ok,0.36067346031693953
2025-26,2026-03-24,0022500884,2026-03-03T19:00:00-05:00,3,Final,DET,CLE,DET @ CLE,188,188,0,1,1,187,0.20965069486680163,0.3493441801964047,0.6001264848578098,-0.5106148378865456,0.6001264848578097,0.09282446096508126,ok,-0.357495981162302
2025-26,2026-03-24,0022500885,2026-03-03T19:00:00-05:00,3,Final,WAS,ORL,WAS @ ORL,197,197,75,0,75,122,0.22885581844261194,0.4767689174652004,0.48001413275712596,-0.7339397322696318,0.48001413275712596,0.02687632694328958,ok,-0.6171660482164193
2025-26,2026-03-24,0022500886,2026-03-03T19:30:00-05:00,3,Final,BKN,MIA,BKN @ MIA,201,201,77,0,77,124,0.1756024281400603,0.27336294812656736,0.6423783081925066,-0.44257788374331686,0.6423783081925067,0.31715473226923474,ok,-0.26615205519136964
2025-26,2026-03-24,0022500887,2026-03-03T19:30:00-05:00,3,Final,NYK,TOR,NYK @ TOR,185,185,5,0,5,180,0.12910567079377805,0.19875839934883038,0.64956082971463,-0.4314587910373529,0.6495608297146301,0.3259142688463348,ok,-0.25062421136308444
2025-26,2026-03-24,0022500888,2026-03-03T20:00:00-05:00,3,Final,SAS,PHI,SAS @ PHI,211,211,132,0,132,79,0.05146572761975521,0.16787087815807494,0.3065792481962995,-1.1822789984740092,0.30657924819629945,0.26017319923975213,ok,-0.9921137310798912
2025-26,2026-03-24,0022500889,2026-03-03T20:00:00-05:00,3,Final,OKC,CHI,OKC @ CHI,211,211,15,2,17,194,0.1670559240354374,0.16400799013247372,1.0185840574017264,0.018413483865149186,1.018584057401726,0.9628558144018354,ok,0.5471645639138382
2025-26,2026-03-24,0022500890,2026-03-03T20:00:00-05:00,3,Final,MEM,MIN,MEM @ MIN,209,209,5,2,7,202,0.21111873647025609,0.34820417941875953,0.6063073017178209,-0.5003683228995802,0.606307301717821,0.0904926021439707,ok,-0.34413371574647766
2025-26,2026-03-24,0022500891,2026-03-03T22:30:00-05:00,3,Final,NOP,LAL,NOP @ LAL,204,204,0,0,0,204,0.2175459221352391,0.23695096099176544,0.9181052536132119,-0.08544323958198644,0.9181052536132119,0.7871770797394642,ok,0.32994012978228404
2025-26,2026-03-24,0022500892,2026-03-03T23:00:00-05:00,3,Final,PHX,SAC,PHX @ SAC,197,197,34,0,34,163,0.09528696740493314,0.1487338515629005,0.6406542048340331,-0.4452654296608539,0.6406542048340333,0.4260608455641808,ok,-0.2698793823719061
2025-26,2026-03-24,0022500893,2026-03-04T19:00:00-05:00,3,Final,OKC,NYK,OKC @ NYK,196,196,4,0,4,192,0.10238568284443555,0.2507460383564683,0.40832422923021783,-0.8956937406827052,0.40832422923021794,0.034568279894830675,ok,-0.7721519570789054
2025-26,2026-03-24,0022500894,2026-03-04T19:30:00-05:00,3,Final,CHA,BOS,CHA @ BOS,180,180,129,0,129,51,0.08375047948401584,0.25811647528414133,0.324467779097871,-1.1255690417652837,0.32446777909787095,0.3046320532788651,ok,-0.9534406392831627
2025-26,2026-03-24,0022500895,2026-03-04T19:30:00-05:00,3,Final,UTA,PHI,UTA @ PHI,188,188,0,1,1,187,0.20792324714543925,0.32712841114552443,0.6356013114768675,-0.45318378095344264,0.6356013114768675,0.13742753627405746,ok,-0.2808031977324833
2025-26,2026-03-24,0022500896,2026-03-04T20:00:00-05:00,3,Final,POR,MEM,POR @ MEM,201,201,0,0,0,201,0.18102714855472873,0.25544253831168234,0.7086805108937867,-0.34435047334116503,0.7086805108937868,0.30175408583982943,ok,-0.12281377965043931
2025-26,2026-03-24,0022500897,2026-03-04T21:30:00-05:00,3,Final,ATL,MIL,ATL @ MIL,193,193,26,0,26,167,0.10979836982332399,0.21360983000130906,0.5140136566872934,-0.6655054444494011,0.5140136566872934,0.1491663273214688,ok,-0.5436627115125137
2025-26,2026-03-24,0022500898,2026-03-04T22:30:00-05:00,3,Final,IND,LAC,IND @ LAC,205,205,129,0,129,76,0.19130660976782202,0.24065484401500997,0.7949418618637486,-0.22948629673304846,0.7949418618637484,0.6733714453618763,ok,0.06367404111734011
2025-26,2026-03-24,0022500899,2026-03-05T19:00:00-05:00,3,Final,DAL,ORL,DAL @ ORL,198,198,0,0,0,198,0.15907093000502964,0.26387587689952446,0.6028248276199905,-0.5061286259180598,0.6028248276199905,0.15775136397416367,ok,-0.35166245252235756
2025-26,2026-03-24,0022500900,2026-03-05T19:00:00-05:00,3,Final,UTA,WAS,UTA @ WAS,186,186,29,0,29,157,0.12610061579560475,0.28574589435508285,0.4413033337896554,-0.8180228082605377,0.4413033337896554,0.05983268668675413,ok,-0.7008546579871732
2025-26,2026-03-24,0022500901,2026-03-05T19:30:00-05:00,3,Final,BKN,MIA,BKN @ MIA,204,204,29,0,29,175,0.21903893777636094,0.2430583799883162,0.9011783004021097,-0.10405214927351723,0.9011783004021098,0.7603302063827675,ok,0.29334586617428826
2025-26,2026-03-24,0022500902,2026-03-05T19:30:00-05:00,3,Final,GSW,HOU,GSW @ HOU,198,198,0,1,1,197,0.221435673407959,0.2718402140881062,0.814580264184862,-0.2050823116762681,0.8145802641848618,0.5095186380697869,ok,0.10613016788842015
2025-26,2026-03-24,0022500903,2026-03-05T20:00:00-05:00,3,Final,TOR,MIN,TOR @ MIN,192,192,20,0,20,172,0.15700521698271971,0.2648652330285259,0.5927739748531297,-0.5229421080336035,0.5927739748531295,0.14737735669461802,ok,-0.373391321920686
2025-26,2026-03-24,0022500904,2026-03-05T20:00:00-05:00,3,Final,DET,SAS,DET @ SAS,190,190,55,0,55,135,0.14688402397881611,0.34767379633487827,0.422476544183784,-0.8616213504507906,0.422476544183784,0.0353089404584945,ok,-0.741556164816982
2025-26,2026-03-24,0022500905,2026-03-05T21:00:00-05:00,3,Final,CHI,PHX,CHI @ PHX,204,204,0,2,2,202,0.2075459619236588,0.23896363394086076,0.868525300276538,-0.14095856272177895,0.868525300276538,0.6566901728819964,ok,0.22275357001295926
2025-26,2026-03-24,0022500906,2026-03-05T22:00:00-05:00,3,Final,LAL,DEN,LAL @ DEN,195,195,3,2,5,190,0.09153537594362074,0.22498711387276385,0.4068471939036758,-0.8993176089907582,0.40684719390367574,0.04722916482886175,ok,-0.775345149582229
2025-26,2026-03-24,0022500907,2026-03-05T22:00:00-05:00,3,Final,NOP,SAC,NOP @ SAC,209,209,10,1,11,198,0.19046164601322269,0.23122316071658142,0.8237135303529494,-0.19393246685814164,0.8237135303529496,0.5688830629719885,ok,0.12587531313628225
2025-26,2026-03-24,0022500908,2026-03-06T19:00:00-05:00,3,Final,DAL,BOS,DAL @ BOS,204,204,30,0,30,174,0.0733626129469118,0.13522931217902412,0.542505258399823,-0.6115575007115988,0.542505258399823,0.33361861019997696,ok,-0.48206691392984646
2025-26,2026-03-24,0022500909,2026-03-06T19:00:00-05:00,3,Final,MIA,CHA,MIA @ CHA,199,199,0,2,2,197,0.14849491158043926,0.21964900670709034,0.6760554659755982,-0.3914801560453503,0.6760554659755985,0.30588545305973813,ok,-0.19334563964139326
2025-26,2026-03-24,0022500910,2026-03-06T20:00:00-05:00,3,Final,POR,HOU,POR @ HOU,199,199,0,1,1,198,0.25567394988931685,0.28386470321035484,0.9006894728290769,-0.10459472802683893,0.9006894728290769,0.7162212242339363,ok,0.2922890732096402
2025-26,2026-03-24,0022500911,2026-03-06T21:00:00-05:00,3,Final,NYK,DEN,NYK @ DEN,201,201,81,0,81,120,0.2826926800110423,0.40833272541490523,0.6923096348052913,-0.3677219742993883,0.6923096348052914,0.27430670110509625,ok,-0.1582058639555642
2025-26,2026-03-24,0022500912,2026-03-06T21:00:00-05:00,3,Final,NOP,PHX,NOP @ PHX,189,189,0,2,2,187,0.3497656281084233,0.2840291102219179,1.231442889199435,0.20818656251279377,1.231442889199435,0.4337115009593384,ok,1.0073426068818048
2025-26,2026-03-24,0022500913,2026-03-06T21:30:00-05:00,3,Final,LAC,SAS,LAC @ SAS,196,196,55,1,56,140,0.20757167009728822,0.15521285160256626,1.3373355875761532,0.2906792670553978,1.337335587576153,0.5171109190391072,ok,1.2362713024498877
2025-26,2026-03-24,0022500914,2026-03-06T22:30:00-05:00,3,Final,IND,LAL,IND @ LAL,203,203,62,0,62,141,0.18112970607302167,0.2564373213851887,0.7063312980131735,-0.3476708909153484,0.7063312980131737,0.37449438870087937,ok,-0.12789252680312077
2025-26,2026-03-24,0022500915,2026-03-07T15:00:00-05:00,3,Final,ORL,MIN,ORL @ MIN,204,204,61,0,61,143,0.1508432289120799,0.22775693496318913,0.6622991696672583,-0.41203790720290817,0.6622991696672583,0.34744461472724364,ok,-0.22308528192072033
2025-26,2026-03-24,0022500916,2026-03-07T18:00:00-05:00,3,Final,BKN,DET,BKN @ DET,194,194,60,0,60,134,0.12232120980942027,0.3296102389862565,0.371108646945038,-0.9912604103381155,0.371108646945038,0.029696453758127288,ok,-0.8526080681985181
2025-26,2026-03-24,0022500917,2026-03-07T18:00:00-05:00,3,Final,PHI,ATL,PHI @ ATL,202,202,0,1,1,201,0.08884461407663882,0.21728321318170585,0.4088885320484532,-0.8943126978633479,0.4088885320484532,0.05044250350764996,ok,-0.7709319947012876
2025-26,2026-03-24,0022500918,2026-03-07T20:00:00-05:00,3,Final,LAC,MEM,LAC @ MEM,192,192,20,1,21,171,0.25349207657768486,0.32712199267047365,0.7749160321147839,-0.255000601156948,0.7749160321147841,0.3923662443653848,ok,0.02038033765735769
2025-26,2026-03-24,0022500919,2026-03-07T20:00:00-05:00,3,Final,UTA,MIL,UTA @ MIL,196,196,3,0,3,193,0.2753835747777508,0.2580534325692293,1.067157185378157,0.06499827672579418,1.067157185378157,0.8241656249301763,ok,0.6521744748686676
2025-26,2026-03-24,0022500920,2026-03-07T20:30:00-05:00,3,Final,GSW,OKC,GSW @ OKC,186,186,0,1,1,185,0.17684564751420162,0.2280151368353772,0.7755873139329386,-0.2541347122031353,0.7755873139329383,0.491401344321016,ok,0.021831577198369416
2025-26,2026-03-24,0022500921,2026-03-08T13:00:00-04:00,3,Final,BOS,CLE,BOS @ CLE,184,184,65,0,65,119,0.1236320625972604,0.2164022282224104,0.5713067911213734,-0.5598289261853623,0.5713067911213735,0.28766032357417015,ok,-0.41980107863259764
2025-26,2026-03-24,0022500922,2026-03-08T15:30:00-04:00,3,Final,NYK,LAL,NYK @ LAL,194,194,26,0,26,168,0.14499942531960547,0.22157744654495465,0.6543961381475136,-0.4240423950748366,0.6543961381475137,0.3002967326841155,ok,-0.2401707913522788
2025-26,2026-03-24,0022500923,2026-03-08T18:00:00-04:00,3,Final,DET,MIA,DET @ MIA,193,193,135,0,135,58,0.23708718468272139,0.24383165748063834,0.9723396343706825,-0.028050117477143494,0.9723396343706826,0.961412763167655,ok,0.4471890641477174
2025-26,2026-03-24,0022500924,2026-03-08T18:00:00-04:00,3,Final,DAL,TOR,DAL @ TOR,199,199,98,0,98,101,0.20993203275407415,0.20712704501296,1.013542353877248,0.013451475752832578,1.013542353877248,0.9780655883773198,ok,0.5362649397755073
2025-26,2026-03-24,0022500925,2026-03-08T19:00:00-04:00,3,Final,WAS,NOP,WAS @ NOP,209,209,40,0,40,169,0.2219307590422283,0.386831253164851,0.5737146552314657,-0.5556231225873426,0.5737146552314657,0.06459232968265369,ok,-0.4145955337907086
2025-26,2026-03-24,0022500926,2026-03-08T20:00:00-04:00,3,Final,ORL,MIL,ORL @ MIL,190,190,95,0,95,95,0.09482850392803154,0.20516400153799055,0.4622082978356804,-0.7717396283915411,0.4622082978356801,0.23579180379295206,ok,-0.6556603601430607
2025-26,2026-03-24,0022500927,2026-03-08T20:00:00-04:00,3,Final,HOU,SAS,HOU @ SAS,203,203,96,0,96,107,0.07008182191612013,0.3271390147329616,0.2142264259532811,-1.5407217581145012,0.21422642595328112,0.014868596040726786,ok,-1.1917706616541865
2025-26,2026-03-24,0022500928,2026-03-08T22:00:00-04:00,3,Final,CHA,PHX,CHA @ PHX,175,175,3,0,3,172,0.18170982903251298,0.29256145194846117,0.6210996965674197,-0.4762636679576211,0.6210996965674197,0.16389970768885365,ok,-0.3121541391641585
2025-26,2026-03-24,0022500929,2026-03-08T21:00:00-04:00,3,Final,IND,POR,IND @ POR,203,203,104,0,104,99,0.18441764143814202,0.29487566587629366,0.6254081390205626,-0.46935081993920524,0.6254081390205626,0.3204179405257809,ok,-0.302839747087575
2025-26,2026-03-24,0022500930,2026-03-08T21:00:00-04:00,3,Final,CHI,SAC,CHI @ SAC,208,208,35,0,35,173,0.2090174109990813,0.24223860000815495,0.8628575751017581,-0.14750563616296908,0.8628575751017581,0.6740996563186743,ok,0.21050055397889045
2025-26,2026-03-24,0022500931,2026-03-09T19:00:00-04:00,3,Final,PHI,CLE,PHI @ CLE,187,187,98,1,98,89,0.25535500106583064,0.32103480836174997,0.7954121933659303,-0.22889481647197388,0.7954121933659304,0.5829936225644441,ok,0.06469084755375727
2025-26,2026-03-24,0022500932,2026-03-09T19:30:00-04:00,3,Final,MEM,BKN,MEM @ BKN,196,196,29,0,29,167,0.12644820771869092,0.21497407970808055,0.5882021120425242,-0.5306846621809566,0.5882021120425242,0.22659924711212442,ok,-0.3832752006544653
2025-26,2026-03-24,0022500933,2026-03-09T19:30:00-04:00,3,Final,DEN,OKC,DEN @ OKC,199,199,0,0,0,199,0.20667861104284627,0.2666423296675027,0.7751155313583185,-0.25474318801861306,0.7751155313583183,0.42915618258067323,ok,0.020811633698437994
2025-26,2026-03-24,0022500934,2026-03-09T21:00:00-04:00,3,Final,GSW,UTA,GSW @ UTA,197,197,0,2,2,195,0.2115527465782748,0.24980721086726443,0.846864051056892,-0.1662151036389552,0.8468640510568921,0.6152507993010277,ok,0.17592426445888554
2025-26,2026-03-24,0022500935,2026-03-09T22:00:00-04:00,3,Final,NYK,LAC,NYK @ LAC,200,200,5,2,7,193,0.1544850882172809,0.2494760354472851,0.6192381883105721,-0.47926528498017484,0.6192381883105721,0.19022916671512224,ok,-0.3161785210484815
2025-26,2026-03-24,0022500936,2026-03-10T19:00:00-04:00,3,Final,MEM,PHI,MEM @ PHI,201,201,0,0,0,201,0.2749812484489857,0.4227412303363417,0.6504717986230132,-0.43005733535443047,0.6504717986230131,0.0831179314302634,ok,-0.2486547939519111
2025-26,2026-03-24,0022500937,2026-03-10T19:30:00-04:00,3,Final,DET,BKN,DET @ BKN,189,189,134,0,134,55,0.2593936456545022,0.31378324912266947,0.8266650510496041,-0.19035568286860766,0.8266650510496041,0.7211237758097682,ok,0.13225618540968087
2025-26,2026-03-24,0022500938,2026-03-10T19:30:00-04:00,3,Final,WAS,MIA,WAS @ MIA,236,236,136,0,136,100,0.07520676475465078,0.23158665548762847,0.324745674988464,-1.12471294149251,0.3247456749884641,0.13574457839982668,ok,-0.9528398580705538
2025-26,2026-03-24,0022500939,2026-03-10T19:30:00-04:00,3,Final,DAL,ATL,DAL @ ATL,196,196,10,0,10,186,0.07615636314134597,0.20977478037117578,0.36303869801028893,-1.0132458443103611,0.363038698010289,0.05948941596385764,ok,-0.8700544352403775
2025-26,2026-03-24,0022500940,2026-03-10T20:00:00-04:00,3,Final,TOR,HOU,TOR @ HOU,193,193,16,0,16,177,0.257959665210755,0.21602505489411034,1.1941191975958523,0.17740884046996783,1.1941191975958525,0.585659135741861,ok,0.9266527749710506
2025-26,2026-03-24,0022500941,2026-03-10T20:00:00-04:00,3,Final,PHX,MIL,PHX @ MIL,199,199,5,0,5,194,0.16220582156916014,0.19492482406521175,0.8321455327562305,-0.18374793427934238,0.8321455327562306,0.6353234612633887,ok,0.14410440107908695
2025-26,2026-03-24,0022500942,2026-03-10T20:00:00-04:00,3,Final,BOS,SAS,BOS @ SAS,198,198,0,0,0,198,0.1989129798655595,0.20338178606253093,0.9780275004783493,-0.022217490244137293,0.9780275004783495,0.9497832399277539,ok,0.4594856227259277
2025-26,2026-03-24,0022500943,2026-03-10T22:00:00-04:00,3,Final,CHI,GSW,CHI @ GSW,221,221,0,1,1,220,0.19260102439635482,0.15348052469269546,1.254889014628976,0.22704713411459623,1.254889014628976,0.5339042646151193,ok,1.0580306240254929
2025-26,2026-03-24,0022500944,2026-03-10T22:00:00-04:00,3,Final,CHA,POR,CHA @ POR,198,198,21,2,23,175,0.08343634616286022,0.26070163331752333,0.32004535261671474,-1.1392925663034432,0.3200453526167148,0.018923793563836992,ok,-0.9630014526451484
2025-26,2026-03-24,0022500945,2026-03-10T22:00:00-04:00,3,Final,IND,SAC,IND @ SAC,213,213,43,2,45,168,0.14224862055290602,0.21006298386733555,0.677171284221796,-0.38983103331123825,0.677171284221796,0.35370204861725985,ok,-0.19093335985715004
2025-26,2026-03-24,0022500946,2026-03-10T23:00:00-04:00,3,Final,MIN,LAL,MIN @ LAL,190,190,60,0,60,130,0.18745950464889113,0.4091766216971585,0.45813835568453964,-0.78058405383947,0.4581383556845396,0.03302437115394098,ok,-0.6644591400587784
2025-26,2026-03-24,0022500947,2026-03-11T19:30:00-04:00,3,Final,CLE,ORL,CLE @ ORL,190,190,0,2,2,188,0.20519463473386887,0.3689727498542882,0.5561240899630195,-0.586763826246536,0.5561240899630195,0.045912804117471055,ok,-0.45262445573662424
2025-26,2026-03-24,0022500948,2026-03-11T20:00:00-04:00,3,Final,TOR,NOP,TOR @ NOP,204,204,18,0,18,186,0.2478098015384788,0.19469761654203008,1.2727931956218026,0.24121385203548015,1.2727931956218024,0.48603466798762673,ok,1.0967375496467577
2025-26,2026-03-24,0022500949,2026-03-11T21:00:00-04:00,3,Final,NYK,UTA,NYK @ UTA,196,196,38,0,38,158,0.2911425339728904,0.20925529349002053,1.3913269725087032,0.3302579482289906,1.3913269725087032,0.332278431677699,ok,1.3529949058144086
2025-26,2026-03-24,0022500950,2026-03-11T22:00:00-04:00,3,Final,HOU,DEN,HOU @ DEN,197,197,71,0,71,126,0.16145288363477991,0.15759118659827115,1.024504524141651,0.024209104637922415,1.0245045241416513,0.9625085409981313,ok,0.5599639801975124
2025-26,2026-03-24,0022500951,2026-03-11T22:00:00-04:00,3,Final,CHA,SAC,CHA @ SAC,189,189,0,1,1,188,0.04986364829616762,0.18774064459073384,0.2655985783199378,-1.3257692141052617,0.2655985783199378,0.034954613993951465,ok,-1.0807095591409162
2025-26,2026-03-24,0022500952,2026-03-11T22:30:00-04:00,3,Final,MIN,LAC,MIN @ LAC,203,203,55,0,55,148,0.32077270436988903,0.36349060155012336,0.8824786748321366,-0.125020654962814,0.8824786748321365,0.6655137152061805,ok,0.2529192743981861
2025-26,2026-03-24,0022500953,2026-03-12T19:00:00-04:00,3,Final,PHI,DET,PHI @ DET,203,203,92,0,92,111,0.05559346039046399,0.23992147982265183,0.23171522796357485,-1.4622461269430946,0.2317152279635749,0.051445850723753433,ok,-1.1539617409954483
2025-26,2026-03-24,0022500954,2026-03-12T19:00:00-04:00,3,Final,PHX,IND,PHX @ IND,191,191,6,0,6,185,0.3119726903144936,0.23368772411409208,1.3349981968337408,0.2889299411649643,1.334998196833741,0.3316055326771262,ok,1.231218113496389
2025-26,2026-03-24,0022500955,2026-03-12T19:00:00-04:00,3,Final,WAS,ORL,WAS @ ORL,228,228,38,0,38,190,0.31526005023503145,0.2563130853244933,1.2299803181562543,0.20699816775732066,1.2299803181562545,0.47419384748779514,ok,1.004180684613096
2025-26,2026-03-24,0022500956,2026-03-12T19:30:00-04:00,3,Final,BKN,ATL,BKN @ ATL,196,196,2,0,2,194,0.1890128323031434,0.28749033489445863,0.65745804071129,-0.41937433337525565,0.6574580407112899,0.20022510822970085,ok,-0.23355128528030958
2025-26,2026-03-24,0022500957,2026-03-12T19:30:00-04:00,3,Final,MIL,MIA,MIL @ MIA,203,203,1,1,2,201,0.1495612989746839,0.2732572114685476,0.5473279119365481,-0.6027071827967682,0.5473279119365481,0.08285533323459884,ok,-0.4716408524519192
2025-26,2026-03-24,0022500958,2026-03-12T21:00:00-04:00,3,Final,DEN,SAS,DEN @ SAS,215,215,39,2,41,174,0.12849885793652255,0.3078093136867604,0.4174625400298587,-0.8735604631960888,0.41746254002985883,0.021861889575138373,ok,-0.7523959058768191
2025-26,2026-03-24,0022500959,2026-03-12T21:30:00-04:00,3,Final,BOS,OKC,BOS @ OKC,182,182,0,1,1,181,0.19173088577067554,0.21112676073628572,0.9081316129799519,-0.09636596266901513,0.908131612979952,0.7922035576132711,ok,0.3083781847639952
2025-26,2026-03-24,0022500960,2026-03-12T22:30:00-04:00,3,Final,CHI,LAL,CHI @ LAL,204,204,37,0,37,167,0.13358050365812155,0.20070308343685983,0.6655627874304447,-0.40712229934569116,0.6655627874304446,0.35327739983028217,ok,-0.2160296891479201
2025-26,2026-03-24,0022500961,2026-03-13T19:30:00-04:00,3,Final,MEM,DET,MEM @ DET,194,194,59,0,59,135,0.21189651060857229,0.2619376634408767,0.8089577795917101,-0.21200855167647112,0.8089577795917099,0.5776525363799576,ok,0.09397495715629957
2025-26,2026-03-24,0022500962,2026-03-13T19:30:00-04:00,3,Final,NYK,IND,NYK @ IND,192,192,2,0,2,190,0.23749525500346794,0.2527924741628563,0.93948704679581,-0.062421247561811576,0.9394870467958096,0.8421302183094646,ok,0.37616528125386933
2025-26,2026-03-24,0022500963,2026-03-13T19:30:00-04:00,3,Final,PHX,TOR,PHX @ TOR,192,192,0,2,2,190,0.1492216495078732,0.3401979645723516,0.43863181161431525,-0.8240949157281157,0.43863181161431525,0.015032089068224641,ok,-0.7066302033850823
2025-26,2026-03-24,0022500964,2026-03-13T20:00:00-04:00,3,Final,NOP,HOU,NOP @ HOU,187,187,0,2,2,185,0.21483908081183828,0.27782528591638234,0.7732884359435118,-0.25710316164485886,0.7732884359435119,0.4196487339761369,ok,0.016861648700397084
2025-26,2026-03-24,0022500965,2026-03-13T19:30:00-04:00,3,Final,CLE,DAL,CLE @ DAL,203,203,131,0,131,72,0.10436290775540925,0.15141162058296287,0.6892661696215434,-0.3721277696195745,0.6892661696215435,0.6421700504848826,ok,-0.16478551038258793
2025-26,2026-03-24,0022500966,2026-03-13T22:00:00-04:00,3,Final,MIN,GSW,MIN @ GSW,199,199,72,0,72,127,0.2982107731504925,0.19183117592436233,1.5545480118835058,0.44118483578015144,1.5545480118835058,0.2562924165573951,ok,1.7058613470907376
2025-26,2026-03-24,0022500967,2026-03-13T22:00:00-04:00,3,Final,UTA,POR,UTA @ POR,211,211,11,0,11,200,0.15837717809537963,0.2045892439997763,0.7741227006809449,-0.2560248899450906,0.7741227006809449,0.5024639211452404,ok,0.01866523989248816
2025-26,2026-03-24,0022500968,2026-03-13T22:30:00-04:00,3,Final,CHI,LAC,CHI @ LAC,203,203,0,1,1,202,0.1900260866274658,0.20211344769034553,0.9401951666204885,-0.06166780120463097,0.9401951666204886,0.8589199881424776,ok,0.37769616062756184
2025-26,2026-03-24,0022500969,2026-03-14T13:00:00-04:00,3,Final,BKN,PHI,BKN @ PHI,198,198,94,3,97,101,0.2068275179712807,0.19255323660924467,1.074131609592226,0.07151253009883789,1.0741316095922262,0.8863327222443038,ok,0.6672524345593833
2025-26,2026-03-24,0022500970,2026-03-14T15:00:00-04:00,3,Final,MIL,ATL,MIL @ ATL,201,201,66,0,66,135,0.11314787147558798,0.21958704995296144,0.5152757027330428,-0.6630531764517692,0.5152757027330429,0.20911012105486781,ok,-0.5409343028551723
2025-26,2026-03-24,0022500971,2026-03-14T18:00:00-04:00,3,Final,WAS,BOS,WAS @ BOS,195,195,113,0,113,82,0.25507784719743193,0.20162252105123235,1.265125770015625,0.23517154017460395,1.265125770015625,0.6358118695325552,ok,1.080161395017635
2025-26,2026-03-24,0022500972,2026-03-14T20:00:00-04:00,3,Final,ORL,MIA,ORL @ MIA,209,209,70,3,73,136,0.20351430858408934,0.25060727264077703,0.8120846072803672,-0.20815074809041426,0.812084607280367,0.609738842710124,ok,0.10073482440875048
2025-26,2026-03-24,0022500973,2026-03-14T15:30:00-04:00,3,Final,CHA,SAS,CHA @ SAS,188,188,36,0,36,152,0.18817420088305017,0.21242643614790493,0.8858323111537361,-0.12122761135345142,0.8858323111537364,0.7578834357799068,ok,0.26016947767265763
2025-26,2026-03-24,0022500974,2026-03-14T20:30:00-04:00,3,Final,DEN,LAL,DEN @ LAL,217,217,10,0,10,207,0.2595862277082057,0.21199740881471063,1.2244783045206393,0.2025148794259603,1.2244783045206395,0.5094002606297353,ok,0.9922859192146533
2025-26,2026-03-24,0022500975,2026-03-14T22:30:00-04:00,3,Final,SAC,LAC,SAC @ LAC,202,202,27,0,27,175,0.265368728868762,0.16037155266288805,1.654711976422559,0.5036269613105593,1.6547119764225589,0.16612413158206352,ok,1.9224051324164941
2025-26,2026-03-24,0022500976,2026-03-15T13:00:00-04:00,3,Final,MIN,OKC,MIN @ OKC,198,198,14,0,14,184,0.0814290582681783,0.22839084442214516,0.3565338114765637,-1.0313262007735742,0.3565338114765637,0.035827088969191206,ok,-0.884117304652642
2025-26,2026-03-24,0022500977,2026-03-15T15:30:00-04:00,3,Final,DAL,CLE,DAL @ CLE,203,203,26,0,26,177,0.2228453504724929,0.21924304886452967,1.0164306308757323,0.01629710864469275,1.0164306308757327,0.9628473756294385,ok,0.5425090859332531
2025-26,2026-03-24,0022500978,2026-03-15T15:30:00-04:00,3,Final,DET,TOR,DET @ TOR,189,189,0,1,1,188,0.241871967825481,0.28883349040875766,0.8374097044050652,-0.1774418367311822,0.8374097044050651,0.5525421699342912,ok,0.1554849775238098
2025-26,2026-03-24,0022500979,2026-03-15T15:30:00-04:00,3,Final,IND,MIL,IND @ MIL,190,190,19,0,19,171,0.03599459994098309,0.20790721419708982,0.1731281912462224,-1.7537229690192468,0.17312819124622242,0.01816580988078688,ok,-1.2806206523132824
2025-26,2026-03-24,0022500980,2026-03-15T18:00:00-04:00,3,Final,POR,PHI,POR @ PHI,206,206,0,1,1,205,0.05865434985654807,0.21929205103402608,0.2674713906864188,-1.318742669070687,0.26747139068641873,0.014138289079636818,ok,-1.0766607389798037
2025-26,2026-03-24,0022500981,2026-03-15T20:00:00-04:00,3,Final,GSW,NYK,GSW @ NYK,185,185,30,1,31,154,0.29285242282938323,0.20432057796773323,1.4332987197972353,0.3599785847611427,1.4332987197972353,0.29632363934788186,ok,1.443733337309412
2025-26,2026-03-24,0022500982,2026-03-15T22:00:00-04:00,3,Final,UTA,SAC,UTA @ SAC,205,205,0,1,1,204,0.15157183166585103,0.23184259403054744,0.6537704268693613,-0.42499901840186916,0.6537704268693614,0.24465256814670577,ok,-0.24152351225660465
2025-26,2026-03-24,0022500983,2026-03-16T19:00:00-04:00,3,Final,ORL,ATL,ORL @ ATL,207,207,98,0,98,109,0.27695553857931826,0.25980611636905543,1.066008539175044,0.06392133619472493,1.0660085391750442,0.8683404730744468,ok,0.6496912245503842
2025-26,2026-03-24,0022500984,2026-03-16T19:00:00-04:00,3,Final,GSW,WAS,GSW @ WAS,205,205,12,0,12,193,0.19630763918099225,0.29162190589747633,0.6731580694421732,-0.3957751040447383,0.6731580694421733,0.21640754875434143,ok,-0.19960950125894092
2025-26,2026-03-24,0022500985,2026-03-16T19:30:00-04:00,3,Final,POR,BKN,POR @ BKN,199,199,157,0,157,42,0.23056439182413765,0.1969077203938902,1.1709261138309932,0.15779498598185734,1.1709261138309932,0.8304387807496736,ok,0.8765118068600912
2025-26,2026-03-24,0022500986,2026-03-16T19:30:00-04:00,3,Final,PHX,BOS,PHX @ BOS,189,189,0,2,2,187,0.14927800221257143,0.30888171888913224,0.48328532601229207,-0.7271480626605397,0.48328532601229196,0.03955429639270047,ok,-0.6100940780396641
2025-26,2026-03-24,0022500987,2026-03-16T20:00:00-04:00,3,Final,MEM,CHI,MEM @ CHI,204,204,53,0,53,151,0.21758251730952366,0.19154225543509235,1.135950481606684,0.1274697292139213,1.1359504816066845,0.7514014321646023,ok,0.800898228355414
2025-26,2026-03-24,0022500988,2026-03-16T20:00:00-04:00,3,Final,DAL,NOP,DAL @ NOP,216,216,86,1,86,130,0.22104782148946436,0.17288256742183927,1.278600987860738,0.24576650196143612,1.278600987860738,0.5853381505280489,ok,1.1092933757024874
2025-26,2026-03-24,0022500989,2026-03-16T21:30:00-04:00,3,Final,LAL,HOU,LAL @ HOU,183,183,0,0,0,183,0.2140259664408826,0.22902067068582438,0.9345268520957576,-0.06771491831447206,0.9345268520957575,0.8418200846980695,ok,0.3654418704818914
2025-26,2026-03-24,0022500990,2026-03-16T22:00:00-04:00,3,Final,SAS,LAC,SAS @ LAC,197,197,35,3,38,159,0.37124237973298635,0.23429907624135307,1.5844807657310909,0.4602567610603859,1.5844807657310904,0.12693694690318344,ok,1.770572761552103
2025-26,2026-03-24,0022500991,2026-03-17T19:00:00-04:00,3,Final,MIA,CHA,MIA @ CHA,210,210,35,2,35,175,0.15485093862641158,0.2988541200383729,0.5181489169583097,-0.6574925935628966,0.5181489169583096,0.07456631157170328,ok,-0.5347227208031409
2025-26,2026-03-24,0022500992,2026-03-17T19:00:00-04:00,3,Final,OKC,ORL,OKC @ ORL,200,200,16,1,17,183,0.17671372373715077,0.21358850136613158,0.8273559794037303,-0.18952022989480258,0.8273559794037303,0.6109123472105495,ok,0.13374989866154652
2025-26,2026-03-24,0022500993,2026-03-17T19:00:00-04:00,3,Final,DET,WAS,DET @ WAS,202,202,50,0,50,152,0.15388559421832604,0.33326951686972855,0.46174518348906857,-0.7727420909500038,0.4617451834890686,0.039349600025146765,ok,-0.6566615638605403
2025-26,2026-03-24,0022500994,2026-03-17T19:30:00-04:00,3,Final,IND,NYK,IND @ NYK,192,192,58,0,58,134,4.330300641166716e-11,0.17475548672294458,2.4779197050516227e-10,-22.118431550385367,2.477919705051621e-10,0.9987525989850218,ok,-1.6549052964757411
2025-26,2026-03-24,0022500995,2026-03-17T20:00:00-04:00,3,Final,CLE,MIL,CLE @ MIL,190,190,1,1,2,188,0.1952692027670547,0.3058022256086877,0.63854735647649,-0.44855943793334646,0.63854735647649,0.16553848215365308,ok,-0.27443416333079945
2025-26,2026-03-24,0022500996,2026-03-17T20:00:00-04:00,3,Final,PHX,MIN,PHX @ MIN,198,198,4,0,4,194,0.19896346774514842,0.3169482054917872,0.62774757609506,-0.4656171422102643,0.6277475760950602,0.1322776011085722,ok,-0.29778213418283045
2025-26,2026-03-24,0022500997,2026-03-17T22:00:00-04:00,3,Final,PHI,DEN,PHI @ DEN,210,210,159,0,159,51,0.22085298971357312,0.18708422156350185,1.180500353626076,0.1659383770995704,1.180500353626076,0.8212854813371069,ok,0.8972102899561293
2025-26,2026-03-24,0022500998,2026-03-17T22:00:00-04:00,3,Final,SAS,SAC,SAS @ SAC,198,198,157,0,157,41,0.111849516253274,0.12476833655165705,0.8964575415892128,-0.10930434724898307,0.8964575415892129,0.922436554316326,ok,0.2831400901982779
2025-26,2026-03-24,0022500999,2026-03-18T19:00:00-04:00,3,Final,GSW,BOS,GSW @ BOS,194,194,70,0,70,124,0.1667021250845612,0.2811939268179616,0.592836861631369,-0.5228360246943443,0.5928368616313686,0.21179530730071583,ok,-0.3732553674277749
2025-26,2026-03-24,0022501000,2026-03-18T19:30:00-04:00,3,Final,OKC,BKN,OKC @ BKN,207,207,159,0,159,48,1.3411463756321694e-10,0.1645405306675293,8.150857239801242e-10,-20.92772782542131,8.150857239801233e-10,0.998917188757522,ok,-1.6549052952493126
2025-26,2026-03-24,0022501001,2026-03-18T19:30:00-04:00,3,Final,POR,IND,POR @ IND,198,198,59,1,60,138,0.20260087266880508,0.24578509567605403,0.8243008881866215,-0.1932196601594455,0.8243008881866216,0.6248557714104401,ok,0.127145117993043
2025-26,2026-03-24,0022501002,2026-03-18T20:00:00-04:00,3,Final,TOR,CHI,TOR @ CHI,213,213,147,0,147,66,0.08359818958347884,0.21389847181117558,0.3908311680565783,-0.9394796074989035,0.3908311680565782,0.23641706241783011,ok,-0.809970085593557
2025-26,2026-03-24,0022501004,2026-03-18T20:00:00-04:00,3,Final,UTA,MIN,UTA @ MIN,219,219,108,0,108,111,0.10187035402250427,0.27880624124513664,0.3653804648258793,-1.0068160989034147,0.3653804648258794,0.07325743225330646,ok,-0.864991785684404
2025-26,2026-03-24,0022501005,2026-03-18T20:00:00-04:00,3,Final,LAC,NOP,LAC @ NOP,190,190,25,0,25,165,0.21484618513031595,0.20210793245629452,1.0630269802833001,0.061120480301399806,1.0630269802833001,0.8729843182504904,ok,0.64324541290983
2025-26,2026-03-24,0022501006,2026-03-18T20:30:00-04:00,3,Final,ATL,DAL,ATL @ DAL,208,208,68,0,68,140,0.1491378671241803,0.2008708925011963,0.7424563373376365,-0.29779121496683636,0.7424563373376365,0.572364226938324,ok,-0.04979405300208599
2025-26,2026-03-24,0022501007,2026-03-18T21:30:00-04:00,3,Final,LAL,HOU,LAL @ HOU,189,189,0,2,2,187,0.19652217815307366,0.2764310854549306,0.7109264785819996,-0.3411862601768251,0.7109264785819996,0.30004588646884744,ok,-0.11795823756838299
2025-26,2026-03-24,0022501008,2026-03-19T19:00:00-04:00,3,Final,ORL,CHA,ORL @ CHA,196,196,119,1,119,77,0.08054478554651935,0.21085280881796833,0.381995317008343,-0.9623469295911694,0.3819953170083429,0.22656554241774207,ok,-0.8290722511414614
2025-26,2026-03-24,0022501009,2026-03-19T19:00:00-04:00,3,Final,DET,WAS,DET @ WAS,198,198,63,0,63,135,0.09057978111137255,0.2311756054802136,0.39182240238200783,-0.9369465970001054,0.39182240238200794,0.09409049962751213,ok,-0.8078271429298843
2025-26,2026-03-24,0022501010,2026-03-19T20:00:00-04:00,3,Final,LAL,MIA,LAL @ MIA,206,206,2,2,4,202,0.30239391751616174,0.26909488267936915,1.1237445859439434,0.1166664889446509,1.1237445859439437,0.6733126539767411,ok,0.774510386557573
2025-26,2026-03-24,0022501011,2026-03-19T20:00:00-04:00,3,Final,CLE,CHI,CLE @ CHI,205,205,112,3,115,90,0.11172103397469765,0.20296500070372928,0.5504448234293278,-0.5970285577622338,0.5504448234293277,0.3399307965399344,ok,-0.46490242295506445
2025-26,2026-03-24,0022501012,2026-03-19T20:00:00-04:00,3,Final,LAC,NOP,LAC @ NOP,193,193,0,0,0,193,0.14906734265246024,0.3019935397917255,0.4936110313991049,-0.7060074577770264,0.4936110313991049,0.043426683679494364,ok,-0.587771006654573
2025-26,2026-03-24,0022501013,2026-03-19T20:00:00-04:00,3,Final,PHX,SAS,PHX @ SAS,192,192,0,1,1,191,0.14418431605670307,0.24662062150821681,0.5846401455601684,-0.5367587568185109,0.5846401455601683,0.1488028566985351,ok,-0.3909757914691594
2025-26,2026-03-24,0022501014,2026-03-19T21:00:00-04:00,3,Final,MIL,UTA,MIL @ UTA,199,199,101,0,101,98,0.2591453241071936,0.2234494044567525,1.159749450830825,0.1482039911258488,1.159749450830825,0.7412844903430685,ok,0.8523490560693804
2025-26,2026-03-24,0022501015,2026-03-19T22:00:00-04:00,3,Final,PHI,SAC,PHI @ SAC,208,208,59,0,59,149,0.0720690669632497,0.28877720099924237,0.24956633250087767,-1.3880305373985655,0.24956633250087762,0.010483755659783616,ok,-1.1153695609979586
2025-26,2026-03-24,0022501016,2026-03-20T19:30:00-04:00,3,Final,NYK,BKN,NYK @ BKN,191,191,0,2,2,189,0.2345064260321429,0.2484027856526592,0.944057150631364,-0.05756857374610885,0.9440571506313641,0.8552544309739154,ok,0.386045357271595
2025-26,2026-03-24,0022501017,2026-03-20T19:30:00-04:00,3,Final,GSW,DET,GSW @ DET,202,202,65,0,65,137,0.0562057149998108,0.16762569949335293,0.33530487967950046,-1.0927150724410803,0.33530487967950046,0.14703556654925398,ok,-0.9300119861472633
2025-26,2026-03-24,0022501018,2026-03-20T20:00:00-04:00,3,Final,ATL,HOU,ATL @ HOU,200,200,86,0,86,114,0.28721857181107846,0.22456580590888675,1.278995128615493,0.24607471384472449,1.278995128615493,0.5312445824315193,ok,1.1101454658866026
2025-26,2026-03-24,0022501019,2026-03-20T20:00:00-04:00,3,Final,BOS,MEM,BOS @ MEM,193,193,0,3,3,190,0.14076065220827547,0.2538439966651926,0.5545163724865696,-0.5896589460512963,0.5545163724865693,0.11964355163517189,ok,-0.4561001690801102
2025-26,2026-03-24,0022501020,2026-03-20T20:00:00-04:00,3,Final,POR,MIN,POR @ MIN,200,200,18,1,19,181,0.21846761680792232,0.2581450584749446,0.8462978842150745,-0.16688387235047,0.8462978842150748,0.6099036668728448,ok,0.17470027226151902
2025-26,2026-03-24,0022501021,2026-03-20T21:00:00-04:00,3,Final,TOR,DEN,TOR @ DEN,189,189,0,2,2,187,0.1457795900066051,0.2787084675069445,0.5230540403404599,-0.6480704926443221,0.5230540403404599,0.07722791536007151,ok,-0.5241183683341794
2025-26,2026-03-24,0022501022,2026-03-21T17:00:00-04:00,3,Final,OKC,WAS,OKC @ WAS,201,201,33,0,33,168,0.1942237777773712,0.24478514021178424,0.793445948595294,-0.23136985904808463,0.7934459485952943,0.5232062299570889,ok,0.060440036521367126
2025-26,2026-03-24,0022501023,2026-03-21T19:00:00-04:00,3,Final,MEM,CHA,MEM @ CHA,196,196,88,0,88,108,0.05045635211072815,0.2633050233096188,0.19162700155323975,-1.6522044966875544,0.19162700155323978,0.02831151260360159,ok,-1.2406282016715864
2025-26,2026-03-24,0022501024,2026-03-21T19:00:00-04:00,3,Final,LAL,ORL,LAL @ ORL,188,188,0,0,0,188,0.31618153598466264,0.31212275806541373,1.0130037871778588,0.012919963835923871,1.0130037871778588,0.9625810515950521,ok,0.5351006161360347
2025-26,2026-03-24,0022501025,2026-03-21T19:00:00-04:00,3,Final,CLE,NOP,CLE @ NOP,189,189,3,1,4,185,0.20260266320585307,0.24648016641051948,0.821983635260992,-0.1960347925657481,0.8219836352609922,0.5749852871341636,ok,0.12213546484700223
2025-26,2026-03-24,0022501026,2026-03-21T20:00:00-04:00,3,Final,GSW,ATL,GSW @ ATL,203,203,95,0,95,108,0.18130735733170394,0.1868983605149895,0.9700853278333752,-0.03037124451503307,0.970085327833375,0.952493978581682,ok,0.4423154943652155
2025-26,2026-03-24,0022501027,2026-03-21T20:00:00-04:00,3,Final,MIA,HOU,MIA @ HOU,189,189,0,0,0,189,0.08956566695833117,0.24588139445830734,0.36426370183742507,-1.0098772180393598,0.364263701837425,0.025958422205589474,ok,-0.8674061079004272
2025-26,2026-03-24,0022501028,2026-03-21T20:00:00-04:00,3,Final,IND,SAS,IND @ SAS,196,196,100,0,100,96,0.15084512559242366,0.20683043131732537,0.7293178505294156,-0.3156456330410897,0.7293178505294157,0.5776768127540128,ok,-0.07819805717661536
2025-26,2026-03-24,0022501029,2026-03-21T20:30:00-04:00,3,Final,LAC,DAL,LAC @ DAL,210,210,0,0,0,210,0.1660748051959282,0.2581193301269089,0.6434032085635532,-0.4409836773019346,0.6434032085635533,0.18489603729187765,ok,-0.2639363301354624
2025-26,2026-03-24,0022501030,2026-03-21T21:30:00-04:00,3,Final,PHI,UTA,PHI @ UTA,204,204,0,0,0,204,0.18869923759475576,0.34393380842340393,0.5486498650997848,-0.6002948094219932,0.5486498650997848,0.042354531778896726,ok,-0.4687829310097321
2025-26,2026-03-24,0022501031,2026-03-21T22:00:00-04:00,3,Final,MIL,PHX,MIL @ PHX,184,184,0,1,1,183,0.07356597207136358,0.2520998303988559,0.2918128582433883,-1.2316425786025138,0.2918128582433883,0.014331252511632999,ok,-1.0240370878551004
2025-26,2026-03-24,0022501032,2026-03-22T17:00:00-04:00,3,Final,POR,DEN,POR @ DEN,200,200,52,0,52,148,0.2627564915470851,0.15635636722346188,1.6804975468095773,0.5190899083840271,1.6804975468095775,0.18984003058889487,ok,1.9781507795070865
2025-26,2026-03-24,0022501033,2026-03-22T18:00:00-04:00,3,Final,BKN,SAC,BKN @ SAC,192,192,0,3,3,189,0.2196781633234711,0.2956616615649742,0.743005238354838,-0.2970521840135405,0.743005238354838,0.3290249343892033,ok,-0.0486073876720847
2025-26,2026-03-24,0022501034,2026-03-22T19:30:00-04:00,3,Final,WAS,NYK,WAS @ NYK,197,197,91,0,91,106,0.23470783046588892,0.1491863703383372,1.573252502447771,0.45314513404672735,1.5732525024477708,0.37624779558946564,ok,1.7462984564645052
2025-26,2026-03-24,0022501035,2026-03-22T20:00:00-04:00,3,Final,MIN,BOS,MIN @ BOS,199,199,2,0,2,197,0.13762525652482954,0.15738630037814733,0.8744424145822189,-0.1341688362259968,0.874442414582219,0.7586303045551314,ok,0.235545738692123
2025-26,2026-03-24,0022501036,2026-03-22T21:00:00-04:00,3,Final,TOR,PHX,TOR @ PHX,192,192,119,0,119,73,0.136113176683574,0.21585761402265483,0.6305692634464521,-0.4611322748186063,0.630569263446452,0.4852444485692148,ok,-0.29168194772467537
2025-26,2026-03-24,0022501037,2026-03-23T19:30:00-04:00,3,Final,MEM,ATL,MEM @ ATL,205,205,147,0,147,58,0.044588629691565615,0.30922539324328985,0.1441945928951719,-1.936591552093885,0.1441945928951719,0.06452173420084016,ok,-1.3431719993856988
2025-26,2026-03-24,0022501038,2026-03-23T19:00:00-04:00,3,Final,LAL,DET,LAL @ DET,187,187,2,1,3,184,0.26142887371058304,0.27847023942578647,0.9388036375077523,-0.06314894037733357,0.9388036375077524,0.833935582366342,ok,0.37468782341916984
2025-26,2026-03-24,0022501039,2026-03-23T19:00:00-04:00,3,Final,IND,ORL,IND @ ORL,195,195,0,1,1,194,0.2077720695812848,0.23693225853078773,0.8769260499590699,-0.13133261176263145,0.87692604995907,0.6892253749828046,ok,0.24091509291394567
2025-26,2026-03-24,0022501040,2026-03-23T19:00:00-04:00,3,Final,OKC,PHI,OKC @ PHI,199,199,124,0,124,75,0.0471770112672317,0.13010369996511215,0.3626108348946449,-1.0144250999863487,0.36261083489464485,0.362188185859726,ok,-0.8709794295643263
2025-26,2026-03-24,0022501041,2026-03-23T19:00:00-04:00,3,Final,SAS,MIA,SAS @ MIA,212,212,125,0,125,87,0.19434427266308693,0.22848764261600574,0.8505679801235473,-0.16185094074189343,0.8505679801235475,0.7587261998615525,ok,0.1839317632071895
