season,as_of_utc_date,game_id,game_date_et,game_status,game_status_text,away_team,home_team,matchup,possessions,n1_count_L_t_eq_1,n0_count_L_t_eq_0,mean_M_t_where_L_t_eq_1,mean_M_t_where_L_t_eq_0,WMI_game,wmi_game_percentile
2025-26,2026-03-23,22500001,2025-10-21T19:30:00-04:00,3,Final,HOU,OKC,HOU @ OKC,225,82,143,0.3048780487804878,0.2517482517482518,1.2110433604336042,79.88394584139265
2025-26,2026-03-23,22500002,2025-10-21T22:00:00-04:00,3,Final,GSW,LAL,GSW @ LAL,201,70,131,0.1714285714285714,0.2595419847328244,0.6605042016806723,21.953578336557054
2025-26,2026-03-23,22500003,2025-10-22T19:00:00-04:00,3,Final,CLE,NYK,CLE @ NYK,208,69,139,0.3333333333333333,0.2302158273381295,1.4479166666666663,91.48936170212764
2025-26,2026-03-23,22500004,2025-10-22T21:30:00-04:00,3,Final,SAS,DAL,SAS @ DAL,200,71,129,0.2112676056338028,0.2868217054263566,0.7365816520746098,31.431334622823982
2025-26,2026-03-23,22500005,2025-10-23T19:30:00-04:00,3,Final,OKC,IND,OKC @ IND,245,108,137,0.3055555555555556,0.364963503649635,0.8372222222222223,44.58413926499033
2025-26,2026-03-23,22500006,2025-10-23T22:00:00-04:00,3,Final,DEN,GSW,DEN @ GSW,211,64,147,0.140625,0.2176870748299319,0.64599609375,19.729206963249517
2025-26,2026-03-23,22500007,2025-10-27T19:00:00-04:00,3,Final,CLE,DET,CLE @ DET,208,81,127,0.2716049382716049,0.3070866141732283,0.8844571066793289,50.870406189555126
2025-26,2026-03-23,22500008,2025-10-27T21:30:00-04:00,3,Final,DEN,MIN,DEN @ MIN,204,71,133,0.2253521126760563,0.2556390977443609,0.8815244407622205,50.29013539651837
2025-26,2026-03-23,22500009,2025-12-25T12:00:00-05:00,3,Final,CLE,NYK,CLE @ NYK,206,60,146,0.25,0.2054794520547945,1.2166666666666668,80.36750483558994
2025-26,2026-03-23,22500010,2025-12-25T14:30:00-05:00,3,Final,SAS,OKC,SAS @ OKC,193,53,140,0.1886792452830188,0.2,0.9433962264150944,58.027079303675045
2025-26,2026-03-23,22500011,2025-12-25T17:00:00-05:00,3,Final,DAL,GSW,DAL @ GSW,211,65,146,0.1538461538461538,0.2191780821917808,0.701923076923077,27.176015473887816
2025-26,2026-03-23,22500012,2025-12-25T20:00:00-05:00,3,Final,HOU,LAL,HOU @ LAL,180,43,137,0.3023255813953488,0.145985401459854,2.0709302325581396,99.12959381044487
2025-26,2026-03-23,22500013,2025-12-25T22:30:00-05:00,3,Final,MIN,DEN,MIN @ DEN,234,78,156,0.2564102564102564,0.2307692307692307,1.111111111111111,73.30754352030948
2025-26,2026-03-23,22500014,2026-01-19T13:00:00-05:00,3,Final,MIL,ATL,MIL @ ATL,204,65,139,0.2461538461538461,0.2230215827338129,1.1037220843672455,72.43713733075435
2025-26,2026-03-23,22500015,2026-01-19T14:30:00-05:00,3,Final,OKC,CLE,OKC @ CLE,212,69,143,0.2898550724637681,0.2167832167832167,1.337073398784479,87.33075435203095
2025-26,2026-03-23,22500016,2026-01-19T17:00:00-05:00,3,Final,DAL,NYK,DAL @ NYK,209,62,147,0.1612903225806451,0.2176870748299319,0.7409274193548387,32.20502901353966
2025-26,2026-03-23,22500017,2026-01-19T20:00:00-05:00,3,Final,BOS,DET,BOS @ DET,185,76,109,0.3421052631578947,0.3302752293577982,1.0358187134502923,67.11798839458413
2025-26,2026-03-23,22500018,2025-10-24T19:30:00-04:00,3,Final,BOS,NYK,BOS @ NYK,186,68,118,0.1911764705882352,0.2966101694915254,0.6445378151260504,19.5357833655706
2025-26,2026-03-23,22500019,2025-10-24T22:00:00-04:00,3,Final,MIN,LAL,MIN @ LAL,185,70,115,0.3,0.3130434782608696,0.9583333333333331,59.284332688588
2025-26,2026-03-23,22500020,2025-10-31T19:00:00-04:00,3,Final,ATL,IND,ATL @ IND,203,67,136,0.208955223880597,0.25,0.835820895522388,44.48742746615087
2025-26,2026-03-23,22500021,2025-10-31T19:00:00-04:00,3,Final,BOS,PHI,BOS @ PHI,194,60,134,0.2166666666666666,0.2388059701492537,0.9072916666666668,53.77176015473888
2025-26,2026-03-23,22500022,2025-10-31T19:30:00-04:00,3,Final,TOR,CLE,TOR @ CLE,195,55,140,0.2,0.2,1.0,63.297872340425535
2025-26,2026-03-23,22500023,2025-10-31T20:00:00-04:00,3,Final,NYK,CHI,NYK @ CHI,196,74,122,0.2297297297297297,0.3032786885245901,0.7574872169466764,34.719535783365565
2025-26,2026-03-23,22500024,2025-10-31T21:30:00-04:00,3,Final,LAL,MEM,LAL @ MEM,195,65,130,0.3076923076923077,0.2461538461538461,1.25,81.96324951644101
2025-26,2026-03-23,22500025,2025-10-31T22:00:00-04:00,3,Final,UTA,PHX,UTA @ PHX,202,65,137,0.3230769230769231,0.2408759124087591,1.3412587412587411,87.62088974854933
2025-26,2026-03-23,22500026,2025-10-31T22:00:00-04:00,3,Final,DEN,POR,DEN @ POR,196,74,122,0.2297297297297297,0.2950819672131147,0.7785285285285286,37.81431334622824
2025-26,2026-03-23,22500027,2025-10-31T22:30:00-04:00,3,Final,NOP,LAC,NOP @ LAC,197,65,132,0.3076923076923077,0.2348484848484848,1.3101736972704714,85.68665377176016
2025-26,2026-03-23,22500028,2025-11-07T19:00:00-05:00,3,Final,BOS,ORL,BOS @ ORL,198,80,118,0.225,0.3220338983050847,0.6986842105263159,26.9825918762089
2025-26,2026-03-23,22500029,2025-11-07T19:00:00-05:00,3,Final,CLE,WAS,CLE @ WAS,207,68,139,0.1617647058823529,0.2517985611510791,0.642436974789916,19.245647969052225
2025-26,2026-03-23,22500030,2025-11-07T19:30:00-05:00,3,Final,TOR,ATL,TOR @ ATL,200,66,134,0.1818181818181818,0.2388059701492537,0.7613636363636364,35.25145067698259
2025-26,2026-03-23,22500031,2025-11-07T19:30:00-05:00,3,Final,DET,BKN,DET @ BKN,199,76,123,0.2631578947368421,0.2845528455284553,0.924812030075188,55.51257253384912
2025-26,2026-03-23,22500032,2025-11-07T19:30:00-05:00,3,Final,HOU,SAS,HOU @ SAS,200,68,132,0.1911764705882352,0.2575757575757575,0.7422145328719723,32.39845261121857
2025-26,2026-03-23,22500033,2025-11-07T20:00:00-05:00,3,Final,CHA,MIA,CHA @ MIA,211,62,149,0.1612903225806451,0.2147651006711409,0.751008064516129,33.65570599613153
2025-26,2026-03-23,22500034,2025-11-07T20:00:00-05:00,3,Final,DAL,MEM,DAL @ MEM,198,68,130,0.2352941176470588,0.2538461538461538,0.9269162210338682,55.947775628626694
2025-26,2026-03-23,22500035,2025-11-07T20:00:00-05:00,3,Final,CHI,MIL,CHI @ MIL,211,65,146,0.1692307692307692,0.2191780821917808,0.7721153846153846,36.94390715667311
2025-26,2026-03-23,22500036,2025-11-07T20:00:00-05:00,3,Final,UTA,MIN,UTA @ MIN,210,69,141,0.2318840579710145,0.2411347517730496,0.9616368286445014,59.57446808510638
2025-26,2026-03-23,22500037,2025-11-07T22:00:00-05:00,3,Final,GSW,DEN,GSW @ DEN,190,56,134,0.3392857142857143,0.1865671641791045,1.8185714285714285,97.87234042553192
2025-26,2026-03-23,22500038,2025-11-07T22:00:00-05:00,3,Final,OKC,SAC,OKC @ SAC,209,54,155,0.0925925925925925,0.1741935483870967,0.5315500685871056,10.9284332688588
2025-26,2026-03-23,22500039,2025-11-14T19:00:00-05:00,3,Final,MIA,NYK,MIA @ NYK,203,77,126,0.2077922077922078,0.3095238095238095,0.6713286713286714,23.11411992263056
2025-26,2026-03-23,22500040,2025-11-14T19:00:00-05:00,3,Final,BKN,ORL,BKN @ ORL,185,55,130,0.2181818181818181,0.1923076923076923,1.1345454545454543,74.80657640232108
2025-26,2026-03-23,22500041,2025-11-14T19:30:00-05:00,3,Final,PHI,DET,PHI @ DET,198,53,145,0.2075471698113207,0.1862068965517241,1.1146051712089449,73.69439071566731
2025-26,2026-03-23,22500042,2025-11-14T20:00:00-05:00,3,Final,POR,HOU,POR @ HOU,201,66,135,0.2272727272727272,0.2592592592592592,0.8766233766233766,49.51644100580271
2025-26,2026-03-23,22500043,2025-11-14T20:00:00-05:00,3,Final,CHA,MIL,CHA @ MIL,219,71,148,0.1267605633802817,0.2432432432432432,0.5211267605633803,9.477756286266924
2025-26,2026-03-23,22500044,2025-11-14T20:00:00-05:00,3,Final,SAC,MIN,SAC @ MIN,208,78,130,0.2051282051282051,0.3076923076923077,0.6666666666666666,22.727272727272727
2025-26,2026-03-23,22500045,2025-11-14T20:00:00-05:00,3,Final,LAL,NOP,LAL @ NOP,207,60,147,0.2666666666666666,0.2108843537414966,1.264516129032258,83.07543520309478
2025-26,2026-03-23,22500046,2025-11-14T20:30:00-05:00,3,Final,LAC,DAL,LAC @ DAL,249,89,160,0.3258426966292135,0.2625,1.2413055109684323,81.43133462282398
2025-26,2026-03-23,22500047,2025-11-14T21:30:00-05:00,3,Final,GSW,SAS,GSW @ SAS,193,50,143,0.22,0.1748251748251748,1.2584,82.7852998065764
2025-26,2026-03-23,22500048,2025-11-21T19:00:00-05:00,3,Final,IND,CLE,IND @ CLE,205,74,131,0.2837837837837837,0.2671755725190839,1.0621621621621622,69.0522243713733
2025-26,2026-03-23,22500049,2025-11-21T19:30:00-05:00,3,Final,BKN,BOS,BKN @ BOS,192,66,126,0.2272727272727272,0.2539682539682539,0.8948863636363636,52.70793036750485
2025-26,2026-03-23,22500050,2025-11-21T19:30:00-05:00,3,Final,WAS,TOR,WAS @ TOR,209,72,137,0.2361111111111111,0.2554744525547445,0.9242063492063493,55.319148936170215
2025-26,2026-03-23,22500051,2025-11-21T20:00:00-05:00,3,Final,MIA,CHI,MIA @ CHI,217,76,141,0.2631578947368421,0.2907801418439716,0.9050064184852376,53.481624758220505
2025-26,2026-03-23,22500052,2025-11-21T20:30:00-05:00,3,Final,NOP,DAL,NOP @ DAL,210,66,144,0.2272727272727272,0.2291666666666666,0.9917355371900828,62.37911025145067
2025-26,2026-03-23,22500053,2025-11-21T21:00:00-05:00,3,Final,MIN,PHX,MIN @ PHX,206,76,130,0.3026315789473684,0.2769230769230769,1.0928362573099415,71.1798839458414
2025-26,2026-03-23,22500054,2025-11-21T21:30:00-05:00,3,Final,DEN,HOU,DEN @ HOU,188,64,124,0.296875,0.2580645161290322,1.150390625,76.30560928433269
2025-26,2026-03-23,22500055,2025-11-21T22:00:00-05:00,3,Final,OKC,UTA,OKC @ UTA,205,58,147,0.2413793103448276,0.1972789115646258,1.2235434007134365,80.75435203094777
2025-26,2026-03-23,22500056,2025-11-21T22:00:00-05:00,3,Final,POR,GSW,POR @ GSW,201,77,124,0.1818181818181818,0.2983870967741935,0.6093366093366094,16.150870406189554
2025-26,2026-03-23,22500057,2025-11-25T19:00:00-05:00,3,Final,ATL,WAS,ATL @ WAS,205,62,143,0.1129032258064516,0.2237762237762237,0.5045362903225806,8.220502901353965
2025-26,2026-03-23,22500058,2025-11-25T20:00:00-05:00,3,Final,ORL,PHI,ORL @ PHI,211,63,148,0.3174603174603174,0.2027027027027027,1.566137566137566,94.77756286266924
2025-26,2026-03-23,22500059,2025-11-25T23:00:00-05:00,3,Final,LAC,LAL,LAC @ LAL,191,68,123,0.2647058823529412,0.2845528455284553,0.9302521008403362,56.47969052224371
2025-26,2026-03-23,22500060,2025-11-26T17:00:00-05:00,3,Final,DET,BOS,DET @ BOS,192,68,124,0.2647058823529412,0.2661290322580645,0.9946524064171124,62.66924564796905
2025-26,2026-03-23,22500061,2025-11-26T19:00:00-05:00,3,Final,NYK,CHA,NYK @ CHA,196,61,135,0.0983606557377049,0.237037037037037,0.4149590163934426,3.8684719535783367
2025-26,2026-03-23,22500062,2025-11-26T19:30:00-05:00,3,Final,MIL,MIA,MIL @ MIA,200,41,159,0.0975609756097561,0.1383647798742138,0.7050997782705101,27.466150870406192
2025-26,2026-03-23,22500063,2025-11-26T19:30:00-05:00,3,Final,IND,TOR,IND @ TOR,200,62,138,0.2096774193548387,0.217391304347826,0.964516129032258,59.67117988394585
2025-26,2026-03-23,22500064,2025-11-26T19:30:00-05:00,3,Final,MIN,OKC,MIN @ OKC,197,86,111,0.2441860465116279,0.3873873873873873,0.6303407247160627,18.3752417794971
2025-26,2026-03-23,22500065,2025-11-26T20:00:00-05:00,3,Final,MEM,NOP,MEM @ NOP,216,59,157,0.2033898305084746,0.1783439490445859,1.1404358353510895,75.43520309477756
2025-26,2026-03-23,22500066,2025-11-26T22:00:00-05:00,3,Final,HOU,GSW,HOU @ GSW,180,70,110,0.3,0.3,1.0,63.297872340425535
2025-26,2026-03-23,22500067,2025-11-26T22:00:00-05:00,3,Final,SAS,POR,SAS @ POR,203,72,131,0.2222222222222222,0.2748091603053435,0.8086419753086419,41.19922630560928
2025-26,2026-03-23,22500068,2025-11-26T22:00:00-05:00,3,Final,PHX,SAC,PHX @ SAC,192,48,144,0.2083333333333333,0.1805555555555555,1.153846153846154,76.69245647969052
2025-26,2026-03-23,22500069,2025-11-28T19:30:00-05:00,3,Final,CLE,ATL,CLE @ ATL,212,54,158,0.1296296296296296,0.1835443037974683,0.706257982120051,27.75628626692456
2025-26,2026-03-23,22500070,2025-11-28T19:30:00-05:00,3,Final,PHI,BKN,PHI @ BKN,196,55,141,0.4545454545454545,0.1702127659574468,2.6704545454545454,100.0
2025-26,2026-03-23,22500071,2025-11-28T19:30:00-05:00,3,Final,CHI,CHA,CHI @ CHA,213,62,151,0.1612903225806451,0.2052980132450331,0.785639958376691,38.684719535783366
2025-26,2026-03-23,22500072,2025-11-28T19:30:00-05:00,3,Final,ORL,DET,ORL @ DET,207,78,129,0.3205128205128205,0.2945736434108527,1.0880566801619431,70.50290135396519
2025-26,2026-03-23,22500073,2025-11-28T19:30:00-05:00,3,Final,WAS,IND,WAS @ IND,200,51,149,0.196078431372549,0.1677852348993288,1.168627450980392,77.4661508704062
2025-26,2026-03-23,22500074,2025-11-28T19:30:00-05:00,3,Final,MIL,NYK,MIL @ NYK,185,78,107,0.141025641025641,0.3738317757009345,0.3772435897435897,2.611218568665377
2025-26,2026-03-23,22500075,2025-11-28T21:30:00-05:00,3,Final,PHX,OKC,PHX @ OKC,211,75,136,0.2,0.2794117647058823,0.7157894736842105,29.01353965183752
2025-26,2026-03-23,22500076,2025-11-28T21:30:00-05:00,3,Final,SAS,DEN,SAS @ DEN,201,74,127,0.3378378378378378,0.2598425196850393,1.3001638001638005,85.58994197292068
2025-26,2026-03-23,22500077,2025-11-28T21:30:00-05:00,3,Final,SAC,UTA,SAC @ UTA,206,74,132,0.2297297297297297,0.2803030303030303,0.8195763330898467,42.649903288201166
2025-26,2026-03-23,22500078,2025-11-28T22:00:00-05:00,3,Final,DAL,LAL,DAL @ LAL,188,64,124,0.328125,0.2419354838709677,1.35625,88.00773694390716
2025-26,2026-03-23,22500079,2025-11-28T22:00:00-05:00,3,Final,MEM,LAC,MEM @ LAC,196,57,139,0.1228070175438596,0.2086330935251798,0.588626739261948,14.603481624758222
2025-26,2026-03-23,22500080,2025-10-22T19:00:00-04:00,3,Final,BKN,CHA,BKN @ CHA,211,84,127,0.4404761904761904,0.2755905511811024,1.598299319727891,95.26112185686654
2025-26,2026-03-23,22500081,2025-10-22T19:00:00-04:00,3,Final,MIA,ORL,MIA @ ORL,219,79,140,0.189873417721519,0.2857142857142857,0.6645569620253166,22.340425531914892
2025-26,2026-03-23,22500082,2025-10-22T19:30:00-04:00,3,Final,TOR,ATL,TOR @ ATL,224,80,144,0.3,0.2569444444444444,1.1675675675675676,77.36943907156673
2025-26,2026-03-23,22500083,2025-10-22T19:30:00-04:00,3,Final,PHI,BOS,PHI @ BOS,199,75,124,0.3866666666666666,0.2580645161290322,1.4983333333333333,93.036750483559
2025-26,2026-03-23,22500084,2025-10-22T20:00:00-04:00,3,Final,DET,CHI,DET @ CHI,210,77,133,0.2337662337662337,0.2932330827067669,0.7972027972027972,39.74854932301741
2025-26,2026-03-23,22500085,2025-10-22T20:00:00-04:00,3,Final,NOP,MEM,NOP @ MEM,216,89,127,0.3370786516853932,0.3464566929133858,0.9729315628192032,60.9284332688588
2025-26,2026-03-23,22500086,2025-10-22T20:00:00-04:00,3,Final,WAS,MIL,WAS @ MIL,214,62,152,0.3225806451612903,0.1907894736842105,1.6907675194660732,96.61508704061896
2025-26,2026-03-23,22500087,2025-10-22T21:00:00-04:00,3,Final,LAC,UTA,LAC @ UTA,189,68,121,0.1617647058823529,0.2975206611570248,0.5437091503267975,11.508704061895552
2025-26,2026-03-23,22500088,2025-10-22T22:00:00-04:00,3,Final,SAC,PHX,SAC @ PHX,201,64,137,0.203125,0.2408759124087591,0.8432765151515151,45.45454545454545
2025-26,2026-03-23,22500089,2025-10-22T22:00:00-04:00,3,Final,MIN,POR,MIN @ POR,206,70,136,0.3428571428571428,0.2426470588235294,1.412987012987013,90.715667311412
2025-26,2026-03-23,22500090,2025-10-24T19:00:00-04:00,3,Final,ATL,ORL,ATL @ ORL,204,70,134,0.3,0.2611940298507462,1.1485714285714286,76.20889748549324
2025-26,2026-03-23,22500091,2025-10-24T19:30:00-04:00,3,Final,CLE,BKN,CLE @ BKN,207,71,136,0.3098591549295774,0.2352941176470588,1.3169014084507042,86.17021276595744
2025-26,2026-03-23,22500092,2025-10-24T18:30:00-04:00,3,Final,MIL,TOR,MIL @ TOR,208,75,133,0.1466666666666666,0.2781954887218045,0.5272072072072073,10.541586073500966
2025-26,2026-03-23,22500093,2025-10-24T20:00:00-04:00,3,Final,DET,HOU,DET @ HOU,198,87,111,0.264367816091954,0.3693693693693693,0.7157275021026073,28.91682785299807
2025-26,2026-03-23,22500094,2025-10-24T20:00:00-04:00,3,Final,MIA,MEM,MIA @ MEM,226,65,161,0.1076923076923077,0.2049689440993788,0.5254079254079255,10.154738878143132
2025-26,2026-03-23,22500095,2025-10-24T20:00:00-04:00,3,Final,SAS,NOP,SAS @ NOP,209,79,130,0.2151898734177215,0.3153846153846154,0.682309354739117,24.758220502901356
2025-26,2026-03-23,22500096,2025-10-24T20:30:00-04:00,3,Final,WAS,DAL,WAS @ DAL,216,68,148,0.2647058823529412,0.2162162162162162,1.2242647058823528,80.85106382978722
2025-26,2026-03-23,22500097,2025-10-24T22:00:00-04:00,3,Final,GSW,POR,GSW @ POR,220,78,142,0.1666666666666666,0.2676056338028169,0.6228070175438597,17.79497098646035
2025-26,2026-03-23,22500098,2025-10-24T22:00:00-04:00,3,Final,UTA,SAC,UTA @ SAC,195,46,149,0.1521739130434782,0.1677852348993288,0.9069565217391304,53.67504835589942
2025-26,2026-03-23,22500099,2025-10-24T22:30:00-04:00,3,Final,PHX,LAC,PHX @ LAC,191,64,127,0.234375,0.2519685039370078,0.93017578125,56.38297872340425
2025-26,2026-03-23,22500100,2025-10-25T19:00:00-04:00,3,Final,CHI,ORL,CHI @ ORL,213,84,129,0.2261904761904762,0.3255813953488372,0.6947278911564625,26.4990328820116
2025-26,2026-03-23,22500101,2025-10-25T19:30:00-04:00,3,Final,OKC,ATL,OKC @ ATL,189,65,124,0.1692307692307692,0.2580645161290322,0.6557692307692308,21.37330754352031
2025-26,2026-03-23,22500102,2025-10-25T19:30:00-04:00,3,Final,CHA,PHI,CHA @ PHI,205,70,135,0.2714285714285714,0.2592592592592592,1.046938775510204,67.69825918762089
2025-26,2026-03-23,22500103,2025-10-25T20:00:00-04:00,3,Final,IND,MEM,IND @ MEM,201,70,131,0.2857142857142857,0.2519083969465648,1.1341991341991342,74.6615087040619
2025-26,2026-03-23,22500104,2025-10-25T21:00:00-04:00,3,Final,PHX,DEN,PHX @ DEN,211,83,128,0.2650602409638554,0.3359375,0.7890165312412442,39.0715667311412
2025-26,2026-03-23,22500105,2025-10-26T14:00:00-04:00,3,Final,BKN,SAS,BKN @ SAS,188,91,97,0.2747252747252747,0.4432989690721649,0.6197291081012012,17.408123791102515
2025-26,2026-03-23,22500106,2025-10-26T15:30:00-04:00,3,Final,BOS,DET,BOS @ DET,198,81,117,0.2839506172839506,0.3418803418803419,0.8305555555555555,43.61702127659575
2025-26,2026-03-23,22500107,2025-10-26T18:00:00-04:00,3,Final,MIL,CLE,MIL @ CLE,207,77,130,0.1818181818181818,0.3,0.6060606060606061,15.95744680851064
2025-26,2026-03-23,22500108,2025-10-26T18:00:00-04:00,3,Final,NYK,MIA,NYK @ MIA,207,67,140,0.1343283582089552,0.2357142857142857,0.5698778833107191,13.539651837524175
2025-26,2026-03-23,22500109,2025-10-26T18:00:00-04:00,3,Final,CHA,WAS,CHA @ WAS,217,76,141,0.2631578947368421,0.2482269503546099,1.0601503759398496,68.8588007736944
2025-26,2026-03-23,22500110,2025-10-26T19:00:00-04:00,3,Final,IND,MIN,IND @ MIN,203,82,121,0.2317073170731707,0.3388429752066115,0.6838191552647235,25.145067698259187
2025-26,2026-03-23,22500111,2025-10-26T19:30:00-04:00,3,Final,TOR,DAL,TOR @ DAL,219,78,141,0.2692307692307692,0.2978723404255319,0.903846153846154,53.28820116054158
2025-26,2026-03-23,22500112,2025-10-26T21:00:00-04:00,3,Final,POR,LAC,POR @ LAC,202,72,130,0.1944444444444444,0.2846153846153846,0.6831831831831833,25.04835589941973
2025-26,2026-03-23,22500113,2025-10-26T21:00:00-04:00,3,Final,LAL,SAC,LAL @ SAC,214,64,150,0.28125,0.2066666666666666,1.3608870967741935,88.49129593810446
2025-26,2026-03-23,22500114,2025-10-27T19:00:00-04:00,3,Final,ORL,PHI,ORL @ PHI,196,81,115,0.3580246913580246,0.3043478260869565,1.1763668430335097,78.04642166344294
2025-26,2026-03-23,22500115,2025-10-27T20:00:00-04:00,3,Final,ATL,CHI,ATL @ CHI,210,62,148,0.1451612903225806,0.2094594594594594,0.6930280957336109,26.30560928433269
2025-26,2026-03-23,22500116,2025-10-27T20:00:00-04:00,3,Final,BKN,HOU,BKN @ HOU,184,67,117,0.3134328358208955,0.2478632478632478,1.2645393721049922,83.17214700193423
2025-26,2026-03-23,22500117,2025-10-27T20:00:00-04:00,3,Final,BOS,NOP,BOS @ NOP,187,63,124,0.365079365079365,0.2258064516129032,1.6167800453514738,95.74468085106383
2025-26,2026-03-23,22500118,2025-10-27T20:00:00-04:00,3,Final,TOR,SAS,TOR @ SAS,197,64,133,0.265625,0.2406015037593984,1.10400390625,72.5338491295938
2025-26,2026-03-23,22500119,2025-10-27T20:30:00-04:00,3,Final,OKC,DAL,OKC @ DAL,194,60,134,0.1166666666666666,0.2313432835820895,0.5043010752688172,8.123791102514506
2025-26,2026-03-23,22500120,2025-10-27T21:00:00-04:00,3,Final,PHX,UTA,PHX @ UTA,226,94,132,0.3297872340425531,0.3257575757575757,1.012370113805047,64.60348162475822
2025-26,2026-03-23,22500121,2025-10-27T22:00:00-04:00,3,Final,MEM,GSW,MEM @ GSW,208,73,135,0.2465753424657534,0.2666666666666666,0.9246575342465752,55.41586073500967
2025-26,2026-03-23,22500122,2025-10-27T22:30:00-04:00,3,Final,POR,LAL,POR @ LAL,212,58,154,0.0344827586206896,0.1883116883116883,0.1831153388822829,0.3868471953578337
2025-26,2026-03-23,22500123,2025-10-28T19:00:00-04:00,3,Final,PHI,WAS,PHI @ WAS,220,74,146,0.2837837837837837,0.2534246575342466,1.1197954711468223,74.1779497098646
2025-26,2026-03-23,22500124,2025-10-28T19:30:00-04:00,3,Final,CHA,MIA,CHA @ MIA,214,57,157,0.2280701754385964,0.1783439490445859,1.2788220551378446,84.23597678916828
2025-26,2026-03-23,22500125,2025-10-28T20:00:00-04:00,3,Final,NYK,MIL,NYK @ MIL,192,63,129,0.2857142857142857,0.2480620155038759,1.1517857142857142,76.4990328820116
2025-26,2026-03-23,22500126,2025-10-28T20:00:00-04:00,3,Final,SAC,OKC,SAC @ OKC,203,49,154,0.2448979591836734,0.1558441558441558,1.5714285714285714,94.97098646034816
2025-26,2026-03-23,22500127,2025-10-28T23:00:00-04:00,3,Final,LAC,GSW,LAC @ GSW,177,38,139,0.1052631578947368,0.1438848920863309,0.731578947368421,30.754352030947775
2025-26,2026-03-23,22500128,2025-10-29T19:00:00-04:00,3,Final,CLE,BOS,CLE @ BOS,189,68,121,0.1176470588235294,0.2892561983471074,0.4067226890756302,3.2882011605415857
2025-26,2026-03-23,22500129,2025-10-29T19:00:00-04:00,3,Final,ORL,DET,ORL @ DET,199,87,112,0.2528735632183908,0.375,0.6743295019157088,23.597678916827853
2025-26,2026-03-23,22500130,2025-10-29T19:30:00-04:00,3,Final,ATL,BKN,ATL @ BKN,192,72,120,0.2777777777777778,0.3,0.925925925925926,55.802707930367504
2025-26,2026-03-23,22500131,2025-10-29T18:30:00-04:00,3,Final,HOU,TOR,HOU @ TOR,202,69,133,0.1884057971014492,0.2556390977443609,0.736999147485081,31.6247582205029
2025-26,2026-03-23,22500132,2025-10-29T20:00:00-04:00,3,Final,SAC,CHI,SAC @ CHI,199,63,136,0.2063492063492063,0.2279411764705882,0.905273937532002,53.57833655705995
2025-26,2026-03-23,22500133,2025-10-29T20:30:00-04:00,3,Final,IND,DAL,IND @ DAL,210,72,138,0.2083333333333333,0.2826086956521739,0.7371794871794872,31.721470019342355
2025-26,2026-03-23,22500134,2025-10-29T21:00:00-04:00,3,Final,NOP,DEN,NOP @ DEN,195,65,130,0.2307692307692307,0.2384615384615384,0.967741935483871,60.251450676982586
2025-26,2026-03-23,22500135,2025-10-29T21:00:00-04:00,3,Final,POR,UTA,POR @ UTA,220,86,134,0.3720930232558139,0.3059701492537313,1.2161089052750993,80.27079303675049
2025-26,2026-03-23,22500136,2025-10-29T21:30:00-04:00,3,Final,LAL,MIN,LAL @ MIN,194,68,126,0.2794117647058823,0.2777777777777778,1.0058823529411764,63.73307543520309
2025-26,2026-03-23,22500137,2025-10-29T22:00:00-04:00,3,Final,MEM,PHX,MEM @ PHX,212,53,159,0.2075471698113207,0.1698113207547169,1.2222222222222223,80.56092843326887
2025-26,2026-03-23,22500138,2025-10-30T19:00:00-04:00,3,Final,ORL,CHA,ORL @ CHA,190,57,133,0.1403508771929824,0.2180451127819548,0.6436781609195402,19.43907156673114
2025-26,2026-03-23,22500139,2025-10-30T20:00:00-04:00,3,Final,GSW,MIL,GSW @ MIL,205,59,146,0.288135593220339,0.1986301369863013,1.4506136762127413,91.58607350096712
2025-26,2026-03-23,22500140,2025-10-30T20:00:00-04:00,3,Final,WAS,OKC,WAS @ OKC,200,67,133,0.1641791044776119,0.2330827067669172,0.7043813192103997,27.36943907156673
2025-26,2026-03-23,22500141,2025-10-30T20:30:00-04:00,3,Final,MIA,SAS,MIA @ SAS,199,55,144,0.109090909090909,0.1944444444444444,0.561038961038961,12.475822050290136
2025-26,2026-03-23,22500142,2025-11-01T17:00:00-04:00,3,Final,SAC,MIL,SAC @ MIL,197,73,124,0.2328767123287671,0.314516129032258,0.740428521250439,32.10831721470019
2025-26,2026-03-23,22500143,2025-11-01T18:00:00-04:00,3,Final,MIN,CHA,MIN @ CHA,201,63,138,0.1111111111111111,0.2246376811594203,0.4946236559139784,7.253384912959381
2025-26,2026-03-23,22500144,2025-11-01T19:00:00-04:00,3,Final,GSW,IND,GSW @ IND,201,72,129,0.125,0.3023255813953488,0.4134615384615385,3.67504835589942
2025-26,2026-03-23,22500145,2025-11-01T19:00:00-04:00,3,Final,ORL,WAS,ORL @ WAS,212,66,146,0.1969696969696969,0.2328767123287671,0.8458110516934046,45.84139264990329
2025-26,2026-03-23,22500146,2025-11-01T20:00:00-04:00,3,Final,HOU,BOS,HOU @ BOS,192,59,133,0.2203389830508474,0.2105263157894736,1.0466101694915255,67.60154738878144
2025-26,2026-03-23,22500147,2025-11-01T22:00:00-04:00,3,Final,DAL,DET,DAL @ DET,203,74,129,0.3918918918918919,0.2635658914728682,1.4868839427662957,92.45647969052224
2025-26,2026-03-23,22500148,2025-11-02T15:30:00-05:00,3,Final,NOP,OKC,NOP @ OKC,198,69,129,0.1594202898550724,0.2480620155038759,0.6426630434782609,19.342359767891683
2025-26,2026-03-23,22500149,2025-11-02T18:00:00-05:00,3,Final,PHI,BKN,PHI @ BKN,202,61,141,0.2950819672131147,0.2056737588652482,1.4347088750706614,91.10251450676982
2025-26,2026-03-23,22500150,2025-11-02T18:00:00-05:00,3,Final,UTA,CHA,UTA @ CHA,202,77,125,0.2467532467532467,0.304,0.8116883116883117,41.3926499032882
2025-26,2026-03-23,22500151,2025-11-02T18:00:00-05:00,3,Final,ATL,CLE,ATL @ CLE,212,78,134,0.2307692307692307,0.2761194029850746,0.8357588357588357,44.39071566731141
2025-26,2026-03-23,22500152,2025-11-02T18:00:00-05:00,3,Final,MEM,TOR,MEM @ TOR,189,58,131,0.1379310344827586,0.2290076335877862,0.6022988505747127,15.667311411992262
2025-26,2026-03-23,22500153,2025-11-02T19:00:00-05:00,3,Final,CHI,NYK,CHI @ NYK,199,54,145,0.2037037037037037,0.1862068965517241,1.0939643347050754,71.47001934235976
2025-26,2026-03-23,22500154,2025-11-02T20:00:00-05:00,3,Final,SAS,PHX,SAS @ PHX,204,68,136,0.2058823529411764,0.25,0.8235294117647058,43.036750483559
2025-26,2026-03-23,22500155,2025-11-02T21:30:00-05:00,3,Final,MIA,LAL,MIA @ LAL,211,75,136,0.2133333333333333,0.2941176470588235,0.7253333333333334,30.077369439071568
2025-26,2026-03-23,22500156,2025-11-03T19:00:00-05:00,3,Final,MIN,BKN,MIN @ BKN,193,83,110,0.3975903614457831,0.3363636363636363,1.1820253988928688,78.43326885880077
2025-26,2026-03-23,22500157,2025-11-03T19:00:00-05:00,3,Final,MIL,IND,MIL @ IND,207,82,125,0.1707317073170731,0.336,0.508130081300813,8.51063829787234
2025-26,2026-03-23,22500158,2025-11-03T19:30:00-05:00,3,Final,UTA,BOS,UTA @ BOS,191,66,125,0.1666666666666666,0.256,0.6510416666666666,20.502901353965186
2025-26,2026-03-23,22500159,2025-11-03T19:30:00-05:00,3,Final,WAS,NYK,WAS @ NYK,202,54,148,0.2037037037037037,0.1756756756756756,1.1595441595441591,76.9825918762089
2025-26,2026-03-23,22500160,2025-11-03T20:00:00-05:00,3,Final,DAL,HOU,DAL @ HOU,202,61,141,0.1967213114754098,0.2198581560283688,0.8947646747752511,52.61121856866537
2025-26,2026-03-23,22500161,2025-11-03T20:00:00-05:00,3,Final,DET,MEM,DET @ MEM,195,62,133,0.2096774193548387,0.2481203007518796,0.8450635386119257,45.64796905222437
2025-26,2026-03-23,22500162,2025-11-03T21:00:00-05:00,3,Final,SAC,DEN,SAC @ DEN,212,66,146,0.1212121212121212,0.2191780821917808,0.5530303030303031,12.088974854932305
2025-26,2026-03-23,22500163,2025-11-03T22:00:00-05:00,3,Final,LAL,POR,LAL @ POR,201,59,142,0.1525423728813559,0.2253521126760563,0.676906779661017,24.274661508704064
2025-26,2026-03-23,22500164,2025-11-03T22:30:00-05:00,3,Final,MIA,LAC,MIA @ LAC,205,65,140,0.2769230769230769,0.2214285714285714,1.250620347394541,82.20502901353966
2025-26,2026-03-23,22500165,2025-11-04T19:30:00-05:00,3,Final,MIL,TOR,MIL @ TOR,200,81,119,0.1975308641975308,0.3361344537815126,0.5876543209876542,14.50676982591876
2025-26,2026-03-23,22500166,2025-11-04T20:00:00-05:00,3,Final,ORL,ATL,ORL @ ATL,199,84,115,0.3571428571428571,0.3217391304347826,1.1100386100386102,73.21083172147002
2025-26,2026-03-23,22500167,2025-11-04T20:00:00-05:00,3,Final,PHI,CHI,PHI @ CHI,201,57,144,0.175438596491228,0.2083333333333333,0.8421052631578947,45.26112185686654
2025-26,2026-03-23,22500168,2025-11-04T20:00:00-05:00,3,Final,CHA,NOP,CHA @ NOP,197,72,125,0.25,0.28,0.8928571428571428,52.176015473887816
2025-26,2026-03-23,22500169,2025-11-04T22:00:00-05:00,3,Final,PHX,GSW,PHX @ GSW,197,53,144,0.1886792452830188,0.1875,1.0062893081761006,63.82978723404256
2025-26,2026-03-23,22500170,2025-11-04T23:00:00-05:00,3,Final,OKC,LAC,OKC @ LAC,195,65,130,0.1846153846153846,0.2461538461538461,0.75,33.36557059961315
2025-26,2026-03-23,22500171,2025-11-05T19:00:00-05:00,3,Final,PHI,CLE,PHI @ CLE,208,70,138,0.1714285714285714,0.2463768115942029,0.6957983193277311,26.595744680851062
2025-26,2026-03-23,22500172,2025-11-05T19:00:00-05:00,3,Final,UTA,DET,UTA @ DET,202,61,141,0.360655737704918,0.1985815602836879,1.81615925058548,97.77562862669244
2025-26,2026-03-23,22500173,2025-11-05T19:00:00-05:00,3,Final,BKN,IND,BKN @ IND,200,63,137,0.2539682539682539,0.2262773722627737,1.1223758320532513,74.37137330754352
2025-26,2026-03-23,22500174,2025-11-05T19:30:00-05:00,3,Final,WAS,BOS,WAS @ BOS,197,68,129,0.2794117647058823,0.2558139534883721,1.0922459893048129,70.98646034816247
2025-26,2026-03-23,22500175,2025-11-05T19:30:00-05:00,3,Final,MIN,NYK,MIN @ NYK,193,50,143,0.14,0.1818181818181818,0.77,36.65377176015474
2025-26,2026-03-23,22500176,2025-11-05T20:00:00-05:00,3,Final,HOU,MEM,HOU @ MEM,207,65,142,0.4153846153846154,0.204225352112676,2.03395225464191,99.03288201160542
2025-26,2026-03-23,22500177,2025-11-05T20:30:00-05:00,3,Final,NOP,DAL,NOP @ DAL,198,57,141,0.2280701754385964,0.1914893617021276,1.191033138401559,78.8201160541586
2025-26,2026-03-23,22500178,2025-11-05T21:00:00-05:00,3,Final,MIA,DEN,MIA @ DEN,211,62,149,0.1612903225806451,0.2080536912751678,0.7752341311134234,37.28239845261122
2025-26,2026-03-23,22500179,2025-11-05T22:00:00-05:00,3,Final,SAS,LAL,SAS @ LAL,199,104,95,0.3365384615384615,0.5157894736842106,0.6524725274725275,20.889748549323016
2025-26,2026-03-23,22500180,2025-11-05T22:00:00-05:00,3,Final,OKC,POR,OKC @ POR,214,68,146,0.3235294117647059,0.2465753424657534,1.312091503267974,85.78336557059961
2025-26,2026-03-23,22500181,2025-11-05T22:00:00-05:00,3,Final,GSW,SAC,GSW @ SAC,210,70,140,0.2142857142857142,0.25,0.8571428571428571,47.195357833655706
2025-26,2026-03-23,22500182,2025-11-06T21:00:00-05:00,3,Final,LAC,PHX,LAC @ PHX,190,70,120,0.2285714285714285,0.3083333333333333,0.7413127413127413,32.30174081237911
2025-26,2026-03-23,22500183,2025-11-08T19:00:00-05:00,3,Final,DAL,WAS,DAL @ WAS,204,69,135,0.2898550724637681,0.237037037037037,1.2228260869565215,80.65764023210832
2025-26,2026-03-23,22500184,2025-11-08T19:30:00-05:00,3,Final,TOR,PHI,TOR @ PHI,203,75,128,0.2533333333333333,0.2890625,0.8763963963963964,49.41972920696325
2025-26,2026-03-23,22500185,2025-11-08T20:00:00-05:00,3,Final,LAL,ATL,LAL @ ATL,196,45,151,0.2888888888888888,0.1258278145695364,2.295906432748538,99.80657640232108
2025-26,2026-03-23,22500186,2025-11-08T20:00:00-05:00,3,Final,CHI,CLE,CHI @ CLE,207,81,126,0.3086419753086419,0.3253968253968254,0.9485094850948508,58.6073500967118
2025-26,2026-03-23,22500187,2025-11-08T20:00:00-05:00,3,Final,POR,MIA,POR @ MIA,223,84,139,0.2976190476190476,0.2661870503597122,1.118082368082368,74.08123791102514
2025-26,2026-03-23,22500188,2025-11-08T20:00:00-05:00,3,Final,NOP,SAS,NOP @ SAS,197,56,141,0.3035714285714285,0.1985815602836879,1.5286989795918366,93.81044487427464
2025-26,2026-03-23,22500189,2025-11-08T21:00:00-05:00,3,Final,IND,DEN,IND @ DEN,206,73,133,0.2602739726027397,0.2781954887218045,0.9355794150314698,56.963249516441
2025-26,2026-03-23,22500190,2025-11-08T22:30:00-05:00,3,Final,PHX,LAC,PHX @ LAC,177,56,121,0.125,0.2314049586776859,0.5401785714285714,11.315280464216634
2025-26,2026-03-23,22500191,2025-11-09T15:30:00-05:00,3,Final,HOU,MIL,HOU @ MIL,192,63,129,0.1904761904761904,0.2403100775193798,0.792626728110599,39.16827852998066
2025-26,2026-03-23,22500192,2025-11-09T18:00:00-05:00,3,Final,BKN,NYK,BKN @ NYK,190,75,115,0.2933333333333333,0.3130434782608696,0.937037037037037,57.156673114119926
2025-26,2026-03-23,22500193,2025-11-09T18:00:00-05:00,3,Final,BOS,ORL,BOS @ ORL,188,77,111,0.2077922077922078,0.3693693693693693,0.5625593918276846,12.76595744680851
2025-26,2026-03-23,22500194,2025-11-09T18:00:00-05:00,3,Final,OKC,MEM,OKC @ MEM,199,62,137,0.1612903225806451,0.2335766423357664,0.6905241935483871,25.82205029013539
2025-26,2026-03-23,22500195,2025-11-09T19:30:00-05:00,3,Final,DET,PHI,DET @ PHI,197,73,124,0.2054794520547945,0.3064516129032258,0.6705118961788031,23.017408123791103
2025-26,2026-03-23,22500196,2025-11-09T20:30:00-05:00,3,Final,IND,GSW,IND @ GSW,199,66,133,0.1666666666666666,0.2706766917293233,0.6157407407407407,17.02127659574468
2025-26,2026-03-23,22500197,2025-11-09T21:00:00-05:00,3,Final,MIN,SAC,MIN @ SAC,213,72,141,0.2083333333333333,0.2553191489361702,0.8159722222222223,41.77949709864603
2025-26,2026-03-23,22500198,2025-11-10T19:00:00-05:00,3,Final,LAL,CHA,LAL @ CHA,189,63,126,0.2063492063492063,0.2619047619047619,0.7878787878787878,38.78143133462282
2025-26,2026-03-23,22500199,2025-11-10T19:00:00-05:00,3,Final,WAS,DET,WAS @ DET,230,75,155,0.2933333333333333,0.232258064516129,1.2629629629629628,82.97872340425532
2025-26,2026-03-23,22500200,2025-11-10T19:00:00-05:00,3,Final,POR,ORL,POR @ ORL,195,73,122,0.3013698630136986,0.3032786885245901,0.9937060348019252,62.5725338491296
2025-26,2026-03-23,22500201,2025-11-10T19:30:00-05:00,3,Final,CLE,MIA,CLE @ MIA,228,88,140,0.25,0.3071428571428571,0.813953488372093,41.682785299806575
2025-26,2026-03-23,22500202,2025-11-10T20:00:00-05:00,3,Final,SAS,CHI,SAS @ CHI,207,62,145,0.1935483870967742,0.2206896551724138,0.877016129032258,49.61315280464217
2025-26,2026-03-23,22500203,2025-11-10T20:30:00-05:00,3,Final,MIL,DAL,MIL @ DAL,206,78,128,0.282051282051282,0.3203125,0.8805503439649781,50.09671179883946
2025-26,2026-03-23,22500204,2025-11-10T21:00:00-05:00,3,Final,NOP,PHX,NOP @ PHX,197,67,130,0.2686567164179104,0.2461538461538461,1.091417910447761,70.88974854932302
2025-26,2026-03-23,22500205,2025-11-10T21:00:00-05:00,3,Final,MIN,UTA,MIN @ UTA,204,75,129,0.32,0.2790697674418604,1.1466666666666667,76.11218568665377
2025-26,2026-03-23,22500206,2025-11-10T22:30:00-05:00,3,Final,ATL,LAC,ATL @ LAC,184,64,120,0.15625,0.2666666666666666,0.5859375,14.410058027079303
2025-26,2026-03-23,22500207,2025-11-11T19:30:00-05:00,3,Final,TOR,BKN,TOR @ BKN,192,66,126,0.3636363636363636,0.246031746031746,1.478005865102639,92.16634429400386
2025-26,2026-03-23,22500208,2025-11-11T19:30:00-05:00,3,Final,MEM,NYK,MEM @ NYK,219,56,163,0.1964285714285714,0.1779141104294478,1.104064039408867,72.63056092843327
2025-26,2026-03-23,22500209,2025-11-11T20:00:00-05:00,3,Final,BOS,PHI,BOS @ PHI,188,62,126,0.2580645161290322,0.2142857142857142,1.2043010752688172,79.3036750483559
2025-26,2026-03-23,22500210,2025-11-11T20:00:00-05:00,3,Final,GSW,OKC,GSW @ OKC,202,85,117,0.2470588235294117,0.358974358974359,0.6882352941176471,25.53191489361702
2025-26,2026-03-23,22500211,2025-11-11T21:00:00-05:00,3,Final,IND,UTA,IND @ UTA,205,78,127,0.2948717948717949,0.2992125984251969,0.9854925775978408,61.79883945841392
2025-26,2026-03-23,22500212,2025-11-11T23:00:00-05:00,3,Final,DEN,SAC,DEN @ SAC,192,64,128,0.234375,0.234375,1.0,63.297872340425535
2025-26,2026-03-23,22500213,2025-11-12T19:00:00-05:00,3,Final,MIL,CHA,MIL @ CHA,187,57,130,0.1929824561403508,0.2230769230769231,0.8650937689050211,48.16247582205029
2025-26,2026-03-23,22500214,2025-11-12T19:00:00-05:00,3,Final,CHI,DET,CHI @ DET,210,63,147,0.238095238095238,0.2176870748299319,1.09375,71.37330754352031
2025-26,2026-03-23,22500215,2025-11-12T19:00:00-05:00,3,Final,ORL,NYK,ORL @ NYK,201,67,134,0.2537313432835821,0.2537313432835821,1.0,63.297872340425535
2025-26,2026-03-23,22500216,2025-11-12T19:30:00-05:00,3,Final,MEM,BOS,MEM @ BOS,192,59,133,0.1864406779661017,0.225563909774436,0.8265536723163842,43.42359767891683
2025-26,2026-03-23,22500217,2025-11-12T19:30:00-05:00,3,Final,CLE,MIA,CLE @ MIA,215,76,139,0.2368421052631578,0.2589928057553957,0.9144736842105262,54.35203094777563
2025-26,2026-03-23,22500218,2025-11-12T20:00:00-05:00,3,Final,WAS,HOU,WAS @ HOU,199,64,135,0.203125,0.2444444444444444,0.8309659090909092,43.7137330754352
2025-26,2026-03-23,22500219,2025-11-12T20:00:00-05:00,3,Final,POR,NOP,POR @ NOP,191,58,133,0.2758620689655172,0.2030075187969924,1.3588761174968071,88.39458413926499
2025-26,2026-03-23,22500220,2025-11-12T20:00:00-05:00,3,Final,GSW,SAS,GSW @ SAS,212,62,150,0.2580645161290322,0.2,1.2903225806451613,84.9613152804642
2025-26,2026-03-23,22500221,2025-11-12T20:30:00-05:00,3,Final,PHX,DAL,PHX @ DAL,207,72,135,0.25,0.2814814814814815,0.888157894736842,51.45067698259188
2025-26,2026-03-23,22500222,2025-11-12T21:30:00-05:00,3,Final,LAL,OKC,LAL @ OKC,204,63,141,0.238095238095238,0.226950354609929,1.0491071428571428,67.8916827852998
2025-26,2026-03-23,22500223,2025-11-12T22:00:00-05:00,3,Final,ATL,SAC,ATL @ SAC,215,57,158,0.1403508771929824,0.1645569620253164,0.8529014844804319,46.518375241779495
2025-26,2026-03-23,22500224,2025-11-12T22:30:00-05:00,3,Final,DEN,LAC,DEN @ LAC,194,74,120,0.2567567567567567,0.275,0.9336609336609336,56.76982591876209
2025-26,2026-03-23,22500225,2025-11-13T19:00:00-05:00,3,Final,TOR,CLE,TOR @ CLE,194,64,130,0.28125,0.2384615384615384,1.1794354838709675,78.23984526112186
2025-26,2026-03-23,22500226,2025-11-13T21:00:00-05:00,3,Final,IND,PHX,IND @ PHX,196,74,122,0.4459459459459459,0.2540983606557377,1.7550130775937227,97.09864603481626
2025-26,2026-03-23,22500227,2025-11-13T21:00:00-05:00,3,Final,ATL,UTA,ATL @ UTA,216,58,158,0.1379310344827586,0.1772151898734177,0.7783251231527093,37.71760154738878
2025-26,2026-03-23,22500228,2025-11-15T17:00:00-05:00,3,Final,MEM,CLE,MEM @ CLE,209,77,132,0.2597402597402597,0.303030303030303,0.857142857142857,47.00193423597679
2025-26,2026-03-23,22500229,2025-11-15T19:00:00-05:00,3,Final,OKC,CHA,OKC @ CHA,192,40,152,0.0,0.131578947368421,0.0,0.0967117988394584
2025-26,2026-03-23,22500230,2025-11-15T19:00:00-05:00,3,Final,TOR,IND,TOR @ IND,214,72,142,0.3472222222222222,0.2323943661971831,1.4941077441077442,92.74661508704062
2025-26,2026-03-23,22500231,2025-11-15T20:00:00-05:00,3,Final,LAL,MIL,LAL @ MIL,194,71,123,0.3098591549295774,0.2601626016260163,1.1910211267605633,78.72340425531915
2025-26,2026-03-23,22500232,2025-11-15T20:00:00-05:00,3,Final,DEN,MIN,DEN @ MIN,204,70,134,0.2714285714285714,0.2686567164179104,1.0103174603174605,64.11992263056094
2025-26,2026-03-23,22500233,2025-11-16T15:30:00-05:00,3,Final,LAC,BOS,LAC @ BOS,187,66,121,0.2424242424242424,0.2727272727272727,0.888888888888889,51.74081237911026
2025-26,2026-03-23,22500234,2025-11-16T16:00:00-05:00,3,Final,SAC,SAS,SAC @ SAS,205,52,153,0.1538461538461538,0.1633986928104575,0.9415384615384615,57.73694390715667
2025-26,2026-03-23,22500235,2025-11-16T18:00:00-05:00,3,Final,BKN,WAS,BKN @ WAS,194,67,127,0.2835820895522388,0.2598425196850393,1.0913613749434643,70.79303675048357
2025-26,2026-03-23,22500236,2025-11-16T19:00:00-05:00,3,Final,ORL,HOU,ORL @ HOU,211,75,136,0.2666666666666666,0.25,1.0666666666666669,69.24564796905223
2025-26,2026-03-23,22500237,2025-11-16T19:00:00-05:00,3,Final,GSW,NOP,GSW @ NOP,208,66,142,0.1212121212121212,0.2394366197183098,0.5062388591800356,8.413926499032883
2025-26,2026-03-23,22500238,2025-11-16T19:30:00-05:00,3,Final,POR,DAL,POR @ DAL,221,92,129,0.2065217391304347,0.3643410852713178,0.566836262719704,13.152804642166345
2025-26,2026-03-23,22500239,2025-11-16T20:00:00-05:00,3,Final,ATL,PHX,ATL @ PHX,203,59,144,0.288135593220339,0.2013888888888889,1.4307422559906486,91.00580270793036
2025-26,2026-03-23,22500240,2025-11-16T20:00:00-05:00,3,Final,CHI,UTA,CHI @ UTA,250,88,162,0.2840909090909091,0.2777777777777778,1.0227272727272727,65.47388781431334
2025-26,2026-03-23,22500241,2025-11-17T19:00:00-05:00,3,Final,MIL,CLE,MIL @ CLE,201,56,145,0.2321428571428571,0.1793103448275862,1.2946428571428572,85.29980657640233
2025-26,2026-03-23,22500242,2025-11-17T19:00:00-05:00,3,Final,IND,DET,IND @ DET,203,74,129,0.2567567567567567,0.2868217054263566,0.8951789627465302,52.804642166344294
2025-26,2026-03-23,22500243,2025-11-17T19:00:00-05:00,3,Final,LAC,PHI,LAC @ PHI,189,77,112,0.1948051948051948,0.3482142857142857,0.5594405594405595,12.379110251450678
2025-26,2026-03-23,22500244,2025-11-17T19:30:00-05:00,3,Final,NYK,MIA,NYK @ MIA,209,59,150,0.135593220338983,0.2066666666666666,0.6560962274466922,21.566731141199227
2025-26,2026-03-23,22500245,2025-11-17T19:30:00-05:00,3,Final,CHA,TOR,CHA @ TOR,204,54,150,0.1666666666666666,0.1866666666666666,0.8928571428571428,52.176015473887816
2025-26,2026-03-23,22500246,2025-11-17T20:00:00-05:00,3,Final,DAL,MIN,DAL @ MIN,214,72,142,0.125,0.2676056338028169,0.4671052631578948,6.189555125725339
2025-26,2026-03-23,22500247,2025-11-17T20:00:00-05:00,3,Final,OKC,NOP,OKC @ NOP,199,67,132,0.1940298507462686,0.2575757575757575,0.7532923617208077,34.23597678916828
2025-26,2026-03-23,22500248,2025-11-17T21:00:00-05:00,3,Final,CHI,DEN,CHI @ DEN,207,54,153,0.2037037037037037,0.1830065359477124,1.113095238095238,73.59767891682786
2025-26,2026-03-23,22500249,2025-11-18T19:00:00-05:00,3,Final,GSW,ORL,GSW @ ORL,205,69,136,0.1884057971014492,0.2573529411764705,0.7320910973084886,30.851063829787233
2025-26,2026-03-23,22500250,2025-11-18T19:30:00-05:00,3,Final,BOS,BKN,BOS @ BKN,190,68,122,0.2647058823529412,0.2704918032786885,0.9786096256684492,61.315280464216634
2025-26,2026-03-23,22500251,2025-11-18T19:30:00-05:00,3,Final,DET,ATL,DET @ ATL,200,69,131,0.1739130434782608,0.2442748091603053,0.7119565217391305,28.336557059961315
2025-26,2026-03-23,22500252,2025-11-18T20:00:00-05:00,3,Final,MEM,SAS,MEM @ SAS,192,45,147,0.2666666666666666,0.1428571428571428,1.8666666666666667,98.45261121856866
2025-26,2026-03-23,22500253,2025-11-18T22:30:00-05:00,3,Final,UTA,LAL,UTA @ LAL,210,77,133,0.3376623376623376,0.2706766917293233,1.2474747474747476,81.81818181818183
2025-26,2026-03-23,22500254,2025-11-18T23:00:00-05:00,3,Final,PHX,POR,PHX @ POR,210,63,147,0.238095238095238,0.2040816326530612,1.1666666666666663,77.27272727272727
2025-26,2026-03-23,22500255,2025-11-19T19:00:00-05:00,3,Final,HOU,CLE,HOU @ CLE,194,71,123,0.2253521126760563,0.2926829268292683,0.7699530516431925,36.55705996131528
2025-26,2026-03-23,22500256,2025-11-19T19:00:00-05:00,3,Final,CHA,IND,CHA @ IND,199,67,132,0.1044776119402985,0.2424242424242424,0.4309701492537313,5.029013539651837
2025-26,2026-03-23,22500257,2025-11-19T19:30:00-05:00,3,Final,GSW,MIA,GSW @ MIA,211,68,143,0.1323529411764706,0.2377622377622377,0.5566608996539792,12.18568665377176
2025-26,2026-03-23,22500258,2025-11-19T19:00:00-05:00,3,Final,TOR,PHI,TOR @ PHI,193,67,126,0.1343283582089552,0.2698412698412698,0.4978050921861282,7.640232108317215
2025-26,2026-03-23,22500259,2025-11-19T20:00:00-05:00,3,Final,WAS,MIN,WAS @ MIN,193,65,128,0.1846153846153846,0.25,0.7384615384615385,32.011605415860735
2025-26,2026-03-23,22500260,2025-11-19T20:00:00-05:00,3,Final,DEN,NOP,DEN @ NOP,213,78,135,0.282051282051282,0.2592592592592592,1.087912087912088,70.40618955512572
2025-26,2026-03-23,22500261,2025-11-19T20:00:00-05:00,3,Final,SAC,OKC,SAC @ OKC,205,72,133,0.125,0.2932330827067669,0.4262820512820513,4.448742746615087
2025-26,2026-03-23,22500262,2025-11-19T21:30:00-05:00,3,Final,NYK,DAL,NYK @ DAL,203,78,125,0.2307692307692307,0.288,0.8012820512820514,40.32882011605416
2025-26,2026-03-23,22500263,2025-11-19T22:00:00-05:00,3,Final,CHI,POR,CHI @ POR,213,71,142,0.2112676056338028,0.2394366197183098,0.8823529411764707,50.58027079303675
2025-26,2026-03-23,22500264,2025-11-20T19:00:00-05:00,3,Final,LAC,ORL,LAC @ ORL,209,63,146,0.0793650793650793,0.2260273972602739,0.3511303511303511,2.0309477756286265
2025-26,2026-03-23,22500265,2025-11-20T20:00:00-05:00,3,Final,SAC,MEM,SAC @ MEM,198,60,138,0.1166666666666666,0.2246376811594203,0.5193548387096775,9.381044487427468
2025-26,2026-03-23,22500266,2025-11-20T20:00:00-05:00,3,Final,PHI,MIL,PHI @ MIL,216,54,162,0.2777777777777778,0.1728395061728395,1.6071428571428572,95.55125725338492
2025-26,2026-03-23,22500267,2025-11-20T20:00:00-05:00,3,Final,ATL,SAS,ATL @ SAS,205,72,133,0.1388888888888889,0.2706766917293233,0.5131172839506173,8.800773694390715
2025-26,2026-03-23,22500268,2025-11-22T13:00:00-05:00,3,Final,LAC,CHA,LAC @ CHA,191,61,130,0.0983606557377049,0.2538461538461538,0.3874813710879284,2.804642166344294
2025-26,2026-03-23,22500269,2025-11-22T17:00:00-05:00,3,Final,NYK,ORL,NYK @ ORL,199,80,119,0.225,0.3277310924369748,0.6865384615384615,25.435203094777563
2025-26,2026-03-23,22500270,2025-11-22T19:00:00-05:00,3,Final,ATL,NOP,ATL @ NOP,197,61,136,0.1147540983606557,0.213235294117647,0.5381571509327304,11.218568665377177
2025-26,2026-03-23,22500271,2025-11-22T20:00:00-05:00,3,Final,WAS,CHI,WAS @ CHI,210,67,143,0.208955223880597,0.2377622377622377,0.8788410886742757,49.806576402321085
2025-26,2026-03-23,22500272,2025-11-22T20:00:00-05:00,3,Final,DET,MIL,DET @ MIL,199,56,143,0.2142857142857142,0.1958041958041958,1.094387755102041,71.56673114119923
2025-26,2026-03-23,22500273,2025-11-22T20:30:00-05:00,3,Final,MEM,DAL,MEM @ DAL,183,61,122,0.1475409836065573,0.2540983606557377,0.5806451612903225,13.926499032882012
2025-26,2026-03-23,22500274,2025-11-22T22:00:00-05:00,3,Final,SAC,DEN,SAC @ DEN,192,63,129,0.238095238095238,0.2790697674418604,0.8531746031746031,46.61508704061896
2025-26,2026-03-23,22500275,2025-11-23T13:00:00-05:00,3,Final,MIA,PHI,MIA @ PHI,212,57,155,0.3508771929824561,0.1677419354838709,2.091767881241565,99.22630560928434
2025-26,2026-03-23,22500276,2025-11-23T18:00:00-05:00,3,Final,CHA,ATL,CHA @ ATL,187,55,132,0.2181818181818181,0.2121212121212121,1.0285714285714285,66.247582205029
2025-26,2026-03-23,22500277,2025-11-23T18:00:00-05:00,3,Final,ORL,BOS,ORL @ BOS,192,63,129,0.1587301587301587,0.2558139534883721,0.6204906204906204,17.504835589941973
2025-26,2026-03-23,22500278,2025-11-23T18:00:00-05:00,3,Final,LAC,CLE,LAC @ CLE,193,60,133,0.2666666666666666,0.2105263157894736,1.2666666666666668,83.55899419729207
2025-26,2026-03-23,22500279,2025-11-23T18:00:00-05:00,3,Final,BKN,TOR,BKN @ TOR,188,67,121,0.2238805970149253,0.2892561983471074,0.7739872068230278,37.137330754352035
2025-26,2026-03-23,22500280,2025-11-23T19:00:00-05:00,3,Final,POR,OKC,POR @ OKC,193,57,136,0.2807017543859649,0.2058823529411764,1.363408521303258,88.68471953578336
2025-26,2026-03-23,22500281,2025-11-23T20:00:00-05:00,3,Final,SAS,PHX,SAS @ PHX,193,65,128,0.2153846153846154,0.2578125,0.8354312354312354,44.294003868471954
2025-26,2026-03-23,22500282,2025-11-23T20:00:00-05:00,3,Final,LAL,UTA,LAL @ UTA,204,63,141,0.1428571428571428,0.2340425531914893,0.6103896103896104,16.44100580270793
2025-26,2026-03-23,22500283,2025-11-24T19:00:00-05:00,3,Final,DET,IND,DET @ IND,201,82,119,0.3658536585365853,0.3193277310924369,1.1456996148908858,76.01547388781431
2025-26,2026-03-23,22500284,2025-11-24T19:00:00-05:00,3,Final,CLE,TOR,CLE @ TOR,201,50,151,0.1,0.1589403973509933,0.6291666666666667,18.08510638297873
2025-26,2026-03-23,22500285,2025-11-24T19:30:00-05:00,3,Final,NYK,BKN,NYK @ BKN,186,59,127,0.1864406779661017,0.2440944881889764,0.7638053581191908,35.686653771760156
2025-26,2026-03-23,22500286,2025-11-24T19:30:00-05:00,3,Final,DAL,MIA,DAL @ MIA,202,57,145,0.1052631578947368,0.2,0.5263157894736842,10.34816247582205
2025-26,2026-03-23,22500287,2025-11-24T20:00:00-05:00,3,Final,DEN,MEM,DEN @ MEM,195,48,147,0.1458333333333333,0.1632653061224489,0.8932291666666667,52.321083172147
2025-26,2026-03-23,22500288,2025-11-24T20:00:00-05:00,3,Final,POR,MIL,POR @ MIL,197,71,126,0.2394366197183098,0.2777777777777778,0.8619718309859155,47.582205029013544
2025-26,2026-03-23,22500289,2025-11-24T20:00:00-05:00,3,Final,CHI,NOP,CHI @ NOP,218,66,152,0.1969696969696969,0.2236842105263158,0.8805704099821746,50.19342359767892
2025-26,2026-03-23,22500290,2025-11-24T21:30:00-05:00,3,Final,HOU,PHX,HOU @ PHX,189,58,131,0.1551724137931034,0.2290076335877862,0.6775862068965518,24.37137330754352
2025-26,2026-03-23,22500291,2025-11-24T22:00:00-05:00,3,Final,UTA,GSW,UTA @ GSW,211,51,160,0.1176470588235294,0.16875,0.6971677559912853,26.88588007736944
2025-26,2026-03-23,22500292,2025-11-24T22:00:00-05:00,3,Final,MIN,SAC,MIN @ SAC,219,73,146,0.3698630136986301,0.2397260273972602,1.542857142857143,94.00386847195358
2025-26,2026-03-23,22500293,2025-11-29T17:00:00-05:00,3,Final,BOS,MIN,BOS @ MIN,191,57,134,0.1929824561403508,0.2238805970149253,0.8619883040935672,47.678916827852994
2025-26,2026-03-23,22500294,2025-11-29T18:00:00-05:00,3,Final,TOR,CHA,TOR @ CHA,199,69,130,0.217391304347826,0.2769230769230769,0.7850241545893719,38.58800773694391
2025-26,2026-03-23,22500295,2025-11-29T19:30:00-05:00,3,Final,CHI,IND,CHI @ IND,197,45,152,0.1111111111111111,0.1513157894736842,0.7342995169082125,31.237911025145067
2025-26,2026-03-23,22500296,2025-11-29T20:00:00-05:00,3,Final,DET,MIA,DET @ MIA,222,79,143,0.2151898734177215,0.2797202797202797,0.7693037974683544,36.46034816247582
2025-26,2026-03-23,22500297,2025-11-29T20:00:00-05:00,3,Final,BKN,MIL,BKN @ MIL,184,50,134,0.2,0.1940298507462686,1.0307692307692309,66.53771760154739
2025-26,2026-03-23,22500298,2025-11-29T20:30:00-05:00,3,Final,NOP,GSW,NOP @ GSW,189,69,120,0.217391304347826,0.2833333333333333,0.7672634271099744,36.17021276595745
2025-26,2026-03-23,22500299,2025-11-29T21:00:00-05:00,3,Final,DEN,PHX,DEN @ PHX,183,62,121,0.2096774193548387,0.2809917355371901,0.7462049335863378,32.88201160541586
2025-26,2026-03-23,22500300,2025-11-29T22:00:00-05:00,3,Final,DAL,LAC,DAL @ LAC,207,70,137,0.2857142857142857,0.2262773722627737,1.2626728110599077,82.88201160541587
2025-26,2026-03-23,22500301,2025-11-30T15:00:00-05:00,3,Final,HOU,UTA,HOU @ UTA,202,72,130,0.1388888888888889,0.2769230769230769,0.5015432098765432,7.930367504835589
2025-26,2026-03-23,22500302,2025-11-30T18:00:00-05:00,3,Final,BOS,CLE,BOS @ CLE,194,61,133,0.2295081967213114,0.225563909774436,1.0174863387978144,64.99032882011605
2025-26,2026-03-23,22500303,2025-11-30T18:00:00-05:00,3,Final,TOR,NYK,TOR @ NYK,192,47,145,0.1702127659574468,0.1724137931034483,0.9872340425531914,61.992263056092845
2025-26,2026-03-23,22500304,2025-11-30T18:00:00-05:00,3,Final,ATL,PHI,ATL @ PHI,255,91,164,0.2307692307692307,0.274390243902439,0.841025641025641,44.97098646034816
2025-26,2026-03-23,22500305,2025-11-30T18:00:00-05:00,3,Final,OKC,POR,OKC @ POR,213,75,138,0.3866666666666666,0.2681159420289855,1.442162162162162,91.29593810444874
2025-26,2026-03-23,22500306,2025-11-30T19:00:00-05:00,3,Final,SAS,MIN,SAS @ MIN,188,52,136,0.2692307692307692,0.1764705882352941,1.5256410256410255,93.61702127659576
2025-26,2026-03-23,22500307,2025-11-30T21:00:00-05:00,3,Final,MEM,SAC,MEM @ SAC,203,68,135,0.2941176470588235,0.2222222222222222,1.323529411764706,86.46034816247582
2025-26,2026-03-23,22500308,2025-11-30T21:30:00-05:00,3,Final,NOP,LAL,NOP @ LAL,196,71,125,0.0985915492957746,0.296,0.3330795584316711,1.3539651837524178
2025-26,2026-03-23,22500309,2025-12-01T19:00:00-05:00,3,Final,ATL,DET,ATL @ DET,199,51,148,0.0588235294117647,0.1824324324324324,0.3224400871459695,1.160541586073501
2025-26,2026-03-23,22500310,2025-12-01T19:00:00-05:00,3,Final,CLE,IND,CLE @ IND,196,76,120,0.2894736842105263,0.3083333333333333,0.9388335704125178,57.54352030947776
2025-26,2026-03-23,22500311,2025-12-01T19:00:00-05:00,3,Final,MIL,WAS,MIL @ WAS,203,58,145,0.1034482758620689,0.2,0.5172413793103448,9.18762088974855
2025-26,2026-03-23,22500312,2025-12-01T19:30:00-05:00,3,Final,CHA,BKN,CHA @ BKN,198,59,139,0.2203389830508474,0.2158273381294964,1.0209039548022598,65.28046421663443
2025-26,2026-03-23,22500313,2025-12-01T19:30:00-05:00,3,Final,LAC,MIA,LAC @ MIA,210,60,150,0.1833333333333333,0.2066666666666666,0.8870967741935484,51.160541586073506
2025-26,2026-03-23,22500314,2025-12-01T19:30:00-05:00,3,Final,CHI,ORL,CHI @ ORL,213,67,146,0.1791044776119403,0.2191780821917808,0.8171641791044776,42.26305609284333
2025-26,2026-03-23,22500315,2025-12-01T21:00:00-05:00,3,Final,DAL,DEN,DAL @ DEN,201,49,152,0.1428571428571428,0.1710526315789473,0.8351648351648351,44.00386847195358
2025-26,2026-03-23,22500316,2025-12-01T21:00:00-05:00,3,Final,HOU,UTA,HOU @ UTA,213,84,129,0.369047619047619,0.2790697674418604,1.322420634920635,86.36363636363636
2025-26,2026-03-23,22500317,2025-12-01T22:00:00-05:00,3,Final,PHX,LAL,PHX @ LAL,201,50,151,0.06,0.1655629139072847,0.3623999999999999,2.2243713733075436
2025-26,2026-03-23,22500318,2025-12-02T19:00:00-05:00,3,Final,WAS,PHI,WAS @ PHI,204,66,138,0.106060606060606,0.2463768115942029,0.4304812834224599,4.932301740812379
2025-26,2026-03-23,22500319,2025-12-02T19:30:00-05:00,3,Final,POR,TOR,POR @ TOR,204,68,136,0.2647058823529412,0.2426470588235294,1.0909090909090908,70.6963249516441
2025-26,2026-03-23,22500320,2025-12-02T20:00:00-05:00,3,Final,NYK,BOS,NYK @ BOS,180,60,120,0.2666666666666666,0.2333333333333333,1.1428571428571428,75.77369439071566
2025-26,2026-03-23,22500321,2025-12-02T20:00:00-05:00,3,Final,MIN,NOP,MIN @ NOP,223,80,143,0.2625,0.2797202797202797,0.9384375,57.446808510638306
2025-26,2026-03-23,22500322,2025-12-02T20:00:00-05:00,3,Final,MEM,SAS,MEM @ SAS,199,72,127,0.3888888888888889,0.2598425196850393,1.4966329966329968,92.94003868471954
2025-26,2026-03-23,22500323,2025-12-02T23:00:00-05:00,3,Final,OKC,GSW,OKC @ GSW,201,46,155,0.2391304347826087,0.1548387096774193,1.5443840579710144,94.1972920696325
2025-26,2026-03-23,22500324,2025-12-03T19:00:00-05:00,3,Final,POR,CLE,POR @ CLE,202,78,124,0.2435897435897435,0.3225806451612903,0.7551282051282051,34.622823984526114
2025-26,2026-03-23,22500325,2025-12-03T19:00:00-05:00,3,Final,DEN,IND,DEN @ IND,200,70,130,0.2142857142857142,0.2461538461538461,0.8705357142857142,48.54932301740813
2025-26,2026-03-23,22500326,2025-12-03T19:00:00-05:00,3,Final,SAS,ORL,SAS @ ORL,210,67,143,0.2537313432835821,0.2307692307692307,1.099502487562189,72.14700193423597
2025-26,2026-03-23,22500327,2025-12-03T19:30:00-05:00,3,Final,LAC,ATL,LAC @ ATL,193,59,134,0.1525423728813559,0.2238805970149253,0.6813559322033899,24.564796905222437
2025-26,2026-03-23,22500328,2025-12-03T19:30:00-05:00,3,Final,CHA,NYK,CHA @ NYK,185,55,130,0.2363636363636363,0.2153846153846154,1.0974025974025974,71.76015473887814
2025-26,2026-03-23,22500329,2025-12-03T20:00:00-05:00,3,Final,BKN,CHI,BKN @ CHI,199,55,144,0.2363636363636363,0.2013888888888889,1.173667711598746,77.75628626692456
2025-26,2026-03-23,22500330,2025-12-03T20:00:00-05:00,3,Final,SAC,HOU,SAC @ HOU,200,50,150,0.08,0.1666666666666666,0.48,6.6247582205029
2025-26,2026-03-23,22500331,2025-12-03T20:00:00-05:00,3,Final,DET,MIL,DET @ MIL,193,59,134,0.2711864406779661,0.2164179104477611,1.2530683810637055,82.30174081237911
2025-26,2026-03-23,22500332,2025-12-03T20:30:00-05:00,3,Final,MIA,DAL,MIA @ DAL,202,50,152,0.14,0.1644736842105263,0.8512000000000001,46.32495164410058
2025-26,2026-03-23,22500333,2025-12-04T19:00:00-05:00,3,Final,GSW,PHI,GSW @ PHI,192,62,130,0.1935483870967742,0.2384615384615384,0.8116545265348595,41.295938104448744
2025-26,2026-03-23,22500334,2025-12-04T19:00:00-05:00,3,Final,BOS,WAS,BOS @ WAS,194,70,124,0.2,0.2741935483870967,0.7294117647058824,30.657640232108317
2025-26,2026-03-23,22500335,2025-12-04T19:30:00-05:00,3,Final,UTA,BKN,UTA @ BKN,199,73,126,0.273972602739726,0.2619047619047619,1.046077210460772,67.50483558994198
2025-26,2026-03-23,22500336,2025-12-04T19:30:00-05:00,3,Final,LAL,TOR,LAL @ TOR,186,58,128,0.1206896551724138,0.2421875,0.4983314794215795,7.7369439071566735
2025-26,2026-03-23,22500337,2025-12-04T20:00:00-05:00,3,Final,MIN,NOP,MIN @ NOP,221,67,154,0.1044776119402985,0.2337662337662337,0.4469320066334992,5.222437137330754
2025-26,2026-03-23,22500338,2025-12-05T19:00:00-05:00,3,Final,LAL,BOS,LAL @ BOS,191,60,131,0.15,0.2290076335877862,0.655,21.179883945841393
2025-26,2026-03-23,22500339,2025-12-05T19:00:00-05:00,3,Final,MIA,ORL,MIA @ ORL,202,61,141,0.2295081967213114,0.226950354609929,1.0112704918032789,64.31334622823984
2025-26,2026-03-23,22500340,2025-12-05T19:30:00-05:00,3,Final,DEN,ATL,DEN @ ATL,211,65,146,0.3076923076923077,0.2191780821917808,1.403846153846154,90.32882011605416
2025-26,2026-03-23,22500341,2025-12-05T19:30:00-05:00,3,Final,SAS,CLE,SAS @ CLE,207,69,138,0.2318840579710145,0.2391304347826087,0.9696969696969696,60.58994197292069
2025-26,2026-03-23,22500342,2025-12-05T19:30:00-05:00,3,Final,POR,DET,POR @ DET,197,102,95,0.4509803921568627,0.4105263157894737,1.0985419808949222,71.85686653771761
2025-26,2026-03-23,22500343,2025-12-05T19:30:00-05:00,3,Final,UTA,NYK,UTA @ NYK,205,67,138,0.1791044776119403,0.2463768115942029,0.7269534679543458,30.270793036750483
2025-26,2026-03-23,22500344,2025-12-05T19:30:00-05:00,3,Final,CHA,TOR,CHA @ TOR,204,63,141,0.2063492063492063,0.2340425531914893,0.8816738816738816,50.38684719535783
2025-26,2026-03-23,22500345,2025-12-05T20:00:00-05:00,3,Final,IND,CHI,IND @ CHI,199,62,137,0.1612903225806451,0.218978102189781,0.7365591397849461,31.334622823984525
2025-26,2026-03-23,22500346,2025-12-05T20:00:00-05:00,3,Final,PHX,HOU,PHX @ HOU,196,66,130,0.2727272727272727,0.2384615384615384,1.1436950146627565,75.91876208897486
2025-26,2026-03-23,22500347,2025-12-05T20:00:00-05:00,3,Final,LAC,MEM,LAC @ MEM,193,48,145,0.1666666666666666,0.1724137931034483,0.9666666666666666,60.05802707930368
2025-26,2026-03-23,22500348,2025-12-05T20:00:00-05:00,3,Final,PHI,MIL,PHI @ MIL,197,76,121,0.25,0.2892561983471074,0.8642857142857143,47.969052224371374
2025-26,2026-03-23,22500349,2025-12-05T21:30:00-05:00,3,Final,DAL,OKC,DAL @ OKC,196,63,133,0.2222222222222222,0.2556390977443609,0.869281045751634,48.45261121856866
2025-26,2026-03-23,22500350,2025-12-06T17:00:00-05:00,3,Final,NOP,BKN,NOP @ BKN,194,48,146,0.3125,0.1643835616438356,1.9010416666666667,98.74274661508704
2025-26,2026-03-23,22500351,2025-12-06T19:00:00-05:00,3,Final,ATL,WAS,ATL @ WAS,201,57,144,0.1228070175438596,0.2013888888888889,0.6098003629764065,16.247582205029012
2025-26,2026-03-23,22500352,2025-12-06T19:30:00-05:00,3,Final,GSW,CLE,GSW @ CLE,189,60,129,0.25,0.2170542635658914,1.1517857142857144,76.59574468085107
2025-26,2026-03-23,22500353,2025-12-06T19:30:00-05:00,3,Final,MIL,DET,MIL @ DET,191,81,110,0.3086419753086419,0.3454545454545454,0.8934372969460688,52.41779497098646
2025-26,2026-03-23,22500354,2025-12-06T20:00:00-05:00,3,Final,SAC,MIA,SAC @ MIA,200,62,138,0.2419354838709677,0.217391304347826,1.1129032258064515,73.5009671179884
2025-26,2026-03-23,22500355,2025-12-06T20:00:00-05:00,3,Final,LAC,MIN,LAC @ MIN,180,69,111,0.3478260869565217,0.2882882882882883,1.2065217391304348,79.49709864603481
2025-26,2026-03-23,22500356,2025-12-06T20:30:00-05:00,3,Final,HOU,DAL,HOU @ DAL,188,51,137,0.1568627450980392,0.1824817518248175,0.8596078431372549,47.38878143133462
2025-26,2026-03-23,22500357,2025-12-07T12:00:00-05:00,3,Final,ORL,NYK,ORL @ NYK,190,67,123,0.2388059701492537,0.2601626016260163,0.917910447761194,54.73887814313346
2025-26,2026-03-23,22500358,2025-12-07T15:30:00-05:00,3,Final,BOS,TOR,BOS @ TOR,190,60,130,0.2333333333333333,0.2307692307692307,1.011111111111111,64.21663442940039
2025-26,2026-03-23,22500359,2025-12-07T18:00:00-05:00,3,Final,DEN,CHA,DEN @ CHA,192,64,128,0.3125,0.2421875,1.2903225806451613,84.9613152804642
2025-26,2026-03-23,22500360,2025-12-07T18:00:00-05:00,3,Final,POR,MEM,POR @ MEM,208,71,137,0.2676056338028169,0.2627737226277372,1.0183881064162752,65.08704061895551
2025-26,2026-03-23,22500361,2025-12-07T19:00:00-05:00,3,Final,GSW,CHI,GSW @ CHI,188,48,140,0.3333333333333333,0.1642857142857142,2.0289855072463765,98.93617021276596
2025-26,2026-03-23,22500362,2025-12-07T19:30:00-05:00,3,Final,LAL,PHI,LAL @ PHI,197,64,133,0.21875,0.2406015037593984,0.9091796875,54.06189555125726
2025-26,2026-03-23,22500363,2025-12-07T20:00:00-05:00,3,Final,OKC,UTA,OKC @ UTA,200,59,141,0.2033898305084746,0.1914893617021276,1.0621468926553672,68.95551257253385
2025-26,2026-03-23,22500364,2025-12-08T19:00:00-05:00,3,Final,SAC,IND,SAC @ IND,198,54,144,0.2407407407407407,0.1805555555555555,1.3333333333333333,87.04061895551257
2025-26,2026-03-23,22500365,2025-12-08T19:30:00-05:00,3,Final,PHX,MIN,PHX @ MIN,184,58,126,0.3448275862068966,0.246031746031746,1.4015572858731926,90.0386847195358
2025-26,2026-03-23,22500366,2025-12-08T20:00:00-05:00,3,Final,SAS,NOP,SAS @ NOP,208,64,144,0.3125,0.2222222222222222,1.40625,90.42553191489364
2025-26,2026-03-23,22500367,2025-12-17T20:00:00-05:00,3,Final,CLE,CHI,CLE @ CHI,211,52,159,0.25,0.1509433962264151,1.65625,95.93810444874276
2025-26,2026-03-23,22500368,2025-12-17T20:00:00-05:00,3,Final,MEM,MIN,MEM @ MIN,212,82,130,0.2317073170731707,0.2923076923076923,0.7926829268292683,39.26499032882012
2025-26,2026-03-23,22500369,2025-12-18T20:00:00-05:00,3,Final,LAC,OKC,LAC @ OKC,212,59,153,0.135593220338983,0.1895424836601307,0.7153711279953244,28.77176015473888
2025-26,2026-03-23,22500370,2025-12-18T20:00:00-05:00,3,Final,WAS,SAS,WAS @ SAS,199,54,145,0.1481481481481481,0.1862068965517241,0.7956104252400548,39.55512572533849
2025-26,2026-03-23,22500371,2025-12-18T19:00:00-05:00,3,Final,ATL,CHA,ATL @ CHA,207,69,138,0.217391304347826,0.2536231884057971,0.8571428571428571,47.195357833655706
2025-26,2026-03-23,22500372,2025-12-18T19:00:00-05:00,3,Final,NYK,IND,NYK @ IND,198,60,138,0.1166666666666666,0.2318840579710145,0.503125,8.027079303675048
2025-26,2026-03-23,22500373,2025-12-18T19:30:00-05:00,3,Final,MIA,BKN,MIA @ BKN,198,47,151,0.2127659574468085,0.1589403973509933,1.3386524822695034,87.4274661508704
2025-26,2026-03-23,22500374,2025-12-18T20:00:00-05:00,3,Final,TOR,MIL,TOR @ MIL,193,55,138,0.2,0.2028985507246377,0.9857142857142857,61.89555125725339
2025-26,2026-03-23,22500375,2025-12-18T20:00:00-05:00,3,Final,HOU,NOP,HOU @ NOP,214,73,141,0.2054794520547945,0.2624113475177305,0.7830433172898926,38.297872340425535
2025-26,2026-03-23,22500376,2025-12-18T20:30:00-05:00,3,Final,DET,DAL,DET @ DAL,220,76,144,0.1842105263157894,0.2847222222222222,0.6469833119383825,19.922630560928432
2025-26,2026-03-23,22500377,2025-12-18T21:00:00-05:00,3,Final,ORL,DEN,ORL @ DEN,203,63,140,0.1904761904761904,0.2142857142857142,0.8888888888888888,51.64410058027079
2025-26,2026-03-23,22500378,2025-12-18T21:00:00-05:00,3,Final,GSW,PHX,GSW @ PHX,200,60,140,0.25,0.2071428571428571,1.206896551724138,79.59381044487428
2025-26,2026-03-23,22500379,2025-12-18T21:00:00-05:00,3,Final,LAL,UTA,LAL @ UTA,204,90,114,0.4444444444444444,0.3508771929824561,1.2666666666666666,83.41392649903288
2025-26,2026-03-23,22500380,2025-12-18T22:00:00-05:00,3,Final,SAC,POR,SAC @ POR,226,89,137,0.2247191011235955,0.3284671532846715,0.6841448189762797,25.241779497098648
2025-26,2026-03-23,22500381,2025-12-19T19:00:00-05:00,3,Final,MIA,BOS,MIA @ BOS,202,58,144,0.1896551724137931,0.2222222222222222,0.853448275862069,46.71179883945841
2025-26,2026-03-23,22500382,2025-12-19T19:00:00-05:00,3,Final,PHI,NYK,PHI @ NYK,188,72,116,0.4027777777777778,0.2672413793103448,1.507168458781362,93.23017408123792
2025-26,2026-03-23,22500383,2025-12-19T19:30:00-05:00,3,Final,SAS,ATL,SAS @ ATL,213,45,168,0.0666666666666666,0.1309523809523809,0.509090909090909,8.6073500967118
2025-26,2026-03-23,22500384,2025-12-19T19:30:00-05:00,3,Final,CHI,CLE,CHI @ CLE,213,51,162,0.1764705882352941,0.1666666666666666,1.058823529411765,68.61702127659575
2025-26,2026-03-23,22500385,2025-12-19T21:30:00-05:00,3,Final,OKC,MIN,OKC @ MIN,206,82,124,0.2682926829268293,0.3064516129032258,0.8754813863928114,49.129593810444874
2025-26,2026-03-23,22500386,2025-12-20T17:00:00-05:00,3,Final,HOU,DEN,HOU @ DEN,192,56,136,0.1964285714285714,0.213235294117647,0.9211822660098522,55.02901353965184
2025-26,2026-03-23,22500387,2025-12-20T19:00:00-05:00,3,Final,DAL,PHI,DAL @ PHI,209,56,153,0.2678571428571428,0.1764705882352941,1.5178571428571428,93.52030947775629
2025-26,2026-03-23,22500388,2025-12-20T19:00:00-05:00,3,Final,BOS,TOR,BOS @ TOR,182,55,127,0.2181818181818181,0.2125984251968504,1.0262626262626262,65.86073500967117
2025-26,2026-03-23,22500389,2025-12-20T19:00:00-05:00,3,Final,IND,NOP,IND @ NOP,216,78,138,0.282051282051282,0.2971014492753623,0.949343339587242,58.70406189555126
2025-26,2026-03-23,22500390,2025-12-20T19:30:00-05:00,3,Final,CHA,DET,CHA @ DET,211,68,143,0.2058823529411764,0.2517482517482518,0.8178104575163397,42.359767891682786
2025-26,2026-03-23,22500391,2025-12-20T20:00:00-05:00,3,Final,WAS,MEM,WAS @ MEM,206,59,147,0.2033898305084746,0.2040816326530612,0.9966101694915256,62.86266924564797
2025-26,2026-03-23,22500392,2025-12-20T20:30:00-05:00,3,Final,PHX,GSW,PHX @ GSW,201,62,139,0.3387096774193548,0.2158273381294964,1.5693548387096774,94.87427466150872
2025-26,2026-03-23,22500393,2025-12-20T21:30:00-05:00,3,Final,ORL,UTA,ORL @ UTA,217,94,123,0.2659574468085106,0.3739837398373983,0.7111470860314524,28.1431334622824
2025-26,2026-03-23,22500394,2025-12-20T22:00:00-05:00,3,Final,POR,SAC,POR @ SAC,192,69,123,0.2753623188405797,0.2601626016260163,1.058423913043478,68.47195357833655
2025-26,2026-03-23,22500395,2025-12-20T22:30:00-05:00,3,Final,LAL,LAC,LAL @ LAC,183,64,119,0.1875,0.2773109243697479,0.6761363636363636,23.88781431334623
2025-26,2026-03-23,22500396,2025-12-21T15:30:00-05:00,3,Final,CHI,ATL,CHI @ ATL,213,73,140,0.3561643835616438,0.2357142857142857,1.511000415110004,93.32688588007736
2025-26,2026-03-23,22500397,2025-12-21T18:00:00-05:00,3,Final,TOR,BKN,TOR @ BKN,192,53,139,0.1886792452830188,0.1726618705035971,1.0927672955974843,71.08317214700193
2025-26,2026-03-23,22500398,2025-12-21T18:00:00-05:00,3,Final,MIA,NYK,MIA @ NYK,202,66,136,0.1363636363636363,0.2573529411764705,0.5298701298701299,10.735009671179885
2025-26,2026-03-23,22500399,2025-12-21T19:00:00-05:00,3,Final,SAS,WAS,SAS @ WAS,203,69,134,0.391304347826087,0.2164179104477611,1.808095952023988,97.58220502901354
2025-26,2026-03-23,22500400,2025-12-21T19:00:00-05:00,3,Final,MIL,MIN,MIL @ MIN,197,53,144,0.3584905660377358,0.1666666666666666,2.150943396226415,99.41972920696324
2025-26,2026-03-23,22500401,2025-12-21T22:00:00-05:00,3,Final,HOU,SAC,HOU @ SAC,206,75,131,0.16,0.2900763358778626,0.5515789473684211,11.798839458413926
2025-26,2026-03-23,22500402,2025-12-22T19:00:00-05:00,3,Final,CHA,CLE,CHA @ CLE,201,62,139,0.1935483870967742,0.2302158273381295,0.8407258064516129,44.87427466150871
2025-26,2026-03-23,22500403,2025-12-22T19:30:00-05:00,3,Final,IND,BOS,IND @ BOS,191,56,135,0.1428571428571428,0.2148148148148148,0.6650246305418719,22.53384912959381
2025-26,2026-03-23,22500404,2025-12-22T20:00:00-05:00,3,Final,DAL,NOP,DAL @ NOP,214,56,158,0.2142857142857142,0.170886075949367,1.253968253968254,82.39845261121856
2025-26,2026-03-23,22500405,2025-12-22T21:00:00-05:00,3,Final,UTA,DEN,UTA @ DEN,210,55,155,0.1818181818181818,0.1806451612903225,1.0064935064935066,64.02321083172147
2025-26,2026-03-23,22500406,2025-12-22T21:30:00-05:00,3,Final,MEM,OKC,MEM @ OKC,208,58,150,0.1379310344827586,0.1933333333333333,0.713436385255648,28.578336557059963
2025-26,2026-03-23,22500407,2025-12-22T22:00:00-05:00,3,Final,ORL,GSW,ORL @ GSW,196,72,124,0.2083333333333333,0.2903225806451613,0.7175925925925926,29.3036750483559
2025-26,2026-03-23,22500408,2025-12-22T22:00:00-05:00,3,Final,DET,POR,DET @ POR,191,84,107,0.0833333333333333,0.4018691588785046,0.2073643410852713,0.5802707930367506
2025-26,2026-03-23,22500409,2025-12-23T19:00:00-05:00,3,Final,WAS,CHA,WAS @ CHA,188,59,129,0.1694915254237288,0.2325581395348837,0.7288135593220338,30.51257253384913
2025-26,2026-03-23,22500410,2025-12-23T19:00:00-05:00,3,Final,BKN,PHI,BKN @ PHI,198,83,115,0.3253012048192771,0.3652173913043478,0.8907056798623063,51.93423597678917
2025-26,2026-03-23,22500411,2025-12-23T19:30:00-05:00,3,Final,CHI,ATL,CHI @ ATL,214,64,150,0.265625,0.22,1.2073863636363635,79.69052224371373
2025-26,2026-03-23,22500412,2025-12-23T19:30:00-05:00,3,Final,NOP,CLE,NOP @ CLE,211,61,150,0.1475409836065573,0.2133333333333333,0.6915983606557377,25.918762088974855
2025-26,2026-03-23,22500413,2025-12-23T19:30:00-05:00,3,Final,MIL,IND,MIL @ IND,197,69,128,0.2463768115942029,0.265625,0.927536231884058,56.18955512572534
2025-26,2026-03-23,22500414,2025-12-23T19:30:00-05:00,3,Final,TOR,MIA,TOR @ MIA,189,62,127,0.2258064516129032,0.2362204724409448,0.9559139784946236,59.09090909090909
2025-26,2026-03-23,22500415,2025-12-23T20:00:00-05:00,3,Final,DEN,DAL,DEN @ DAL,194,43,151,0.1162790697674418,0.152317880794702,0.7633973710819009,35.5899419729207
2025-26,2026-03-23,22500416,2025-12-23T20:00:00-05:00,3,Final,NYK,MIN,NYK @ MIN,204,54,150,0.0925925925925925,0.18,0.51440329218107,8.994197292069632
2025-26,2026-03-23,22500417,2025-12-23T20:30:00-05:00,3,Final,OKC,SAS,OKC @ SAS,190,50,140,0.14,0.1714285714285714,0.8166666666666668,42.06963249516441
2025-26,2026-03-23,22500418,2025-12-23T21:00:00-05:00,3,Final,LAL,PHX,LAL @ PHX,191,67,124,0.2238805970149253,0.2661290322580645,0.8412483039348712,45.16441005802708
2025-26,2026-03-23,22500419,2025-12-23T21:00:00-05:00,3,Final,MEM,UTA,MEM @ UTA,209,73,136,0.3150684931506849,0.2573529411764705,1.22426614481409,80.9477756286267
2025-26,2026-03-23,22500420,2025-12-23T22:00:00-05:00,3,Final,ORL,POR,ORL @ POR,195,65,130,0.1846153846153846,0.2615384615384615,0.7058823529411765,27.659574468085108
2025-26,2026-03-23,22500421,2025-12-23T22:00:00-05:00,3,Final,DET,SAC,DET @ SAC,198,77,121,0.4545454545454545,0.256198347107438,1.7741935483870968,97.38878143133462
2025-26,2026-03-23,22500422,2025-12-23T22:30:00-05:00,3,Final,HOU,LAC,HOU @ LAC,179,66,113,0.1969696969696969,0.2920353982300885,0.6744719926538107,23.69439071566731
2025-26,2026-03-23,22500423,2025-12-26T19:00:00-05:00,3,Final,MIA,ATL,MIA @ ATL,220,57,163,0.1578947368421052,0.1779141104294478,0.8874773139745916,51.353965183752415
2025-26,2026-03-23,22500424,2025-12-26T19:00:00-05:00,3,Final,CHA,ORL,CHA @ ORL,193,67,126,0.2985074626865671,0.2619047619047619,1.1397557666214382,75.3384912959381
2025-26,2026-03-23,22500425,2025-12-26T19:00:00-05:00,3,Final,TOR,WAS,TOR @ WAS,207,63,144,0.2698412698412698,0.2083333333333333,1.295238095238095,85.39651837524178
2025-26,2026-03-23,22500426,2025-12-26T19:00:00-05:00,3,Final,BOS,IND,BOS @ IND,203,72,131,0.2638888888888889,0.2595419847328244,1.016748366013072,64.79690522243715
2025-26,2026-03-23,22500427,2025-12-26T19:30:00-05:00,3,Final,PHI,CHI,PHI @ CHI,194,68,126,0.1764705882352941,0.2698412698412698,0.6539792387543253,20.98646034816247
2025-26,2026-03-23,22500428,2025-12-26T20:00:00-05:00,3,Final,MIL,MEM,MIL @ MEM,200,74,126,0.1351351351351351,0.3015873015873015,0.4480796586059744,5.415860735009671
2025-26,2026-03-23,22500429,2025-12-26T20:00:00-05:00,3,Final,PHX,NOP,PHX @ NOP,204,79,125,0.3037974683544304,0.296,1.0263427984946971,65.95744680851064
2025-26,2026-03-23,22500430,2025-12-26T21:30:00-05:00,3,Final,DET,UTA,DET @ UTA,209,62,147,0.2096774193548387,0.2040816326530612,1.0274193548387096,66.0541586073501
2025-26,2026-03-23,22500431,2025-12-26T22:00:00-05:00,3,Final,LAC,POR,LAC @ POR,180,57,123,0.1929824561403508,0.2357723577235772,0.8185117967332123,42.5531914893617
2025-26,2026-03-23,22500432,2025-12-27T17:00:00-05:00,3,Final,DAL,SAC,DAL @ SAC,205,41,164,0.1707317073170731,0.1341463414634146,1.2727272727272727,83.84912959381045
2025-26,2026-03-23,22500433,2025-12-27T19:00:00-05:00,3,Final,DEN,ORL,DEN @ ORL,199,77,122,0.3636363636363636,0.2950819672131147,1.2323232323232325,81.1411992263056
2025-26,2026-03-23,22500434,2025-12-27T19:00:00-05:00,3,Final,PHX,NOP,PHX @ NOP,197,72,125,0.1805555555555555,0.296,0.609984984984985,16.344294003868473
2025-26,2026-03-23,22500435,2025-12-27T20:00:00-05:00,3,Final,NYK,ATL,NYK @ ATL,205,78,127,0.1794871794871795,0.2992125984251969,0.5998650472334682,15.377176015473887
2025-26,2026-03-23,22500436,2025-12-27T20:00:00-05:00,3,Final,IND,MIA,IND @ MIA,216,64,152,0.140625,0.2171052631578947,0.6477272727272727,20.01934235976789
2025-26,2026-03-23,22500437,2025-12-27T20:00:00-05:00,3,Final,MIL,CHI,MIL @ CHI,193,56,137,0.1964285714285714,0.1970802919708029,0.9966931216931216,62.95938104448743
2025-26,2026-03-23,22500438,2025-12-27T20:00:00-05:00,3,Final,CLE,HOU,CLE @ HOU,192,48,144,0.0833333333333333,0.1736111111111111,0.48,6.6247582205029
2025-26,2026-03-23,22500439,2025-12-27T20:00:00-05:00,3,Final,BKN,MIN,BKN @ MIN,191,72,119,0.1666666666666666,0.3193277310924369,0.5219298245614035,9.67117988394584
2025-26,2026-03-23,22500440,2025-12-27T20:00:00-05:00,3,Final,UTA,SAS,UTA @ SAS,201,72,129,0.2916666666666667,0.2713178294573643,1.0750000000000002,69.72920696324951
2025-26,2026-03-23,22500441,2025-12-28T15:30:00-05:00,3,Final,GSW,TOR,GSW @ TOR,221,70,151,0.2714285714285714,0.2317880794701986,1.1710204081632654,77.6595744680851
2025-26,2026-03-23,22500442,2025-12-28T15:30:00-05:00,3,Final,PHI,OKC,PHI @ OKC,199,57,142,0.0701754385964912,0.204225352112676,0.3436176648517846,1.7408123791102514
2025-26,2026-03-23,22500443,2025-12-28T18:00:00-05:00,3,Final,MEM,WAS,MEM @ WAS,215,61,154,0.180327868852459,0.2012987012987013,0.8958223162347964,52.90135396518375
2025-26,2026-03-23,22500444,2025-12-28T18:00:00-05:00,3,Final,BOS,POR,BOS @ POR,207,54,153,0.1481481481481481,0.1764705882352941,0.8395061728395061,44.680851063829785
2025-26,2026-03-23,22500445,2025-12-28T21:00:00-05:00,3,Final,DET,LAC,DET @ LAC,184,75,109,0.3466666666666667,0.3119266055045872,1.1113725490196078,73.40425531914893
2025-26,2026-03-23,22500446,2025-12-28T21:30:00-05:00,3,Final,SAC,LAL,SAC @ LAL,201,67,134,0.2238805970149253,0.2537313432835821,0.8823529411764706,50.483558994197296
2025-26,2026-03-23,22500447,2025-12-29T19:00:00-05:00,3,Final,MIL,CHA,MIL @ CHA,188,61,127,0.2131147540983606,0.2598425196850393,0.8201689021361153,42.74661508704062
2025-26,2026-03-23,22500448,2025-12-29T19:00:00-05:00,3,Final,PHX,WAS,PHX @ WAS,191,58,133,0.1896551724137931,0.2105263157894736,0.9008620689655172,53.191489361702125
2025-26,2026-03-23,22500449,2025-12-29T19:30:00-05:00,3,Final,GSW,BKN,GSW @ BKN,189,72,117,0.3611111111111111,0.2905982905982906,1.2426470588235292,81.72147001934236
2025-26,2026-03-23,22500450,2025-12-29T19:30:00-05:00,3,Final,DEN,MIA,DEN @ MIA,203,69,134,0.1884057971014492,0.2835820895522388,0.664378337147216,22.243713733075435
2025-26,2026-03-23,22500451,2025-12-29T19:30:00-05:00,3,Final,ORL,TOR,ORL @ TOR,187,72,115,0.2916666666666667,0.3130434782608696,0.9317129629629628,56.67311411992263
2025-26,2026-03-23,22500452,2025-12-29T20:00:00-05:00,3,Final,MIN,CHI,MIN @ CHI,205,48,157,0.2083333333333333,0.1528662420382165,1.3628472222222223,88.58800773694391
2025-26,2026-03-23,22500453,2025-12-29T20:00:00-05:00,3,Final,IND,HOU,IND @ HOU,194,62,132,0.1935483870967742,0.2272727272727272,0.8516129032258064,46.42166344294004
2025-26,2026-03-23,22500454,2025-12-29T20:00:00-05:00,3,Final,NYK,NOP,NYK @ NOP,200,61,139,0.1147540983606557,0.2230215827338129,0.5145425700687467,9.090909090909092
2025-26,2026-03-23,22500455,2025-12-29T20:00:00-05:00,3,Final,ATL,OKC,ATL @ OKC,218,59,159,0.1525423728813559,0.1886792452830188,0.8084745762711865,41.10251450676983
2025-26,2026-03-23,22500456,2025-12-29T20:00:00-05:00,3,Final,CLE,SAS,CLE @ SAS,215,73,142,0.2054794520547945,0.2605633802816901,0.7885968159940763,38.97485493230174
2025-26,2026-03-23,22500457,2025-12-29T22:30:00-05:00,3,Final,DAL,POR,DAL @ POR,204,64,140,0.203125,0.2142857142857142,0.9479166666666669,58.51063829787234
2025-26,2026-03-23,22500458,2025-12-30T20:00:00-05:00,3,Final,PHI,MEM,PHI @ MEM,223,64,159,0.140625,0.1949685534591195,0.7212701612903225,29.593810444874276
2025-26,2026-03-23,22500459,2025-12-30T21:00:00-05:00,3,Final,BOS,UTA,BOS @ UTA,199,60,139,0.1833333333333333,0.2230215827338129,0.8220430107526882,42.94003868471953
2025-26,2026-03-23,22500460,2025-12-30T22:30:00-05:00,3,Final,DET,LAL,DET @ LAL,204,74,130,0.1351351351351351,0.3,0.4504504504504505,5.51257253384913
2025-26,2026-03-23,22500461,2025-12-30T23:00:00-05:00,3,Final,SAC,LAC,SAC @ LAC,187,58,129,0.1034482758620689,0.2403100775193798,0.4304783092324805,4.835589941972921
2025-26,2026-03-23,22500462,2025-12-31T13:00:00-05:00,3,Final,GSW,CHA,GSW @ CHA,199,60,139,0.15,0.2230215827338129,0.6725806451612903,23.30754352030948
2025-26,2026-03-23,22500463,2025-12-31T15:00:00-05:00,3,Final,MIN,ATL,MIN @ ATL,198,51,147,0.1372549019607843,0.1836734693877551,0.7472766884531591,32.97872340425532
2025-26,2026-03-23,22500464,2025-12-31T15:00:00-05:00,3,Final,ORL,IND,ORL @ IND,218,76,142,0.1973684210526315,0.2676056338028169,0.7375346260387813,31.91489361702128
2025-26,2026-03-23,22500465,2025-12-31T15:30:00-05:00,3,Final,PHX,CLE,PHX @ CLE,211,53,158,0.1320754716981132,0.1772151898734177,0.7452830188679245,32.59187620889749
2025-26,2026-03-23,22500466,2025-12-31T19:00:00-05:00,3,Final,NOP,CHI,NOP @ CHI,211,71,140,0.2676056338028169,0.2357142857142857,1.1352966282543746,74.95164410058027
2025-26,2026-03-23,22500467,2025-12-31T19:00:00-05:00,3,Final,NYK,SAS,NYK @ SAS,203,74,129,0.2972972972972973,0.2480620155038759,1.1984797297297298,79.11025145067698
2025-26,2026-03-23,22500468,2025-12-31T19:30:00-05:00,3,Final,DEN,TOR,DEN @ TOR,190,67,123,0.2686567164179104,0.2764227642276423,0.9719051799824407,60.83172147001934
2025-26,2026-03-23,22500469,2025-12-31T20:00:00-05:00,3,Final,WAS,MIL,WAS @ MIL,194,58,136,0.1034482758620689,0.2279411764705882,0.4538375973303671,5.609284332688588
2025-26,2026-03-23,22500470,2025-12-31T20:00:00-05:00,3,Final,POR,OKC,POR @ OKC,213,57,156,0.1578947368421052,0.1858974358974359,0.8493647912885661,46.22823984526112
2025-26,2026-03-23,22500471,2026-01-01T18:00:00-05:00,3,Final,HOU,BKN,HOU @ BKN,181,61,120,0.1967213114754098,0.2583333333333333,0.7615018508725541,35.44487427466151
2025-26,2026-03-23,22500472,2026-01-01T19:00:00-05:00,3,Final,MIA,DET,MIA @ DET,215,62,153,0.1451612903225806,0.2091503267973856,0.6940524193548387,26.402321083172147
2025-26,2026-03-23,22500473,2026-01-01T20:30:00-05:00,3,Final,PHI,DAL,PHI @ DAL,203,53,150,0.2641509433962264,0.1666666666666666,1.5849056603773586,95.06769825918762
2025-26,2026-03-23,22500474,2026-01-01T22:00:00-05:00,3,Final,BOS,SAC,BOS @ SAC,188,47,141,0.2765957446808511,0.1489361702127659,1.8571428571428572,98.25918762088976
2025-26,2026-03-23,22500475,2026-01-01T22:30:00-05:00,3,Final,UTA,LAC,UTA @ LAC,196,72,124,0.1805555555555555,0.2983870967741935,0.6051051051051051,15.860735009671178
2025-26,2026-03-23,22500476,2026-01-02T19:00:00-05:00,3,Final,SAS,IND,SAS @ IND,212,70,142,0.2857142857142857,0.2323943661971831,1.229437229437229,81.04448742746615
2025-26,2026-03-23,22500477,2026-01-02T19:00:00-05:00,3,Final,BKN,WAS,BKN @ WAS,205,57,148,0.1403508771929824,0.1959459459459459,0.7162734422262552,29.206963249516445
2025-26,2026-03-23,22500478,2026-01-02T19:30:00-05:00,3,Final,DEN,CLE,DEN @ CLE,196,53,143,0.2075471698113207,0.1888111888111888,1.0992313067784767,72.05029013539652
2025-26,2026-03-23,22500479,2026-01-02T19:30:00-05:00,3,Final,ATL,NYK,ATL @ NYK,206,63,143,0.1269841269841269,0.2307692307692307,0.5502645502645502,11.702127659574469
2025-26,2026-03-23,22500480,2026-01-02T20:00:00-05:00,3,Final,ORL,CHI,ORL @ CHI,197,62,135,0.0806451612903225,0.237037037037037,0.3402217741935484,1.5473887814313347
2025-26,2026-03-23,22500481,2026-01-02T20:00:00-05:00,3,Final,CHA,MIL,CHA @ MIL,191,64,127,0.25,0.2677165354330709,0.9338235294117646,56.86653771760155
2025-26,2026-03-23,22500482,2026-01-02T20:00:00-05:00,3,Final,POR,NOP,POR @ NOP,187,62,125,0.2419354838709677,0.256,0.9450604838709676,58.31721470019342
2025-26,2026-03-23,22500483,2026-01-02T21:00:00-05:00,3,Final,SAC,PHX,SAC @ PHX,205,77,128,0.2727272727272727,0.2890625,0.9434889434889434,58.12379110251451
2025-26,2026-03-23,22500484,2026-01-02T22:00:00-05:00,3,Final,OKC,GSW,OKC @ GSW,206,57,149,0.1403508771929824,0.2013422818791946,0.6970760233918128,26.789168278529974
2025-26,2026-03-23,22500485,2026-01-02T22:30:00-05:00,3,Final,MEM,LAL,MEM @ LAL,211,62,149,0.1774193548387097,0.2147651006711409,0.826108870967742,43.23017408123791
2025-26,2026-03-23,22500486,2026-01-03T17:00:00-05:00,3,Final,MIN,MIA,MIN @ MIA,197,68,129,0.1911764705882352,0.2868217054263566,0.6665341812400635,22.63056092843327
2025-26,2026-03-23,22500487,2026-01-03T19:30:00-05:00,3,Final,PHI,NYK,PHI @ NYK,204,70,134,0.1428571428571428,0.2686567164179104,0.5317460317460317,11.073500967117988
2025-26,2026-03-23,22500488,2026-01-03T19:30:00-05:00,3,Final,ATL,TOR,ATL @ TOR,214,66,148,0.1969696969696969,0.2364864864864864,0.8329004329004329,43.810444874274665
2025-26,2026-03-23,22500489,2026-01-03T20:00:00-05:00,3,Final,CHA,CHI,CHA @ CHI,199,52,147,0.173076923076923,0.1632653061224489,1.060096153846154,68.76208897485493
2025-26,2026-03-23,22500490,2026-01-03T20:00:00-05:00,3,Final,POR,SAS,POR @ SAS,195,64,131,0.125,0.2442748091603053,0.51171875,8.704061895551257
2025-26,2026-03-23,22500491,2026-01-03T20:30:00-05:00,3,Final,HOU,DAL,HOU @ DAL,202,57,145,0.175438596491228,0.193103448275862,0.9085213032581452,53.9651837524178
2025-26,2026-03-23,22500492,2026-01-03T22:00:00-05:00,3,Final,UTA,GSW,UTA @ GSW,193,57,136,0.1052631578947368,0.2205882352941176,0.4771929824561403,6.479690522243714
2025-26,2026-03-23,22500493,2026-01-03T22:30:00-05:00,3,Final,BOS,LAC,BOS @ LAC,183,57,126,0.2631578947368421,0.2063492063492063,1.2753036437246963,84.04255319148936
2025-26,2026-03-23,22500494,2026-01-04T14:00:00-05:00,3,Final,DET,CLE,DET @ CLE,200,65,135,0.3076923076923077,0.237037037037037,1.2980769230769231,85.49323017408123
2025-26,2026-03-23,22500495,2026-01-04T15:00:00-05:00,3,Final,IND,ORL,IND @ ORL,201,73,128,0.3287671232876712,0.2734375,1.202348336594912,79.20696324951643
2025-26,2026-03-23,22500496,2026-01-04T15:30:00-05:00,3,Final,DEN,BKN,DEN @ BKN,186,77,109,0.2597402597402597,0.3394495412844037,0.765180765180765,35.88007736943907
2025-26,2026-03-23,22500497,2026-01-04T18:00:00-05:00,3,Final,NOP,MIA,NOP @ MIA,216,50,166,0.2,0.144578313253012,1.3833333333333335,89.16827852998065
2025-26,2026-03-23,22500498,2026-01-04T18:00:00-05:00,3,Final,MIN,WAS,MIN @ WAS,207,64,143,0.265625,0.2097902097902098,1.2661458333333333,83.2688588007737
2025-26,2026-03-23,22500499,2026-01-04T20:00:00-05:00,3,Final,OKC,PHX,OKC @ PHX,188,64,124,0.109375,0.2580645161290322,0.423828125,4.352030947775629
2025-26,2026-03-23,22500500,2026-01-04T21:00:00-05:00,3,Final,MIL,SAC,MIL @ SAC,196,67,129,0.3283582089552239,0.2558139534883721,1.2835820895522387,84.42940038684719
2025-26,2026-03-23,22500501,2026-01-04T21:30:00-05:00,3,Final,MEM,LAL,MEM @ LAL,195,74,121,0.3513513513513513,0.2809917355371901,1.2503974562798092,82.1083172147002
2025-26,2026-03-23,22500502,2026-01-05T19:00:00-05:00,3,Final,NYK,DET,NYK @ DET,185,47,138,0.0638297872340425,0.1739130434782608,0.3670212765957447,2.321083172147002
2025-26,2026-03-23,22500503,2026-01-05T19:30:00-05:00,3,Final,CHI,BOS,CHI @ BOS,188,41,147,0.0975609756097561,0.1428571428571428,0.6829268292682927,24.854932301740813
2025-26,2026-03-23,22500504,2026-01-05T19:30:00-05:00,3,Final,ATL,TOR,ATL @ TOR,209,67,142,0.1044776119402985,0.2394366197183098,0.4363476733977173,5.1257253384912955
2025-26,2026-03-23,22500505,2026-01-05T20:00:00-05:00,3,Final,PHX,HOU,PHX @ HOU,188,44,144,0.0909090909090909,0.1527777777777778,0.5950413223140496,14.990328820116051
2025-26,2026-03-23,22500506,2026-01-05T20:00:00-05:00,3,Final,CHA,OKC,CHA @ OKC,191,58,133,0.1379310344827586,0.2180451127819548,0.6325802615933412,18.568665377176018
2025-26,2026-03-23,22500507,2026-01-05T20:30:00-05:00,3,Final,DEN,PHI,DEN @ PHI,204,63,141,0.3174603174603174,0.2056737588652482,1.5435139573070606,94.10058027079305
2025-26,2026-03-23,22500508,2026-01-05T22:00:00-05:00,3,Final,GSW,LAC,GSW @ LAC,195,65,130,0.3538461538461538,0.2307692307692307,1.5333333333333334,93.90715667311412
2025-26,2026-03-23,22500509,2026-01-05T22:00:00-05:00,3,Final,UTA,POR,UTA @ POR,202,56,146,0.125,0.1917808219178082,0.6517857142857143,20.6963249516441
2025-26,2026-03-23,22500510,2026-01-06T19:00:00-05:00,3,Final,CLE,IND,CLE @ IND,207,59,148,0.3220338983050847,0.1824324324324324,1.765222849968613,97.29206963249516
2025-26,2026-03-23,22500511,2026-01-06T19:00:00-05:00,3,Final,ORL,WAS,ORL @ WAS,210,77,133,0.2467532467532467,0.2781954887218045,0.886977886977887,51.06382978723404
2025-26,2026-03-23,22500512,2026-01-06T20:00:00-05:00,3,Final,SAS,MEM,SAS @ MEM,209,55,154,0.1454545454545454,0.1818181818181818,0.7999999999999999,40.135396518375245
2025-26,2026-03-23,22500513,2026-01-06T20:00:00-05:00,3,Final,MIA,MIN,MIA @ MIN,219,70,149,0.1285714285714285,0.2281879194630872,0.5634453781512604,12.959381044487428
2025-26,2026-03-23,22500514,2026-01-06T20:00:00-05:00,3,Final,LAL,NOP,LAL @ NOP,198,62,136,0.2419354838709677,0.2205882352941176,1.0967741935483872,71.66344294003868
2025-26,2026-03-23,22500515,2026-01-06T23:00:00-05:00,3,Final,DAL,SAC,DAL @ SAC,201,47,154,0.2340425531914893,0.1558441558441558,1.50177304964539,93.13346228239844
2025-26,2026-03-23,22500516,2026-01-07T19:00:00-05:00,3,Final,TOR,CHA,TOR @ CHA,182,60,122,0.2666666666666666,0.2377049180327868,1.1218390804597702,74.27466150870407
2025-26,2026-03-23,22500517,2026-01-07T19:00:00-05:00,3,Final,CHI,DET,CHI @ DET,181,49,132,0.1632653061224489,0.1818181818181818,0.8979591836734693,52.9980657640232
2025-26,2026-03-23,22500518,2026-01-07T19:00:00-05:00,3,Final,WAS,PHI,WAS @ PHI,203,51,152,0.1372549019607843,0.1842105263157894,0.7450980392156864,32.495164410058024
2025-26,2026-03-23,22500519,2026-01-07T19:30:00-05:00,3,Final,NOP,ATL,NOP @ ATL,212,60,152,0.1,0.1907894736842105,0.5241379310344828,9.86460348162476
2025-26,2026-03-23,22500520,2026-01-07T19:00:00-05:00,3,Final,DEN,BOS,DEN @ BOS,184,54,130,0.3518518518518518,0.2,1.7592592592592593,97.1953578336557
2025-26,2026-03-23,22500521,2026-01-07T19:30:00-05:00,3,Final,ORL,BKN,ORL @ BKN,200,63,137,0.1428571428571428,0.2335766423357664,0.6116071428571428,16.53771760154739
2025-26,2026-03-23,22500522,2026-01-07T19:30:00-05:00,3,Final,LAC,NYK,LAC @ NYK,184,53,131,0.1698113207547169,0.2213740458015267,0.7670787247885491,36.07350096711799
2025-26,2026-03-23,22500523,2026-01-07T21:30:00-05:00,3,Final,LAL,SAS,LAL @ SAS,201,68,133,0.2058823529411764,0.2556390977443609,0.8053633217993079,40.71566731141199
2025-26,2026-03-23,22500524,2026-01-07T20:00:00-05:00,3,Final,PHX,MEM,PHX @ MEM,196,46,150,0.0652173913043478,0.16,0.4076086956521739,3.3849129593810443
2025-26,2026-03-23,22500525,2026-01-07T20:00:00-05:00,3,Final,UTA,OKC,UTA @ OKC,235,90,145,0.2333333333333333,0.3103448275862069,0.7518518518518519,33.9458413926499
2025-26,2026-03-23,22500526,2026-01-07T22:00:00-05:00,3,Final,MIL,GSW,MIL @ GSW,190,56,134,0.1964285714285714,0.1940298507462686,1.012362637362637,64.50676982591877
2025-26,2026-03-23,22500527,2026-01-07T22:00:00-05:00,3,Final,HOU,POR,HOU @ POR,192,74,118,0.2702702702702703,0.288135593220339,0.9379968203497616,57.350096711798834
2025-26,2026-03-23,22500528,2026-01-08T19:00:00-05:00,3,Final,IND,CHA,IND @ CHA,199,71,128,0.1830985915492957,0.2734375,0.6696177062374246,22.823984526112184
2025-26,2026-03-23,22500529,2026-01-29T20:00:00-05:00,3,Final,MIA,CHI,MIA @ CHI,213,64,149,0.203125,0.2080536912751678,0.9763104838709676,61.21856866537717
2025-26,2026-03-23,22500530,2026-01-08T20:00:00-05:00,3,Final,CLE,MIN,CLE @ MIN,208,57,151,0.1578947368421052,0.1986754966887417,0.7947368421052632,39.458413926499034
2025-26,2026-03-23,22500531,2026-01-08T21:00:00-05:00,3,Final,DAL,UTA,DAL @ UTA,202,39,163,0.0512820512820512,0.1226993865030674,0.4179487179487179,4.158607350096712
2025-26,2026-03-23,22500532,2026-01-09T19:00:00-05:00,3,Final,TOR,BOS,TOR @ BOS,182,53,129,0.2830188679245283,0.1937984496124031,1.460377358490566,91.87620889748548
2025-26,2026-03-23,22500533,2026-01-09T19:00:00-05:00,3,Final,PHI,ORL,PHI @ ORL,193,62,131,0.4032258064516129,0.183206106870229,2.2009408602150535,99.5164410058027
2025-26,2026-03-23,22500534,2026-01-09T19:00:00-05:00,3,Final,NOP,WAS,NOP @ WAS,214,77,137,0.2207792207792207,0.2627737226277372,0.8401875901875901,44.77756286266924
2025-26,2026-03-23,22500535,2026-01-09T19:30:00-05:00,3,Final,LAC,BKN,LAC @ BKN,184,53,131,0.2075471698113207,0.1908396946564885,1.0875471698113208,70.30947775628627
2025-26,2026-03-23,22500536,2026-01-09T20:00:00-05:00,3,Final,OKC,MEM,OKC @ MEM,195,72,123,0.2638888888888889,0.2845528455284553,0.9273809523809524,56.09284332688588
2025-26,2026-03-23,22500537,2026-01-09T21:00:00-05:00,3,Final,ATL,DEN,ATL @ DEN,191,48,143,0.1458333333333333,0.1678321678321678,0.8689236111111112,48.35589941972921
2025-26,2026-03-23,22500538,2026-01-09T21:00:00-05:00,3,Final,NYK,PHX,NYK @ PHX,184,63,121,0.3333333333333333,0.2396694214876033,1.3908045977011494,89.74854932301741
2025-26,2026-03-23,22500539,2026-01-09T22:00:00-05:00,3,Final,SAC,GSW,SAC @ GSW,185,47,138,0.2340425531914893,0.1739130434782608,1.3457446808510638,87.9110251450677
2025-26,2026-03-23,22500540,2026-01-09T22:00:00-05:00,3,Final,HOU,POR,HOU @ POR,194,60,134,0.15,0.2313432835820895,0.6483870967741935,20.212765957446805
2025-26,2026-03-23,22500541,2026-01-09T22:30:00-05:00,3,Final,MIL,LAL,MIL @ LAL,187,53,134,0.1886792452830188,0.2164179104477611,0.8718282368249839,48.74274661508704
2025-26,2026-03-23,22500542,2026-01-10T13:00:00-05:00,3,Final,MIN,CLE,MIN @ CLE,205,65,140,0.2,0.2571428571428571,0.7777777777777779,37.62088974854933
2025-26,2026-03-23,22500543,2026-01-10T19:00:00-05:00,3,Final,MIA,IND,MIA @ IND,223,63,160,0.1904761904761904,0.20625,0.9235209235209236,55.22243713733076
2025-26,2026-03-23,22500544,2026-01-10T19:30:00-05:00,3,Final,LAC,DET,LAC @ DET,197,77,120,0.2077922077922078,0.3333333333333333,0.6233766233766235,17.891682785299807
2025-26,2026-03-23,22500545,2026-01-10T20:00:00-05:00,3,Final,SAS,BOS,SAS @ BOS,193,53,140,0.2075471698113207,0.1857142857142857,1.1175616835994195,73.88781431334623
2025-26,2026-03-23,22500546,2026-01-10T20:00:00-05:00,3,Final,DAL,CHI,DAL @ CHI,211,55,156,0.1818181818181818,0.1602564102564102,1.1345454545454543,74.80657640232108
2025-26,2026-03-23,22500547,2026-01-10T21:30:00-05:00,3,Final,CHA,UTA,CHA @ UTA,202,65,137,0.2,0.2481751824817518,0.8058823529411765,40.81237911025145
2025-26,2026-03-23,22500548,2026-01-11T15:00:00-05:00,3,Final,NOP,ORL,NOP @ ORL,189,69,120,0.2028985507246377,0.2833333333333333,0.7161125319693096,29.110251450676984
2025-26,2026-03-23,22500549,2026-01-11T15:30:00-05:00,3,Final,BKN,MEM,BKN @ MEM,182,52,130,0.173076923076923,0.2153846153846154,0.8035714285714285,40.42553191489361
2025-26,2026-03-23,22500550,2026-01-11T18:00:00-05:00,3,Final,PHI,TOR,PHI @ TOR,214,87,127,0.2528735632183908,0.3307086614173228,0.7646414887794198,35.783365570599614
2025-26,2026-03-23,22500551,2026-01-11T18:00:00-05:00,3,Final,NYK,POR,NYK @ POR,200,41,159,0.1951219512195122,0.1257861635220125,1.551219512195122,94.3907156673114
2025-26,2026-03-23,22500552,2026-01-11T19:00:00-05:00,3,Final,SAS,MIN,SAS @ MIN,199,65,134,0.2153846153846154,0.2537313432835821,0.848868778280543,46.131528046421664
2025-26,2026-03-23,22500553,2026-01-11T19:00:00-05:00,3,Final,MIA,OKC,MIA @ OKC,208,67,141,0.2835820895522388,0.2198581560283688,1.2898411169956667,84.71953578336557
2025-26,2026-03-23,22500554,2026-01-11T20:00:00-05:00,3,Final,MIL,DEN,MIL @ DEN,188,59,129,0.2372881355932203,0.2248062015503876,1.0555230859146698,68.27852998065764
2025-26,2026-03-23,22500555,2026-01-11T20:00:00-05:00,3,Final,WAS,PHX,WAS @ PHX,204,62,142,0.1451612903225806,0.2183098591549295,0.6649323621227888,22.437137330754354
2025-26,2026-03-23,22500556,2026-01-11T20:30:00-05:00,3,Final,ATL,GSW,ATL @ GSW,203,65,138,0.2307692307692307,0.2318840579710145,0.9951923076923076,62.76595744680851
2025-26,2026-03-23,22500557,2026-01-11T21:00:00-05:00,3,Final,HOU,SAC,HOU @ SAC,170,58,112,0.3448275862068966,0.2321428571428571,1.4854111405835544,92.3597678916828
2025-26,2026-03-23,22500558,2026-01-12T19:00:00-05:00,3,Final,UTA,CLE,UTA @ CLE,208,56,152,0.1785714285714285,0.1907894736842105,0.9359605911330048,57.05996131528046
2025-26,2026-03-23,22500559,2026-01-12T19:30:00-05:00,3,Final,BOS,IND,BOS @ IND,185,25,160,0.04,0.08125,0.4923076923076923,7.0599613152804634
2025-26,2026-03-23,22500560,2026-01-12T19:30:00-05:00,3,Final,PHI,TOR,PHI @ TOR,186,65,121,0.1538461538461538,0.2727272727272727,0.5641025641025642,13.056092843326883
2025-26,2026-03-23,22500561,2026-01-12T20:30:00-05:00,3,Final,BKN,DAL,BKN @ DAL,190,54,136,0.074074074074074,0.213235294117647,0.3473818646232439,1.83752417794971
2025-26,2026-03-23,22500562,2026-01-12T22:00:00-05:00,3,Final,LAL,SAC,LAL @ SAC,190,47,143,0.1276595744680851,0.1678321678321678,0.7606382978723404,34.91295938104449
2025-26,2026-03-23,22500563,2026-01-12T22:30:00-05:00,3,Final,CHA,LAC,CHA @ LAC,187,55,132,0.1636363636363636,0.2121212121212121,0.7714285714285714,36.7504835589942
2025-26,2026-03-23,22500564,2026-01-13T19:30:00-05:00,3,Final,PHX,MIA,PHX @ MIA,205,72,133,0.3333333333333333,0.2481203007518796,1.3434343434343434,87.71760154738878
2025-26,2026-03-23,22500565,2026-01-13T20:00:00-05:00,3,Final,CHI,HOU,CHI @ HOU,191,56,135,0.2678571428571428,0.2074074074074074,1.291454081632653,85.1063829787234
2025-26,2026-03-23,22500566,2026-01-13T20:00:00-05:00,3,Final,MIN,MIL,MIN @ MIL,203,49,154,0.1224489795918367,0.1623376623376623,0.7542857142857142,34.52611218568665
2025-26,2026-03-23,22500567,2026-01-13T20:00:00-05:00,3,Final,DEN,NOP,DEN @ NOP,198,73,125,0.3013698630136986,0.264,1.141552511415525,75.53191489361703
2025-26,2026-03-23,22500568,2026-01-13T20:00:00-05:00,3,Final,SAS,OKC,SAS @ OKC,189,67,122,0.1641791044776119,0.3032786885245901,0.5413473174667205,11.411992263056092
2025-26,2026-03-23,22500569,2026-01-13T22:30:00-05:00,3,Final,ATL,LAL,ATL @ LAL,201,69,132,0.1159420289855072,0.2803030303030303,0.4136310223266745,3.771760154738878
2025-26,2026-03-23,22500570,2026-01-13T23:00:00-05:00,3,Final,POR,GSW,POR @ GSW,203,50,153,0.1,0.1633986928104575,0.612,16.634429400386846
2025-26,2026-03-23,22500571,2026-01-14T19:00:00-05:00,3,Final,TOR,IND,TOR @ IND,193,63,130,0.3333333333333333,0.2307692307692307,1.4444444444444442,91.3926499032882
2025-26,2026-03-23,22500572,2026-01-14T19:00:00-05:00,3,Final,CLE,PHI,CLE @ PHI,202,56,146,0.1785714285714285,0.1917808219178082,0.931122448979592,56.57640232108317
2025-26,2026-03-23,22500573,2026-01-14T20:00:00-05:00,3,Final,UTA,CHI,UTA @ CHI,204,68,136,0.2941176470588235,0.2352941176470588,1.25,81.96324951644101
2025-26,2026-03-23,22500574,2026-01-14T20:00:00-05:00,3,Final,BKN,NOP,BKN @ NOP,194,55,139,0.2181818181818181,0.1870503597122302,1.1664335664335663,77.17601547388782
2025-26,2026-03-23,22500575,2026-01-14T21:30:00-05:00,3,Final,DEN,DAL,DEN @ DAL,190,71,119,0.2676056338028169,0.3025210084033613,0.8845852895148669,50.967117988394584
2025-26,2026-03-23,22500576,2026-01-14T22:00:00-05:00,3,Final,NYK,SAC,NYK @ SAC,198,72,126,0.3333333333333333,0.2698412698412698,1.2352941176470589,81.23791102514507
2025-26,2026-03-23,22500577,2026-01-14T22:30:00-05:00,3,Final,WAS,LAC,WAS @ LAC,192,58,134,0.1896551724137931,0.2164179104477611,0.8763376932223543,49.32301740812379
2025-26,2026-03-23,22500578,2026-01-15T14:00:00-05:00,3,Final,MEM,ORL,MEM @ ORL,201,48,153,0.1666666666666666,0.1633986928104575,1.02,65.18375241779498
2025-26,2026-03-23,22500579,2026-01-15T19:00:00-05:00,3,Final,PHX,DET,PHX @ DET,197,67,130,0.2537313432835821,0.2461538461538461,1.030783582089552,66.63442940038685
2025-26,2026-03-23,22500580,2026-01-15T19:30:00-05:00,3,Final,BOS,MIA,BOS @ MIA,192,69,123,0.1884057971014492,0.2845528455284553,0.662111801242236,22.05029013539652
2025-26,2026-03-23,22500581,2026-01-15T19:30:00-05:00,3,Final,OKC,HOU,OKC @ HOU,197,47,150,0.2127659574468085,0.1533333333333333,1.387604070305273,89.36170212765957
2025-26,2026-03-23,22500582,2026-01-15T20:00:00-05:00,3,Final,MIL,SAS,MIL @ SAS,197,71,126,0.2394366197183098,0.2698412698412698,0.8873239436619719,51.25725338491296
2025-26,2026-03-23,22500583,2026-01-15T20:30:00-05:00,3,Final,UTA,DAL,UTA @ DAL,219,57,162,0.2280701754385964,0.1604938271604938,1.4210526315789471,90.81237911025146
2025-26,2026-03-23,22500584,2026-01-15T22:00:00-05:00,3,Final,NYK,GSW,NYK @ GSW,186,48,138,0.2291666666666666,0.1666666666666666,1.375,88.926499032882
2025-26,2026-03-23,22500585,2026-01-15T22:00:00-05:00,3,Final,ATL,POR,ATL @ POR,207,57,150,0.175438596491228,0.18,0.9746588693957114,61.02514506769826
2025-26,2026-03-23,22500586,2026-01-15T22:30:00-05:00,3,Final,CHA,LAL,CHA @ LAL,195,62,133,0.1451612903225806,0.2481203007518796,0.5850439882697948,14.216634429400388
2025-26,2026-03-23,22500587,2026-01-16T19:30:00-05:00,3,Final,CHI,BKN,CHI @ BKN,196,54,142,0.0555555555555555,0.204225352112676,0.2720306513409961,0.6769825918762089
2025-26,2026-03-23,22500588,2026-01-16T19:00:00-05:00,3,Final,NOP,IND,NOP @ IND,191,65,126,0.2,0.246031746031746,0.8129032258064517,41.48936170212766
2025-26,2026-03-23,22500589,2026-01-16T19:00:00-05:00,3,Final,CLE,PHI,CLE @ PHI,196,52,144,0.1153846153846153,0.1944444444444444,0.5934065934065934,14.893617021276595
2025-26,2026-03-23,22500590,2026-01-16T19:30:00-05:00,3,Final,LAC,TOR,LAC @ TOR,207,67,140,0.1492537313432835,0.25,0.5970149253731343,15.087040618955513
2025-26,2026-03-23,22500591,2026-01-16T21:30:00-05:00,3,Final,MIN,HOU,MIN @ HOU,194,74,120,0.3513513513513513,0.3083333333333333,1.139517896274653,75.24177949709865
2025-26,2026-03-23,22500592,2026-01-16T22:00:00-05:00,3,Final,WAS,SAC,WAS @ SAC,202,65,137,0.0923076923076923,0.2481751824817518,0.3719457013574661,2.4177949709864603
2025-26,2026-03-23,22500593,2026-01-17T17:00:00-05:00,3,Final,UTA,DAL,UTA @ DAL,204,70,134,0.1428571428571428,0.2686567164179104,0.5317460317460317,11.073500967117988
2025-26,2026-03-23,22500594,2026-01-17T19:30:00-05:00,3,Final,BOS,ATL,BOS @ ATL,209,56,153,0.2857142857142857,0.1699346405228758,1.6813186813186811,96.32495164410058
2025-26,2026-03-23,22500595,2026-01-17T19:30:00-05:00,3,Final,IND,DET,IND @ DET,220,72,148,0.1944444444444444,0.2432432432432432,0.7993827160493827,39.94197292069632
2025-26,2026-03-23,22500596,2026-01-17T19:30:00-05:00,3,Final,PHX,NYK,PHX @ NYK,185,63,122,0.4126984126984127,0.2131147540983606,1.9365079365079363,98.8394584139265
2025-26,2026-03-23,22500597,2026-01-17T20:00:00-05:00,3,Final,OKC,MIA,OKC @ MIA,200,68,132,0.2647058823529412,0.2575757575757575,1.027681660899654,66.15087040618955
2025-26,2026-03-23,22500598,2026-01-17T20:00:00-05:00,3,Final,MIN,SAS,MIN @ SAS,198,67,131,0.1791044776119403,0.2671755725190839,0.670362473347548,22.92069632495165
2025-26,2026-03-23,22500599,2026-01-17T20:30:00-05:00,3,Final,CHA,GSW,CHA @ GSW,203,63,140,0.3015873015873015,0.1928571428571428,1.5637860082304524,94.58413926499033
2025-26,2026-03-23,22500600,2026-01-17T21:00:00-05:00,3,Final,WAS,DEN,WAS @ DEN,199,65,134,0.1846153846153846,0.2462686567164179,0.7496503496503497,33.26885880077369
2025-26,2026-03-23,22500601,2026-01-17T22:00:00-05:00,3,Final,LAL,POR,LAL @ POR,200,72,128,0.2083333333333333,0.265625,0.7843137254901961,38.49129593810445
2025-26,2026-03-23,22500602,2026-01-18T12:00:00-05:00,3,Final,ORL,MEM,ORL @ MEM,201,66,135,0.106060606060606,0.2592592592592592,0.4090909090909091,3.481624758220503
2025-26,2026-03-23,22500603,2026-01-18T19:00:00-05:00,3,Final,BKN,CHI,BKN @ CHI,183,56,127,0.1428571428571428,0.2204724409448819,0.6479591836734694,20.116054158607348
2025-26,2026-03-23,22500604,2026-01-18T19:00:00-05:00,3,Final,NOP,HOU,NOP @ HOU,197,48,149,0.1666666666666666,0.1677852348993288,0.9933333333333332,62.475822050290134
2025-26,2026-03-23,22500605,2026-01-18T20:00:00-05:00,3,Final,CHA,DEN,CHA @ DEN,171,58,113,0.1724137931034483,0.2654867256637168,0.6494252873563219,20.406189555125724
2025-26,2026-03-23,22500606,2026-01-18T21:00:00-05:00,3,Final,POR,SAC,POR @ SAC,201,65,136,0.2923076923076923,0.2352941176470588,1.2423076923076923,81.6247582205029
2025-26,2026-03-23,22500607,2026-01-18T21:30:00-05:00,3,Final,TOR,LAL,TOR @ LAL,190,52,138,0.0961538461538461,0.1956521739130435,0.4914529914529915,6.866537717601548
2025-26,2026-03-23,22500608,2026-01-19T15:00:00-05:00,3,Final,LAC,WAS,LAC @ WAS,195,61,134,0.2459016393442623,0.2313432835820895,1.0629296668429402,69.14893617021278
2025-26,2026-03-23,22500609,2026-01-19T19:00:00-05:00,3,Final,IND,PHI,IND @ PHI,199,65,134,0.1384615384615384,0.2388059701492537,0.5798076923076924,13.829787234042554
2025-26,2026-03-23,22500610,2026-01-19T19:30:00-05:00,3,Final,PHX,BKN,PHX @ BKN,178,59,119,0.1694915254237288,0.2521008403361344,0.672316384180791,23.21083172147002
2025-26,2026-03-23,22500611,2026-01-19T17:00:00-05:00,3,Final,UTA,SAS,UTA @ SAS,199,62,137,0.0967741935483871,0.2408759124087591,0.4017595307917888,2.998065764023211
2025-26,2026-03-23,22500612,2026-01-19T22:00:00-05:00,3,Final,MIA,GSW,MIA @ GSW,214,58,156,0.2068965517241379,0.1923076923076923,1.0758620689655172,69.82591876208897
2025-26,2026-03-23,22500613,2026-01-20T19:00:00-05:00,3,Final,PHX,PHI,PHX @ PHI,209,60,149,0.2166666666666666,0.2013422818791946,1.0761111111111112,69.92263056092844
2025-26,2026-03-23,22500614,2026-01-20T20:00:00-05:00,3,Final,LAC,CHI,LAC @ CHI,205,49,156,0.1428571428571428,0.1666666666666666,0.8571428571428571,47.195357833655706
2025-26,2026-03-23,22500615,2026-01-20T20:00:00-05:00,3,Final,SAS,HOU,SAS @ HOU,194,49,145,0.0612244897959183,0.1724137931034483,0.3551020408163265,2.127659574468085
2025-26,2026-03-23,22500616,2026-01-20T21:00:00-05:00,3,Final,MIN,UTA,MIN @ UTA,209,65,144,0.2307692307692307,0.2152777777777778,1.0719602977667493,69.63249516441006
2025-26,2026-03-23,22500617,2026-01-20T22:00:00-05:00,3,Final,LAL,DEN,LAL @ DEN,189,57,132,0.1929824561403508,0.2196969696969697,0.8784029038112522,49.70986460348163
2025-26,2026-03-23,22500618,2026-01-20T22:00:00-05:00,3,Final,TOR,GSW,TOR @ GSW,207,66,141,0.2575757575757575,0.2411347517730496,1.068181818181818,69.34235976789168
2025-26,2026-03-23,22500619,2026-01-20T22:00:00-05:00,3,Final,MIA,SAC,MIA @ SAC,209,57,152,0.2456140350877192,0.1842105263157894,1.3333333333333333,87.04061895551257
2025-26,2026-03-23,22500620,2026-01-21T19:00:00-05:00,3,Final,CLE,CHA,CLE @ CHA,193,67,126,0.208955223880597,0.2777777777777778,0.7522388059701491,34.04255319148936
2025-26,2026-03-23,22500621,2026-01-21T19:30:00-05:00,3,Final,IND,BOS,IND @ BOS,200,66,134,0.1666666666666666,0.2462686567164179,0.6767676767676768,24.17794970986461
2025-26,2026-03-23,22500622,2026-01-21T19:30:00-05:00,3,Final,BKN,NYK,BKN @ NYK,183,50,133,0.12,0.1954887218045112,0.6138461538461538,16.827852998065765
2025-26,2026-03-23,22500623,2026-01-21T20:00:00-05:00,3,Final,ATL,MEM,ATL @ MEM,207,71,136,0.1971830985915492,0.2573529411764705,0.7661971830985915,35.97678916827853
2025-26,2026-03-23,22500624,2026-01-21T20:00:00-05:00,3,Final,DET,NOP,DET @ NOP,203,66,137,0.1666666666666666,0.2554744525547445,0.6523809523809523,20.79303675048356
2025-26,2026-03-23,22500625,2026-01-21T21:30:00-05:00,3,Final,OKC,MIL,OKC @ MIL,192,50,142,0.32,0.1690140845070422,1.893333333333333,98.64603481624758
2025-26,2026-03-23,22500626,2026-01-21T22:00:00-05:00,3,Final,TOR,SAC,TOR @ SAC,199,56,143,0.2142857142857142,0.2027972027972027,1.0566502463054188,68.3752417794971
2025-26,2026-03-23,22500627,2026-01-22T19:00:00-05:00,3,Final,CHA,ORL,CHA @ ORL,190,66,124,0.1666666666666666,0.2661290322580645,0.6262626262626263,17.988394584139265
2025-26,2026-03-23,22500628,2026-01-22T19:00:00-05:00,3,Final,HOU,PHI,HOU @ PHI,206,68,138,0.2205882352941176,0.2608695652173913,0.8455882352941176,45.744680851063826
2025-26,2026-03-23,22500629,2026-01-22T19:00:00-05:00,3,Final,DEN,WAS,DEN @ WAS,190,60,130,0.1833333333333333,0.2384615384615384,0.7688172043010751,36.2669245647969
2025-26,2026-03-23,22500630,2026-01-22T19:30:00-05:00,3,Final,GSW,DAL,GSW @ DAL,215,65,150,0.2,0.2,1.0,63.297872340425535
2025-26,2026-03-23,22500631,2026-01-22T20:00:00-05:00,3,Final,CHI,MIN,CHI @ MIN,207,66,141,0.1818181818181818,0.2411347517730496,0.7540106951871658,34.4294003868472
2025-26,2026-03-23,22500632,2026-01-22T21:00:00-05:00,3,Final,SAS,UTA,SAS @ UTA,197,52,145,0.25,0.1793103448275862,1.3942307692307692,89.84526112185686
2025-26,2026-03-23,22500633,2026-01-22T22:00:00-05:00,3,Final,LAL,LAC,LAL @ LAC,195,50,145,0.14,0.1793103448275862,0.7807692307692309,38.007736943907155
2025-26,2026-03-23,22500634,2026-01-22T22:00:00-05:00,3,Final,MIA,POR,MIA @ POR,207,43,164,0.1162790697674418,0.1219512195121951,0.9534883720930232,58.99419729206963
2025-26,2026-03-23,22500635,2026-01-23T19:00:00-05:00,3,Final,HOU,DET,HOU @ DET,196,64,132,0.28125,0.2348484848484848,1.1975806451612905,78.91682785299807
2025-26,2026-03-23,22500636,2026-01-23T19:30:00-05:00,3,Final,PHX,ATL,PHX @ ATL,201,39,162,0.1538461538461538,0.1296296296296296,1.186813186813187,78.52998065764024
2025-26,2026-03-23,22500637,2026-01-23T19:30:00-05:00,3,Final,BOS,BKN,BOS @ BKN,218,80,138,0.35,0.2753623188405797,1.2710526315789472,83.752417794971
2025-26,2026-03-23,22500638,2026-01-23T19:30:00-05:00,3,Final,SAC,CLE,SAC @ CLE,193,69,124,0.1884057971014492,0.2903225806451613,0.6489533011272142,20.309477756286267
2025-26,2026-03-23,22500639,2026-01-23T20:00:00-05:00,3,Final,NOP,MEM,NOP @ MEM,208,66,142,0.2878787878787879,0.2253521126760563,1.277462121212121,84.13926499032883
2025-26,2026-03-23,22500640,2026-01-23T21:30:00-05:00,3,Final,DEN,MIL,DEN @ MIL,189,63,126,0.1428571428571428,0.2619047619047619,0.5454545454545454,11.60541586073501
2025-26,2026-03-23,22500641,2026-01-23T20:00:00-05:00,3,Final,IND,OKC,IND @ OKC,201,62,139,0.2580645161290322,0.237410071942446,1.0869990224828934,70.11605415860735
2025-26,2026-03-23,22500642,2026-01-23T22:00:00-05:00,3,Final,TOR,POR,TOR @ POR,195,37,158,0.2702702702702703,0.120253164556962,2.2475106685633004,99.61315280464216
2025-26,2026-03-23,22500643,2026-01-24T15:00:00-05:00,3,Final,NYK,PHI,NYK @ PHI,195,69,126,0.217391304347826,0.2777777777777778,0.7826086956521738,38.20116054158607
2025-26,2026-03-23,22500644,2026-01-25T17:30:00-05:00,3,Final,GSW,MIN,GSW @ MIN,206,54,152,0.1851851851851851,0.1776315789473684,1.0425240054869684,67.31141199226306
2025-26,2026-03-23,22500645,2026-01-24T12:00:00-05:00,3,Final,WAS,CHA,WAS @ CHA,199,49,150,0.2448979591836734,0.1533333333333333,1.5971606033717836,95.16441005802707
2025-26,2026-03-23,22500646,2026-01-24T19:00:00-05:00,3,Final,CLE,ORL,CLE @ ORL,198,70,128,0.2,0.28125,0.7111111111111111,28.04642166344294
2025-26,2026-03-23,22500647,2026-01-24T20:00:00-05:00,3,Final,BOS,CHI,BOS @ CHI,184,39,145,0.2051282051282051,0.1310344827586207,1.5654520917678811,94.6808510638298
2025-26,2026-03-23,22500648,2026-01-24T20:30:00-05:00,3,Final,LAL,DAL,LAL @ DAL,205,65,140,0.2769230769230769,0.2357142857142857,1.174825174825175,77.94970986460348
2025-26,2026-03-23,22500649,2026-01-24T21:30:00-05:00,3,Final,MIA,UTA,MIA @ UTA,222,89,133,0.1797752808988764,0.3383458646616541,0.5313358302122347,10.831721470019342
2025-26,2026-03-23,22500650,2026-01-25T15:00:00-05:00,3,Final,SAC,DET,SAC @ DET,199,65,134,0.1846153846153846,0.2611940298507462,0.7068131868131869,27.852998065764023
2025-26,2026-03-23,22500651,2026-03-18T20:30:00-04:00,3,Final,DEN,MEM,DEN @ MEM,217,74,143,0.2432432432432432,0.2377622377622377,1.023052464228935,65.57059961315281
2025-26,2026-03-23,22500653,2026-01-25T19:00:00-05:00,3,Final,TOR,OKC,TOR @ OKC,192,66,126,0.1515151515151515,0.2698412698412698,0.5614973262032086,12.572533849129591
2025-26,2026-03-23,22500654,2026-01-25T19:00:00-05:00,3,Final,NOP,SAS,NOP @ SAS,188,59,129,0.1694915254237288,0.2325581395348837,0.7288135593220338,30.51257253384913
2025-26,2026-03-23,22500655,2026-01-25T20:00:00-05:00,3,Final,MIA,PHX,MIA @ PHX,202,74,128,0.1891891891891892,0.2890625,0.6544923301680059,21.08317214700193
2025-26,2026-03-23,22500656,2026-01-25T21:00:00-05:00,3,Final,BKN,LAC,BKN @ LAC,204,61,143,0.1967213114754098,0.2167832167832167,0.9074563722897938,53.868471953578336
2025-26,2026-03-23,22500657,2026-01-26T15:00:00-05:00,3,Final,PHI,CHA,PHI @ CHA,203,60,143,0.1166666666666666,0.2237762237762237,0.5213541666666667,9.574468085106384
2025-26,2026-03-23,22500658,2026-01-26T19:00:00-05:00,3,Final,ORL,CLE,ORL @ CLE,192,64,128,0.140625,0.2421875,0.5806451612903226,14.02321083172147
2025-26,2026-03-23,22500659,2026-01-26T13:30:00-05:00,3,Final,IND,ATL,IND @ ATL,219,52,167,0.0961538461538461,0.155688622754491,0.617603550295858,17.11798839458414
2025-26,2026-03-23,22500660,2026-01-26T20:00:00-05:00,3,Final,POR,BOS,POR @ BOS,196,60,136,0.1166666666666666,0.2426470588235294,0.4808080808080808,6.769825918762089
2025-26,2026-03-23,22500661,2026-01-26T20:00:00-05:00,3,Final,LAL,CHI,LAL @ CHI,202,58,144,0.1724137931034483,0.2152777777777778,0.8008898776418243,40.232108317214696
2025-26,2026-03-23,22500662,2026-01-26T20:00:00-05:00,3,Final,MEM,HOU,MEM @ HOU,197,62,135,0.0967741935483871,0.2296296296296296,0.4214360041623309,4.25531914893617
2025-26,2026-03-23,22500663,2026-01-26T21:30:00-05:00,3,Final,GSW,MIN,GSW @ MIN,213,54,159,0.0925925925925925,0.1761006289308176,0.5257936507936508,10.251450676982593
2025-26,2026-03-23,22500664,2026-01-27T19:00:00-05:00,3,Final,POR,WAS,POR @ WAS,212,59,153,0.135593220338983,0.1895424836601307,0.7153711279953244,28.77176015473888
2025-26,2026-03-23,22500665,2026-01-27T19:30:00-05:00,3,Final,SAC,NYK,SAC @ NYK,191,50,141,0.26,0.1702127659574468,1.5275,93.7137330754352
2025-26,2026-03-23,22500666,2026-01-27T20:00:00-05:00,3,Final,MIL,PHI,MIL @ PHI,195,59,136,0.2203389830508474,0.2058823529411764,1.0702179176755449,69.48742746615088
2025-26,2026-03-23,22500667,2026-01-27T20:00:00-05:00,3,Final,NOP,OKC,NOP @ OKC,190,61,129,0.1967213114754098,0.2325581395348837,0.8459016393442623,45.93810444874274
2025-26,2026-03-23,22500668,2026-01-27T21:00:00-05:00,3,Final,DET,DEN,DET @ DEN,187,51,136,0.2156862745098039,0.2058823529411764,1.0476190476190477,67.79497098646034
2025-26,2026-03-23,22500669,2026-01-27T21:00:00-05:00,3,Final,BKN,PHX,BKN @ PHX,177,65,112,0.2,0.2767857142857143,0.7225806451612903,29.690522243713737
2025-26,2026-03-23,22500670,2026-01-27T22:00:00-05:00,3,Final,LAC,UTA,LAC @ UTA,188,58,130,0.1206896551724138,0.2384615384615384,0.5061179087875417,8.317214700193423
2025-26,2026-03-23,22500671,2026-01-28T19:00:00-05:00,3,Final,LAL,CLE,LAL @ CLE,194,48,146,0.2708333333333333,0.1575342465753424,1.7192028985507246,96.80851063829788
2025-26,2026-03-23,22500672,2026-01-28T19:00:00-05:00,3,Final,CHI,IND,CHI @ IND,193,61,132,0.1639344262295081,0.2424242424242424,0.6762295081967212,23.984526112185687
2025-26,2026-03-23,22500673,2026-01-28T19:30:00-05:00,3,Final,ATL,BOS,ATL @ BOS,191,46,145,0.0434782608695652,0.1586206896551724,0.274102079395085,0.7736943907156674
2025-26,2026-03-23,22500674,2026-01-28T19:30:00-05:00,3,Final,ORL,MIA,ORL @ MIA,214,59,155,0.2203389830508474,0.1870967741935484,1.1776738749269433,78.14313346228239
2025-26,2026-03-23,22500675,2026-01-28T19:30:00-05:00,3,Final,NYK,TOR,NYK @ TOR,202,64,138,0.21875,0.2318840579710145,0.943359375,57.93036750483559
2025-26,2026-03-23,22500676,2026-01-28T20:00:00-05:00,3,Final,CHA,MEM,CHA @ MEM,184,37,147,0.1621621621621621,0.1224489795918367,1.3243243243243243,86.55705996131529
2025-26,2026-03-23,22500677,2026-01-28T20:30:00-05:00,3,Final,MIN,DAL,MIN @ DAL,208,73,135,0.3150684931506849,0.2592592592592592,1.2152641878669277,80.17408123791103
2025-26,2026-03-23,22500678,2026-01-28T21:00:00-05:00,3,Final,GSW,UTA,GSW @ UTA,216,65,151,0.2615384615384615,0.1986754966887417,1.3164102564102569,86.073500967118
2025-26,2026-03-23,22500679,2026-01-28T21:30:00-05:00,3,Final,SAS,HOU,SAS @ HOU,195,52,143,0.3653846153846153,0.1608391608391608,2.2717391304347827,99.70986460348162
2025-26,2026-03-23,22500680,2026-01-29T19:00:00-05:00,3,Final,SAC,PHI,SAC @ PHI,182,73,109,0.2191780821917808,0.3577981651376147,0.6125746399719002,16.731141199226304
2025-26,2026-03-23,22500681,2026-01-29T19:00:00-05:00,3,Final,MIL,WAS,MIL @ WAS,201,52,149,0.3269230769230769,0.1543624161073825,2.117892976588629,99.3230174081238
2025-26,2026-03-23,22500682,2026-01-29T20:00:00-05:00,3,Final,HOU,ATL,HOU @ ATL,180,47,133,0.0851063829787234,0.1729323308270676,0.4921369102682701,6.963249516441006
2025-26,2026-03-23,22500683,2026-01-29T20:30:00-05:00,3,Final,CHA,DAL,CHA @ DAL,202,58,144,0.0862068965517241,0.2013888888888889,0.4280618311533888,4.545454545454546
2025-26,2026-03-23,22500684,2026-01-29T21:00:00-05:00,3,Final,BKN,DEN,BKN @ DEN,176,56,120,0.3035714285714285,0.2166666666666666,1.401098901098901,89.94197292069632
2025-26,2026-03-23,22500685,2026-01-29T21:00:00-05:00,3,Final,DET,PHX,DET @ PHX,190,67,123,0.1940298507462686,0.2845528455284553,0.6818763326226013,24.661508704061895
2025-26,2026-03-23,22500686,2026-01-29T21:30:00-05:00,3,Final,OKC,MIN,OKC @ MIN,196,56,140,0.1785714285714285,0.2071428571428571,0.8620689655172413,47.77562862669246
2025-26,2026-03-23,22500687,2026-01-30T19:30:00-05:00,3,Final,TOR,ORL,TOR @ ORL,205,80,125,0.3875,0.288,1.3454861111111112,87.81431334622823
2025-26,2026-03-23,22500688,2026-01-30T19:00:00-05:00,3,Final,LAL,WAS,LAL @ WAS,208,48,160,0.1041666666666666,0.1625,0.6410256410256411,19.100580270793035
2025-26,2026-03-23,22500689,2026-01-30T19:30:00-05:00,3,Final,SAC,BOS,SAC @ BOS,180,58,122,0.1724137931034483,0.2377049180327868,0.7253269916765755,29.980657640232103
2025-26,2026-03-23,22500690,2026-01-30T19:30:00-05:00,3,Final,POR,NYK,POR @ NYK,200,51,149,0.0588235294117647,0.174496644295302,0.33710407239819,1.4506769825918762
2025-26,2026-03-23,22500691,2026-01-30T19:30:00-05:00,3,Final,MEM,NOP,MEM @ NOP,198,56,142,0.1785714285714285,0.204225352112676,0.874384236453202,49.032882011605416
2025-26,2026-03-23,22500692,2026-01-31T20:00:00-05:00,3,Final,CHI,MIA,CHI @ MIA,226,64,162,0.1875,0.191358024691358,0.9798387096774194,61.41199226305609
2025-26,2026-03-23,22500693,2026-01-30T21:00:00-05:00,3,Final,CLE,PHX,CLE @ PHX,205,60,145,0.15,0.2068965517241379,0.725,29.883945841392652
2025-26,2026-03-23,22500694,2026-01-30T21:30:00-05:00,3,Final,BKN,UTA,BKN @ UTA,185,70,115,0.1285714285714285,0.3217391304347826,0.3996138996138996,2.9013539651837523
2025-26,2026-03-23,22500695,2026-01-30T21:00:00-05:00,3,Final,LAC,DEN,LAC @ DEN,188,61,127,0.3442622950819672,0.2204724409448819,1.5614754098360657,94.48742746615088
2025-26,2026-03-23,22500696,2026-01-30T22:00:00-05:00,3,Final,DET,GSW,DET @ GSW,223,73,150,0.273972602739726,0.24,1.1415525114155252,75.62862669245648
2025-26,2026-03-23,22500697,2026-01-31T12:00:00-05:00,3,Final,SAS,CHA,SAS @ CHA,188,55,133,0.1272727272727272,0.2105263157894736,0.6045454545454545,15.76402321083172
2025-26,2026-03-23,22500698,2026-01-31T19:00:00-05:00,3,Final,ATL,IND,ATL @ IND,215,59,156,0.0847457627118644,0.2051282051282051,0.413135593220339,3.5783365570599615
2025-26,2026-03-23,22500699,2026-01-31T19:30:00-05:00,3,Final,NOP,PHI,NOP @ PHI,201,59,142,0.0847457627118644,0.204225352112676,0.4149620105201636,3.9651837524177944
2025-26,2026-03-23,22500700,2026-01-31T20:00:00-05:00,3,Final,MIN,MEM,MIN @ MEM,202,58,144,0.1724137931034483,0.2013888888888889,0.8561236623067777,46.905222437137326
2025-26,2026-03-23,22500701,2026-01-31T20:30:00-05:00,3,Final,DAL,HOU,DAL @ HOU,197,57,140,0.1578947368421052,0.2142857142857142,0.7368421052631579,31.52804642166344
2025-26,2026-03-23,22500702,2026-02-01T15:30:00-05:00,3,Final,MIL,BOS,MIL @ BOS,173,55,118,0.1636363636363636,0.2372881355932203,0.6896103896103896,25.72533849129594
2025-26,2026-03-23,22500703,2026-02-01T21:00:00-05:00,3,Final,ORL,SAS,ORL @ SAS,202,65,137,0.1692307692307692,0.2554744525547445,0.6624175824175824,22.147001934235977
2025-26,2026-03-23,22500704,2026-02-01T18:00:00-05:00,3,Final,BKN,DET,BKN @ DET,201,66,135,0.2121212121212121,0.2444444444444444,0.8677685950413224,48.25918762088975
2025-26,2026-03-23,22500705,2026-02-01T18:00:00-05:00,3,Final,CHI,MIA,CHI @ MIA,212,70,142,0.2714285714285714,0.2253521126760563,1.2044642857142855,79.40038684719536
2025-26,2026-03-23,22500706,2026-02-01T18:00:00-05:00,3,Final,UTA,TOR,UTA @ TOR,206,67,139,0.2238805970149253,0.2661870503597122,0.8410649455425575,45.06769825918762
2025-26,2026-03-23,22500707,2026-02-01T18:00:00-05:00,3,Final,SAC,WAS,SAC @ WAS,193,62,131,0.2419354838709677,0.2366412213740458,1.022372528616025,65.37717601547389
2025-26,2026-03-23,22500708,2026-02-01T19:00:00-05:00,3,Final,LAL,NYK,LAL @ NYK,185,51,134,0.196078431372549,0.1865671641791045,1.0509803921568626,67.98839458413927
2025-26,2026-03-23,22500709,2026-02-01T20:00:00-05:00,3,Final,LAC,PHX,LAC @ PHX,188,65,123,0.3230769230769231,0.2520325203252032,1.2818858560794046,84.33268858800773
2025-26,2026-03-23,22500710,2026-02-01T21:00:00-05:00,3,Final,CLE,POR,CLE @ POR,205,50,155,0.24,0.1612903225806451,1.488,92.5531914893617
2025-26,2026-03-23,22500711,2026-02-01T21:30:00-05:00,3,Final,OKC,DEN,OKC @ DEN,197,67,130,0.1343283582089552,0.2615384615384615,0.5136084284460052,8.897485493230175
2025-26,2026-03-23,22500712,2026-02-02T15:00:00-05:00,3,Final,NOP,CHA,NOP @ CHA,193,66,127,0.1363636363636363,0.2755905511811024,0.4948051948051947,7.35009671179884
2025-26,2026-03-23,22500713,2026-02-02T19:00:00-05:00,3,Final,HOU,IND,HOU @ IND,196,69,127,0.391304347826087,0.2440944881889764,1.6030855539971949,95.357833655706
2025-26,2026-03-23,22500714,2026-02-02T19:30:00-05:00,3,Final,MIN,MEM,MIN @ MEM,196,77,119,0.4155844155844156,0.2689075630252101,1.5454545454545456,94.29400386847196
2025-26,2026-03-23,22500715,2026-02-02T22:00:00-05:00,3,Final,PHI,LAC,PHI @ LAC,187,68,119,0.25,0.2689075630252101,0.9296875,56.2862669245648
2025-26,2026-03-23,22500716,2026-02-03T19:00:00-05:00,3,Final,DEN,DET,DEN @ DET,199,81,118,0.382716049382716,0.288135593220339,1.3282498184458968,86.65377176015474
2025-26,2026-03-23,22500717,2026-02-03T19:00:00-05:00,3,Final,UTA,IND,UTA @ IND,207,58,149,0.1551724137931034,0.2080536912751678,0.7458286985539488,32.785299806576404
2025-26,2026-03-23,22500718,2026-02-03T19:00:00-05:00,3,Final,NYK,WAS,NYK @ WAS,201,71,130,0.2394366197183098,0.2769230769230769,0.8646322378716744,48.06576402321083
2025-26,2026-03-23,22500719,2026-02-03T19:30:00-05:00,3,Final,LAL,BKN,LAL @ BKN,206,52,154,0.2307692307692307,0.1753246753246753,1.3162393162393162,85.97678916827853
2025-26,2026-03-23,22500720,2026-02-03T19:30:00-05:00,3,Final,ATL,MIA,ATL @ MIA,212,66,146,0.106060606060606,0.2328767123287671,0.4554367201426025,5.705996131528046
2025-26,2026-03-23,22500721,2026-02-03T20:00:00-05:00,3,Final,BOS,DAL,BOS @ DAL,189,54,135,0.2962962962962963,0.1777777777777777,1.6666666666666663,96.13152804642166
2025-26,2026-03-23,22500722,2026-02-03T20:00:00-05:00,3,Final,CHI,MIL,CHI @ MIL,200,59,141,0.135593220338983,0.2127659574468085,0.6372881355932203,18.85880077369439
2025-26,2026-03-23,22500723,2026-02-03T20:00:00-05:00,3,Final,ORL,OKC,ORL @ OKC,193,63,130,0.3809523809523809,0.2076923076923077,1.8342151675485008,98.16247582205028
2025-26,2026-03-23,22500724,2026-02-03T22:00:00-05:00,3,Final,PHI,GSW,PHI @ GSW,180,40,140,0.125,0.1357142857142857,0.9210526315789476,54.932301740812385
2025-26,2026-03-23,22500725,2026-02-03T23:00:00-05:00,3,Final,PHX,POR,PHX @ POR,194,50,144,0.24,0.1805555555555555,1.3292307692307692,86.75048355899419
2025-26,2026-03-23,22500726,2026-02-04T19:00:00-05:00,3,Final,DEN,NYK,DEN @ NYK,220,63,157,0.1587301587301587,0.2165605095541401,0.7329598506069094,31.14119922630561
2025-26,2026-03-23,22500727,2026-02-04T19:30:00-05:00,3,Final,MIN,TOR,MIN @ TOR,205,72,133,0.1666666666666666,0.2781954887218045,0.5990990990990991,15.18375241779497
2025-26,2026-03-23,22500728,2026-02-04T20:00:00-05:00,3,Final,BOS,HOU,BOS @ HOU,179,59,120,0.0847457627118644,0.2583333333333333,0.328048113723346,1.2572533849129592
2025-26,2026-03-23,22500729,2026-02-04T20:00:00-05:00,3,Final,NOP,MIL,NOP @ MIL,211,57,154,0.1578947368421052,0.1753246753246753,0.9005847953216374,53.094777562862674
2025-26,2026-03-23,22500730,2026-02-04T21:30:00-05:00,3,Final,OKC,SAS,OKC @ SAS,209,52,157,0.173076923076923,0.1719745222929936,1.0064102564102564,63.92649903288201
2025-26,2026-03-23,22500731,2026-02-04T22:00:00-05:00,3,Final,MEM,SAC,MEM @ SAC,204,75,129,0.36,0.2790697674418604,1.29,84.81624758220502
2025-26,2026-03-23,22500732,2026-02-04T22:30:00-05:00,3,Final,CLE,LAC,CLE @ LAC,197,39,158,0.1025641025641025,0.1329113924050632,0.7716727716727717,36.847195357833655
2025-26,2026-03-23,22500733,2026-02-05T19:00:00-05:00,3,Final,WAS,DET,WAS @ DET,204,70,134,0.1571428571428571,0.2761194029850746,0.569111969111969,13.44294003868472
2025-26,2026-03-23,22500734,2026-02-05T19:00:00-05:00,3,Final,BKN,ORL,BKN @ ORL,192,69,123,0.144927536231884,0.2764227642276423,0.5242966751918159,9.961315280464216
2025-26,2026-03-23,22500735,2026-02-05T19:30:00-05:00,3,Final,UTA,ATL,UTA @ ATL,198,63,135,0.2222222222222222,0.2296296296296296,0.9677419354838708,60.154738878143135
2025-26,2026-03-23,22500736,2026-02-05T19:30:00-05:00,3,Final,CHI,TOR,CHI @ TOR,189,41,148,0.1463414634146341,0.1418918918918918,1.0313588850174216,66.7311411992263
2025-26,2026-03-23,22500737,2026-02-05T20:00:00-05:00,3,Final,CHA,HOU,CHA @ HOU,191,47,144,0.2340425531914893,0.1597222222222222,1.4653098982423682,91.97292069632496
2025-26,2026-03-23,22500738,2026-02-05T20:30:00-05:00,3,Final,SAS,DAL,SAS @ DAL,210,59,151,0.1694915254237288,0.2119205298013245,0.7997881355932203,40.03868471953578
2025-26,2026-03-23,22500739,2026-02-05T22:00:00-05:00,3,Final,GSW,PHX,GSW @ PHX,179,43,136,0.0465116279069767,0.1617647058823529,0.2875264270613107,0.8704061895551257
2025-26,2026-03-23,22500740,2026-02-05T22:00:00-05:00,3,Final,PHI,LAL,PHI @ LAL,206,59,147,0.0847457627118644,0.2108843537414966,0.4018589393110989,3.0947775628626695
2025-26,2026-03-23,22500741,2026-02-06T19:30:00-05:00,3,Final,MIA,BOS,MIA @ BOS,186,56,130,0.1607142857142857,0.2307692307692307,0.6964285714285714,26.692456479690524
2025-26,2026-03-23,22500742,2026-02-06T19:30:00-05:00,3,Final,NYK,DET,NYK @ DET,186,56,130,0.1428571428571428,0.2307692307692307,0.619047619047619,17.2147001934236
2025-26,2026-03-23,22500743,2026-02-06T20:00:00-05:00,3,Final,IND,MIL,IND @ MIL,184,44,140,0.1590909090909091,0.1642857142857142,0.9683794466403162,60.44487427466151
2025-26,2026-03-23,22500744,2026-02-06T20:00:00-05:00,3,Final,NOP,MIN,NOP @ MIN,193,67,126,0.2238805970149253,0.246031746031746,0.9099662975445356,54.15860735009671
2025-26,2026-03-23,22500745,2026-02-06T22:00:00-05:00,3,Final,MEM,POR,MEM @ POR,207,60,147,0.1166666666666666,0.2040816326530612,0.5716666666666667,13.636363636363637
2025-26,2026-03-23,22500746,2026-02-06T22:00:00-05:00,3,Final,LAC,SAC,LAC @ SAC,196,66,130,0.2727272727272727,0.2615384615384615,1.0427807486631016,67.40812379110251
2025-26,2026-03-23,22500747,2026-02-07T15:00:00-05:00,3,Final,WAS,BKN,WAS @ BKN,195,66,129,0.1515151515151515,0.2635658914728682,0.5748663101604278,13.733075435203096
2025-26,2026-03-23,22500748,2026-02-07T15:30:00-05:00,3,Final,HOU,OKC,HOU @ OKC,191,72,119,0.3055555555555556,0.2773109243697479,1.101851851851852,72.24371373307544
2025-26,2026-03-23,22500749,2026-02-07T18:00:00-05:00,3,Final,DAL,SAS,DAL @ SAS,218,61,157,0.1147540983606557,0.197452229299363,0.5811739820200952,14.119922630560929
2025-26,2026-03-23,22500750,2026-02-07T19:00:00-05:00,3,Final,UTA,ORL,UTA @ ORL,228,70,158,0.1857142857142857,0.240506329113924,0.7721804511278195,37.04061895551257
2025-26,2026-03-23,22500751,2026-02-07T19:30:00-05:00,3,Final,CHA,ATL,CHA @ ATL,193,53,140,0.1886792452830188,0.1857142857142857,1.0159651669085632,64.70019342359767
2025-26,2026-03-23,22500752,2026-02-07T20:00:00-05:00,3,Final,DEN,CHI,DEN @ CHI,201,69,132,0.1739130434782608,0.2651515151515151,0.6559006211180124,21.47001934235977
2025-26,2026-03-23,22500753,2026-02-07T20:30:00-05:00,3,Final,GSW,LAL,GSW @ LAL,192,61,131,0.3114754098360656,0.2366412213740458,1.316234796404019,85.88007736943906
2025-26,2026-03-23,22500754,2026-02-07T21:00:00-05:00,3,Final,PHI,PHX,PHI @ PHX,192,69,123,0.4057971014492754,0.2439024390243902,1.6637681159420292,96.0348162475822
2025-26,2026-03-23,22500755,2026-02-07T22:00:00-05:00,3,Final,MEM,POR,MEM @ POR,205,54,151,0.2037037037037037,0.1788079470198675,1.1392318244170097,75.14506769825918
2025-26,2026-03-23,22500756,2026-02-07T22:00:00-05:00,3,Final,CLE,SAC,CLE @ SAC,204,69,135,0.1159420289855072,0.2518518518518518,0.4603580562659847,5.899419729206963
2025-26,2026-03-23,22500757,2026-02-08T12:30:00-05:00,3,Final,NYK,BOS,NYK @ BOS,182,56,126,0.2857142857142857,0.2063492063492063,1.3846153846153846,89.26499032882012
2025-26,2026-03-23,22500758,2026-02-08T14:00:00-05:00,3,Final,MIA,WAS,MIA @ WAS,208,49,159,0.1224489795918367,0.1572327044025157,0.7787755102040816,37.9110251450677
2025-26,2026-03-23,22500759,2026-02-08T15:00:00-05:00,3,Final,IND,TOR,IND @ TOR,206,66,140,0.2424242424242424,0.25,0.9696969696969696,60.58994197292069
2025-26,2026-03-23,22500760,2026-02-08T15:00:00-05:00,3,Final,LAC,MIN,LAC @ MIN,194,65,129,0.4307692307692308,0.2403100775193798,1.7925558312655088,97.48549323017409
2025-26,2026-03-23,22500761,2026-02-09T19:00:00-05:00,3,Final,DET,CHA,DET @ CHA,186,70,116,0.2714285714285714,0.2758620689655172,0.9839285714285714,61.605415860735015
2025-26,2026-03-23,22500762,2026-02-09T19:30:00-05:00,3,Final,CHI,BKN,CHI @ BKN,212,70,142,0.3857142857142857,0.2253521126760563,1.7116071428571429,96.71179883945842
2025-26,2026-03-23,22500763,2026-02-09T19:30:00-05:00,3,Final,UTA,MIA,UTA @ MIA,205,80,125,0.2,0.312,0.6410256410256411,19.100580270793035
2025-26,2026-03-23,22500764,2026-02-09T19:30:00-05:00,3,Final,MIL,ORL,MIL @ ORL,197,66,131,0.1666666666666666,0.2824427480916031,0.59009009009009,14.70019342359768
2025-26,2026-03-23,22500765,2026-02-09T20:00:00-05:00,3,Final,ATL,MIN,ATL @ MIN,214,68,146,0.2647058823529412,0.2054794520547945,1.2882352941176471,84.62282398452611
2025-26,2026-03-23,22500766,2026-02-09T20:00:00-05:00,3,Final,SAC,NOP,SAC @ NOP,198,46,152,0.108695652173913,0.1578947368421052,0.6884057971014493,25.62862669245648
2025-26,2026-03-23,22500767,2026-02-09T21:00:00-05:00,3,Final,CLE,DEN,CLE @ DEN,197,80,117,0.3125,0.3333333333333333,0.9375,57.25338491295938
2025-26,2026-03-23,22500768,2026-02-09T22:00:00-05:00,3,Final,MEM,GSW,MEM @ GSW,201,56,145,0.2142857142857142,0.1862068965517241,1.1507936507936507,76.40232108317214
2025-26,2026-03-23,22500769,2026-02-09T22:00:00-05:00,3,Final,OKC,LAL,OKC @ LAL,196,56,140,0.2678571428571428,0.2,1.3392857142857142,87.52417794970987
2025-26,2026-03-23,22500770,2026-02-09T22:00:00-05:00,3,Final,PHI,POR,PHI @ POR,201,78,123,0.2564102564102564,0.3089430894308943,0.8299595141700403,43.520309477756285
2025-26,2026-03-23,22500771,2026-02-10T19:30:00-05:00,3,Final,IND,NYK,IND @ NYK,222,76,146,0.3026315789473684,0.2671232876712329,1.132928475033738,74.46808510638297
2025-26,2026-03-23,22500772,2026-02-10T20:00:00-05:00,3,Final,LAC,HOU,LAC @ HOU,183,59,124,0.1694915254237288,0.2338709677419354,0.7247223845704267,29.78723404255319
2025-26,2026-03-23,22500773,2026-02-10T21:00:00-05:00,3,Final,DAL,PHX,DAL @ PHX,205,56,149,0.1785714285714285,0.1946308724832214,0.917487684729064,54.642166344294
2025-26,2026-03-23,22500774,2026-02-10T22:30:00-05:00,3,Final,SAS,LAL,SAS @ LAL,212,60,152,0.1666666666666666,0.1842105263157894,0.9047619047619048,53.38491295938105
2025-26,2026-03-23,22500775,2026-02-11T19:00:00-05:00,3,Final,ATL,CHA,ATL @ CHA,199,62,137,0.2419354838709677,0.2481751824817518,0.9748576850094876,61.12185686653772
2025-26,2026-03-23,22500776,2026-02-11T19:00:00-05:00,3,Final,WAS,CLE,WAS @ CLE,211,62,149,0.1612903225806451,0.2080536912751678,0.7752341311134234,37.28239845261122
2025-26,2026-03-23,22500777,2026-02-11T19:00:00-05:00,3,Final,MIL,ORL,MIL @ ORL,184,67,117,0.1343283582089552,0.2905982905982906,0.4622475856014047,5.996131528046422
2025-26,2026-03-23,22500778,2026-02-11T19:30:00-05:00,3,Final,CHI,BOS,CHI @ BOS,192,46,146,0.1304347826086956,0.1643835616438356,0.7934782608695652,39.361702127659576
2025-26,2026-03-23,22500779,2026-02-11T19:30:00-05:00,3,Final,IND,BKN,IND @ BKN,204,61,143,0.1639344262295081,0.2237762237762237,0.7325819672131147,30.947775628626697
2025-26,2026-03-23,22500780,2026-02-11T19:30:00-05:00,3,Final,NYK,PHI,NYK @ PHI,204,55,149,0.2363636363636363,0.1946308724832214,1.2144200626959247,80.07736943907156
2025-26,2026-03-23,22500781,2026-02-11T19:30:00-05:00,3,Final,DET,TOR,DET @ TOR,185,59,126,0.3559322033898305,0.238095238095238,1.494915254237288,92.84332688588007
2025-26,2026-03-23,22500782,2026-02-11T20:00:00-05:00,3,Final,LAC,HOU,LAC @ HOU,184,54,130,0.1851851851851851,0.2,0.9259259259259258,55.705996131528046
2025-26,2026-03-23,22500783,2026-02-11T20:00:00-05:00,3,Final,POR,MIN,POR @ MIN,218,72,146,0.2222222222222222,0.2260273972602739,0.9831649831649832,61.50870406189555
2025-26,2026-03-23,22500784,2026-02-11T20:00:00-05:00,3,Final,MIA,NOP,MIA @ NOP,206,62,144,0.1612903225806451,0.2152777777777778,0.7492195629552548,33.172147001934235
2025-26,2026-03-23,22500785,2026-02-11T21:00:00-05:00,3,Final,OKC,PHX,OKC @ PHX,189,35,154,0.2,0.1103896103896103,1.8117647058823532,97.678916827853
2025-26,2026-03-23,22500786,2026-02-11T21:00:00-05:00,3,Final,SAC,UTA,SAC @ UTA,204,56,148,0.1607142857142857,0.1959459459459459,0.8201970443349754,42.84332688588008
2025-26,2026-03-23,22500787,2026-02-11T21:00:00-05:00,3,Final,MEM,DEN,MEM @ DEN,196,75,121,0.2666666666666666,0.3057851239669421,0.8720720720720722,48.8394584139265
2025-26,2026-03-23,22500788,2026-02-11T22:00:00-05:00,3,Final,SAS,GSW,SAS @ GSW,194,64,130,0.21875,0.2461538461538461,0.888671875,51.54738878143134
2025-26,2026-03-23,22500789,2026-02-12T19:30:00-05:00,3,Final,MIL,OKC,MIL @ OKC,185,35,150,0.1142857142857142,0.12,0.9523809523809524,58.89748549323017
2025-26,2026-03-23,22500790,2026-02-12T21:00:00-05:00,3,Final,POR,UTA,POR @ UTA,210,74,136,0.2567567567567567,0.2720588235294117,0.9437545653761872,58.22050290135397
2025-26,2026-03-23,22500791,2026-02-12T22:00:00-05:00,3,Final,DAL,LAL,DAL @ LAL,200,67,133,0.2388059701492537,0.2330827067669172,1.0245546461242176,65.76402321083172
2025-26,2026-03-23,22500792,2026-02-19T19:00:00-05:00,3,Final,HOU,CHA,HOU @ CHA,187,43,144,0.1627906976744186,0.1458333333333333,1.1162790697674418,73.79110251450676
2025-26,2026-03-23,22500793,2026-02-19T19:00:00-05:00,3,Final,BKN,CLE,BKN @ CLE,192,54,138,0.037037037037037,0.1956521739130435,0.1893004115226337,0.4835589941972921
2025-26,2026-03-23,22500794,2026-02-19T19:00:00-05:00,3,Final,ATL,PHI,ATL @ PHI,206,84,122,0.2261904761904762,0.3442622950819672,0.6570294784580499,21.760154738878143
2025-26,2026-03-23,22500795,2026-02-19T19:00:00-05:00,3,Final,IND,WAS,IND @ WAS,214,64,150,0.203125,0.2133333333333333,0.9521484375,58.80077369439072
2025-26,2026-03-23,22500796,2026-02-19T19:30:00-05:00,3,Final,DET,NYK,DET @ NYK,200,67,133,0.1194029850746268,0.2556390977443609,0.4670763827919227,6.09284332688588
2025-26,2026-03-23,22500797,2026-02-19T20:00:00-05:00,3,Final,TOR,CHI,TOR @ CHI,210,64,146,0.171875,0.2191780821917808,0.7841796875,38.39458413926499
2025-26,2026-03-23,22500798,2026-02-19T20:30:00-05:00,3,Final,PHX,SAS,PHX @ SAS,194,47,147,0.1276595744680851,0.1700680272108843,0.7506382978723404,33.558994197292066
2025-26,2026-03-23,22500799,2026-02-19T22:00:00-05:00,3,Final,BOS,GSW,BOS @ GSW,196,30,166,0.0666666666666666,0.0963855421686747,0.6916666666666667,26.01547388781431
2025-26,2026-03-23,22500800,2026-02-19T22:00:00-05:00,3,Final,ORL,SAC,ORL @ SAC,202,57,145,0.1929824561403508,0.1862068965517241,1.0363872644574397,67.2147001934236
2025-26,2026-03-23,22500801,2026-02-19T22:30:00-05:00,3,Final,DEN,LAC,DEN @ LAC,212,76,136,0.3421052631578947,0.2720588235294117,1.2574679943100997,82.59187620889749
2025-26,2026-03-23,22500802,2026-02-20T19:00:00-05:00,3,Final,CLE,CHA,CLE @ CHA,181,73,108,0.2328767123287671,0.324074074074074,0.7185909980430528,29.40038684719536
2025-26,2026-03-23,22500803,2026-02-20T19:00:00-05:00,3,Final,IND,WAS,IND @ WAS,220,56,164,0.0535714285714285,0.1707317073170731,0.3137755102040815,1.0638297872340423
2025-26,2026-03-23,22500804,2026-02-20T19:00:00-05:00,3,Final,UTA,MEM,UTA @ MEM,221,66,155,0.2424242424242424,0.2064516129032258,1.1742424242424243,77.85299806576403
2025-26,2026-03-23,22500805,2026-02-20T19:30:00-05:00,3,Final,MIA,ATL,MIA @ ATL,203,59,144,0.1694915254237288,0.2083333333333333,0.8135593220338982,41.58607350096712
2025-26,2026-03-23,22500806,2026-02-20T19:30:00-05:00,3,Final,DAL,MIN,DAL @ MIN,210,68,142,0.2058823529411764,0.2464788732394366,0.8352941176470587,44.197292069632496
2025-26,2026-03-23,22500807,2026-02-20T20:00:00-05:00,3,Final,MIL,NOP,MIL @ NOP,207,60,147,0.1666666666666666,0.2040816326530612,0.8166666666666667,41.97292069632495
2025-26,2026-03-23,22500808,2026-02-20T20:00:00-05:00,3,Final,BKN,OKC,BKN @ OKC,201,63,138,0.1746031746031746,0.2318840579710145,0.7529761904761905,34.13926499032882
2025-26,2026-03-23,22500809,2026-02-20T22:00:00-05:00,3,Final,LAC,LAL,LAC @ LAL,195,65,130,0.2923076923076923,0.2307692307692307,1.2666666666666666,83.41392649903288
2025-26,2026-03-23,22500810,2026-02-20T22:00:00-05:00,3,Final,DEN,POR,DEN @ POR,220,69,151,0.1739130434782608,0.2317880794701986,0.7503105590062112,33.46228239845261
2025-26,2026-03-23,22500811,2026-02-21T17:00:00-05:00,3,Final,ORL,PHX,ORL @ PHX,218,72,146,0.2083333333333333,0.2328767123287671,0.8946078431372549,52.51450676982592
2025-26,2026-03-23,22500812,2026-02-21T19:00:00-05:00,3,Final,PHI,NOP,PHI @ NOP,206,82,124,0.1585365853658536,0.3467741935483871,0.4571752694271128,5.802707930367505
2025-26,2026-03-23,22500813,2026-02-21T20:00:00-05:00,3,Final,MEM,MIA,MEM @ MIA,214,75,139,0.3066666666666666,0.2517985611510791,1.2179047619047618,80.46421663442939
2025-26,2026-03-23,22500814,2026-02-21T20:00:00-05:00,3,Final,DET,CHI,DET @ CHI,211,64,147,0.125,0.2244897959183673,0.5568181818181818,12.282398452611218
2025-26,2026-03-23,22500815,2026-02-21T20:00:00-05:00,3,Final,SAC,SAS,SAC @ SAS,220,63,157,0.2857142857142857,0.2038216560509554,1.4017857142857142,90.13539651837525
2025-26,2026-03-23,22500816,2026-02-21T20:30:00-05:00,3,Final,HOU,NYK,HOU @ NYK,191,58,133,0.2586206896551724,0.2030075187969924,1.2739463601532568,83.9458413926499
2025-26,2026-03-23,22500817,2026-02-22T13:00:00-05:00,3,Final,CLE,OKC,CLE @ OKC,198,68,130,0.2352941176470588,0.2538461538461538,0.9269162210338682,55.947775628626694
2025-26,2026-03-23,22500818,2026-02-22T15:30:00-05:00,3,Final,BKN,ATL,BKN @ ATL,192,63,129,0.0952380952380952,0.2558139534883721,0.3722943722943722,2.5145067698259185
2025-26,2026-03-23,22500819,2026-02-22T15:30:00-05:00,3,Final,TOR,MIL,TOR @ MIL,190,54,136,0.2037037037037037,0.2058823529411764,0.9894179894179894,62.0889748549323
2025-26,2026-03-23,22500820,2026-02-22T15:30:00-05:00,3,Final,DEN,GSW,DEN @ GSW,211,60,151,0.2333333333333333,0.1854304635761589,1.2583333333333333,82.68858800773694
2025-26,2026-03-23,22500821,2026-02-22T17:00:00-05:00,3,Final,DAL,IND,DAL @ IND,215,60,155,0.2166666666666666,0.1870967741935484,1.1580459770114944,76.78916827852998
2025-26,2026-03-23,22500822,2026-02-22T18:00:00-05:00,3,Final,CHA,WAS,CHA @ WAS,189,58,131,0.2413793103448276,0.2213740458015267,1.0903686087990487,70.59961315280464
2025-26,2026-03-23,22500823,2026-02-22T18:30:00-05:00,3,Final,BOS,LAL,BOS @ LAL,191,57,134,0.2631578947368421,0.1940298507462686,1.3562753036437245,88.10444874274661
2025-26,2026-03-23,22500824,2026-02-22T19:00:00-05:00,3,Final,PHI,MIN,PHI @ MIN,203,64,139,0.296875,0.2230215827338129,1.331149193548387,86.84719535783366
2025-26,2026-03-23,22500825,2026-02-22T20:00:00-05:00,3,Final,NYK,CHI,NYK @ CHI,194,52,142,0.173076923076923,0.1901408450704225,0.9102564102564102,54.25531914893617
2025-26,2026-03-23,22500826,2026-02-22T20:00:00-05:00,3,Final,POR,PHX,POR @ PHX,186,35,151,0.1428571428571428,0.119205298013245,1.1984126984126984,79.01353965183753
2025-26,2026-03-23,22500827,2026-02-22T21:00:00-05:00,3,Final,ORL,LAC,ORL @ LAC,189,65,124,0.1692307692307692,0.282258064516129,0.5995604395604396,15.28046421663443
2025-26,2026-03-23,22500828,2026-02-23T19:00:00-05:00,3,Final,SAS,DET,SAS @ DET,204,66,138,0.1818181818181818,0.2391304347826087,0.7603305785123967,34.81624758220503
2025-26,2026-03-23,22500829,2026-02-23T20:00:00-05:00,3,Final,SAC,MEM,SAC @ MEM,205,61,144,0.1475409836065573,0.2083333333333333,0.7081967213114754,27.949709864603484
2025-26,2026-03-23,22500830,2026-02-23T21:30:00-05:00,3,Final,UTA,HOU,UTA @ HOU,216,49,167,0.2244897959183673,0.155688622754491,1.4419152276295133,91.19922630560929
2025-26,2026-03-23,22500831,2026-02-24T19:00:00-05:00,3,Final,PHI,IND,PHI @ IND,218,67,151,0.1492537313432835,0.2052980132450331,0.7270101107366393,30.36750483558994
2025-26,2026-03-23,22500832,2026-02-24T19:30:00-05:00,3,Final,WAS,ATL,WAS @ ATL,211,66,145,0.2424242424242424,0.2137931034482758,1.1339198435972628,74.56479690522244
2025-26,2026-03-23,22500833,2026-02-24T19:30:00-05:00,3,Final,DAL,BKN,DAL @ BKN,199,70,129,0.1857142857142857,0.2480620155038759,0.7486607142857143,33.07543520309478
2025-26,2026-03-23,22500834,2026-02-24T19:30:00-05:00,3,Final,OKC,TOR,OKC @ TOR,200,56,144,0.125,0.2013888888888889,0.6206896551724138,17.60154738878143
2025-26,2026-03-23,22500835,2026-02-24T19:30:00-05:00,3,Final,NYK,CLE,NYK @ CLE,188,64,124,0.40625,0.2177419354838709,1.8657407407407407,98.3558994197292
2025-26,2026-03-23,22500836,2026-02-24T20:00:00-05:00,3,Final,CHA,CHI,CHA @ CHI,198,44,154,0.1136363636363636,0.1493506493506493,0.7608695652173914,35.1063829787234
2025-26,2026-03-23,22500837,2026-02-24T20:00:00-05:00,3,Final,MIA,MIL,MIA @ MIL,211,66,145,0.2727272727272727,0.2068965517241379,1.318181818181818,86.26692456479691
2025-26,2026-03-23,22500838,2026-02-24T20:00:00-05:00,3,Final,GSW,NOP,GSW @ NOP,213,64,149,0.328125,0.1946308724832214,1.6858836206896552,96.5183752417795
2025-26,2026-03-23,22500839,2026-02-24T21:00:00-05:00,3,Final,BOS,PHX,BOS @ PHX,165,41,124,0.2926829268292683,0.1693548387096774,1.7282229965156797,96.90522243713733
2025-26,2026-03-23,22500840,2026-02-24T22:30:00-05:00,3,Final,ORL,LAL,ORL @ LAL,195,67,128,0.1791044776119403,0.265625,0.6742756804214223,23.500967117988395
2025-26,2026-03-23,22500841,2026-02-24T22:00:00-05:00,3,Final,MIN,POR,MIN @ POR,200,70,130,0.2,0.2846153846153846,0.7027027027027027,27.27272727272727
2025-26,2026-03-23,22500842,2026-02-25T19:30:00-05:00,3,Final,OKC,DET,OKC @ DET,199,66,133,0.2121212121212121,0.2631578947368421,0.8060606060606061,40.95744680851064
2025-26,2026-03-23,22500843,2026-02-25T19:30:00-05:00,3,Final,SAS,TOR,SAS @ TOR,203,65,138,0.2615384615384615,0.2391304347826087,1.0937062937062938,71.27659574468085
2025-26,2026-03-23,22500844,2026-02-25T19:30:00-05:00,3,Final,GSW,MEM,GSW @ MEM,196,56,140,0.1607142857142857,0.2071428571428571,0.7758620689655172,37.42746615087041
2025-26,2026-03-23,22500845,2026-02-25T20:00:00-05:00,3,Final,SAC,HOU,SAC @ HOU,193,47,146,0.1702127659574468,0.1643835616438356,1.0354609929078014,66.92456479690522
2025-26,2026-03-23,22500846,2026-02-25T20:00:00-05:00,3,Final,CLE,MIL,CLE @ MIL,187,51,136,0.2352941176470588,0.1764705882352941,1.3333333333333333,87.04061895551257
2025-26,2026-03-23,22500847,2026-02-25T22:00:00-05:00,3,Final,BOS,DEN,BOS @ DEN,189,59,130,0.1525423728813559,0.2461538461538461,0.6197033898305084,17.311411992263057
2025-26,2026-03-23,22500848,2026-02-26T19:00:00-05:00,3,Final,CHA,IND,CHA @ IND,196,57,139,0.1403508771929824,0.2230215827338129,0.6293152235427277,18.181818181818183
2025-26,2026-03-23,22500849,2026-02-26T19:00:00-05:00,3,Final,MIA,PHI,MIA @ PHI,207,60,147,0.15,0.2108843537414966,0.7112903225806451,28.239845261121857
2025-26,2026-03-23,22500850,2026-02-26T19:30:00-05:00,3,Final,WAS,ATL,WAS @ ATL,215,69,146,0.1594202898550724,0.2260273972602739,0.7053140096618358,27.562862669245646
2025-26,2026-03-23,22500851,2026-02-26T19:30:00-05:00,3,Final,SAS,BKN,SAS @ BKN,192,63,129,0.1587301587301587,0.2480620155038759,0.6398809523809523,18.95551257253385
2025-26,2026-03-23,22500852,2026-02-26T19:30:00-05:00,3,Final,HOU,ORL,HOU @ ORL,179,57,122,0.1052631578947368,0.2459016393442623,0.4280701754385965,4.642166344294004
2025-26,2026-03-23,22500853,2026-02-26T20:00:00-05:00,3,Final,POR,CHI,POR @ CHI,208,65,143,0.2615384615384615,0.2237762237762237,1.16875,77.56286266924565
2025-26,2026-03-23,22500854,2026-02-26T20:30:00-05:00,3,Final,SAC,DAL,SAC @ DAL,205,64,141,0.15625,0.2482269503546099,0.6294642857142857,18.27852998065764
2025-26,2026-03-23,22500855,2026-02-26T21:00:00-05:00,3,Final,LAL,PHX,LAL @ PHX,178,63,115,0.2063492063492063,0.2869565217391304,0.719095719095719,29.497098646034814
2025-26,2026-03-23,22500856,2026-02-26T21:00:00-05:00,3,Final,NOP,UTA,NOP @ UTA,200,75,125,0.2,0.296,0.6756756756756758,23.791102514506772
2025-26,2026-03-23,22500857,2026-02-26T22:00:00-05:00,3,Final,MIN,LAC,MIN @ LAC,191,63,128,0.1269841269841269,0.2421875,0.5243215565796211,10.058027079303674
2025-26,2026-03-23,22500858,2026-02-27T19:00:00-05:00,3,Final,CLE,DET,CLE @ DET,212,80,132,0.3,0.3106060606060606,0.9658536585365852,59.96131528046421
2025-26,2026-03-23,22500859,2026-02-27T19:30:00-05:00,3,Final,BKN,BOS,BKN @ BOS,185,67,118,0.2686567164179104,0.2796610169491525,0.960651289009498,59.47775628626693
2025-26,2026-03-23,22500860,2026-02-27T20:00:00-05:00,3,Final,NYK,MIL,NYK @ MIL,196,59,137,0.2372881355932203,0.2043795620437956,1.1610169491525424,77.07930367504837
2025-26,2026-03-23,22500861,2026-02-27T20:30:00-05:00,3,Final,MEM,DAL,MEM @ DAL,204,66,138,0.3787878787878788,0.2028985507246377,1.8668831168831168,98.54932301740811
2025-26,2026-03-23,22500862,2026-02-27T21:30:00-05:00,3,Final,DEN,OKC,DEN @ OKC,228,66,162,0.1666666666666666,0.1975308641975308,0.84375,45.55125725338491
2025-26,2026-03-23,22500863,2026-02-28T13:00:00-05:00,3,Final,POR,CHA,POR @ CHA,193,55,138,0.2363636363636363,0.217391304347826,1.0872727272727274,70.2127659574468
2025-26,2026-03-23,22500864,2026-02-28T15:30:00-05:00,3,Final,HOU,MIA,HOU @ MIA,195,58,137,0.2241379310344827,0.218978102189781,1.0235632183908046,65.66731141199227
2025-26,2026-03-23,22500865,2026-02-28T19:00:00-05:00,3,Final,TOR,WAS,TOR @ WAS,192,63,129,0.3333333333333333,0.2248062015503876,1.482758620689655,92.26305609284331
2025-26,2026-03-23,22500866,2026-02-28T20:30:00-05:00,3,Final,LAL,GSW,LAL @ GSW,190,50,140,0.12,0.1857142857142857,0.6461538461538461,19.825918762088975
2025-26,2026-03-23,22500867,2026-02-28T21:30:00-05:00,3,Final,NOP,UTA,NOP @ UTA,201,73,128,0.2054794520547945,0.296875,0.692141312184571,26.11218568665377
2025-26,2026-03-23,22500868,2026-03-01T13:00:00-05:00,3,Final,SAS,NYK,SAS @ NYK,196,59,137,0.1864406779661017,0.1970802919708029,0.94601381042059,58.41392649903289
2025-26,2026-03-23,22500869,2026-03-01T15:30:00-05:00,3,Final,CLE,BKN,CLE @ BKN,194,72,122,0.3055555555555556,0.2950819672131147,1.035493827160494,67.02127659574468
2025-26,2026-03-23,22500870,2026-03-01T15:30:00-05:00,3,Final,MIL,CHI,MIL @ CHI,207,51,156,0.1764705882352941,0.1666666666666666,1.058823529411765,68.61702127659575
2025-26,2026-03-23,22500871,2026-03-01T15:30:00-05:00,3,Final,MIN,DEN,MIN @ DEN,201,63,138,0.1428571428571428,0.2246376811594203,0.6359447004608295,18.762088974854933
2025-26,2026-03-23,22500872,2026-03-01T17:00:00-05:00,3,Final,MEM,IND,MEM @ IND,192,46,146,0.0652173913043478,0.1712328767123287,0.3808695652173913,2.7079303675048356
2025-26,2026-03-23,22500873,2026-03-01T18:00:00-05:00,3,Final,POR,ATL,POR @ ATL,208,58,150,0.1379310344827586,0.1933333333333333,0.713436385255648,28.578336557059963
2025-26,2026-03-23,22500874,2026-03-01T20:00:00-05:00,3,Final,PHI,BOS,PHI @ BOS,183,66,117,0.1666666666666666,0.282051282051282,0.5909090909090908,14.796905222437138
2025-26,2026-03-23,22500875,2026-03-01T18:00:00-05:00,3,Final,DET,ORL,DET @ ORL,202,69,133,0.1304347826086956,0.2631578947368421,0.4956521739130435,7.543520309477756
2025-26,2026-03-23,22500876,2026-03-01T20:00:00-05:00,3,Final,OKC,DAL,OKC @ DAL,198,58,140,0.1206896551724138,0.2142857142857142,0.5632183908045978,12.86266924564797
2025-26,2026-03-23,22500877,2026-03-01T21:00:00-05:00,3,Final,NOP,LAC,NOP @ LAC,201,77,124,0.1558441558441558,0.314516129032258,0.4955044955044955,7.446808510638298
2025-26,2026-03-23,22500878,2026-03-01T21:30:00-05:00,3,Final,SAC,LAL,SAC @ LAL,200,42,158,0.1904761904761904,0.1392405063291139,1.367965367965368,88.78143133462282
2025-26,2026-03-23,22500879,2026-03-02T19:00:00-05:00,3,Final,HOU,WAS,HOU @ WAS,205,61,144,0.1639344262295081,0.2152777777777778,0.7615018508725541,35.44487427466151
2025-26,2026-03-23,22500880,2026-03-02T19:30:00-05:00,3,Final,BOS,MIL,BOS @ MIL,179,45,134,0.0888888888888888,0.1716417910447761,0.5178743961352658,9.284332688588009
2025-26,2026-03-23,22500881,2026-03-02T21:00:00-05:00,3,Final,DEN,UTA,DEN @ UTA,200,77,123,0.2727272727272727,0.2845528455284553,0.9584415584415584,59.381044487427474
2025-26,2026-03-23,22500882,2026-03-02T22:00:00-05:00,3,Final,LAC,GSW,LAC @ GSW,189,53,136,0.4528301886792453,0.1764705882352941,2.5660377358490565,99.90328820116056
2025-26,2026-03-23,22500883,2026-03-03T19:00:00-05:00,3,Final,DAL,CHA,DAL @ CHA,195,77,118,0.3116883116883117,0.3220338983050847,0.9678742310321258,60.34816247582205
2025-26,2026-03-23,22500884,2026-03-03T19:00:00-05:00,3,Final,DET,CLE,DET @ CLE,188,71,117,0.2394366197183098,0.3247863247863248,0.7372127501853224,31.818181818181817
2025-26,2026-03-23,22500885,2026-03-03T19:00:00-05:00,3,Final,WAS,ORL,WAS @ ORL,197,82,115,0.2073170731707317,0.3652173913043478,0.5676538908246225,13.2495164410058
2025-26,2026-03-23,22500886,2026-03-03T19:30:00-05:00,3,Final,BKN,MIA,BKN @ MIA,201,56,145,0.1785714285714285,0.2137931034482758,0.8352534562211982,44.10058027079304
2025-26,2026-03-23,22500887,2026-03-03T19:30:00-05:00,3,Final,NYK,TOR,NYK @ TOR,185,50,135,0.16,0.1851851851851851,0.8640000000000001,47.87234042553192
2025-26,2026-03-23,22500888,2026-03-03T20:00:00-05:00,3,Final,SAS,PHI,SAS @ PHI,211,58,153,0.1724137931034483,0.196078431372549,0.8793103448275863,49.90328820116054
2025-26,2026-03-23,22500889,2026-03-03T20:00:00-05:00,3,Final,OKC,CHI,OKC @ CHI,211,52,159,0.2115384615384615,0.1635220125786163,1.293639053254438,85.20309477756285
2025-26,2026-03-23,22500890,2026-03-03T20:00:00-05:00,3,Final,MEM,MIN,MEM @ MIN,209,78,131,0.3076923076923077,0.2977099236641221,1.0335305719921106,66.82785299806577
2025-26,2026-03-23,22500891,2026-03-03T22:30:00-05:00,3,Final,NOP,LAL,NOP @ LAL,204,65,139,0.2307692307692307,0.2302158273381295,1.0024038461538465,63.63636363636363
2025-26,2026-03-23,22500892,2026-03-03T23:00:00-05:00,3,Final,PHX,SAC,PHX @ SAC,197,51,146,0.1372549019607843,0.1643835616438356,0.834967320261438,43.90715667311411
2025-26,2026-03-23,22500893,2026-03-04T19:00:00-05:00,3,Final,OKC,NYK,OKC @ NYK,196,62,134,0.1290322580645161,0.2462686567164179,0.5239491691104594,9.7678916827853
2025-26,2026-03-23,22500894,2026-03-04T19:30:00-05:00,3,Final,CHA,BOS,CHA @ BOS,180,49,131,0.3061224489795918,0.1755725190839694,1.7435669920141972,97.0019342359768
2025-26,2026-03-23,22500895,2026-03-04T19:30:00-05:00,3,Final,UTA,PHI,UTA @ PHI,188,72,116,0.2361111111111111,0.3103448275862069,0.7608024691358024,35.009671179883945
2025-26,2026-03-23,22500896,2026-03-04T20:00:00-05:00,3,Final,POR,MEM,POR @ MEM,201,67,134,0.1940298507462686,0.2462686567164179,0.787878787878788,38.87814313346228
2025-26,2026-03-23,22500897,2026-03-04T21:30:00-05:00,3,Final,ATL,MIL,ATL @ MIL,193,53,140,0.1320754716981132,0.2,0.660377358490566,21.8568665377176
2025-26,2026-03-23,22500898,2026-03-04T22:30:00-05:00,3,Final,IND,LAC,IND @ LAC,205,70,135,0.3428571428571428,0.2444444444444444,1.4025974025974026,90.2321083172147
2025-26,2026-03-23,22500899,2026-03-05T19:00:00-05:00,3,Final,DAL,ORL,DAL @ ORL,198,61,137,0.180327868852459,0.2481751824817518,0.7266152362584378,30.174081237911025
2025-26,2026-03-23,22500900,2026-03-05T19:00:00-05:00,3,Final,UTA,WAS,UTA @ WAS,186,66,120,0.1969696969696969,0.3,0.6565656565656566,21.663442940038685
2025-26,2026-03-23,22500901,2026-03-05T19:30:00-05:00,3,Final,BKN,MIA,BKN @ MIA,204,62,142,0.2258064516129032,0.204225352112676,1.1056729699666294,72.72727272727273
2025-26,2026-03-23,22500902,2026-03-05T19:30:00-05:00,3,Final,GSW,HOU,GSW @ HOU,198,61,137,0.3442622950819672,0.2116788321167883,1.6263425664217073,95.84139264990328
2025-26,2026-03-23,22500903,2026-03-05T20:00:00-05:00,3,Final,TOR,MIN,TOR @ MIN,192,71,121,0.1830985915492957,0.2892561983471074,0.6329979879275655,18.665377176015475
2025-26,2026-03-23,22500904,2026-03-05T20:00:00-05:00,3,Final,DET,SAS,DET @ SAS,190,74,116,0.2162162162162162,0.3189655172413793,0.6778670562454346,24.46808510638298
2025-26,2026-03-23,22500905,2026-03-05T21:00:00-05:00,3,Final,CHI,PHX,CHI @ PHX,204,63,141,0.238095238095238,0.2340425531914893,1.0173160173160172,64.8936170212766
2025-26,2026-03-23,22500906,2026-03-05T22:00:00-05:00,3,Final,LAL,DEN,LAL @ DEN,195,64,131,0.109375,0.2442748091603053,0.44775390625,5.319148936170213
2025-26,2026-03-23,22500907,2026-03-05T22:00:00-05:00,3,Final,NOP,SAC,NOP @ SAC,209,63,146,0.2539682539682539,0.2191780821917808,1.1587301587301588,76.88588007736944
2025-26,2026-03-23,22500908,2026-03-06T19:00:00-05:00,3,Final,DAL,BOS,DAL @ BOS,204,43,161,0.0930232558139534,0.1428571428571428,0.6511627906976745,20.59961315280464
2025-26,2026-03-23,22500909,2026-03-06T19:00:00-05:00,3,Final,MIA,CHA,MIA @ CHA,199,55,144,0.2545454545454545,0.1875,1.3575757575757574,88.20116054158608
2025-26,2026-03-23,22500910,2026-03-06T20:00:00-05:00,3,Final,POR,HOU,POR @ HOU,199,71,128,0.2816901408450704,0.2734375,1.0301810865191148,66.34429400386847
2025-26,2026-03-23,22500911,2026-03-06T21:00:00-05:00,3,Final,NYK,DEN,NYK @ DEN,201,71,130,0.2676056338028169,0.2538461538461538,1.0542040119504907,68.18181818181817
2025-26,2026-03-23,22500912,2026-03-06T21:00:00-05:00,3,Final,NOP,PHX,NOP @ PHX,189,74,115,0.3918918918918919,0.2782608695652174,1.4083614864864864,90.61895551257253
2025-26,2026-03-23,22500913,2026-03-06T21:30:00-05:00,3,Final,LAC,SAS,LAC @ SAS,196,48,148,0.2291666666666666,0.1554054054054054,1.4746376811594202,92.0696324951644
2025-26,2026-03-23,22500914,2026-03-06T22:30:00-05:00,3,Final,IND,LAL,IND @ LAL,203,70,133,0.1571428571428571,0.2556390977443609,0.6147058823529412,16.924564796905223
2025-26,2026-03-23,22500915,2026-03-07T15:00:00-05:00,3,Final,ORL,MIN,ORL @ MIN,204,72,132,0.3472222222222222,0.25,1.3888888888888888,89.55512572533848
2025-26,2026-03-23,22500916,2026-03-07T18:00:00-05:00,3,Final,BKN,DET,BKN @ DET,194,74,120,0.1351351351351351,0.325,0.4158004158004158,4.061895551257253
2025-26,2026-03-23,22500917,2026-03-07T18:00:00-05:00,3,Final,PHI,ATL,PHI @ ATL,202,59,143,0.1016949152542373,0.2167832167832167,0.469108802624385,6.382978723404255
2025-26,2026-03-23,22500918,2026-03-07T20:00:00-05:00,3,Final,LAC,MEM,LAC @ MEM,192,77,115,0.2857142857142857,0.3391304347826087,0.8424908424908425,45.357833655706
2025-26,2026-03-23,22500919,2026-03-07T20:00:00-05:00,3,Final,UTA,MIL,UTA @ MIL,196,68,128,0.2794117647058823,0.25,1.1176470588235294,73.98452611218569
2025-26,2026-03-23,22500920,2026-03-07T20:30:00-05:00,3,Final,GSW,OKC,GSW @ OKC,186,56,130,0.1964285714285714,0.2230769230769231,0.8805418719211822,50.0
2025-26,2026-03-23,22500921,2026-03-08T13:00:00-04:00,3,Final,BOS,CLE,BOS @ CLE,184,59,125,0.2372881355932203,0.248,0.9568069983597596,59.18762088974855
2025-26,2026-03-23,22500922,2026-03-08T15:30:00-04:00,3,Final,NYK,LAL,NYK @ LAL,194,64,130,0.21875,0.2384615384615384,0.9173387096774192,54.54545454545454
2025-26,2026-03-23,22500923,2026-03-08T18:00:00-04:00,3,Final,DET,MIA,DET @ MIA,193,70,123,0.3,0.3089430894308943,0.9710526315789472,60.73500967117988
2025-26,2026-03-23,22500924,2026-03-08T18:00:00-04:00,3,Final,DAL,TOR,DAL @ TOR,199,60,139,0.1833333333333333,0.2302158273381295,0.7963541666666666,39.65183752417795
2025-26,2026-03-23,22500925,2026-03-08T19:00:00-04:00,3,Final,WAS,NOP,WAS @ NOP,209,84,125,0.2619047619047619,0.32,0.8184523809523809,42.45647969052224
2025-26,2026-03-23,22500926,2026-03-08T20:00:00-04:00,3,Final,ORL,MIL,ORL @ MIL,190,66,124,0.2575757575757575,0.2741935483870967,0.9393939393939394,57.640232108317214
2025-26,2026-03-23,22500927,2026-03-08T20:00:00-04:00,3,Final,HOU,SAS,HOU @ SAS,203,80,123,0.1625,0.3252032520325203,0.4996875,7.833655705996131
2025-26,2026-03-23,22500928,2026-03-08T22:00:00-04:00,3,Final,CHA,PHX,CHA @ PHX,175,65,110,0.1846153846153846,0.2818181818181818,0.6550868486352358,21.27659574468085
2025-26,2026-03-23,22500929,2026-03-08T21:00:00-04:00,3,Final,IND,POR,IND @ POR,203,73,130,0.1917808219178082,0.2846153846153846,0.6738245094409477,23.404255319148938
2025-26,2026-03-23,22500930,2026-03-08T21:00:00-04:00,3,Final,CHI,SAC,CHI @ SAC,208,66,142,0.1969696969696969,0.2464788732394366,0.799134199134199,39.845261121856865
2025-26,2026-03-23,22500931,2026-03-09T19:00:00-04:00,3,Final,PHI,CLE,PHI @ CLE,187,67,120,0.1940298507462686,0.2583333333333333,0.7510832932113625,33.75241779497099
2025-26,2026-03-23,22500932,2026-03-09T19:30:00-04:00,3,Final,MEM,BKN,MEM @ BKN,196,55,141,0.1818181818181818,0.2127659574468085,0.8545454545454546,46.808510638297875
2025-26,2026-03-23,22500933,2026-03-09T19:30:00-04:00,3,Final,DEN,OKC,DEN @ OKC,199,66,133,0.2121212121212121,0.2631578947368421,0.8060606060606061,40.95744680851064
2025-26,2026-03-23,22500934,2026-03-09T21:00:00-04:00,3,Final,GSW,UTA,GSW @ UTA,197,61,136,0.2622950819672131,0.2426470588235294,1.0809736711376057,70.01934235976789
2025-26,2026-03-23,22500935,2026-03-09T22:00:00-04:00,3,Final,NYK,LAC,NYK @ LAC,200,63,137,0.2063492063492063,0.2335766423357664,0.8834325396825397,50.67698259187621
2025-26,2026-03-23,22500936,2026-03-10T19:00:00-04:00,3,Final,MEM,PHI,MEM @ PHI,201,92,109,0.2826086956521739,0.4128440366972477,0.6845410628019323,25.338491295938105
2025-26,2026-03-23,22500937,2026-03-10T19:30:00-04:00,3,Final,DET,BKN,DET @ BKN,189,78,111,0.2564102564102564,0.3333333333333333,0.7692307692307692,36.36363636363637
2025-26,2026-03-23,22500938,2026-03-10T19:30:00-04:00,3,Final,WAS,MIA,WAS @ MIA,236,89,147,0.3033707865168539,0.3061224489795918,0.9910112359550562,62.28239845261122
2025-26,2026-03-23,22500939,2026-03-10T19:30:00-04:00,3,Final,DAL,ATL,DAL @ ATL,196,57,139,0.087719298245614,0.2158273381294964,0.4064327485380117,3.1914893617021276
2025-26,2026-03-23,22500940,2026-03-10T20:00:00-04:00,3,Final,TOR,HOU,TOR @ HOU,193,64,129,0.3125,0.2248062015503876,1.3900862068965516,89.65183752417795
2025-26,2026-03-23,22500941,2026-03-10T20:00:00-04:00,3,Final,PHX,MIL,PHX @ MIL,199,53,146,0.1698113207547169,0.184931506849315,0.9182389937106918,54.83558994197292
2025-26,2026-03-23,22500942,2026-03-10T20:00:00-04:00,3,Final,BOS,SAS,BOS @ SAS,198,54,144,0.2222222222222222,0.1944444444444444,1.1428571428571428,75.77369439071566
2025-26,2026-03-23,22500943,2026-03-10T22:00:00-04:00,3,Final,CHI,GSW,CHI @ GSW,221,52,169,0.2115384615384615,0.1538461538461538,1.375,88.926499032882
2025-26,2026-03-23,22500944,2026-03-10T22:00:00-04:00,3,Final,CHA,POR,CHA @ POR,198,66,132,0.1363636363636363,0.2575757575757575,0.5294117647058824,10.638297872340424
2025-26,2026-03-23,22500945,2026-03-10T22:00:00-04:00,3,Final,IND,SAC,IND @ SAC,213,68,145,0.2941176470588235,0.2137931034482758,1.3757115749525617,89.07156673114119
2025-26,2026-03-23,22500946,2026-03-10T23:00:00-04:00,3,Final,MIN,LAL,MIN @ LAL,190,68,122,0.25,0.2868852459016393,0.8714285714285714,48.64603481624758
2025-26,2026-03-23,22500947,2026-03-11T19:30:00-04:00,3,Final,CLE,ORL,CLE @ ORL,190,78,112,0.2435897435897435,0.3482142857142857,0.6995397764628534,27.07930367504835
2025-26,2026-03-23,22500948,2026-03-11T20:00:00-04:00,3,Final,TOR,NOP,TOR @ NOP,204,57,147,0.2280701754385964,0.1836734693877551,1.2417153996101362,81.52804642166345
2025-26,2026-03-23,22500949,2026-03-11T21:00:00-04:00,3,Final,NYK,UTA,NYK @ UTA,196,54,142,0.2777777777777778,0.1830985915492957,1.517094017094017,93.42359767891682
2025-26,2026-03-23,22500950,2026-03-11T22:00:00-04:00,3,Final,HOU,DEN,HOU @ DEN,197,49,148,0.2040816326530612,0.1689189189189189,1.2081632653061225,79.7872340425532
2025-26,2026-03-23,22500951,2026-03-11T22:00:00-04:00,3,Final,CHA,SAC,CHA @ SAC,189,49,140,0.0612244897959183,0.1785714285714285,0.3428571428571428,1.6441005802707929
2025-26,2026-03-23,22500952,2026-03-11T22:30:00-04:00,3,Final,MIN,LAC,MIN @ LAC,203,81,122,0.3086419753086419,0.319672131147541,0.9654954099398544,59.864603481624755
2025-26,2026-03-23,22500953,2026-03-12T19:00:00-04:00,3,Final,PHI,DET,PHI @ DET,203,64,139,0.125,0.237410071942446,0.5265151515151515,10.444874274661508
2025-26,2026-03-23,22500954,2026-03-12T19:00:00-04:00,3,Final,PHX,IND,PHX @ IND,191,64,127,0.296875,0.2362204724409448,1.2567708333333334,82.49516441005802
2025-26,2026-03-23,22500955,2026-03-12T19:00:00-04:00,3,Final,WAS,ORL,WAS @ ORL,228,84,144,0.2976190476190476,0.2708333333333333,1.098901098901099,71.95357833655706
2025-26,2026-03-23,22500956,2026-03-12T19:30:00-04:00,3,Final,BKN,ATL,BKN @ ATL,196,67,129,0.1940298507462686,0.2868217054263566,0.6764824526018556,24.081237911025145
2025-26,2026-03-23,22500957,2026-03-12T19:30:00-04:00,3,Final,MIL,MIA,MIL @ MIA,203,66,137,0.1818181818181818,0.2481751824817518,0.732620320855615,31.04448742746615
2025-26,2026-03-23,22500958,2026-03-12T21:00:00-04:00,3,Final,DEN,SAS,DEN @ SAS,215,76,139,0.131578947368421,0.2805755395683453,0.4689608636977058,6.286266924564797
2025-26,2026-03-23,22500959,2026-03-12T21:30:00-04:00,3,Final,BOS,OKC,BOS @ OKC,182,51,131,0.2549019607843137,0.1908396946564885,1.3356862745098037,87.2340425531915
2025-26,2026-03-23,22500960,2026-03-12T22:30:00-04:00,3,Final,CHI,LAL,CHI @ LAL,204,53,151,0.1320754716981132,0.1854304635761589,0.7122641509433962,28.433268858800776
2025-26,2026-03-23,22500961,2026-03-13T19:30:00-04:00,3,Final,MEM,DET,MEM @ DET,194,65,129,0.2307692307692307,0.2635658914728682,0.8755656108597285,49.22630560928433
2025-26,2026-03-23,22500962,2026-03-13T19:30:00-04:00,3,Final,NYK,IND,NYK @ IND,192,64,128,0.25,0.25,1.0,63.297872340425535
2025-26,2026-03-23,22500963,2026-03-13T19:30:00-04:00,3,Final,PHX,TOR,PHX @ TOR,192,71,121,0.1971830985915492,0.3057851239669421,0.6448420251237152,19.63249516441006
2025-26,2026-03-23,22500964,2026-03-13T20:00:00-04:00,3,Final,NOP,HOU,NOP @ HOU,187,65,122,0.2307692307692307,0.2868852459016393,0.8043956043956045,40.52224371373307
2025-26,2026-03-23,22500965,2026-03-13T19:30:00-04:00,3,Final,CLE,DAL,CLE @ DAL,203,62,141,0.2096774193548387,0.2127659574468085,0.985483870967742,61.702127659574465
2025-26,2026-03-23,22500966,2026-03-13T22:00:00-04:00,3,Final,MIN,GSW,MIN @ GSW,199,60,139,0.2833333333333333,0.2086330935251798,1.358045977011494,88.29787234042553
2025-26,2026-03-23,22500967,2026-03-13T22:00:00-04:00,3,Final,UTA,POR,UTA @ POR,211,60,151,0.1833333333333333,0.1986754966887417,0.9227777777777778,55.12572533849129
2025-26,2026-03-23,22500968,2026-03-13T22:30:00-04:00,3,Final,CHI,LAC,CHI @ LAC,203,60,143,0.2166666666666666,0.1958041958041958,1.1065476190476191,72.82398452611218
2025-26,2026-03-23,22500969,2026-03-14T13:00:00-04:00,3,Final,BKN,PHI,BKN @ PHI,198,63,135,0.365079365079365,0.2,1.8253968253968251,97.96905222437138
2025-26,2026-03-23,22500970,2026-03-14T15:00:00-04:00,3,Final,MIL,ATL,MIL @ ATL,201,56,145,0.2142857142857142,0.193103448275862,1.1096938775510203,73.11411992263056
2025-26,2026-03-23,22500971,2026-03-14T18:00:00-04:00,3,Final,WAS,BOS,WAS @ BOS,195,59,136,0.2203389830508474,0.2058823529411764,1.0702179176755449,69.48742746615088
2025-26,2026-03-23,22500972,2026-03-14T20:00:00-04:00,3,Final,ORL,MIA,ORL @ MIA,209,70,139,0.3142857142857143,0.2446043165467626,1.2848739495798318,84.52611218568666
2025-26,2026-03-23,22500973,2026-03-14T15:30:00-04:00,3,Final,CHA,SAS,CHA @ SAS,188,64,124,0.21875,0.2580645161290322,0.84765625,46.03481624758221
2025-26,2026-03-23,22500974,2026-03-14T20:30:00-04:00,3,Final,DEN,LAL,DEN @ LAL,217,67,150,0.2537313432835821,0.2133333333333333,1.189365671641791,78.62669245647969
2025-26,2026-03-23,22500975,2026-03-14T22:30:00-04:00,3,Final,SAC,LAC,SAC @ LAC,202,56,146,0.2857142857142857,0.1780821917808219,1.6043956043956045,95.45454545454544
2025-26,2026-03-23,22500976,2026-03-15T13:00:00-04:00,3,Final,MIN,OKC,MIN @ OKC,198,61,137,0.081967213114754,0.2335766423357664,0.3509221311475409,1.9342359767891684
2025-26,2026-03-23,22500977,2026-03-15T15:30:00-04:00,3,Final,DAL,CLE,DAL @ CLE,203,63,140,0.2222222222222222,0.2357142857142857,0.9427609427609428,57.83365570599614
2025-26,2026-03-23,22500978,2026-03-15T15:30:00-04:00,3,Final,DET,TOR,DET @ TOR,189,70,119,0.2428571428571428,0.2941176470588235,0.8257142857142857,43.133462282398455
2025-26,2026-03-23,22500979,2026-03-15T15:30:00-04:00,3,Final,IND,MIL,IND @ MIL,190,55,135,0.0363636363636363,0.2074074074074074,0.1753246753246753,0.2901353965183753
2025-26,2026-03-23,22500980,2026-03-15T18:00:00-04:00,3,Final,POR,PHI,POR @ PHI,206,61,145,0.0655737704918032,0.2137931034482758,0.3067160232681121,0.9671179883945842
2025-26,2026-03-23,22500981,2026-03-15T20:00:00-04:00,3,Final,GSW,NYK,GSW @ NYK,185,55,130,0.3090909090909091,0.1923076923076923,1.6072727272727272,95.64796905222435
2025-26,2026-03-23,22500982,2026-03-15T22:00:00-04:00,3,Final,UTA,SAC,UTA @ SAC,205,63,142,0.1587301587301587,0.2323943661971831,0.683020683020683,24.95164410058027
2025-26,2026-03-23,22500983,2026-03-16T19:00:00-04:00,3,Final,ORL,ATL,ORL @ ATL,207,69,138,0.2463768115942029,0.2391304347826087,1.0303030303030305,66.44100580270793
2025-26,2026-03-23,22500984,2026-03-16T19:00:00-04:00,3,Final,GSW,WAS,GSW @ WAS,205,70,135,0.2142857142857142,0.2592592592592592,0.826530612244898,43.32688588007737
2025-26,2026-03-23,22500985,2026-03-16T19:30:00-04:00,3,Final,POR,BKN,POR @ BKN,199,74,125,0.3648648648648648,0.256,1.4252533783783785,90.9090909090909
2025-26,2026-03-23,22500986,2026-03-16T19:30:00-04:00,3,Final,PHX,BOS,PHX @ BOS,189,66,123,0.2121212121212121,0.2845528455284553,0.7454545454545455,32.688588007736946
2025-26,2026-03-23,22500987,2026-03-16T20:00:00-04:00,3,Final,MEM,CHI,MEM @ CHI,204,51,153,0.2156862745098039,0.1699346405228758,1.2692307692307692,83.65570599613153
2025-26,2026-03-23,22500988,2026-03-16T20:00:00-04:00,3,Final,DAL,NOP,DAL @ NOP,216,64,152,0.203125,0.2105263157894736,0.96484375,59.767891682785304
2025-26,2026-03-23,22500989,2026-03-16T21:30:00-04:00,3,Final,LAL,HOU,LAL @ HOU,183,54,129,0.2407407407407407,0.2170542635658914,1.1091269841269842,73.0174081237911
2025-26,2026-03-23,22500990,2026-03-16T22:00:00-04:00,3,Final,SAS,LAC,SAS @ LAC,197,73,124,0.3972602739726027,0.2661290322580645,1.4927355749273556,92.64990328820116
2025-26,2026-03-23,22500991,2026-03-17T19:00:00-04:00,3,Final,MIA,CHA,MIA @ CHA,210,77,133,0.1948051948051948,0.3082706766917293,0.6319290465631929,18.471953578336556
2025-26,2026-03-23,22500992,2026-03-17T19:00:00-04:00,3,Final,OKC,ORL,OKC @ ORL,200,58,142,0.1724137931034483,0.2112676056338028,0.8160919540229886,41.8762088974855
2025-26,2026-03-23,22500993,2026-03-17T19:00:00-04:00,3,Final,DET,WAS,DET @ WAS,202,75,127,0.1866666666666666,0.3070866141732283,0.6078632478632479,16.054158607350097
2025-26,2026-03-23,22500994,2026-03-17T19:30:00-04:00,3,Final,IND,NYK,IND @ NYK,192,44,148,0.0227272727272727,0.1486486486486486,0.152892561983471,0.1934235976789168
2025-26,2026-03-23,22500995,2026-03-17T20:00:00-04:00,3,Final,CLE,MIL,CLE @ MIL,190,66,124,0.2424242424242424,0.2741935483870967,0.8841354723707666,50.77369439071566
2025-26,2026-03-23,22500996,2026-03-17T20:00:00-04:00,3,Final,PHX,MIN,PHX @ MIN,198,75,123,0.2266666666666666,0.3008130081300813,0.7535135135135134,34.332688588007734
2025-26,2026-03-23,22500997,2026-03-17T22:00:00-04:00,3,Final,PHI,DEN,PHI @ DEN,210,66,144,0.2121212121212121,0.2291666666666666,0.9256198347107438,55.60928433268859
2025-26,2026-03-23,22500998,2026-03-17T22:00:00-04:00,3,Final,SAS,SAC,SAS @ SAC,198,45,153,0.1777777777777777,0.1437908496732026,1.2363636363636366,81.33462282398453
2025-26,2026-03-23,22500999,2026-03-18T19:00:00-04:00,3,Final,GSW,BOS,GSW @ BOS,194,65,129,0.3384615384615385,0.2015503875968992,1.6792899408284023,96.22823984526111
2025-26,2026-03-23,22501000,2026-03-18T19:30:00-04:00,3,Final,OKC,BKN,OKC @ BKN,207,65,142,0.3076923076923077,0.2112676056338028,1.4564102564102566,91.77949709864605
2025-26,2026-03-23,22501001,2026-03-18T19:30:00-04:00,3,Final,POR,IND,POR @ IND,198,64,134,0.1875,0.2462686567164179,0.7613636363636364,35.25145067698259
2025-26,2026-03-23,22501002,2026-03-18T20:00:00-04:00,3,Final,TOR,CHI,TOR @ CHI,213,73,140,0.2054794520547945,0.2642857142857143,0.777489818585709,37.524177949709866
2025-26,2026-03-23,22501004,2026-03-18T20:00:00-04:00,3,Final,UTA,MIN,UTA @ MIN,219,74,145,0.1486486486486486,0.2689655172413793,0.5526680526680527,11.992263056092844
2025-26,2026-03-23,22501005,2026-03-18T20:00:00-04:00,3,Final,LAC,NOP,LAC @ NOP,190,50,140,0.26,0.1785714285714285,1.456,91.68278529980658
2025-26,2026-03-23,22501006,2026-03-18T20:30:00-04:00,3,Final,ATL,DAL,ATL @ DAL,208,56,152,0.25,0.1776315789473684,1.4074074074074074,90.52224371373308
2025-26,2026-03-23,22501007,2026-03-18T21:30:00-04:00,3,Final,LAL,HOU,LAL @ HOU,189,66,123,0.2575757575757575,0.2601626016260163,0.990056818181818,62.18568665377177
2025-26,2026-03-23,22501008,2026-03-19T19:00:00-04:00,3,Final,ORL,CHA,ORL @ CHA,196,70,126,0.1714285714285714,0.2857142857142857,0.6000000000000001,15.473887814313349
2025-26,2026-03-23,22501009,2026-03-19T19:00:00-04:00,3,Final,DET,WAS,DET @ WAS,198,54,144,0.1296296296296296,0.2083333333333333,0.6222222222222221,17.69825918762089
2025-26,2026-03-23,22501010,2026-03-19T20:00:00-04:00,3,Final,LAL,MIA,LAL @ MIA,206,70,136,0.3571428571428571,0.2573529411764705,1.3877551020408163,89.45841392649903
2025-26,2026-03-23,22501011,2026-03-19T20:00:00-04:00,3,Final,CLE,CHI,CLE @ CHI,205,65,140,0.2615384615384615,0.2214285714285714,1.1811414392059554,78.33655705996132
2025-26,2026-03-23,22501012,2026-03-19T20:00:00-04:00,3,Final,LAC,NOP,LAC @ NOP,193,68,125,0.1617647058823529,0.288,0.5616830065359478,12.669245647969053
2025-26,2026-03-23,22501013,2026-03-19T20:00:00-04:00,3,Final,PHX,SAS,PHX @ SAS,192,61,131,0.1639344262295081,0.2366412213740458,0.6927551560021152,26.20889748549323
2025-26,2026-03-23,22501014,2026-03-19T21:00:00-04:00,3,Final,MIL,UTA,MIL @ UTA,199,58,141,0.3103448275862069,0.1843971631205673,1.6830238726790452,96.42166344294004
2025-26,2026-03-23,22501015,2026-03-19T22:00:00-04:00,3,Final,PHI,SAC,PHI @ SAC,208,67,141,0.1492537313432835,0.2482269503546099,0.6012793176972281,15.570599613152805
2025-26,2026-03-23,22501016,2026-03-20T19:30:00-04:00,3,Final,NYK,BKN,NYK @ BKN,191,64,127,0.265625,0.2519685039370078,1.05419921875,68.08510638297872
2025-26,2026-03-23,22501017,2026-03-20T19:30:00-04:00,3,Final,GSW,DET,GSW @ DET,202,57,145,0.1052631578947368,0.2137931034482758,0.4923599320882851,7.156673114119923
2025-26,2026-03-23,22501018,2026-03-20T20:00:00-04:00,3,Final,ATL,HOU,ATL @ HOU,200,57,143,0.2456140350877192,0.2027972027972027,1.2111312764670297,79.98065764023211
2025-26,2026-03-23,22501019,2026-03-20T20:00:00-04:00,3,Final,BOS,MEM,BOS @ MEM,193,65,128,0.2153846153846154,0.25,0.8615384615384616,47.48549323017408
2025-26,2026-03-23,22501020,2026-03-20T20:00:00-04:00,3,Final,POR,MIN,POR @ MIN,200,65,135,0.2615384615384615,0.237037037037037,1.1033653846153846,72.3404255319149
2025-26,2026-03-23,22501021,2026-03-20T21:00:00-04:00,3,Final,TOR,DEN,TOR @ DEN,189,66,123,0.1666666666666666,0.2845528455284553,0.5857142857142857,14.313346228239846
2025-26,2026-03-23,22501022,2026-03-21T17:00:00-04:00,3,Final,OKC,WAS,OKC @ WAS,201,63,138,0.2063492063492063,0.2318840579710145,0.8898809523809523,51.83752417794971
2025-26,2026-03-23,22501023,2026-03-21T19:00:00-04:00,3,Final,MEM,CHA,MEM @ CHA,196,63,133,0.2063492063492063,0.225563909774436,0.9148148148148147,54.44874274661509
2025-26,2026-03-23,22501024,2026-03-21T19:00:00-04:00,3,Final,LAL,ORL,LAL @ ORL,188,75,113,0.3333333333333333,0.3008849557522124,1.1078431372549018,72.92069632495163
2025-26,2026-03-23,22501025,2026-03-21T19:00:00-04:00,3,Final,CLE,NOP,CLE @ NOP,189,60,129,0.2166666666666666,0.2480620155038759,0.8734375000000001,48.93617021276596
2025-26,2026-03-23,22501026,2026-03-21T20:00:00-04:00,3,Final,GSW,ATL,GSW @ ATL,203,56,147,0.2321428571428571,0.2040816326530612,1.1375,75.04835589941973
2025-26,2026-03-23,22501027,2026-03-21T20:00:00-04:00,3,Final,MIA,HOU,MIA @ HOU,189,60,129,0.1,0.2325581395348837,0.43,4.738878143133462
2025-26,2026-03-23,22501028,2026-03-21T20:00:00-04:00,3,Final,IND,SAS,IND @ SAS,196,54,142,0.1481481481481481,0.1971830985915492,0.7513227513227513,33.849129593810446
2025-26,2026-03-23,22501029,2026-03-21T20:30:00-04:00,3,Final,LAC,DAL,LAC @ DAL,210,69,141,0.1884057971014492,0.2411347517730496,0.7813299232736574,38.10444874274662
2025-26,2026-03-23,22501030,2026-03-21T21:30:00-04:00,3,Final,PHI,UTA,PHI @ UTA,204,83,121,0.1927710843373494,0.3388429752066115,0.5689097854833971,13.346228239845262
2025-26,2026-03-23,22501031,2026-03-21T22:00:00-04:00,3,Final,MIL,PHX,MIL @ PHX,184,56,128,0.125,0.2265625,0.5517241379310345,11.895551257253386
2025-26,2026-03-23,22501032,2026-03-22T17:00:00-04:00,3,Final,POR,DEN,POR @ DEN,200,50,150,0.28,0.1533333333333333,1.8260869565217397,98.06576402321085
2025-26,2026-03-23,22501033,2026-03-22T18:00:00-04:00,3,Final,BKN,SAC,BKN @ SAC,192,75,117,0.2666666666666666,0.2991452991452991,0.8914285714285715,52.03094777562862
2025-26,2026-03-23,22501034,2026-03-22T19:30:00-04:00,3,Final,WAS,NYK,WAS @ NYK,197,53,144,0.1509433962264151,0.1875,0.8050314465408804,40.61895551257253
2025-26,2026-03-23,22501035,2026-03-22T20:00:00-04:00,3,Final,MIN,BOS,MIN @ BOS,199,46,153,0.1521739130434782,0.1503267973856209,1.0122873345935728,64.41005802707932
2025-26,2026-03-23,22501036,2026-03-22T21:00:00-04:00,3,Final,TOR,PHX,TOR @ PHX,192,57,135,0.175438596491228,0.2148148148148148,0.8166969147005444,42.16634429400386
