season,game_id,status,error_message,dataset
2021-22,0022100430,failed,No mobile play-by-play rows found for game_id 0022100430.,
2021-22,0022100458,failed,No mobile play-by-play rows found for game_id 0022100458.,
2021-22,0022100464,failed,No mobile play-by-play rows found for game_id 0022100464.,
2021-22,0022100521,failed,No mobile play-by-play rows found for game_id 0022100521.,
2021-22,0022100528,failed,No mobile play-by-play rows found for game_id 0022100528.,
2021-22,0022100710,failed,No mobile play-by-play rows found for game_id 0022100710.,
2021-22,0022100726,failed,No mobile play-by-play rows found for game_id 0022100726.,
2021-22,0022100773,failed,No mobile play-by-play rows found for game_id 0022100773.,
2021-22,0022100775,failed,No mobile play-by-play rows found for game_id 0022100775.,
2021-22,0022100774,failed,No mobile play-by-play rows found for game_id 0022100774.,
2021-22,0022100776,failed,No mobile play-by-play rows found for game_id 0022100776.,
2021-22,0022100777,failed,No mobile play-by-play rows found for game_id 0022100777.,
2021-22,0022100779,failed,No mobile play-by-play rows found for game_id 0022100779.,
2021-22,0022100778,failed,No mobile play-by-play rows found for game_id 0022100778.,
2021-22,0022100780,failed,No mobile play-by-play rows found for game_id 0022100780.,
2021-22,0022100781,failed,No mobile play-by-play rows found for game_id 0022100781.,
2021-22,0022100782,failed,No mobile play-by-play rows found for game_id 0022100782.,
2021-22,0022100783,failed,No mobile play-by-play rows found for game_id 0022100783.,
2021-22,0022100785,failed,No mobile play-by-play rows found for game_id 0022100785.,
2021-22,0022100787,failed,No mobile play-by-play rows found for game_id 0022100787.,
2021-22,0022100786,failed,No mobile play-by-play rows found for game_id 0022100786.,
2021-22,0022100788,failed,No mobile play-by-play rows found for game_id 0022100788.,
2021-22,0022100789,failed,No mobile play-by-play rows found for game_id 0022100789.,
2021-22,0022100790,failed,No mobile play-by-play rows found for game_id 0022100790.,
2021-22,0022100791,failed,No mobile play-by-play rows found for game_id 0022100791.,
2021-22,0022100792,failed,No mobile play-by-play rows found for game_id 0022100792.,
2021-22,0022100793,failed,No mobile play-by-play rows found for game_id 0022100793.,
2021-22,0022100795,failed,No mobile play-by-play rows found for game_id 0022100795.,
2021-22,0022100794,failed,No mobile play-by-play rows found for game_id 0022100794.,
2021-22,0022100796,failed,No mobile play-by-play rows found for game_id 0022100796.,
2021-22,0022100797,failed,No mobile play-by-play rows found for game_id 0022100797.,
2021-22,0022100800,failed,No mobile play-by-play rows found for game_id 0022100800.,
2021-22,0022100798,failed,No mobile play-by-play rows found for game_id 0022100798.,
2021-22,0022100799,failed,No mobile play-by-play rows found for game_id 0022100799.,
2021-22,0022100801,failed,No mobile play-by-play rows found for game_id 0022100801.,
2021-22,0022100802,failed,No mobile play-by-play rows found for game_id 0022100802.,
2021-22,0022100804,failed,No mobile play-by-play rows found for game_id 0022100804.,
2021-22,0022100803,failed,No mobile play-by-play rows found for game_id 0022100803.,
2021-22,0022100805,failed,No mobile play-by-play rows found for game_id 0022100805.,
2021-22,0022100806,failed,No mobile play-by-play rows found for game_id 0022100806.,
2021-22,0022100808,failed,No mobile play-by-play rows found for game_id 0022100808.,
2021-22,0022100807,failed,No mobile play-by-play rows found for game_id 0022100807.,
2021-22,0022100809,failed,No mobile play-by-play rows found for game_id 0022100809.,
2021-22,0022100810,failed,No mobile play-by-play rows found for game_id 0022100810.,
2021-22,0022100812,failed,No mobile play-by-play rows found for game_id 0022100812.,
2021-22,0022100811,failed,No mobile play-by-play rows found for game_id 0022100811.,
2021-22,0022100813,failed,No mobile play-by-play rows found for game_id 0022100813.,
2021-22,0022100814,failed,No mobile play-by-play rows found for game_id 0022100814.,
2021-22,0022100815,failed,No mobile play-by-play rows found for game_id 0022100815.,
2021-22,0022100816,failed,No mobile play-by-play rows found for game_id 0022100816.,
2021-22,0022100817,failed,No mobile play-by-play rows found for game_id 0022100817.,
2021-22,0022100818,failed,No mobile play-by-play rows found for game_id 0022100818.,
2021-22,0022100820,failed,No mobile play-by-play rows found for game_id 0022100820.,
2021-22,0022100819,failed,No mobile play-by-play rows found for game_id 0022100819.,
2021-22,0022100821,failed,No mobile play-by-play rows found for game_id 0022100821.,
2021-22,0022100822,failed,No mobile play-by-play rows found for game_id 0022100822.,
2021-22,0022100823,failed,No mobile play-by-play rows found for game_id 0022100823.,
2021-22,0022100824,failed,No mobile play-by-play rows found for game_id 0022100824.,
2021-22,0022100825,failed,No mobile play-by-play rows found for game_id 0022100825.,
2021-22,0022100826,failed,No mobile play-by-play rows found for game_id 0022100826.,
2021-22,0022100827,failed,No mobile play-by-play rows found for game_id 0022100827.,
2021-22,0022100828,failed,No mobile play-by-play rows found for game_id 0022100828.,
2021-22,0022100829,failed,No mobile play-by-play rows found for game_id 0022100829.,
2021-22,0022100830,failed,No mobile play-by-play rows found for game_id 0022100830.,
2021-22,0022100831,failed,No mobile play-by-play rows found for game_id 0022100831.,
2021-22,0022100832,failed,No mobile play-by-play rows found for game_id 0022100832.,
2021-22,0022100833,failed,No mobile play-by-play rows found for game_id 0022100833.,
2021-22,0022100834,failed,No mobile play-by-play rows found for game_id 0022100834.,
2021-22,0022100835,failed,No mobile play-by-play rows found for game_id 0022100835.,
2021-22,0022100836,failed,No mobile play-by-play rows found for game_id 0022100836.,
2021-22,0022100837,failed,No mobile play-by-play rows found for game_id 0022100837.,
2021-22,0022100838,failed,No mobile play-by-play rows found for game_id 0022100838.,
2021-22,0022100839,failed,No mobile play-by-play rows found for game_id 0022100839.,
2021-22,0022100840,failed,No mobile play-by-play rows found for game_id 0022100840.,
2021-22,0022100841,failed,No mobile play-by-play rows found for game_id 0022100841.,
2021-22,0022100842,failed,No mobile play-by-play rows found for game_id 0022100842.,
2021-22,0022100843,failed,No mobile play-by-play rows found for game_id 0022100843.,
2021-22,0022100844,failed,No mobile play-by-play rows found for game_id 0022100844.,
2021-22,0022100845,failed,No mobile play-by-play rows found for game_id 0022100845.,
2021-22,0022100846,failed,No mobile play-by-play rows found for game_id 0022100846.,
2021-22,0022100847,failed,No mobile play-by-play rows found for game_id 0022100847.,
2021-22,0022100848,failed,No mobile play-by-play rows found for game_id 0022100848.,
2021-22,0022100849,failed,No mobile play-by-play rows found for game_id 0022100849.,
2021-22,0022100850,failed,No mobile play-by-play rows found for game_id 0022100850.,
2021-22,0022100851,failed,No mobile play-by-play rows found for game_id 0022100851.,
2021-22,0022100852,failed,No mobile play-by-play rows found for game_id 0022100852.,
2021-22,0022100853,failed,No mobile play-by-play rows found for game_id 0022100853.,
2021-22,0022100854,failed,No mobile play-by-play rows found for game_id 0022100854.,
2021-22,0022100855,failed,No mobile play-by-play rows found for game_id 0022100855.,
2021-22,0022100856,failed,No mobile play-by-play rows found for game_id 0022100856.,
2021-22,0022100857,failed,No mobile play-by-play rows found for game_id 0022100857.,
2021-22,0022100858,failed,No mobile play-by-play rows found for game_id 0022100858.,
2021-22,0022100859,failed,No mobile play-by-play rows found for game_id 0022100859.,
2021-22,0022100860,failed,No mobile play-by-play rows found for game_id 0022100860.,
2021-22,0022100861,failed,No mobile play-by-play rows found for game_id 0022100861.,
2021-22,0022100862,failed,No mobile play-by-play rows found for game_id 0022100862.,
2021-22,0022100864,failed,No mobile play-by-play rows found for game_id 0022100864.,
2021-22,0022100863,failed,No mobile play-by-play rows found for game_id 0022100863.,
2021-22,0022100865,failed,No mobile play-by-play rows found for game_id 0022100865.,
2021-22,0022100866,failed,No mobile play-by-play rows found for game_id 0022100866.,
2021-22,0022100867,failed,No mobile play-by-play rows found for game_id 0022100867.,
2021-22,0022100868,failed,No mobile play-by-play rows found for game_id 0022100868.,
2021-22,0022100869,failed,No mobile play-by-play rows found for game_id 0022100869.,
2021-22,0022100870,failed,No mobile play-by-play rows found for game_id 0022100870.,
2021-22,0022100871,failed,No mobile play-by-play rows found for game_id 0022100871.,
2021-22,0022100872,failed,No mobile play-by-play rows found for game_id 0022100872.,
2021-22,0022100873,failed,No mobile play-by-play rows found for game_id 0022100873.,
2021-22,0022100874,failed,No mobile play-by-play rows found for game_id 0022100874.,
2021-22,0022100875,failed,No mobile play-by-play rows found for game_id 0022100875.,
2021-22,0022100876,failed,No mobile play-by-play rows found for game_id 0022100876.,
2021-22,0022100877,failed,No mobile play-by-play rows found for game_id 0022100877.,
2021-22,0022100878,failed,No mobile play-by-play rows found for game_id 0022100878.,
2021-22,0022100879,failed,No mobile play-by-play rows found for game_id 0022100879.,
2021-22,0022100880,failed,No mobile play-by-play rows found for game_id 0022100880.,
2021-22,0022100881,failed,No mobile play-by-play rows found for game_id 0022100881.,
2021-22,0022100882,failed,No mobile play-by-play rows found for game_id 0022100882.,
2021-22,0022100883,failed,No mobile play-by-play rows found for game_id 0022100883.,
2021-22,0022100884,failed,No mobile play-by-play rows found for game_id 0022100884.,
2021-22,0022100885,failed,No mobile play-by-play rows found for game_id 0022100885.,
2021-22,0022100887,failed,No mobile play-by-play rows found for game_id 0022100887.,
2021-22,0022100886,failed,No mobile play-by-play rows found for game_id 0022100886.,
2021-22,0022100888,failed,No mobile play-by-play rows found for game_id 0022100888.,
2021-22,0022100889,failed,No mobile play-by-play rows found for game_id 0022100889.,
2021-22,0022100892,failed,No mobile play-by-play rows found for game_id 0022100892.,
2021-22,0022100890,failed,No mobile play-by-play rows found for game_id 0022100890.,
2021-22,0022100891,failed,No mobile play-by-play rows found for game_id 0022100891.,
2021-22,0022100893,failed,No mobile play-by-play rows found for game_id 0022100893.,
2021-22,0022100894,failed,No mobile play-by-play rows found for game_id 0022100894.,
2021-22,0022100895,failed,No mobile play-by-play rows found for game_id 0022100895.,
2021-22,0022100896,failed,No mobile play-by-play rows found for game_id 0022100896.,
2021-22,0022100897,failed,No mobile play-by-play rows found for game_id 0022100897.,
2021-22,0022100899,failed,No mobile play-by-play rows found for game_id 0022100899.,
2021-22,0022100900,failed,No mobile play-by-play rows found for game_id 0022100900.,
2021-22,0022100898,failed,No mobile play-by-play rows found for game_id 0022100898.,
2021-22,0022100901,failed,No mobile play-by-play rows found for game_id 0022100901.,
2021-22,0022100902,failed,No mobile play-by-play rows found for game_id 0022100902.,
2021-22,0022100903,failed,No mobile play-by-play rows found for game_id 0022100903.,
2021-22,0022100904,failed,No mobile play-by-play rows found for game_id 0022100904.,
2021-22,0022100905,failed,No mobile play-by-play rows found for game_id 0022100905.,
2021-22,0022100906,failed,No mobile play-by-play rows found for game_id 0022100906.,
2021-22,0022100907,failed,No mobile play-by-play rows found for game_id 0022100907.,
2021-22,0022100908,failed,No mobile play-by-play rows found for game_id 0022100908.,
2021-22,0022100909,failed,No mobile play-by-play rows found for game_id 0022100909.,
2021-22,0022100910,failed,No mobile play-by-play rows found for game_id 0022100910.,
2021-22,0022100911,failed,No mobile play-by-play rows found for game_id 0022100911.,
2021-22,0022100912,failed,No mobile play-by-play rows found for game_id 0022100912.,
2021-22,0022100913,failed,No mobile play-by-play rows found for game_id 0022100913.,
2021-22,0022100914,failed,No mobile play-by-play rows found for game_id 0022100914.,
2021-22,0022100915,failed,No mobile play-by-play rows found for game_id 0022100915.,
2021-22,0022100916,failed,No mobile play-by-play rows found for game_id 0022100916.,
2021-22,0022100917,failed,No mobile play-by-play rows found for game_id 0022100917.,
2021-22,0022100918,failed,No mobile play-by-play rows found for game_id 0022100918.,
2021-22,0022100920,failed,No mobile play-by-play rows found for game_id 0022100920.,
2021-22,0022100919,failed,No mobile play-by-play rows found for game_id 0022100919.,
2021-22,0022100921,failed,No mobile play-by-play rows found for game_id 0022100921.,
2021-22,0022100922,failed,No mobile play-by-play rows found for game_id 0022100922.,
2021-22,0022100923,failed,No mobile play-by-play rows found for game_id 0022100923.,
2021-22,0022100924,failed,No mobile play-by-play rows found for game_id 0022100924.,
2021-22,0022100925,failed,No mobile play-by-play rows found for game_id 0022100925.,
2021-22,0022100926,failed,No mobile play-by-play rows found for game_id 0022100926.,
2021-22,0022100928,failed,No mobile play-by-play rows found for game_id 0022100928.,
2021-22,0022100927,failed,No mobile play-by-play rows found for game_id 0022100927.,
2021-22,0022100929,failed,No mobile play-by-play rows found for game_id 0022100929.,
2021-22,0022100930,failed,No mobile play-by-play rows found for game_id 0022100930.,
2021-22,0022100931,failed,No mobile play-by-play rows found for game_id 0022100931.,
2021-22,0022100932,failed,No mobile play-by-play rows found for game_id 0022100932.,
2021-22,0022100933,failed,No mobile play-by-play rows found for game_id 0022100933.,
2021-22,0022100935,failed,No mobile play-by-play rows found for game_id 0022100935.,
2021-22,0022100936,failed,No mobile play-by-play rows found for game_id 0022100936.,
2021-22,0022100934,failed,No mobile play-by-play rows found for game_id 0022100934.,
2021-22,0022100937,failed,No mobile play-by-play rows found for game_id 0022100937.,
2021-22,0022100938,failed,No mobile play-by-play rows found for game_id 0022100938.,
2021-22,0022100939,failed,No mobile play-by-play rows found for game_id 0022100939.,
2021-22,0022100940,failed,No mobile play-by-play rows found for game_id 0022100940.,
2021-22,0022100941,failed,No mobile play-by-play rows found for game_id 0022100941.,
2021-22,0022100942,failed,No mobile play-by-play rows found for game_id 0022100942.,
2021-22,0022100943,failed,No mobile play-by-play rows found for game_id 0022100943.,
2021-22,0022100944,failed,No mobile play-by-play rows found for game_id 0022100944.,
2021-22,0022100945,failed,No mobile play-by-play rows found for game_id 0022100945.,
2021-22,0022100948,failed,No mobile play-by-play rows found for game_id 0022100948.,
2021-22,0022100946,failed,No mobile play-by-play rows found for game_id 0022100946.,
2021-22,0022100947,failed,No mobile play-by-play rows found for game_id 0022100947.,
2021-22,0022100949,failed,No mobile play-by-play rows found for game_id 0022100949.,
2021-22,0022100950,failed,No mobile play-by-play rows found for game_id 0022100950.,
2021-22,0022100952,failed,No mobile play-by-play rows found for game_id 0022100952.,
2021-22,0022100951,failed,No mobile play-by-play rows found for game_id 0022100951.,
2021-22,0022100953,failed,No mobile play-by-play rows found for game_id 0022100953.,
2021-22,0022100955,failed,No mobile play-by-play rows found for game_id 0022100955.,
2021-22,0022100954,failed,No mobile play-by-play rows found for game_id 0022100954.,
2021-22,0022100956,failed,No mobile play-by-play rows found for game_id 0022100956.,
2021-22,0022100957,failed,No mobile play-by-play rows found for game_id 0022100957.,
2021-22,0022100959,failed,No mobile play-by-play rows found for game_id 0022100959.,
2021-22,0022100958,failed,No mobile play-by-play rows found for game_id 0022100958.,
2021-22,0022100960,failed,No mobile play-by-play rows found for game_id 0022100960.,
2021-22,0022100961,failed,No mobile play-by-play rows found for game_id 0022100961.,
2021-22,0022100963,failed,No mobile play-by-play rows found for game_id 0022100963.,
2021-22,0022100964,failed,No mobile play-by-play rows found for game_id 0022100964.,
2021-22,0022100962,failed,No mobile play-by-play rows found for game_id 0022100962.,
2021-22,0022100965,failed,No mobile play-by-play rows found for game_id 0022100965.,
2021-22,0022100966,failed,No mobile play-by-play rows found for game_id 0022100966.,
2021-22,0022100968,failed,No mobile play-by-play rows found for game_id 0022100968.,
2021-22,0022100967,failed,No mobile play-by-play rows found for game_id 0022100967.,
2021-22,0022100969,failed,No mobile play-by-play rows found for game_id 0022100969.,
2021-22,0022100970,failed,No mobile play-by-play rows found for game_id 0022100970.,
2021-22,0022100971,failed,No mobile play-by-play rows found for game_id 0022100971.,
2021-22,0022100972,failed,No mobile play-by-play rows found for game_id 0022100972.,
2021-22,0022100973,failed,No mobile play-by-play rows found for game_id 0022100973.,
2021-22,0022100976,failed,No mobile play-by-play rows found for game_id 0022100976.,
2021-22,0022100975,failed,No mobile play-by-play rows found for game_id 0022100975.,
2021-22,0022100974,failed,No mobile play-by-play rows found for game_id 0022100974.,
2021-22,0022100977,failed,No mobile play-by-play rows found for game_id 0022100977.,
2021-22,0022100978,failed,No mobile play-by-play rows found for game_id 0022100978.,
2021-22,0022100980,failed,No mobile play-by-play rows found for game_id 0022100980.,
2021-22,0022100979,failed,No mobile play-by-play rows found for game_id 0022100979.,
2021-22,0022100981,failed,No mobile play-by-play rows found for game_id 0022100981.,
2021-22,0022100982,failed,No mobile play-by-play rows found for game_id 0022100982.,
2021-22,0022100984,failed,No mobile play-by-play rows found for game_id 0022100984.,
2021-22,0022100983,failed,No mobile play-by-play rows found for game_id 0022100983.,
2021-22,0022100985,failed,No mobile play-by-play rows found for game_id 0022100985.,
2021-22,0022100986,failed,No mobile play-by-play rows found for game_id 0022100986.,
2021-22,0022100988,failed,No mobile play-by-play rows found for game_id 0022100988.,
2021-22,0022100987,failed,No mobile play-by-play rows found for game_id 0022100987.,
2021-22,0022100989,failed,No mobile play-by-play rows found for game_id 0022100989.,
2021-22,0022100990,failed,No mobile play-by-play rows found for game_id 0022100990.,
2021-22,0022100991,failed,No mobile play-by-play rows found for game_id 0022100991.,
2021-22,0022100992,failed,No mobile play-by-play rows found for game_id 0022100992.,
2021-22,0022100993,failed,No mobile play-by-play rows found for game_id 0022100993.,
2021-22,0022100996,failed,No mobile play-by-play rows found for game_id 0022100996.,
2021-22,0022100994,failed,No mobile play-by-play rows found for game_id 0022100994.,
2021-22,0022100995,failed,No mobile play-by-play rows found for game_id 0022100995.,
2021-22,0022100997,failed,No mobile play-by-play rows found for game_id 0022100997.,
2021-22,0022101000,failed,No mobile play-by-play rows found for game_id 0022101000.,
2021-22,0022100999,failed,No mobile play-by-play rows found for game_id 0022100999.,
2021-22,0022100998,failed,No mobile play-by-play rows found for game_id 0022100998.,
2021-22,0022101001,failed,No mobile play-by-play rows found for game_id 0022101001.,
2021-22,0022101003,failed,No mobile play-by-play rows found for game_id 0022101003.,
2021-22,0022101004,failed,No mobile play-by-play rows found for game_id 0022101004.,
2021-22,0022101002,failed,No mobile play-by-play rows found for game_id 0022101002.,
2021-22,0022101005,failed,No mobile play-by-play rows found for game_id 0022101005.,
2021-22,0022101007,failed,No mobile play-by-play rows found for game_id 0022101007.,
2021-22,0022101008,failed,No mobile play-by-play rows found for game_id 0022101008.,
2021-22,0022101006,failed,No mobile play-by-play rows found for game_id 0022101006.,
2021-22,0022101009,failed,No mobile play-by-play rows found for game_id 0022101009.,
2021-22,0022101011,failed,No mobile play-by-play rows found for game_id 0022101011.,
2021-22,0022101012,failed,No mobile play-by-play rows found for game_id 0022101012.,
2021-22,0022101010,failed,No mobile play-by-play rows found for game_id 0022101010.,
2021-22,0022101013,failed,No mobile play-by-play rows found for game_id 0022101013.,
2021-22,0022101014,failed,No mobile play-by-play rows found for game_id 0022101014.,
2021-22,0022101016,failed,No mobile play-by-play rows found for game_id 0022101016.,
2021-22,0022101015,failed,No mobile play-by-play rows found for game_id 0022101015.,
2021-22,0022101017,failed,No mobile play-by-play rows found for game_id 0022101017.,
2021-22,0022101020,failed,No mobile play-by-play rows found for game_id 0022101020.,
2021-22,0022101019,failed,No mobile play-by-play rows found for game_id 0022101019.,
2021-22,0022101018,failed,No mobile play-by-play rows found for game_id 0022101018.,
2021-22,0022101021,failed,No mobile play-by-play rows found for game_id 0022101021.,
2021-22,0022101022,failed,No mobile play-by-play rows found for game_id 0022101022.,
2021-22,0022101023,failed,No mobile play-by-play rows found for game_id 0022101023.,
2021-22,0022101024,failed,No mobile play-by-play rows found for game_id 0022101024.,
2021-22,0022101025,failed,No mobile play-by-play rows found for game_id 0022101025.,
2021-22,0022101026,failed,No mobile play-by-play rows found for game_id 0022101026.,
2021-22,0022101028,failed,No mobile play-by-play rows found for game_id 0022101028.,
2021-22,0022101027,failed,No mobile play-by-play rows found for game_id 0022101027.,
2021-22,0022101029,failed,No mobile play-by-play rows found for game_id 0022101029.,
2021-22,0022101031,failed,No mobile play-by-play rows found for game_id 0022101031.,
2021-22,0022101032,failed,No mobile play-by-play rows found for game_id 0022101032.,
2021-22,0022101034,failed,No mobile play-by-play rows found for game_id 0022101034.,
2021-22,0022101035,failed,No mobile play-by-play rows found for game_id 0022101035.,
2021-22,0022101036,failed,No mobile play-by-play rows found for game_id 0022101036.,
2021-22,0022101037,failed,No mobile play-by-play rows found for game_id 0022101037.,
2021-22,0022101038,failed,No mobile play-by-play rows found for game_id 0022101038.,
2021-22,0022101040,failed,No mobile play-by-play rows found for game_id 0022101040.,
2021-22,0022101041,failed,No mobile play-by-play rows found for game_id 0022101041.,
2021-22,0022101042,failed,No mobile play-by-play rows found for game_id 0022101042.,
2021-22,0022101043,failed,No mobile play-by-play rows found for game_id 0022101043.,
2021-22,0022101044,failed,No mobile play-by-play rows found for game_id 0022101044.,
2021-22,0022101045,failed,No mobile play-by-play rows found for game_id 0022101045.,
2021-22,0022101046,failed,No mobile play-by-play rows found for game_id 0022101046.,
2021-22,0022101047,failed,No mobile play-by-play rows found for game_id 0022101047.,
2021-22,0022101048,failed,No mobile play-by-play rows found for game_id 0022101048.,
2021-22,0022101050,failed,No mobile play-by-play rows found for game_id 0022101050.,
2021-22,0022101049,failed,No mobile play-by-play rows found for game_id 0022101049.,
2021-22,0022101051,failed,No mobile play-by-play rows found for game_id 0022101051.,
2021-22,0022101052,failed,No mobile play-by-play rows found for game_id 0022101052.,
2021-22,0022101054,failed,No mobile play-by-play rows found for game_id 0022101054.,
2021-22,0022101053,failed,No mobile play-by-play rows found for game_id 0022101053.,
2021-22,0022101055,failed,No mobile play-by-play rows found for game_id 0022101055.,
2021-22,0022101056,failed,No mobile play-by-play rows found for game_id 0022101056.,
2021-22,0022101057,failed,No mobile play-by-play rows found for game_id 0022101057.,
2021-22,0022101058,failed,No mobile play-by-play rows found for game_id 0022101058.,
2021-22,0022101059,failed,No mobile play-by-play rows found for game_id 0022101059.,
2021-22,0022101060,failed,No mobile play-by-play rows found for game_id 0022101060.,
2021-22,0022101061,failed,No mobile play-by-play rows found for game_id 0022101061.,
2021-22,0022101063,failed,No mobile play-by-play rows found for game_id 0022101063.,
2021-22,0022101064,failed,No mobile play-by-play rows found for game_id 0022101064.,
2021-22,0022101065,failed,No mobile play-by-play rows found for game_id 0022101065.,
2021-22,0022101066,failed,No mobile play-by-play rows found for game_id 0022101066.,
2021-22,0022101067,failed,No mobile play-by-play rows found for game_id 0022101067.,
2021-22,0022101068,failed,No mobile play-by-play rows found for game_id 0022101068.,
2021-22,0022101069,failed,No mobile play-by-play rows found for game_id 0022101069.,
2021-22,0022101070,failed,No mobile play-by-play rows found for game_id 0022101070.,
2021-22,0022101071,failed,No mobile play-by-play rows found for game_id 0022101071.,
2021-22,0022101073,failed,No mobile play-by-play rows found for game_id 0022101073.,
2021-22,0022101074,failed,No mobile play-by-play rows found for game_id 0022101074.,
2021-22,0022101075,failed,No mobile play-by-play rows found for game_id 0022101075.,
2021-22,0022101076,failed,No mobile play-by-play rows found for game_id 0022101076.,
2021-22,0022101077,failed,No mobile play-by-play rows found for game_id 0022101077.,
2021-22,0022101078,failed,No mobile play-by-play rows found for game_id 0022101078.,
2025-26,0022500652,not_in_local_2025_26_snapshot,,raw
2025-26,0022501003,not_in_local_2025_26_snapshot,,raw
2025-26,0022501037,not_in_local_2025_26_snapshot,,raw
2025-26,0022501038,not_in_local_2025_26_snapshot,,raw
2025-26,0022501039,not_in_local_2025_26_snapshot,,raw
2025-26,0022501040,not_in_local_2025_26_snapshot,,raw
2025-26,0022501041,not_in_local_2025_26_snapshot,,raw
2025-26,0022501042,not_in_local_2025_26_snapshot,,raw
2025-26,0022501043,not_in_local_2025_26_snapshot,,raw
2025-26,0022501044,not_in_local_2025_26_snapshot,,raw
2025-26,0022501045,not_in_local_2025_26_snapshot,,raw
2025-26,0022501046,not_in_local_2025_26_snapshot,,raw
2025-26,0022501047,not_in_local_2025_26_snapshot,,raw
2025-26,0022501048,not_in_local_2025_26_snapshot,,raw
2025-26,0022501049,not_in_local_2025_26_snapshot,,raw
2025-26,0022501050,not_in_local_2025_26_snapshot,,raw
2025-26,0022501051,not_in_local_2025_26_snapshot,,raw
2025-26,0022501052,not_in_local_2025_26_snapshot,,raw
2025-26,0022501053,not_in_local_2025_26_snapshot,,raw
2025-26,0022501054,not_in_local_2025_26_snapshot,,raw
2025-26,0022501055,not_in_local_2025_26_snapshot,,raw
2025-26,0022501056,not_in_local_2025_26_snapshot,,raw
2025-26,0022501057,not_in_local_2025_26_snapshot,,raw
2025-26,0022501058,not_in_local_2025_26_snapshot,,raw
2025-26,0022501059,not_in_local_2025_26_snapshot,,raw
2025-26,0022501060,not_in_local_2025_26_snapshot,,raw
2025-26,0022501061,not_in_local_2025_26_snapshot,,raw
2025-26,0022501062,not_in_local_2025_26_snapshot,,raw
2025-26,0022501063,not_in_local_2025_26_snapshot,,raw
2025-26,0022501064,not_in_local_2025_26_snapshot,,raw
2025-26,0022501065,not_in_local_2025_26_snapshot,,raw
2025-26,0022501066,not_in_local_2025_26_snapshot,,raw
2025-26,0022501067,not_in_local_2025_26_snapshot,,raw
2025-26,0022501068,not_in_local_2025_26_snapshot,,raw
2025-26,0022501069,not_in_local_2025_26_snapshot,,raw
2025-26,0022501070,not_in_local_2025_26_snapshot,,raw
2025-26,0022501071,not_in_local_2025_26_snapshot,,raw
2025-26,0022501072,not_in_local_2025_26_snapshot,,raw
2025-26,0022501073,not_in_local_2025_26_snapshot,,raw
2025-26,0022501074,not_in_local_2025_26_snapshot,,raw
2025-26,0022501075,not_in_local_2025_26_snapshot,,raw
2025-26,0022501076,not_in_local_2025_26_snapshot,,raw
2025-26,0022501077,not_in_local_2025_26_snapshot,,raw
2025-26,0022501078,not_in_local_2025_26_snapshot,,raw
2025-26,0022501079,not_in_local_2025_26_snapshot,,raw
2025-26,0022501080,not_in_local_2025_26_snapshot,,raw
2025-26,0022501081,not_in_local_2025_26_snapshot,,raw
2025-26,0022501082,not_in_local_2025_26_snapshot,,raw
2025-26,0022501083,not_in_local_2025_26_snapshot,,raw
2025-26,0022501084,not_in_local_2025_26_snapshot,,raw
2025-26,0022501085,not_in_local_2025_26_snapshot,,raw
2025-26,0022501086,not_in_local_2025_26_snapshot,,raw
2025-26,0022501087,not_in_local_2025_26_snapshot,,raw
2025-26,0022501088,not_in_local_2025_26_snapshot,,raw
2025-26,0022501089,not_in_local_2025_26_snapshot,,raw
2025-26,0022501090,not_in_local_2025_26_snapshot,,raw
2025-26,0022501091,not_in_local_2025_26_snapshot,,raw
2025-26,0022501092,not_in_local_2025_26_snapshot,,raw
2025-26,0022501093,not_in_local_2025_26_snapshot,,raw
2025-26,0022501094,not_in_local_2025_26_snapshot,,raw
2025-26,0022501095,not_in_local_2025_26_snapshot,,raw
2025-26,0022501096,not_in_local_2025_26_snapshot,,raw
2025-26,0022501097,not_in_local_2025_26_snapshot,,raw
2025-26,0022501098,not_in_local_2025_26_snapshot,,raw
2025-26,0022501099,not_in_local_2025_26_snapshot,,raw
2025-26,0022501100,not_in_local_2025_26_snapshot,,raw
2025-26,0022501101,not_in_local_2025_26_snapshot,,raw
2025-26,0022501102,not_in_local_2025_26_snapshot,,raw
2025-26,0022501103,not_in_local_2025_26_snapshot,,raw
2025-26,0022501104,not_in_local_2025_26_snapshot,,raw
2025-26,0022501105,not_in_local_2025_26_snapshot,,raw
2025-26,0022501106,not_in_local_2025_26_snapshot,,raw
2025-26,0022501107,not_in_local_2025_26_snapshot,,raw
2025-26,0022501108,not_in_local_2025_26_snapshot,,raw
2025-26,0022501109,not_in_local_2025_26_snapshot,,raw
2025-26,0022501110,not_in_local_2025_26_snapshot,,raw
2025-26,0022501111,not_in_local_2025_26_snapshot,,raw
2025-26,0022501112,not_in_local_2025_26_snapshot,,raw
2025-26,0022501113,not_in_local_2025_26_snapshot,,raw
2025-26,0022501114,not_in_local_2025_26_snapshot,,raw
2025-26,0022501115,not_in_local_2025_26_snapshot,,raw
2025-26,0022501116,not_in_local_2025_26_snapshot,,raw
2025-26,0022501117,not_in_local_2025_26_snapshot,,raw
2025-26,0022501118,not_in_local_2025_26_snapshot,,raw
2025-26,0022501119,not_in_local_2025_26_snapshot,,raw
2025-26,0022501120,not_in_local_2025_26_snapshot,,raw
2025-26,0022501121,not_in_local_2025_26_snapshot,,raw
2025-26,0022501122,not_in_local_2025_26_snapshot,,raw
2025-26,0022501123,not_in_local_2025_26_snapshot,,raw
2025-26,0022501124,not_in_local_2025_26_snapshot,,raw
2025-26,0022501125,not_in_local_2025_26_snapshot,,raw
2025-26,0022501126,not_in_local_2025_26_snapshot,,raw
2025-26,0022501127,not_in_local_2025_26_snapshot,,raw
2025-26,0022501128,not_in_local_2025_26_snapshot,,raw
2025-26,0022501129,not_in_local_2025_26_snapshot,,raw
2025-26,0022501130,not_in_local_2025_26_snapshot,,raw
2025-26,0022501131,not_in_local_2025_26_snapshot,,raw
2025-26,0022501132,not_in_local_2025_26_snapshot,,raw
2025-26,0022501133,not_in_local_2025_26_snapshot,,raw
2025-26,0022501134,not_in_local_2025_26_snapshot,,raw
2025-26,0022501135,not_in_local_2025_26_snapshot,,raw
2025-26,0022501136,not_in_local_2025_26_snapshot,,raw
2025-26,0022501137,not_in_local_2025_26_snapshot,,raw
2025-26,0022501138,not_in_local_2025_26_snapshot,,raw
2025-26,0022501139,not_in_local_2025_26_snapshot,,raw
2025-26,0022501140,not_in_local_2025_26_snapshot,,raw
2025-26,0022501141,not_in_local_2025_26_snapshot,,raw
2025-26,0022501142,not_in_local_2025_26_snapshot,,raw
2025-26,0022501143,not_in_local_2025_26_snapshot,,raw
2025-26,0022501144,not_in_local_2025_26_snapshot,,raw
2025-26,0022501145,not_in_local_2025_26_snapshot,,raw
2025-26,0022501146,not_in_local_2025_26_snapshot,,raw
2025-26,0022501147,not_in_local_2025_26_snapshot,,raw
2025-26,0022501148,not_in_local_2025_26_snapshot,,raw
2025-26,0022501149,not_in_local_2025_26_snapshot,,raw
2025-26,0022501150,not_in_local_2025_26_snapshot,,raw
2025-26,0022501151,not_in_local_2025_26_snapshot,,raw
2025-26,0022501152,not_in_local_2025_26_snapshot,,raw
2025-26,0022501153,not_in_local_2025_26_snapshot,,raw
2025-26,0022501154,not_in_local_2025_26_snapshot,,raw
2025-26,0022501155,not_in_local_2025_26_snapshot,,raw
2025-26,0022501156,not_in_local_2025_26_snapshot,,raw
2025-26,0022501157,not_in_local_2025_26_snapshot,,raw
2025-26,0022501158,not_in_local_2025_26_snapshot,,raw
2025-26,0022501159,not_in_local_2025_26_snapshot,,raw
2025-26,0022501160,not_in_local_2025_26_snapshot,,raw
2025-26,0022501161,not_in_local_2025_26_snapshot,,raw
2025-26,0022501162,not_in_local_2025_26_snapshot,,raw
2025-26,0022501163,not_in_local_2025_26_snapshot,,raw
2025-26,0022501164,not_in_local_2025_26_snapshot,,raw
2025-26,0022501165,not_in_local_2025_26_snapshot,,raw
2025-26,0022501166,not_in_local_2025_26_snapshot,,raw
2025-26,0022501167,not_in_local_2025_26_snapshot,,raw
2025-26,0022501168,not_in_local_2025_26_snapshot,,raw
2025-26,0022501169,not_in_local_2025_26_snapshot,,raw
2025-26,0022501170,not_in_local_2025_26_snapshot,,raw
2025-26,0022501171,not_in_local_2025_26_snapshot,,raw
2025-26,0022501172,not_in_local_2025_26_snapshot,,raw
2025-26,0022501173,not_in_local_2025_26_snapshot,,raw
2025-26,0022501174,not_in_local_2025_26_snapshot,,raw
2025-26,0022501175,not_in_local_2025_26_snapshot,,raw
2025-26,0022501176,not_in_local_2025_26_snapshot,,raw
2025-26,0022501177,not_in_local_2025_26_snapshot,,raw
2025-26,0022501178,not_in_local_2025_26_snapshot,,raw
2025-26,0022501179,not_in_local_2025_26_snapshot,,raw
2025-26,0022501180,not_in_local_2025_26_snapshot,,raw
2025-26,0022501181,not_in_local_2025_26_snapshot,,raw
2025-26,0022501182,not_in_local_2025_26_snapshot,,raw
2025-26,0022501183,not_in_local_2025_26_snapshot,,raw
2025-26,0022501184,not_in_local_2025_26_snapshot,,raw
2025-26,0022501185,not_in_local_2025_26_snapshot,,raw
2025-26,0022501186,not_in_local_2025_26_snapshot,,raw
2025-26,0022501187,not_in_local_2025_26_snapshot,,raw
2025-26,0022501188,not_in_local_2025_26_snapshot,,raw
2025-26,0022501189,not_in_local_2025_26_snapshot,,raw
2025-26,0022501190,not_in_local_2025_26_snapshot,,raw
2025-26,0022501191,not_in_local_2025_26_snapshot,,raw
2025-26,0022501192,not_in_local_2025_26_snapshot,,raw
2025-26,0022501193,not_in_local_2025_26_snapshot,,raw
2025-26,0022501194,not_in_local_2025_26_snapshot,,raw
2025-26,0022501195,not_in_local_2025_26_snapshot,,raw
2025-26,0022501196,not_in_local_2025_26_snapshot,,raw
2025-26,0022501197,not_in_local_2025_26_snapshot,,raw
2025-26,0022501198,not_in_local_2025_26_snapshot,,raw
2025-26,0022501199,not_in_local_2025_26_snapshot,,raw
2025-26,0022501200,not_in_local_2025_26_snapshot,,raw
2025-26,0022501201,not_in_local_2025_26_snapshot,,raw
2025-26,0022501202,not_in_local_2025_26_snapshot,,raw
2025-26,0022501203,not_in_local_2025_26_snapshot,,raw
2025-26,0022501204,not_in_local_2025_26_snapshot,,raw
2025-26,0022501205,not_in_local_2025_26_snapshot,,raw
2025-26,0022501206,not_in_local_2025_26_snapshot,,raw
2025-26,0022501207,not_in_local_2025_26_snapshot,,raw
2025-26,0022501208,not_in_local_2025_26_snapshot,,raw
2025-26,0022501209,not_in_local_2025_26_snapshot,,raw
2025-26,0022501210,not_in_local_2025_26_snapshot,,raw
2025-26,0022501211,not_in_local_2025_26_snapshot,,raw
2025-26,0022501212,not_in_local_2025_26_snapshot,,raw
2025-26,0022501213,not_in_local_2025_26_snapshot,,raw
2025-26,0022501214,not_in_local_2025_26_snapshot,,raw
2025-26,0022501215,not_in_local_2025_26_snapshot,,raw
2025-26,0022501216,not_in_local_2025_26_snapshot,,raw
2025-26,0022501217,not_in_local_2025_26_snapshot,,raw
2025-26,0022501218,not_in_local_2025_26_snapshot,,raw
2025-26,0022501219,not_in_local_2025_26_snapshot,,raw
2025-26,0022501220,not_in_local_2025_26_snapshot,,raw
2025-26,0022501221,not_in_local_2025_26_snapshot,,raw
2025-26,0022501222,not_in_local_2025_26_snapshot,,raw
2025-26,0022501223,not_in_local_2025_26_snapshot,,raw
2025-26,0022501224,not_in_local_2025_26_snapshot,,raw
2025-26,0022501225,not_in_local_2025_26_snapshot,,raw
2025-26,0022501226,not_in_local_2025_26_snapshot,,raw
2025-26,0022501227,not_in_local_2025_26_snapshot,,raw
2025-26,0022501228,not_in_local_2025_26_snapshot,,raw
2025-26,0022501229,not_in_local_2025_26_snapshot,,raw
2025-26,0022501230,not_in_local_2025_26_snapshot,,raw
2025-26,0022500001,not_in_local_2025_26_snapshot,,controlled
2025-26,0022500002,not_in_local_2025_26_snapshot,,controlled
2025-26,0022500003,not_in_local_2025_26_snapshot,,controlled
2025-26,0022500004,not_in_local_2025_26_snapshot,,controlled
2025-26,0022500005,not_in_local_2025_26_snapshot,,controlled
2025-26,0022500006,not_in_local_2025_26_snapshot,,controlled
2025-26,0022500007,not_in_local_2025_26_snapshot,,controlled
2025-26,0022500008,not_in_local_2025_26_snapshot,,controlled
2025-26,0022500009,not_in_local_2025_26_snapshot,,controlled
2025-26,0022500010,not_in_local_2025_26_snapshot,,controlled
2025-26,0022500011,not_in_local_2025_26_snapshot,,controlled
2025-26,0022500012,not_in_local_2025_26_snapshot,,controlled
2025-26,0022500013,not_in_local_2025_26_snapshot,,controlled
2025-26,0022500014,not_in_local_2025_26_snapshot,,controlled
2025-26,0022500015,not_in_local_2025_26_snapshot,,controlled
2025-26,0022500016,not_in_local_2025_26_snapshot,,controlled
2025-26,0022500017,not_in_local_2025_26_snapshot,,controlled
2025-26,0022500018,not_in_local_2025_26_snapshot,,controlled
2025-26,0022500019,not_in_local_2025_26_snapshot,,controlled
2025-26,0022500020,not_in_local_2025_26_snapshot,,controlled
2025-26,0022500021,not_in_local_2025_26_snapshot,,controlled
2025-26,0022500022,not_in_local_2025_26_snapshot,,controlled
2025-26,0022500023,not_in_local_2025_26_snapshot,,controlled
2025-26,0022500024,not_in_local_2025_26_snapshot,,controlled
2025-26,0022500025,not_in_local_2025_26_snapshot,,controlled
2025-26,0022500026,not_in_local_2025_26_snapshot,,controlled
2025-26,0022500027,not_in_local_2025_26_snapshot,,controlled
2025-26,0022500028,not_in_local_2025_26_snapshot,,controlled
2025-26,0022500029,not_in_local_2025_26_snapshot,,controlled
2025-26,0022500030,not_in_local_2025_26_snapshot,,controlled
2025-26,0022500031,not_in_local_2025_26_snapshot,,controlled
2025-26,0022500032,not_in_local_2025_26_snapshot,,controlled
2025-26,0022500033,not_in_local_2025_26_snapshot,,controlled
2025-26,0022500034,not_in_local_2025_26_snapshot,,controlled
2025-26,0022500035,not_in_local_2025_26_snapshot,,controlled
2025-26,0022500036,not_in_local_2025_26_snapshot,,controlled
2025-26,0022500037,not_in_local_2025_26_snapshot,,controlled
2025-26,0022500038,not_in_local_2025_26_snapshot,,controlled
2025-26,0022500039,not_in_local_2025_26_snapshot,,controlled
2025-26,0022500040,not_in_local_2025_26_snapshot,,controlled
2025-26,0022500041,not_in_local_2025_26_snapshot,,controlled
2025-26,0022500042,not_in_local_2025_26_snapshot,,controlled
2025-26,0022500043,not_in_local_2025_26_snapshot,,controlled
2025-26,0022500044,not_in_local_2025_26_snapshot,,controlled
2025-26,0022500045,not_in_local_2025_26_snapshot,,controlled
2025-26,0022500046,not_in_local_2025_26_snapshot,,controlled
2025-26,0022500047,not_in_local_2025_26_snapshot,,controlled
2025-26,0022500048,not_in_local_2025_26_snapshot,,controlled
2025-26,0022500049,not_in_local_2025_26_snapshot,,controlled
2025-26,0022500050,not_in_local_2025_26_snapshot,,controlled
2025-26,0022500051,not_in_local_2025_26_snapshot,,controlled
2025-26,0022500052,not_in_local_2025_26_snapshot,,controlled
2025-26,0022500053,not_in_local_2025_26_snapshot,,controlled
2025-26,0022500054,not_in_local_2025_26_snapshot,,controlled
2025-26,0022500055,not_in_local_2025_26_snapshot,,controlled
2025-26,0022500056,not_in_local_2025_26_snapshot,,controlled
2025-26,0022500057,not_in_local_2025_26_snapshot,,controlled
2025-26,0022500058,not_in_local_2025_26_snapshot,,controlled
2025-26,0022500059,not_in_local_2025_26_snapshot,,controlled
2025-26,0022500060,not_in_local_2025_26_snapshot,,controlled
2025-26,0022500061,not_in_local_2025_26_snapshot,,controlled
2025-26,0022500062,not_in_local_2025_26_snapshot,,controlled
2025-26,0022500063,not_in_local_2025_26_snapshot,,controlled
2025-26,0022500064,not_in_local_2025_26_snapshot,,controlled
2025-26,0022500065,not_in_local_2025_26_snapshot,,controlled
2025-26,0022500066,not_in_local_2025_26_snapshot,,controlled
2025-26,0022500067,not_in_local_2025_26_snapshot,,controlled
2025-26,0022500068,not_in_local_2025_26_snapshot,,controlled
2025-26,0022500069,not_in_local_2025_26_snapshot,,controlled
2025-26,0022500070,not_in_local_2025_26_snapshot,,controlled
2025-26,0022500071,not_in_local_2025_26_snapshot,,controlled
2025-26,0022500072,not_in_local_2025_26_snapshot,,controlled
2025-26,0022500073,not_in_local_2025_26_snapshot,,controlled
2025-26,0022500074,not_in_local_2025_26_snapshot,,controlled
2025-26,0022500075,not_in_local_2025_26_snapshot,,controlled
2025-26,0022500076,not_in_local_2025_26_snapshot,,controlled
2025-26,0022500077,not_in_local_2025_26_snapshot,,controlled
2025-26,0022500078,not_in_local_2025_26_snapshot,,controlled
2025-26,0022500079,not_in_local_2025_26_snapshot,,controlled
2025-26,0022500080,not_in_local_2025_26_snapshot,,controlled
2025-26,0022500081,not_in_local_2025_26_snapshot,,controlled
2025-26,0022500082,not_in_local_2025_26_snapshot,,controlled
2025-26,0022500083,not_in_local_2025_26_snapshot,,controlled
2025-26,0022500084,not_in_local_2025_26_snapshot,,controlled
2025-26,0022500085,not_in_local_2025_26_snapshot,,controlled
2025-26,0022500086,not_in_local_2025_26_snapshot,,controlled
2025-26,0022500087,not_in_local_2025_26_snapshot,,controlled
2025-26,0022500088,not_in_local_2025_26_snapshot,,controlled
2025-26,0022500089,not_in_local_2025_26_snapshot,,controlled
2025-26,0022500090,not_in_local_2025_26_snapshot,,controlled
2025-26,0022500091,not_in_local_2025_26_snapshot,,controlled
2025-26,0022500092,not_in_local_2025_26_snapshot,,controlled
2025-26,0022500093,not_in_local_2025_26_snapshot,,controlled
2025-26,0022500094,not_in_local_2025_26_snapshot,,controlled
2025-26,0022500095,not_in_local_2025_26_snapshot,,controlled
2025-26,0022500096,not_in_local_2025_26_snapshot,,controlled
2025-26,0022500097,not_in_local_2025_26_snapshot,,controlled
2025-26,0022500098,not_in_local_2025_26_snapshot,,controlled
2025-26,0022500099,not_in_local_2025_26_snapshot,,controlled
2025-26,0022500100,not_in_local_2025_26_snapshot,,controlled
2025-26,0022500101,not_in_local_2025_26_snapshot,,controlled
2025-26,0022500102,not_in_local_2025_26_snapshot,,controlled
2025-26,0022500103,not_in_local_2025_26_snapshot,,controlled
2025-26,0022500104,not_in_local_2025_26_snapshot,,controlled
2025-26,0022500105,not_in_local_2025_26_snapshot,,controlled
2025-26,0022500106,not_in_local_2025_26_snapshot,,controlled
2025-26,0022500107,not_in_local_2025_26_snapshot,,controlled
2025-26,0022500108,not_in_local_2025_26_snapshot,,controlled
2025-26,0022500109,not_in_local_2025_26_snapshot,,controlled
2025-26,0022500110,not_in_local_2025_26_snapshot,,controlled
2025-26,0022500111,not_in_local_2025_26_snapshot,,controlled
2025-26,0022500112,not_in_local_2025_26_snapshot,,controlled
2025-26,0022500113,not_in_local_2025_26_snapshot,,controlled
2025-26,0022500114,not_in_local_2025_26_snapshot,,controlled
2025-26,0022500115,not_in_local_2025_26_snapshot,,controlled
2025-26,0022500116,not_in_local_2025_26_snapshot,,controlled
2025-26,0022500117,not_in_local_2025_26_snapshot,,controlled
2025-26,0022500118,not_in_local_2025_26_snapshot,,controlled
2025-26,0022500119,not_in_local_2025_26_snapshot,,controlled
2025-26,0022500120,not_in_local_2025_26_snapshot,,controlled
2025-26,0022500121,not_in_local_2025_26_snapshot,,controlled
2025-26,0022500122,not_in_local_2025_26_snapshot,,controlled
2025-26,0022500123,not_in_local_2025_26_snapshot,,controlled
2025-26,0022500124,not_in_local_2025_26_snapshot,,controlled
2025-26,0022500125,not_in_local_2025_26_snapshot,,controlled
2025-26,0022500126,not_in_local_2025_26_snapshot,,controlled
2025-26,0022500127,not_in_local_2025_26_snapshot,,controlled
2025-26,0022500128,not_in_local_2025_26_snapshot,,controlled
2025-26,0022500129,not_in_local_2025_26_snapshot,,controlled
2025-26,0022500130,not_in_local_2025_26_snapshot,,controlled
2025-26,0022500131,not_in_local_2025_26_snapshot,,controlled
2025-26,0022500132,not_in_local_2025_26_snapshot,,controlled
2025-26,0022500133,not_in_local_2025_26_snapshot,,controlled
2025-26,0022500134,not_in_local_2025_26_snapshot,,controlled
2025-26,0022500135,not_in_local_2025_26_snapshot,,controlled
2025-26,0022500136,not_in_local_2025_26_snapshot,,controlled
2025-26,0022500137,not_in_local_2025_26_snapshot,,controlled
2025-26,0022500138,not_in_local_2025_26_snapshot,,controlled
2025-26,0022500139,not_in_local_2025_26_snapshot,,controlled
2025-26,0022500140,not_in_local_2025_26_snapshot,,controlled
2025-26,0022500141,not_in_local_2025_26_snapshot,,controlled
2025-26,0022500142,not_in_local_2025_26_snapshot,,controlled
2025-26,0022500143,not_in_local_2025_26_snapshot,,controlled
2025-26,0022500144,not_in_local_2025_26_snapshot,,controlled
2025-26,0022500145,not_in_local_2025_26_snapshot,,controlled
2025-26,0022500146,not_in_local_2025_26_snapshot,,controlled
2025-26,0022500147,not_in_local_2025_26_snapshot,,controlled
2025-26,0022500148,not_in_local_2025_26_snapshot,,controlled
2025-26,0022500149,not_in_local_2025_26_snapshot,,controlled
2025-26,0022500150,not_in_local_2025_26_snapshot,,controlled
2025-26,0022500151,not_in_local_2025_26_snapshot,,controlled
2025-26,0022500152,not_in_local_2025_26_snapshot,,controlled
2025-26,0022500153,not_in_local_2025_26_snapshot,,controlled
2025-26,0022500154,not_in_local_2025_26_snapshot,,controlled
2025-26,0022500155,not_in_local_2025_26_snapshot,,controlled
2025-26,0022500156,not_in_local_2025_26_snapshot,,controlled
2025-26,0022500157,not_in_local_2025_26_snapshot,,controlled
2025-26,0022500158,not_in_local_2025_26_snapshot,,controlled
2025-26,0022500159,not_in_local_2025_26_snapshot,,controlled
2025-26,0022500160,not_in_local_2025_26_snapshot,,controlled
2025-26,0022500161,not_in_local_2025_26_snapshot,,controlled
2025-26,0022500162,not_in_local_2025_26_snapshot,,controlled
2025-26,0022500163,not_in_local_2025_26_snapshot,,controlled
2025-26,0022500164,not_in_local_2025_26_snapshot,,controlled
2025-26,0022500165,not_in_local_2025_26_snapshot,,controlled
2025-26,0022500166,not_in_local_2025_26_snapshot,,controlled
2025-26,0022500167,not_in_local_2025_26_snapshot,,controlled
2025-26,0022500168,not_in_local_2025_26_snapshot,,controlled
2025-26,0022500169,not_in_local_2025_26_snapshot,,controlled
2025-26,0022500170,not_in_local_2025_26_snapshot,,controlled
2025-26,0022500171,not_in_local_2025_26_snapshot,,controlled
2025-26,0022500172,not_in_local_2025_26_snapshot,,controlled
2025-26,0022500173,not_in_local_2025_26_snapshot,,controlled
2025-26,0022500174,not_in_local_2025_26_snapshot,,controlled
2025-26,0022500175,not_in_local_2025_26_snapshot,,controlled
2025-26,0022500176,not_in_local_2025_26_snapshot,,controlled
2025-26,0022500177,not_in_local_2025_26_snapshot,,controlled
2025-26,0022500178,not_in_local_2025_26_snapshot,,controlled
2025-26,0022500179,not_in_local_2025_26_snapshot,,controlled
2025-26,0022500180,not_in_local_2025_26_snapshot,,controlled
2025-26,0022500181,not_in_local_2025_26_snapshot,,controlled
2025-26,0022500182,not_in_local_2025_26_snapshot,,controlled
2025-26,0022500183,not_in_local_2025_26_snapshot,,controlled
2025-26,0022500184,not_in_local_2025_26_snapshot,,controlled
2025-26,0022500185,not_in_local_2025_26_snapshot,,controlled
2025-26,0022500186,not_in_local_2025_26_snapshot,,controlled
2025-26,0022500187,not_in_local_2025_26_snapshot,,controlled
2025-26,0022500188,not_in_local_2025_26_snapshot,,controlled
2025-26,0022500189,not_in_local_2025_26_snapshot,,controlled
2025-26,0022500190,not_in_local_2025_26_snapshot,,controlled
2025-26,0022500191,not_in_local_2025_26_snapshot,,controlled
2025-26,0022500192,not_in_local_2025_26_snapshot,,controlled
2025-26,0022500193,not_in_local_2025_26_snapshot,,controlled
2025-26,0022500194,not_in_local_2025_26_snapshot,,controlled
2025-26,0022500195,not_in_local_2025_26_snapshot,,controlled
2025-26,0022500196,not_in_local_2025_26_snapshot,,controlled
2025-26,0022500197,not_in_local_2025_26_snapshot,,controlled
2025-26,0022500198,not_in_local_2025_26_snapshot,,controlled
2025-26,0022500199,not_in_local_2025_26_snapshot,,controlled
2025-26,0022500200,not_in_local_2025_26_snapshot,,controlled
2025-26,0022500201,not_in_local_2025_26_snapshot,,controlled
2025-26,0022500202,not_in_local_2025_26_snapshot,,controlled
2025-26,0022500203,not_in_local_2025_26_snapshot,,controlled
2025-26,0022500204,not_in_local_2025_26_snapshot,,controlled
2025-26,0022500205,not_in_local_2025_26_snapshot,,controlled
2025-26,0022500206,not_in_local_2025_26_snapshot,,controlled
2025-26,0022500207,not_in_local_2025_26_snapshot,,controlled
2025-26,0022500208,not_in_local_2025_26_snapshot,,controlled
2025-26,0022500209,not_in_local_2025_26_snapshot,,controlled
2025-26,0022500210,not_in_local_2025_26_snapshot,,controlled
2025-26,0022500211,not_in_local_2025_26_snapshot,,controlled
2025-26,0022500212,not_in_local_2025_26_snapshot,,controlled
2025-26,0022500213,not_in_local_2025_26_snapshot,,controlled
2025-26,0022500214,not_in_local_2025_26_snapshot,,controlled
2025-26,0022500215,not_in_local_2025_26_snapshot,,controlled
2025-26,0022500216,not_in_local_2025_26_snapshot,,controlled
2025-26,0022500217,not_in_local_2025_26_snapshot,,controlled
2025-26,0022500218,not_in_local_2025_26_snapshot,,controlled
2025-26,0022500219,not_in_local_2025_26_snapshot,,controlled
2025-26,0022500220,not_in_local_2025_26_snapshot,,controlled
2025-26,0022500221,not_in_local_2025_26_snapshot,,controlled
2025-26,0022500222,not_in_local_2025_26_snapshot,,controlled
2025-26,0022500223,not_in_local_2025_26_snapshot,,controlled
2025-26,0022500224,not_in_local_2025_26_snapshot,,controlled
2025-26,0022500225,not_in_local_2025_26_snapshot,,controlled
2025-26,0022500226,not_in_local_2025_26_snapshot,,controlled
2025-26,0022500227,not_in_local_2025_26_snapshot,,controlled
2025-26,0022500228,not_in_local_2025_26_snapshot,,controlled
2025-26,0022500229,not_in_local_2025_26_snapshot,,controlled
2025-26,0022500230,not_in_local_2025_26_snapshot,,controlled
2025-26,0022500231,not_in_local_2025_26_snapshot,,controlled
2025-26,0022500232,not_in_local_2025_26_snapshot,,controlled
2025-26,0022500233,not_in_local_2025_26_snapshot,,controlled
2025-26,0022500234,not_in_local_2025_26_snapshot,,controlled
2025-26,0022500235,not_in_local_2025_26_snapshot,,controlled
2025-26,0022500236,not_in_local_2025_26_snapshot,,controlled
2025-26,0022500237,not_in_local_2025_26_snapshot,,controlled
2025-26,0022500238,not_in_local_2025_26_snapshot,,controlled
2025-26,0022500239,not_in_local_2025_26_snapshot,,controlled
2025-26,0022500240,not_in_local_2025_26_snapshot,,controlled
2025-26,0022500241,not_in_local_2025_26_snapshot,,controlled
2025-26,0022500242,not_in_local_2025_26_snapshot,,controlled
2025-26,0022500243,not_in_local_2025_26_snapshot,,controlled
2025-26,0022500244,not_in_local_2025_26_snapshot,,controlled
2025-26,0022500245,not_in_local_2025_26_snapshot,,controlled
2025-26,0022500246,not_in_local_2025_26_snapshot,,controlled
2025-26,0022500247,not_in_local_2025_26_snapshot,,controlled
2025-26,0022500248,not_in_local_2025_26_snapshot,,controlled
2025-26,0022500249,not_in_local_2025_26_snapshot,,controlled
2025-26,0022500250,not_in_local_2025_26_snapshot,,controlled
2025-26,0022500251,not_in_local_2025_26_snapshot,,controlled
2025-26,0022500252,not_in_local_2025_26_snapshot,,controlled
2025-26,0022500253,not_in_local_2025_26_snapshot,,controlled
2025-26,0022500254,not_in_local_2025_26_snapshot,,controlled
2025-26,0022500255,not_in_local_2025_26_snapshot,,controlled
2025-26,0022500256,not_in_local_2025_26_snapshot,,controlled
2025-26,0022500257,not_in_local_2025_26_snapshot,,controlled
2025-26,0022500258,not_in_local_2025_26_snapshot,,controlled
2025-26,0022500259,not_in_local_2025_26_snapshot,,controlled
2025-26,0022500260,not_in_local_2025_26_snapshot,,controlled
2025-26,0022500261,not_in_local_2025_26_snapshot,,controlled
2025-26,0022500262,not_in_local_2025_26_snapshot,,controlled
2025-26,0022500263,not_in_local_2025_26_snapshot,,controlled
2025-26,0022500264,not_in_local_2025_26_snapshot,,controlled
2025-26,0022500265,not_in_local_2025_26_snapshot,,controlled
2025-26,0022500266,not_in_local_2025_26_snapshot,,controlled
2025-26,0022500267,not_in_local_2025_26_snapshot,,controlled
2025-26,0022500268,not_in_local_2025_26_snapshot,,controlled
2025-26,0022500269,not_in_local_2025_26_snapshot,,controlled
2025-26,0022500270,not_in_local_2025_26_snapshot,,controlled
2025-26,0022500271,not_in_local_2025_26_snapshot,,controlled
2025-26,0022500272,not_in_local_2025_26_snapshot,,controlled
2025-26,0022500273,not_in_local_2025_26_snapshot,,controlled
2025-26,0022500274,not_in_local_2025_26_snapshot,,controlled
2025-26,0022500275,not_in_local_2025_26_snapshot,,controlled
2025-26,0022500276,not_in_local_2025_26_snapshot,,controlled
2025-26,0022500277,not_in_local_2025_26_snapshot,,controlled
2025-26,0022500278,not_in_local_2025_26_snapshot,,controlled
2025-26,0022500279,not_in_local_2025_26_snapshot,,controlled
2025-26,0022500280,not_in_local_2025_26_snapshot,,controlled
2025-26,0022500281,not_in_local_2025_26_snapshot,,controlled
2025-26,0022500282,not_in_local_2025_26_snapshot,,controlled
2025-26,0022500283,not_in_local_2025_26_snapshot,,controlled
2025-26,0022500284,not_in_local_2025_26_snapshot,,controlled
2025-26,0022500285,not_in_local_2025_26_snapshot,,controlled
2025-26,0022500286,not_in_local_2025_26_snapshot,,controlled
2025-26,0022500287,not_in_local_2025_26_snapshot,,controlled
2025-26,0022500288,not_in_local_2025_26_snapshot,,controlled
2025-26,0022500289,not_in_local_2025_26_snapshot,,controlled
2025-26,0022500290,not_in_local_2025_26_snapshot,,controlled
2025-26,0022500291,not_in_local_2025_26_snapshot,,controlled
2025-26,0022500292,not_in_local_2025_26_snapshot,,controlled
2025-26,0022500293,not_in_local_2025_26_snapshot,,controlled
2025-26,0022500294,not_in_local_2025_26_snapshot,,controlled
2025-26,0022500295,not_in_local_2025_26_snapshot,,controlled
2025-26,0022500296,not_in_local_2025_26_snapshot,,controlled
2025-26,0022500297,not_in_local_2025_26_snapshot,,controlled
2025-26,0022500298,not_in_local_2025_26_snapshot,,controlled
2025-26,0022500299,not_in_local_2025_26_snapshot,,controlled
2025-26,0022500300,not_in_local_2025_26_snapshot,,controlled
2025-26,0022500301,not_in_local_2025_26_snapshot,,controlled
2025-26,0022500302,not_in_local_2025_26_snapshot,,controlled
2025-26,0022500303,not_in_local_2025_26_snapshot,,controlled
2025-26,0022500304,not_in_local_2025_26_snapshot,,controlled
2025-26,0022500305,not_in_local_2025_26_snapshot,,controlled
2025-26,0022500306,not_in_local_2025_26_snapshot,,controlled
2025-26,0022500307,not_in_local_2025_26_snapshot,,controlled
2025-26,0022500308,not_in_local_2025_26_snapshot,,controlled
2025-26,0022500309,not_in_local_2025_26_snapshot,,controlled
2025-26,0022500310,not_in_local_2025_26_snapshot,,controlled
2025-26,0022500311,not_in_local_2025_26_snapshot,,controlled
2025-26,0022500312,not_in_local_2025_26_snapshot,,controlled
2025-26,0022500313,not_in_local_2025_26_snapshot,,controlled
2025-26,0022500314,not_in_local_2025_26_snapshot,,controlled
2025-26,0022500315,not_in_local_2025_26_snapshot,,controlled
2025-26,0022500316,not_in_local_2025_26_snapshot,,controlled
2025-26,0022500317,not_in_local_2025_26_snapshot,,controlled
2025-26,0022500318,not_in_local_2025_26_snapshot,,controlled
2025-26,0022500319,not_in_local_2025_26_snapshot,,controlled
2025-26,0022500320,not_in_local_2025_26_snapshot,,controlled
2025-26,0022500321,not_in_local_2025_26_snapshot,,controlled
2025-26,0022500322,not_in_local_2025_26_snapshot,,controlled
2025-26,0022500323,not_in_local_2025_26_snapshot,,controlled
2025-26,0022500324,not_in_local_2025_26_snapshot,,controlled
2025-26,0022500325,not_in_local_2025_26_snapshot,,controlled
2025-26,0022500326,not_in_local_2025_26_snapshot,,controlled
2025-26,0022500327,not_in_local_2025_26_snapshot,,controlled
2025-26,0022500328,not_in_local_2025_26_snapshot,,controlled
2025-26,0022500329,not_in_local_2025_26_snapshot,,controlled
2025-26,0022500330,not_in_local_2025_26_snapshot,,controlled
2025-26,0022500331,not_in_local_2025_26_snapshot,,controlled
2025-26,0022500332,not_in_local_2025_26_snapshot,,controlled
2025-26,0022500333,not_in_local_2025_26_snapshot,,controlled
2025-26,0022500334,not_in_local_2025_26_snapshot,,controlled
2025-26,0022500335,not_in_local_2025_26_snapshot,,controlled
2025-26,0022500336,not_in_local_2025_26_snapshot,,controlled
2025-26,0022500337,not_in_local_2025_26_snapshot,,controlled
2025-26,0022500338,not_in_local_2025_26_snapshot,,controlled
2025-26,0022500339,not_in_local_2025_26_snapshot,,controlled
2025-26,0022500340,not_in_local_2025_26_snapshot,,controlled
2025-26,0022500341,not_in_local_2025_26_snapshot,,controlled
2025-26,0022500342,not_in_local_2025_26_snapshot,,controlled
2025-26,0022500343,not_in_local_2025_26_snapshot,,controlled
2025-26,0022500344,not_in_local_2025_26_snapshot,,controlled
2025-26,0022500345,not_in_local_2025_26_snapshot,,controlled
2025-26,0022500346,not_in_local_2025_26_snapshot,,controlled
2025-26,0022500347,not_in_local_2025_26_snapshot,,controlled
2025-26,0022500348,not_in_local_2025_26_snapshot,,controlled
2025-26,0022500349,not_in_local_2025_26_snapshot,,controlled
2025-26,0022500350,not_in_local_2025_26_snapshot,,controlled
2025-26,0022500351,not_in_local_2025_26_snapshot,,controlled
2025-26,0022500352,not_in_local_2025_26_snapshot,,controlled
2025-26,0022500353,not_in_local_2025_26_snapshot,,controlled
2025-26,0022500354,not_in_local_2025_26_snapshot,,controlled
2025-26,0022500355,not_in_local_2025_26_snapshot,,controlled
2025-26,0022500356,not_in_local_2025_26_snapshot,,controlled
2025-26,0022500357,not_in_local_2025_26_snapshot,,controlled
2025-26,0022500358,not_in_local_2025_26_snapshot,,controlled
2025-26,0022500359,not_in_local_2025_26_snapshot,,controlled
2025-26,0022500360,not_in_local_2025_26_snapshot,,controlled
2025-26,0022500361,not_in_local_2025_26_snapshot,,controlled
2025-26,0022500362,not_in_local_2025_26_snapshot,,controlled
2025-26,0022500363,not_in_local_2025_26_snapshot,,controlled
2025-26,0022500364,not_in_local_2025_26_snapshot,,controlled
2025-26,0022500365,not_in_local_2025_26_snapshot,,controlled
2025-26,0022500366,not_in_local_2025_26_snapshot,,controlled
2025-26,0022500367,not_in_local_2025_26_snapshot,,controlled
2025-26,0022500368,not_in_local_2025_26_snapshot,,controlled
2025-26,0022500369,not_in_local_2025_26_snapshot,,controlled
2025-26,0022500370,not_in_local_2025_26_snapshot,,controlled
2025-26,0022500371,not_in_local_2025_26_snapshot,,controlled
2025-26,0022500372,not_in_local_2025_26_snapshot,,controlled
2025-26,0022500373,not_in_local_2025_26_snapshot,,controlled
2025-26,0022500374,not_in_local_2025_26_snapshot,,controlled
2025-26,0022500375,not_in_local_2025_26_snapshot,,controlled
2025-26,0022500376,not_in_local_2025_26_snapshot,,controlled
2025-26,0022500377,not_in_local_2025_26_snapshot,,controlled
2025-26,0022500378,not_in_local_2025_26_snapshot,,controlled
2025-26,0022500379,not_in_local_2025_26_snapshot,,controlled
2025-26,0022500380,not_in_local_2025_26_snapshot,,controlled
2025-26,0022500381,not_in_local_2025_26_snapshot,,controlled
2025-26,0022500382,not_in_local_2025_26_snapshot,,controlled
2025-26,0022500383,not_in_local_2025_26_snapshot,,controlled
2025-26,0022500384,not_in_local_2025_26_snapshot,,controlled
2025-26,0022500385,not_in_local_2025_26_snapshot,,controlled
2025-26,0022500386,not_in_local_2025_26_snapshot,,controlled
2025-26,0022500387,not_in_local_2025_26_snapshot,,controlled
2025-26,0022500388,not_in_local_2025_26_snapshot,,controlled
2025-26,0022500389,not_in_local_2025_26_snapshot,,controlled
2025-26,0022500390,not_in_local_2025_26_snapshot,,controlled
2025-26,0022500391,not_in_local_2025_26_snapshot,,controlled
2025-26,0022500392,not_in_local_2025_26_snapshot,,controlled
2025-26,0022500393,not_in_local_2025_26_snapshot,,controlled
2025-26,0022500394,not_in_local_2025_26_snapshot,,controlled
2025-26,0022500395,not_in_local_2025_26_snapshot,,controlled
2025-26,0022500396,not_in_local_2025_26_snapshot,,controlled
2025-26,0022500397,not_in_local_2025_26_snapshot,,controlled
2025-26,0022500398,not_in_local_2025_26_snapshot,,controlled
2025-26,0022500399,not_in_local_2025_26_snapshot,,controlled
2025-26,0022500400,not_in_local_2025_26_snapshot,,controlled
2025-26,0022500401,not_in_local_2025_26_snapshot,,controlled
2025-26,0022500402,not_in_local_2025_26_snapshot,,controlled
2025-26,0022500403,not_in_local_2025_26_snapshot,,controlled
2025-26,0022500404,not_in_local_2025_26_snapshot,,controlled
2025-26,0022500405,not_in_local_2025_26_snapshot,,controlled
2025-26,0022500406,not_in_local_2025_26_snapshot,,controlled
2025-26,0022500407,not_in_local_2025_26_snapshot,,controlled
2025-26,0022500408,not_in_local_2025_26_snapshot,,controlled
2025-26,0022500409,not_in_local_2025_26_snapshot,,controlled
2025-26,0022500410,not_in_local_2025_26_snapshot,,controlled
2025-26,0022500411,not_in_local_2025_26_snapshot,,controlled
2025-26,0022500412,not_in_local_2025_26_snapshot,,controlled
2025-26,0022500413,not_in_local_2025_26_snapshot,,controlled
2025-26,0022500414,not_in_local_2025_26_snapshot,,controlled
2025-26,0022500415,not_in_local_2025_26_snapshot,,controlled
2025-26,0022500416,not_in_local_2025_26_snapshot,,controlled
2025-26,0022500417,not_in_local_2025_26_snapshot,,controlled
2025-26,0022500418,not_in_local_2025_26_snapshot,,controlled
2025-26,0022500419,not_in_local_2025_26_snapshot,,controlled
2025-26,0022500420,not_in_local_2025_26_snapshot,,controlled
2025-26,0022500421,not_in_local_2025_26_snapshot,,controlled
2025-26,0022500422,not_in_local_2025_26_snapshot,,controlled
2025-26,0022500423,not_in_local_2025_26_snapshot,,controlled
2025-26,0022500424,not_in_local_2025_26_snapshot,,controlled
2025-26,0022500425,not_in_local_2025_26_snapshot,,controlled
2025-26,0022500426,not_in_local_2025_26_snapshot,,controlled
2025-26,0022500427,not_in_local_2025_26_snapshot,,controlled
2025-26,0022500428,not_in_local_2025_26_snapshot,,controlled
2025-26,0022500429,not_in_local_2025_26_snapshot,,controlled
2025-26,0022500430,not_in_local_2025_26_snapshot,,controlled
2025-26,0022500431,not_in_local_2025_26_snapshot,,controlled
2025-26,0022500432,not_in_local_2025_26_snapshot,,controlled
2025-26,0022500433,not_in_local_2025_26_snapshot,,controlled
2025-26,0022500434,not_in_local_2025_26_snapshot,,controlled
2025-26,0022500435,not_in_local_2025_26_snapshot,,controlled
2025-26,0022500436,not_in_local_2025_26_snapshot,,controlled
2025-26,0022500437,not_in_local_2025_26_snapshot,,controlled
2025-26,0022500438,not_in_local_2025_26_snapshot,,controlled
2025-26,0022500439,not_in_local_2025_26_snapshot,,controlled
2025-26,0022500440,not_in_local_2025_26_snapshot,,controlled
2025-26,0022500441,not_in_local_2025_26_snapshot,,controlled
2025-26,0022500442,not_in_local_2025_26_snapshot,,controlled
2025-26,0022500443,not_in_local_2025_26_snapshot,,controlled
2025-26,0022500444,not_in_local_2025_26_snapshot,,controlled
2025-26,0022500445,not_in_local_2025_26_snapshot,,controlled
2025-26,0022500446,not_in_local_2025_26_snapshot,,controlled
2025-26,0022500447,not_in_local_2025_26_snapshot,,controlled
2025-26,0022500448,not_in_local_2025_26_snapshot,,controlled
2025-26,0022500449,not_in_local_2025_26_snapshot,,controlled
2025-26,0022500450,not_in_local_2025_26_snapshot,,controlled
2025-26,0022500451,not_in_local_2025_26_snapshot,,controlled
2025-26,0022500452,not_in_local_2025_26_snapshot,,controlled
2025-26,0022500453,not_in_local_2025_26_snapshot,,controlled
2025-26,0022500454,not_in_local_2025_26_snapshot,,controlled
2025-26,0022500455,not_in_local_2025_26_snapshot,,controlled
2025-26,0022500456,not_in_local_2025_26_snapshot,,controlled
2025-26,0022500457,not_in_local_2025_26_snapshot,,controlled
2025-26,0022500458,not_in_local_2025_26_snapshot,,controlled
2025-26,0022500459,not_in_local_2025_26_snapshot,,controlled
2025-26,0022500460,not_in_local_2025_26_snapshot,,controlled
2025-26,0022500461,not_in_local_2025_26_snapshot,,controlled
2025-26,0022500462,not_in_local_2025_26_snapshot,,controlled
2025-26,0022500463,not_in_local_2025_26_snapshot,,controlled
2025-26,0022500464,not_in_local_2025_26_snapshot,,controlled
2025-26,0022500465,not_in_local_2025_26_snapshot,,controlled
2025-26,0022500466,not_in_local_2025_26_snapshot,,controlled
2025-26,0022500467,not_in_local_2025_26_snapshot,,controlled
2025-26,0022500468,not_in_local_2025_26_snapshot,,controlled
2025-26,0022500469,not_in_local_2025_26_snapshot,,controlled
2025-26,0022500470,not_in_local_2025_26_snapshot,,controlled
2025-26,0022500471,not_in_local_2025_26_snapshot,,controlled
2025-26,0022500472,not_in_local_2025_26_snapshot,,controlled
2025-26,0022500473,not_in_local_2025_26_snapshot,,controlled
2025-26,0022500474,not_in_local_2025_26_snapshot,,controlled
2025-26,0022500475,not_in_local_2025_26_snapshot,,controlled
2025-26,0022500476,not_in_local_2025_26_snapshot,,controlled
2025-26,0022500477,not_in_local_2025_26_snapshot,,controlled
2025-26,0022500478,not_in_local_2025_26_snapshot,,controlled
2025-26,0022500479,not_in_local_2025_26_snapshot,,controlled
2025-26,0022500480,not_in_local_2025_26_snapshot,,controlled
2025-26,0022500481,not_in_local_2025_26_snapshot,,controlled
2025-26,0022500482,not_in_local_2025_26_snapshot,,controlled
2025-26,0022500483,not_in_local_2025_26_snapshot,,controlled
2025-26,0022500484,not_in_local_2025_26_snapshot,,controlled
2025-26,0022500485,not_in_local_2025_26_snapshot,,controlled
2025-26,0022500486,not_in_local_2025_26_snapshot,,controlled
2025-26,0022500487,not_in_local_2025_26_snapshot,,controlled
2025-26,0022500488,not_in_local_2025_26_snapshot,,controlled
2025-26,0022500489,not_in_local_2025_26_snapshot,,controlled
2025-26,0022500490,not_in_local_2025_26_snapshot,,controlled
2025-26,0022500491,not_in_local_2025_26_snapshot,,controlled
2025-26,0022500492,not_in_local_2025_26_snapshot,,controlled
2025-26,0022500493,not_in_local_2025_26_snapshot,,controlled
2025-26,0022500494,not_in_local_2025_26_snapshot,,controlled
2025-26,0022500495,not_in_local_2025_26_snapshot,,controlled
2025-26,0022500496,not_in_local_2025_26_snapshot,,controlled
2025-26,0022500497,not_in_local_2025_26_snapshot,,controlled
2025-26,0022500498,not_in_local_2025_26_snapshot,,controlled
2025-26,0022500499,not_in_local_2025_26_snapshot,,controlled
2025-26,0022500500,not_in_local_2025_26_snapshot,,controlled
2025-26,0022500501,not_in_local_2025_26_snapshot,,controlled
2025-26,0022500502,not_in_local_2025_26_snapshot,,controlled
2025-26,0022500503,not_in_local_2025_26_snapshot,,controlled
2025-26,0022500504,not_in_local_2025_26_snapshot,,controlled
2025-26,0022500505,not_in_local_2025_26_snapshot,,controlled
2025-26,0022500506,not_in_local_2025_26_snapshot,,controlled
2025-26,0022500507,not_in_local_2025_26_snapshot,,controlled
2025-26,0022500508,not_in_local_2025_26_snapshot,,controlled
2025-26,0022500509,not_in_local_2025_26_snapshot,,controlled
2025-26,0022500510,not_in_local_2025_26_snapshot,,controlled
2025-26,0022500511,not_in_local_2025_26_snapshot,,controlled
2025-26,0022500512,not_in_local_2025_26_snapshot,,controlled
2025-26,0022500513,not_in_local_2025_26_snapshot,,controlled
2025-26,0022500514,not_in_local_2025_26_snapshot,,controlled
2025-26,0022500515,not_in_local_2025_26_snapshot,,controlled
2025-26,0022500516,not_in_local_2025_26_snapshot,,controlled
2025-26,0022500517,not_in_local_2025_26_snapshot,,controlled
2025-26,0022500518,not_in_local_2025_26_snapshot,,controlled
2025-26,0022500519,not_in_local_2025_26_snapshot,,controlled
2025-26,0022500520,not_in_local_2025_26_snapshot,,controlled
2025-26,0022500521,not_in_local_2025_26_snapshot,,controlled
2025-26,0022500522,not_in_local_2025_26_snapshot,,controlled
2025-26,0022500523,not_in_local_2025_26_snapshot,,controlled
2025-26,0022500524,not_in_local_2025_26_snapshot,,controlled
2025-26,0022500525,not_in_local_2025_26_snapshot,,controlled
2025-26,0022500526,not_in_local_2025_26_snapshot,,controlled
2025-26,0022500527,not_in_local_2025_26_snapshot,,controlled
2025-26,0022500528,not_in_local_2025_26_snapshot,,controlled
2025-26,0022500529,not_in_local_2025_26_snapshot,,controlled
2025-26,0022500530,not_in_local_2025_26_snapshot,,controlled
2025-26,0022500531,not_in_local_2025_26_snapshot,,controlled
2025-26,0022500532,not_in_local_2025_26_snapshot,,controlled
2025-26,0022500533,not_in_local_2025_26_snapshot,,controlled
2025-26,0022500534,not_in_local_2025_26_snapshot,,controlled
2025-26,0022500535,not_in_local_2025_26_snapshot,,controlled
2025-26,0022500536,not_in_local_2025_26_snapshot,,controlled
2025-26,0022500537,not_in_local_2025_26_snapshot,,controlled
2025-26,0022500538,not_in_local_2025_26_snapshot,,controlled
2025-26,0022500539,not_in_local_2025_26_snapshot,,controlled
2025-26,0022500540,not_in_local_2025_26_snapshot,,controlled
2025-26,0022500541,not_in_local_2025_26_snapshot,,controlled
2025-26,0022500542,not_in_local_2025_26_snapshot,,controlled
2025-26,0022500543,not_in_local_2025_26_snapshot,,controlled
2025-26,0022500544,not_in_local_2025_26_snapshot,,controlled
2025-26,0022500545,not_in_local_2025_26_snapshot,,controlled
2025-26,0022500546,not_in_local_2025_26_snapshot,,controlled
2025-26,0022500547,not_in_local_2025_26_snapshot,,controlled
2025-26,0022500548,not_in_local_2025_26_snapshot,,controlled
2025-26,0022500549,not_in_local_2025_26_snapshot,,controlled
2025-26,0022500550,not_in_local_2025_26_snapshot,,controlled
2025-26,0022500551,not_in_local_2025_26_snapshot,,controlled
2025-26,0022500552,not_in_local_2025_26_snapshot,,controlled
2025-26,0022500553,not_in_local_2025_26_snapshot,,controlled
2025-26,0022500554,not_in_local_2025_26_snapshot,,controlled
2025-26,0022500555,not_in_local_2025_26_snapshot,,controlled
2025-26,0022500556,not_in_local_2025_26_snapshot,,controlled
2025-26,0022500557,not_in_local_2025_26_snapshot,,controlled
2025-26,0022500558,not_in_local_2025_26_snapshot,,controlled
2025-26,0022500559,not_in_local_2025_26_snapshot,,controlled
2025-26,0022500560,not_in_local_2025_26_snapshot,,controlled
2025-26,0022500561,not_in_local_2025_26_snapshot,,controlled
2025-26,0022500562,not_in_local_2025_26_snapshot,,controlled
2025-26,0022500563,not_in_local_2025_26_snapshot,,controlled
2025-26,0022500564,not_in_local_2025_26_snapshot,,controlled
2025-26,0022500565,not_in_local_2025_26_snapshot,,controlled
2025-26,0022500566,not_in_local_2025_26_snapshot,,controlled
2025-26,0022500567,not_in_local_2025_26_snapshot,,controlled
2025-26,0022500568,not_in_local_2025_26_snapshot,,controlled
2025-26,0022500569,not_in_local_2025_26_snapshot,,controlled
2025-26,0022500570,not_in_local_2025_26_snapshot,,controlled
2025-26,0022500571,not_in_local_2025_26_snapshot,,controlled
2025-26,0022500572,not_in_local_2025_26_snapshot,,controlled
2025-26,0022500573,not_in_local_2025_26_snapshot,,controlled
2025-26,0022500574,not_in_local_2025_26_snapshot,,controlled
2025-26,0022500575,not_in_local_2025_26_snapshot,,controlled
2025-26,0022500576,not_in_local_2025_26_snapshot,,controlled
2025-26,0022500577,not_in_local_2025_26_snapshot,,controlled
2025-26,0022500578,not_in_local_2025_26_snapshot,,controlled
2025-26,0022500579,not_in_local_2025_26_snapshot,,controlled
2025-26,0022500580,not_in_local_2025_26_snapshot,,controlled
2025-26,0022500581,not_in_local_2025_26_snapshot,,controlled
2025-26,0022500582,not_in_local_2025_26_snapshot,,controlled
2025-26,0022500583,not_in_local_2025_26_snapshot,,controlled
2025-26,0022500584,not_in_local_2025_26_snapshot,,controlled
2025-26,0022500585,not_in_local_2025_26_snapshot,,controlled
2025-26,0022500586,not_in_local_2025_26_snapshot,,controlled
2025-26,0022500587,not_in_local_2025_26_snapshot,,controlled
2025-26,0022500588,not_in_local_2025_26_snapshot,,controlled
2025-26,0022500589,not_in_local_2025_26_snapshot,,controlled
2025-26,0022500590,not_in_local_2025_26_snapshot,,controlled
2025-26,0022500591,not_in_local_2025_26_snapshot,,controlled
2025-26,0022500592,not_in_local_2025_26_snapshot,,controlled
2025-26,0022500593,not_in_local_2025_26_snapshot,,controlled
2025-26,0022500594,not_in_local_2025_26_snapshot,,controlled
2025-26,0022500595,not_in_local_2025_26_snapshot,,controlled
2025-26,0022500596,not_in_local_2025_26_snapshot,,controlled
2025-26,0022500597,not_in_local_2025_26_snapshot,,controlled
2025-26,0022500598,not_in_local_2025_26_snapshot,,controlled
2025-26,0022500599,not_in_local_2025_26_snapshot,,controlled
2025-26,0022500600,not_in_local_2025_26_snapshot,,controlled
2025-26,0022500601,not_in_local_2025_26_snapshot,,controlled
2025-26,0022500602,not_in_local_2025_26_snapshot,,controlled
2025-26,0022500603,not_in_local_2025_26_snapshot,,controlled
2025-26,0022500604,not_in_local_2025_26_snapshot,,controlled
2025-26,0022500605,not_in_local_2025_26_snapshot,,controlled
2025-26,0022500606,not_in_local_2025_26_snapshot,,controlled
2025-26,0022500607,not_in_local_2025_26_snapshot,,controlled
2025-26,0022500608,not_in_local_2025_26_snapshot,,controlled
2025-26,0022500609,not_in_local_2025_26_snapshot,,controlled
2025-26,0022500610,not_in_local_2025_26_snapshot,,controlled
2025-26,0022500611,not_in_local_2025_26_snapshot,,controlled
2025-26,0022500612,not_in_local_2025_26_snapshot,,controlled
2025-26,0022500613,not_in_local_2025_26_snapshot,,controlled
2025-26,0022500614,not_in_local_2025_26_snapshot,,controlled
2025-26,0022500615,not_in_local_2025_26_snapshot,,controlled
2025-26,0022500616,not_in_local_2025_26_snapshot,,controlled
2025-26,0022500617,not_in_local_2025_26_snapshot,,controlled
2025-26,0022500618,not_in_local_2025_26_snapshot,,controlled
2025-26,0022500619,not_in_local_2025_26_snapshot,,controlled
2025-26,0022500620,not_in_local_2025_26_snapshot,,controlled
2025-26,0022500621,not_in_local_2025_26_snapshot,,controlled
2025-26,0022500622,not_in_local_2025_26_snapshot,,controlled
2025-26,0022500623,not_in_local_2025_26_snapshot,,controlled
2025-26,0022500624,not_in_local_2025_26_snapshot,,controlled
2025-26,0022500625,not_in_local_2025_26_snapshot,,controlled
2025-26,0022500626,not_in_local_2025_26_snapshot,,controlled
2025-26,0022500627,not_in_local_2025_26_snapshot,,controlled
2025-26,0022500628,not_in_local_2025_26_snapshot,,controlled
2025-26,0022500629,not_in_local_2025_26_snapshot,,controlled
2025-26,0022500630,not_in_local_2025_26_snapshot,,controlled
2025-26,0022500631,not_in_local_2025_26_snapshot,,controlled
2025-26,0022500632,not_in_local_2025_26_snapshot,,controlled
2025-26,0022500633,not_in_local_2025_26_snapshot,,controlled
2025-26,0022500634,not_in_local_2025_26_snapshot,,controlled
2025-26,0022500635,not_in_local_2025_26_snapshot,,controlled
2025-26,0022500636,not_in_local_2025_26_snapshot,,controlled
2025-26,0022500637,not_in_local_2025_26_snapshot,,controlled
2025-26,0022500638,not_in_local_2025_26_snapshot,,controlled
2025-26,0022500639,not_in_local_2025_26_snapshot,,controlled
2025-26,0022500640,not_in_local_2025_26_snapshot,,controlled
2025-26,0022500641,not_in_local_2025_26_snapshot,,controlled
2025-26,0022500642,not_in_local_2025_26_snapshot,,controlled
2025-26,0022500643,not_in_local_2025_26_snapshot,,controlled
2025-26,0022500644,not_in_local_2025_26_snapshot,,controlled
2025-26,0022500645,not_in_local_2025_26_snapshot,,controlled
2025-26,0022500646,not_in_local_2025_26_snapshot,,controlled
2025-26,0022500647,not_in_local_2025_26_snapshot,,controlled
2025-26,0022500648,not_in_local_2025_26_snapshot,,controlled
2025-26,0022500649,not_in_local_2025_26_snapshot,,controlled
2025-26,0022500650,not_in_local_2025_26_snapshot,,controlled
2025-26,0022500651,not_in_local_2025_26_snapshot,,controlled
2025-26,0022500652,not_in_local_2025_26_snapshot,,controlled
2025-26,0022500653,not_in_local_2025_26_snapshot,,controlled
2025-26,0022500654,not_in_local_2025_26_snapshot,,controlled
2025-26,0022500655,not_in_local_2025_26_snapshot,,controlled
2025-26,0022500656,not_in_local_2025_26_snapshot,,controlled
2025-26,0022500657,not_in_local_2025_26_snapshot,,controlled
2025-26,0022500658,not_in_local_2025_26_snapshot,,controlled
2025-26,0022500659,not_in_local_2025_26_snapshot,,controlled
2025-26,0022500660,not_in_local_2025_26_snapshot,,controlled
2025-26,0022500661,not_in_local_2025_26_snapshot,,controlled
2025-26,0022500662,not_in_local_2025_26_snapshot,,controlled
2025-26,0022500663,not_in_local_2025_26_snapshot,,controlled
2025-26,0022500664,not_in_local_2025_26_snapshot,,controlled
2025-26,0022500665,not_in_local_2025_26_snapshot,,controlled
2025-26,0022500666,not_in_local_2025_26_snapshot,,controlled
2025-26,0022500667,not_in_local_2025_26_snapshot,,controlled
2025-26,0022500668,not_in_local_2025_26_snapshot,,controlled
2025-26,0022500669,not_in_local_2025_26_snapshot,,controlled
2025-26,0022500670,not_in_local_2025_26_snapshot,,controlled
2025-26,0022500671,not_in_local_2025_26_snapshot,,controlled
2025-26,0022500672,not_in_local_2025_26_snapshot,,controlled
2025-26,0022500673,not_in_local_2025_26_snapshot,,controlled
2025-26,0022500674,not_in_local_2025_26_snapshot,,controlled
2025-26,0022500675,not_in_local_2025_26_snapshot,,controlled
2025-26,0022500676,not_in_local_2025_26_snapshot,,controlled
2025-26,0022500677,not_in_local_2025_26_snapshot,,controlled
2025-26,0022500678,not_in_local_2025_26_snapshot,,controlled
2025-26,0022500679,not_in_local_2025_26_snapshot,,controlled
2025-26,0022500680,not_in_local_2025_26_snapshot,,controlled
2025-26,0022500681,not_in_local_2025_26_snapshot,,controlled
2025-26,0022500682,not_in_local_2025_26_snapshot,,controlled
2025-26,0022500683,not_in_local_2025_26_snapshot,,controlled
2025-26,0022500684,not_in_local_2025_26_snapshot,,controlled
2025-26,0022500685,not_in_local_2025_26_snapshot,,controlled
2025-26,0022500686,not_in_local_2025_26_snapshot,,controlled
2025-26,0022500687,not_in_local_2025_26_snapshot,,controlled
2025-26,0022500688,not_in_local_2025_26_snapshot,,controlled
2025-26,0022500689,not_in_local_2025_26_snapshot,,controlled
2025-26,0022500690,not_in_local_2025_26_snapshot,,controlled
2025-26,0022500691,not_in_local_2025_26_snapshot,,controlled
2025-26,0022500692,not_in_local_2025_26_snapshot,,controlled
2025-26,0022500693,not_in_local_2025_26_snapshot,,controlled
2025-26,0022500694,not_in_local_2025_26_snapshot,,controlled
2025-26,0022500695,not_in_local_2025_26_snapshot,,controlled
2025-26,0022500696,not_in_local_2025_26_snapshot,,controlled
2025-26,0022500697,not_in_local_2025_26_snapshot,,controlled
2025-26,0022500698,not_in_local_2025_26_snapshot,,controlled
2025-26,0022500699,not_in_local_2025_26_snapshot,,controlled
2025-26,0022500700,not_in_local_2025_26_snapshot,,controlled
2025-26,0022500701,not_in_local_2025_26_snapshot,,controlled
2025-26,0022500702,not_in_local_2025_26_snapshot,,controlled
2025-26,0022500703,not_in_local_2025_26_snapshot,,controlled
2025-26,0022500704,not_in_local_2025_26_snapshot,,controlled
2025-26,0022500705,not_in_local_2025_26_snapshot,,controlled
2025-26,0022500706,not_in_local_2025_26_snapshot,,controlled
2025-26,0022500707,not_in_local_2025_26_snapshot,,controlled
2025-26,0022500708,not_in_local_2025_26_snapshot,,controlled
2025-26,0022500709,not_in_local_2025_26_snapshot,,controlled
2025-26,0022500710,not_in_local_2025_26_snapshot,,controlled
2025-26,0022500711,not_in_local_2025_26_snapshot,,controlled
2025-26,0022500712,not_in_local_2025_26_snapshot,,controlled
2025-26,0022500713,not_in_local_2025_26_snapshot,,controlled
2025-26,0022500714,not_in_local_2025_26_snapshot,,controlled
2025-26,0022500715,not_in_local_2025_26_snapshot,,controlled
2025-26,0022500716,not_in_local_2025_26_snapshot,,controlled
2025-26,0022500717,not_in_local_2025_26_snapshot,,controlled
2025-26,0022500718,not_in_local_2025_26_snapshot,,controlled
2025-26,0022500719,not_in_local_2025_26_snapshot,,controlled
2025-26,0022500720,not_in_local_2025_26_snapshot,,controlled
2025-26,0022500721,not_in_local_2025_26_snapshot,,controlled
2025-26,0022500722,not_in_local_2025_26_snapshot,,controlled
2025-26,0022500723,not_in_local_2025_26_snapshot,,controlled
2025-26,0022500724,not_in_local_2025_26_snapshot,,controlled
2025-26,0022500725,not_in_local_2025_26_snapshot,,controlled
2025-26,0022500726,not_in_local_2025_26_snapshot,,controlled
2025-26,0022500727,not_in_local_2025_26_snapshot,,controlled
2025-26,0022500728,not_in_local_2025_26_snapshot,,controlled
2025-26,0022500729,not_in_local_2025_26_snapshot,,controlled
2025-26,0022500730,not_in_local_2025_26_snapshot,,controlled
2025-26,0022500731,not_in_local_2025_26_snapshot,,controlled
2025-26,0022500732,not_in_local_2025_26_snapshot,,controlled
2025-26,0022500733,not_in_local_2025_26_snapshot,,controlled
2025-26,0022500734,not_in_local_2025_26_snapshot,,controlled
2025-26,0022500735,not_in_local_2025_26_snapshot,,controlled
2025-26,0022500736,not_in_local_2025_26_snapshot,,controlled
2025-26,0022500737,not_in_local_2025_26_snapshot,,controlled
2025-26,0022500738,not_in_local_2025_26_snapshot,,controlled
2025-26,0022500739,not_in_local_2025_26_snapshot,,controlled
2025-26,0022500740,not_in_local_2025_26_snapshot,,controlled
2025-26,0022500741,not_in_local_2025_26_snapshot,,controlled
2025-26,0022500742,not_in_local_2025_26_snapshot,,controlled
2025-26,0022500743,not_in_local_2025_26_snapshot,,controlled
2025-26,0022500744,not_in_local_2025_26_snapshot,,controlled
2025-26,0022500745,not_in_local_2025_26_snapshot,,controlled
2025-26,0022500746,not_in_local_2025_26_snapshot,,controlled
2025-26,0022500747,not_in_local_2025_26_snapshot,,controlled
2025-26,0022500748,not_in_local_2025_26_snapshot,,controlled
2025-26,0022500749,not_in_local_2025_26_snapshot,,controlled
2025-26,0022500750,not_in_local_2025_26_snapshot,,controlled
2025-26,0022500751,not_in_local_2025_26_snapshot,,controlled
2025-26,0022500752,not_in_local_2025_26_snapshot,,controlled
2025-26,0022500753,not_in_local_2025_26_snapshot,,controlled
2025-26,0022500754,not_in_local_2025_26_snapshot,,controlled
2025-26,0022500755,not_in_local_2025_26_snapshot,,controlled
2025-26,0022500756,not_in_local_2025_26_snapshot,,controlled
2025-26,0022500757,not_in_local_2025_26_snapshot,,controlled
2025-26,0022500758,not_in_local_2025_26_snapshot,,controlled
2025-26,0022500759,not_in_local_2025_26_snapshot,,controlled
2025-26,0022500760,not_in_local_2025_26_snapshot,,controlled
2025-26,0022500761,not_in_local_2025_26_snapshot,,controlled
2025-26,0022500762,not_in_local_2025_26_snapshot,,controlled
2025-26,0022500763,not_in_local_2025_26_snapshot,,controlled
2025-26,0022500764,not_in_local_2025_26_snapshot,,controlled
2025-26,0022500765,not_in_local_2025_26_snapshot,,controlled
2025-26,0022500766,not_in_local_2025_26_snapshot,,controlled
2025-26,0022500767,not_in_local_2025_26_snapshot,,controlled
2025-26,0022500768,not_in_local_2025_26_snapshot,,controlled
2025-26,0022500769,not_in_local_2025_26_snapshot,,controlled
2025-26,0022500770,not_in_local_2025_26_snapshot,,controlled
2025-26,0022500771,not_in_local_2025_26_snapshot,,controlled
2025-26,0022500772,not_in_local_2025_26_snapshot,,controlled
2025-26,0022500773,not_in_local_2025_26_snapshot,,controlled
2025-26,0022500774,not_in_local_2025_26_snapshot,,controlled
2025-26,0022500775,not_in_local_2025_26_snapshot,,controlled
2025-26,0022500776,not_in_local_2025_26_snapshot,,controlled
2025-26,0022500777,not_in_local_2025_26_snapshot,,controlled
2025-26,0022500778,not_in_local_2025_26_snapshot,,controlled
2025-26,0022500779,not_in_local_2025_26_snapshot,,controlled
2025-26,0022500780,not_in_local_2025_26_snapshot,,controlled
2025-26,0022500781,not_in_local_2025_26_snapshot,,controlled
2025-26,0022500782,not_in_local_2025_26_snapshot,,controlled
2025-26,0022500783,not_in_local_2025_26_snapshot,,controlled
2025-26,0022500784,not_in_local_2025_26_snapshot,,controlled
2025-26,0022500785,not_in_local_2025_26_snapshot,,controlled
2025-26,0022500786,not_in_local_2025_26_snapshot,,controlled
2025-26,0022500787,not_in_local_2025_26_snapshot,,controlled
2025-26,0022500788,not_in_local_2025_26_snapshot,,controlled
2025-26,0022500789,not_in_local_2025_26_snapshot,,controlled
2025-26,0022500790,not_in_local_2025_26_snapshot,,controlled
2025-26,0022500791,not_in_local_2025_26_snapshot,,controlled
2025-26,0022500792,not_in_local_2025_26_snapshot,,controlled
2025-26,0022500793,not_in_local_2025_26_snapshot,,controlled
2025-26,0022500794,not_in_local_2025_26_snapshot,,controlled
2025-26,0022500795,not_in_local_2025_26_snapshot,,controlled
2025-26,0022500796,not_in_local_2025_26_snapshot,,controlled
2025-26,0022500797,not_in_local_2025_26_snapshot,,controlled
2025-26,0022500798,not_in_local_2025_26_snapshot,,controlled
2025-26,0022500799,not_in_local_2025_26_snapshot,,controlled
2025-26,0022500800,not_in_local_2025_26_snapshot,,controlled
2025-26,0022500801,not_in_local_2025_26_snapshot,,controlled
2025-26,0022500802,not_in_local_2025_26_snapshot,,controlled
2025-26,0022500803,not_in_local_2025_26_snapshot,,controlled
2025-26,0022500804,not_in_local_2025_26_snapshot,,controlled
2025-26,0022500805,not_in_local_2025_26_snapshot,,controlled
2025-26,0022500806,not_in_local_2025_26_snapshot,,controlled
2025-26,0022500807,not_in_local_2025_26_snapshot,,controlled
2025-26,0022500808,not_in_local_2025_26_snapshot,,controlled
2025-26,0022500809,not_in_local_2025_26_snapshot,,controlled
2025-26,0022500810,not_in_local_2025_26_snapshot,,controlled
2025-26,0022500811,not_in_local_2025_26_snapshot,,controlled
2025-26,0022500812,not_in_local_2025_26_snapshot,,controlled
2025-26,0022500813,not_in_local_2025_26_snapshot,,controlled
2025-26,0022500814,not_in_local_2025_26_snapshot,,controlled
2025-26,0022500815,not_in_local_2025_26_snapshot,,controlled
2025-26,0022500816,not_in_local_2025_26_snapshot,,controlled
2025-26,0022500817,not_in_local_2025_26_snapshot,,controlled
2025-26,0022500818,not_in_local_2025_26_snapshot,,controlled
2025-26,0022500819,not_in_local_2025_26_snapshot,,controlled
2025-26,0022500820,not_in_local_2025_26_snapshot,,controlled
2025-26,0022500821,not_in_local_2025_26_snapshot,,controlled
2025-26,0022500822,not_in_local_2025_26_snapshot,,controlled
2025-26,0022500823,not_in_local_2025_26_snapshot,,controlled
2025-26,0022500824,not_in_local_2025_26_snapshot,,controlled
2025-26,0022500825,not_in_local_2025_26_snapshot,,controlled
2025-26,0022500826,not_in_local_2025_26_snapshot,,controlled
2025-26,0022500827,not_in_local_2025_26_snapshot,,controlled
2025-26,0022500828,not_in_local_2025_26_snapshot,,controlled
2025-26,0022500829,not_in_local_2025_26_snapshot,,controlled
2025-26,0022500830,not_in_local_2025_26_snapshot,,controlled
2025-26,0022500831,not_in_local_2025_26_snapshot,,controlled
2025-26,0022500832,not_in_local_2025_26_snapshot,,controlled
2025-26,0022500833,not_in_local_2025_26_snapshot,,controlled
2025-26,0022500834,not_in_local_2025_26_snapshot,,controlled
2025-26,0022500835,not_in_local_2025_26_snapshot,,controlled
2025-26,0022500836,not_in_local_2025_26_snapshot,,controlled
2025-26,0022500837,not_in_local_2025_26_snapshot,,controlled
2025-26,0022500838,not_in_local_2025_26_snapshot,,controlled
2025-26,0022500839,not_in_local_2025_26_snapshot,,controlled
2025-26,0022500840,not_in_local_2025_26_snapshot,,controlled
2025-26,0022500841,not_in_local_2025_26_snapshot,,controlled
2025-26,0022500842,not_in_local_2025_26_snapshot,,controlled
2025-26,0022500843,not_in_local_2025_26_snapshot,,controlled
2025-26,0022500844,not_in_local_2025_26_snapshot,,controlled
2025-26,0022500845,not_in_local_2025_26_snapshot,,controlled
2025-26,0022500846,not_in_local_2025_26_snapshot,,controlled
2025-26,0022500847,not_in_local_2025_26_snapshot,,controlled
2025-26,0022500848,not_in_local_2025_26_snapshot,,controlled
2025-26,0022500849,not_in_local_2025_26_snapshot,,controlled
2025-26,0022500850,not_in_local_2025_26_snapshot,,controlled
2025-26,0022500851,not_in_local_2025_26_snapshot,,controlled
2025-26,0022500852,not_in_local_2025_26_snapshot,,controlled
2025-26,0022500853,not_in_local_2025_26_snapshot,,controlled
2025-26,0022500854,not_in_local_2025_26_snapshot,,controlled
2025-26,0022500855,not_in_local_2025_26_snapshot,,controlled
2025-26,0022500856,not_in_local_2025_26_snapshot,,controlled
2025-26,0022500857,not_in_local_2025_26_snapshot,,controlled
2025-26,0022500858,not_in_local_2025_26_snapshot,,controlled
2025-26,0022500859,not_in_local_2025_26_snapshot,,controlled
2025-26,0022500860,not_in_local_2025_26_snapshot,,controlled
2025-26,0022500861,not_in_local_2025_26_snapshot,,controlled
2025-26,0022500862,not_in_local_2025_26_snapshot,,controlled
2025-26,0022500863,not_in_local_2025_26_snapshot,,controlled
2025-26,0022500864,not_in_local_2025_26_snapshot,,controlled
2025-26,0022500865,not_in_local_2025_26_snapshot,,controlled
2025-26,0022500866,not_in_local_2025_26_snapshot,,controlled
2025-26,0022500867,not_in_local_2025_26_snapshot,,controlled
2025-26,0022500868,not_in_local_2025_26_snapshot,,controlled
2025-26,0022500869,not_in_local_2025_26_snapshot,,controlled
2025-26,0022500870,not_in_local_2025_26_snapshot,,controlled
2025-26,0022500871,not_in_local_2025_26_snapshot,,controlled
2025-26,0022500872,not_in_local_2025_26_snapshot,,controlled
2025-26,0022500873,not_in_local_2025_26_snapshot,,controlled
2025-26,0022500874,not_in_local_2025_26_snapshot,,controlled
2025-26,0022500875,not_in_local_2025_26_snapshot,,controlled
2025-26,0022500876,not_in_local_2025_26_snapshot,,controlled
2025-26,0022500877,not_in_local_2025_26_snapshot,,controlled
2025-26,0022500878,not_in_local_2025_26_snapshot,,controlled
2025-26,0022500879,not_in_local_2025_26_snapshot,,controlled
2025-26,0022500880,not_in_local_2025_26_snapshot,,controlled
2025-26,0022500881,not_in_local_2025_26_snapshot,,controlled
2025-26,0022500882,not_in_local_2025_26_snapshot,,controlled
2025-26,0022500883,not_in_local_2025_26_snapshot,,controlled
2025-26,0022500884,not_in_local_2025_26_snapshot,,controlled
2025-26,0022500885,not_in_local_2025_26_snapshot,,controlled
2025-26,0022500886,not_in_local_2025_26_snapshot,,controlled
2025-26,0022500887,not_in_local_2025_26_snapshot,,controlled
2025-26,0022500888,not_in_local_2025_26_snapshot,,controlled
2025-26,0022500889,not_in_local_2025_26_snapshot,,controlled
2025-26,0022500890,not_in_local_2025_26_snapshot,,controlled
2025-26,0022500891,not_in_local_2025_26_snapshot,,controlled
2025-26,0022500892,not_in_local_2025_26_snapshot,,controlled
2025-26,0022500893,not_in_local_2025_26_snapshot,,controlled
2025-26,0022500894,not_in_local_2025_26_snapshot,,controlled
2025-26,0022500895,not_in_local_2025_26_snapshot,,controlled
2025-26,0022500896,not_in_local_2025_26_snapshot,,controlled
2025-26,0022500897,not_in_local_2025_26_snapshot,,controlled
2025-26,0022500898,not_in_local_2025_26_snapshot,,controlled
2025-26,0022500899,not_in_local_2025_26_snapshot,,controlled
2025-26,0022500900,not_in_local_2025_26_snapshot,,controlled
2025-26,0022500901,not_in_local_2025_26_snapshot,,controlled
2025-26,0022500902,not_in_local_2025_26_snapshot,,controlled
2025-26,0022500903,not_in_local_2025_26_snapshot,,controlled
2025-26,0022500904,not_in_local_2025_26_snapshot,,controlled
2025-26,0022500905,not_in_local_2025_26_snapshot,,controlled
2025-26,0022500906,not_in_local_2025_26_snapshot,,controlled
2025-26,0022500907,not_in_local_2025_26_snapshot,,controlled
2025-26,0022500908,not_in_local_2025_26_snapshot,,controlled
2025-26,0022500909,not_in_local_2025_26_snapshot,,controlled
2025-26,0022500910,not_in_local_2025_26_snapshot,,controlled
2025-26,0022500911,not_in_local_2025_26_snapshot,,controlled
2025-26,0022500912,not_in_local_2025_26_snapshot,,controlled
2025-26,0022500913,not_in_local_2025_26_snapshot,,controlled
2025-26,0022500914,not_in_local_2025_26_snapshot,,controlled
2025-26,0022500915,not_in_local_2025_26_snapshot,,controlled
2025-26,0022500916,not_in_local_2025_26_snapshot,,controlled
2025-26,0022500917,not_in_local_2025_26_snapshot,,controlled
2025-26,0022500918,not_in_local_2025_26_snapshot,,controlled
2025-26,0022500919,not_in_local_2025_26_snapshot,,controlled
2025-26,0022500920,not_in_local_2025_26_snapshot,,controlled
2025-26,0022500921,not_in_local_2025_26_snapshot,,controlled
2025-26,0022500922,not_in_local_2025_26_snapshot,,controlled
2025-26,0022500923,not_in_local_2025_26_snapshot,,controlled
2025-26,0022500924,not_in_local_2025_26_snapshot,,controlled
2025-26,0022500925,not_in_local_2025_26_snapshot,,controlled
2025-26,0022500926,not_in_local_2025_26_snapshot,,controlled
2025-26,0022500927,not_in_local_2025_26_snapshot,,controlled
2025-26,0022500928,not_in_local_2025_26_snapshot,,controlled
2025-26,0022500929,not_in_local_2025_26_snapshot,,controlled
2025-26,0022500930,not_in_local_2025_26_snapshot,,controlled
2025-26,0022500931,not_in_local_2025_26_snapshot,,controlled
2025-26,0022500932,not_in_local_2025_26_snapshot,,controlled
2025-26,0022500933,not_in_local_2025_26_snapshot,,controlled
2025-26,0022500934,not_in_local_2025_26_snapshot,,controlled
2025-26,0022500935,not_in_local_2025_26_snapshot,,controlled
2025-26,0022500936,not_in_local_2025_26_snapshot,,controlled
2025-26,0022500937,not_in_local_2025_26_snapshot,,controlled
2025-26,0022500938,not_in_local_2025_26_snapshot,,controlled
2025-26,0022500939,not_in_local_2025_26_snapshot,,controlled
2025-26,0022500940,not_in_local_2025_26_snapshot,,controlled
2025-26,0022500941,not_in_local_2025_26_snapshot,,controlled
2025-26,0022500942,not_in_local_2025_26_snapshot,,controlled
2025-26,0022500943,not_in_local_2025_26_snapshot,,controlled
2025-26,0022500944,not_in_local_2025_26_snapshot,,controlled
2025-26,0022500945,not_in_local_2025_26_snapshot,,controlled
2025-26,0022500946,not_in_local_2025_26_snapshot,,controlled
2025-26,0022500947,not_in_local_2025_26_snapshot,,controlled
2025-26,0022500948,not_in_local_2025_26_snapshot,,controlled
2025-26,0022500949,not_in_local_2025_26_snapshot,,controlled
2025-26,0022500950,not_in_local_2025_26_snapshot,,controlled
2025-26,0022500951,not_in_local_2025_26_snapshot,,controlled
2025-26,0022500952,not_in_local_2025_26_snapshot,,controlled
2025-26,0022500953,not_in_local_2025_26_snapshot,,controlled
2025-26,0022500954,not_in_local_2025_26_snapshot,,controlled
2025-26,0022500955,not_in_local_2025_26_snapshot,,controlled
2025-26,0022500956,not_in_local_2025_26_snapshot,,controlled
2025-26,0022500957,not_in_local_2025_26_snapshot,,controlled
2025-26,0022500958,not_in_local_2025_26_snapshot,,controlled
2025-26,0022500959,not_in_local_2025_26_snapshot,,controlled
2025-26,0022500960,not_in_local_2025_26_snapshot,,controlled
2025-26,0022500961,not_in_local_2025_26_snapshot,,controlled
2025-26,0022500962,not_in_local_2025_26_snapshot,,controlled
2025-26,0022500963,not_in_local_2025_26_snapshot,,controlled
2025-26,0022500964,not_in_local_2025_26_snapshot,,controlled
2025-26,0022500965,not_in_local_2025_26_snapshot,,controlled
2025-26,0022500966,not_in_local_2025_26_snapshot,,controlled
2025-26,0022500967,not_in_local_2025_26_snapshot,,controlled
2025-26,0022500968,not_in_local_2025_26_snapshot,,controlled
2025-26,0022500969,not_in_local_2025_26_snapshot,,controlled
2025-26,0022500970,not_in_local_2025_26_snapshot,,controlled
2025-26,0022500971,not_in_local_2025_26_snapshot,,controlled
2025-26,0022500972,not_in_local_2025_26_snapshot,,controlled
2025-26,0022500973,not_in_local_2025_26_snapshot,,controlled
2025-26,0022500974,not_in_local_2025_26_snapshot,,controlled
2025-26,0022500975,not_in_local_2025_26_snapshot,,controlled
2025-26,0022500976,not_in_local_2025_26_snapshot,,controlled
2025-26,0022500977,not_in_local_2025_26_snapshot,,controlled
2025-26,0022500978,not_in_local_2025_26_snapshot,,controlled
2025-26,0022500979,not_in_local_2025_26_snapshot,,controlled
2025-26,0022500980,not_in_local_2025_26_snapshot,,controlled
2025-26,0022500981,not_in_local_2025_26_snapshot,,controlled
2025-26,0022500982,not_in_local_2025_26_snapshot,,controlled
2025-26,0022500983,not_in_local_2025_26_snapshot,,controlled
2025-26,0022500984,not_in_local_2025_26_snapshot,,controlled
2025-26,0022500985,not_in_local_2025_26_snapshot,,controlled
2025-26,0022500986,not_in_local_2025_26_snapshot,,controlled
2025-26,0022500987,not_in_local_2025_26_snapshot,,controlled
2025-26,0022500988,not_in_local_2025_26_snapshot,,controlled
2025-26,0022500989,not_in_local_2025_26_snapshot,,controlled
2025-26,0022500990,not_in_local_2025_26_snapshot,,controlled
2025-26,0022500991,not_in_local_2025_26_snapshot,,controlled
2025-26,0022500992,not_in_local_2025_26_snapshot,,controlled
2025-26,0022500993,not_in_local_2025_26_snapshot,,controlled
2025-26,0022500994,not_in_local_2025_26_snapshot,,controlled
2025-26,0022500995,not_in_local_2025_26_snapshot,,controlled
2025-26,0022500996,not_in_local_2025_26_snapshot,,controlled
2025-26,0022500997,not_in_local_2025_26_snapshot,,controlled
2025-26,0022500998,not_in_local_2025_26_snapshot,,controlled
2025-26,0022500999,not_in_local_2025_26_snapshot,,controlled
2025-26,0022501000,not_in_local_2025_26_snapshot,,controlled
2025-26,0022501001,not_in_local_2025_26_snapshot,,controlled
2025-26,0022501002,not_in_local_2025_26_snapshot,,controlled
2025-26,0022501003,not_in_local_2025_26_snapshot,,controlled
2025-26,0022501004,not_in_local_2025_26_snapshot,,controlled
2025-26,0022501005,not_in_local_2025_26_snapshot,,controlled
2025-26,0022501006,not_in_local_2025_26_snapshot,,controlled
2025-26,0022501007,not_in_local_2025_26_snapshot,,controlled
2025-26,0022501008,not_in_local_2025_26_snapshot,,controlled
2025-26,0022501009,not_in_local_2025_26_snapshot,,controlled
2025-26,0022501010,not_in_local_2025_26_snapshot,,controlled
2025-26,0022501011,not_in_local_2025_26_snapshot,,controlled
2025-26,0022501012,not_in_local_2025_26_snapshot,,controlled
2025-26,0022501013,not_in_local_2025_26_snapshot,,controlled
2025-26,0022501014,not_in_local_2025_26_snapshot,,controlled
2025-26,0022501015,not_in_local_2025_26_snapshot,,controlled
2025-26,0022501016,not_in_local_2025_26_snapshot,,controlled
2025-26,0022501017,not_in_local_2025_26_snapshot,,controlled
2025-26,0022501018,not_in_local_2025_26_snapshot,,controlled
2025-26,0022501019,not_in_local_2025_26_snapshot,,controlled
2025-26,0022501020,not_in_local_2025_26_snapshot,,controlled
2025-26,0022501021,not_in_local_2025_26_snapshot,,controlled
2025-26,0022501022,not_in_local_2025_26_snapshot,,controlled
2025-26,0022501023,not_in_local_2025_26_snapshot,,controlled
2025-26,0022501024,not_in_local_2025_26_snapshot,,controlled
2025-26,0022501025,not_in_local_2025_26_snapshot,,controlled
2025-26,0022501026,not_in_local_2025_26_snapshot,,controlled
2025-26,0022501027,not_in_local_2025_26_snapshot,,controlled
2025-26,0022501028,not_in_local_2025_26_snapshot,,controlled
2025-26,0022501029,not_in_local_2025_26_snapshot,,controlled
2025-26,0022501030,not_in_local_2025_26_snapshot,,controlled
2025-26,0022501031,not_in_local_2025_26_snapshot,,controlled
2025-26,0022501032,not_in_local_2025_26_snapshot,,controlled
2025-26,0022501033,not_in_local_2025_26_snapshot,,controlled
2025-26,0022501034,not_in_local_2025_26_snapshot,,controlled
2025-26,0022501035,not_in_local_2025_26_snapshot,,controlled
2025-26,0022501036,not_in_local_2025_26_snapshot,,controlled
2025-26,0022501037,not_in_local_2025_26_snapshot,,controlled
2025-26,0022501038,not_in_local_2025_26_snapshot,,controlled
2025-26,0022501039,not_in_local_2025_26_snapshot,,controlled
2025-26,0022501040,not_in_local_2025_26_snapshot,,controlled
2025-26,0022501041,not_in_local_2025_26_snapshot,,controlled
2025-26,0022501042,not_in_local_2025_26_snapshot,,controlled
2025-26,0022501043,not_in_local_2025_26_snapshot,,controlled
2025-26,0022501044,not_in_local_2025_26_snapshot,,controlled
2025-26,0022501045,not_in_local_2025_26_snapshot,,controlled
2025-26,0022501046,not_in_local_2025_26_snapshot,,controlled
2025-26,0022501047,not_in_local_2025_26_snapshot,,controlled
2025-26,0022501048,not_in_local_2025_26_snapshot,,controlled
2025-26,0022501049,not_in_local_2025_26_snapshot,,controlled
2025-26,0022501050,not_in_local_2025_26_snapshot,,controlled
2025-26,0022501051,not_in_local_2025_26_snapshot,,controlled
2025-26,0022501052,not_in_local_2025_26_snapshot,,controlled
2025-26,0022501053,not_in_local_2025_26_snapshot,,controlled
2025-26,0022501054,not_in_local_2025_26_snapshot,,controlled
2025-26,0022501055,not_in_local_2025_26_snapshot,,controlled
2025-26,0022501056,not_in_local_2025_26_snapshot,,controlled
2025-26,0022501057,not_in_local_2025_26_snapshot,,controlled
2025-26,0022501058,not_in_local_2025_26_snapshot,,controlled
2025-26,0022501059,not_in_local_2025_26_snapshot,,controlled
2025-26,0022501060,not_in_local_2025_26_snapshot,,controlled
2025-26,0022501061,not_in_local_2025_26_snapshot,,controlled
2025-26,0022501062,not_in_local_2025_26_snapshot,,controlled
2025-26,0022501063,not_in_local_2025_26_snapshot,,controlled
2025-26,0022501064,not_in_local_2025_26_snapshot,,controlled
2025-26,0022501065,not_in_local_2025_26_snapshot,,controlled
2025-26,0022501066,not_in_local_2025_26_snapshot,,controlled
2025-26,0022501067,not_in_local_2025_26_snapshot,,controlled
2025-26,0022501068,not_in_local_2025_26_snapshot,,controlled
2025-26,0022501069,not_in_local_2025_26_snapshot,,controlled
2025-26,0022501070,not_in_local_2025_26_snapshot,,controlled
2025-26,0022501071,not_in_local_2025_26_snapshot,,controlled
2025-26,0022501072,not_in_local_2025_26_snapshot,,controlled
2025-26,0022501073,not_in_local_2025_26_snapshot,,controlled
2025-26,0022501074,not_in_local_2025_26_snapshot,,controlled
2025-26,0022501075,not_in_local_2025_26_snapshot,,controlled
2025-26,0022501076,not_in_local_2025_26_snapshot,,controlled
2025-26,0022501077,not_in_local_2025_26_snapshot,,controlled
2025-26,0022501078,not_in_local_2025_26_snapshot,,controlled
2025-26,0022501079,not_in_local_2025_26_snapshot,,controlled
2025-26,0022501080,not_in_local_2025_26_snapshot,,controlled
2025-26,0022501081,not_in_local_2025_26_snapshot,,controlled
2025-26,0022501082,not_in_local_2025_26_snapshot,,controlled
2025-26,0022501083,not_in_local_2025_26_snapshot,,controlled
2025-26,0022501084,not_in_local_2025_26_snapshot,,controlled
2025-26,0022501085,not_in_local_2025_26_snapshot,,controlled
2025-26,0022501086,not_in_local_2025_26_snapshot,,controlled
2025-26,0022501087,not_in_local_2025_26_snapshot,,controlled
2025-26,0022501088,not_in_local_2025_26_snapshot,,controlled
2025-26,0022501089,not_in_local_2025_26_snapshot,,controlled
2025-26,0022501090,not_in_local_2025_26_snapshot,,controlled
2025-26,0022501091,not_in_local_2025_26_snapshot,,controlled
2025-26,0022501092,not_in_local_2025_26_snapshot,,controlled
2025-26,0022501093,not_in_local_2025_26_snapshot,,controlled
2025-26,0022501094,not_in_local_2025_26_snapshot,,controlled
2025-26,0022501095,not_in_local_2025_26_snapshot,,controlled
2025-26,0022501096,not_in_local_2025_26_snapshot,,controlled
2025-26,0022501097,not_in_local_2025_26_snapshot,,controlled
2025-26,0022501098,not_in_local_2025_26_snapshot,,controlled
2025-26,0022501099,not_in_local_2025_26_snapshot,,controlled
2025-26,0022501100,not_in_local_2025_26_snapshot,,controlled
2025-26,0022501101,not_in_local_2025_26_snapshot,,controlled
2025-26,0022501102,not_in_local_2025_26_snapshot,,controlled
2025-26,0022501103,not_in_local_2025_26_snapshot,,controlled
2025-26,0022501104,not_in_local_2025_26_snapshot,,controlled
2025-26,0022501105,not_in_local_2025_26_snapshot,,controlled
2025-26,0022501106,not_in_local_2025_26_snapshot,,controlled
2025-26,0022501107,not_in_local_2025_26_snapshot,,controlled
2025-26,0022501108,not_in_local_2025_26_snapshot,,controlled
2025-26,0022501109,not_in_local_2025_26_snapshot,,controlled
2025-26,0022501110,not_in_local_2025_26_snapshot,,controlled
2025-26,0022501111,not_in_local_2025_26_snapshot,,controlled
2025-26,0022501112,not_in_local_2025_26_snapshot,,controlled
2025-26,0022501113,not_in_local_2025_26_snapshot,,controlled
2025-26,0022501114,not_in_local_2025_26_snapshot,,controlled
2025-26,0022501115,not_in_local_2025_26_snapshot,,controlled
2025-26,0022501116,not_in_local_2025_26_snapshot,,controlled
2025-26,0022501117,not_in_local_2025_26_snapshot,,controlled
2025-26,0022501118,not_in_local_2025_26_snapshot,,controlled
2025-26,0022501119,not_in_local_2025_26_snapshot,,controlled
2025-26,0022501120,not_in_local_2025_26_snapshot,,controlled
2025-26,0022501121,not_in_local_2025_26_snapshot,,controlled
2025-26,0022501122,not_in_local_2025_26_snapshot,,controlled
2025-26,0022501123,not_in_local_2025_26_snapshot,,controlled
2025-26,0022501124,not_in_local_2025_26_snapshot,,controlled
2025-26,0022501125,not_in_local_2025_26_snapshot,,controlled
2025-26,0022501126,not_in_local_2025_26_snapshot,,controlled
2025-26,0022501127,not_in_local_2025_26_snapshot,,controlled
2025-26,0022501128,not_in_local_2025_26_snapshot,,controlled
2025-26,0022501129,not_in_local_2025_26_snapshot,,controlled
2025-26,0022501130,not_in_local_2025_26_snapshot,,controlled
2025-26,0022501131,not_in_local_2025_26_snapshot,,controlled
2025-26,0022501132,not_in_local_2025_26_snapshot,,controlled
2025-26,0022501133,not_in_local_2025_26_snapshot,,controlled
2025-26,0022501134,not_in_local_2025_26_snapshot,,controlled
2025-26,0022501135,not_in_local_2025_26_snapshot,,controlled
2025-26,0022501136,not_in_local_2025_26_snapshot,,controlled
2025-26,0022501137,not_in_local_2025_26_snapshot,,controlled
2025-26,0022501138,not_in_local_2025_26_snapshot,,controlled
2025-26,0022501139,not_in_local_2025_26_snapshot,,controlled
2025-26,0022501140,not_in_local_2025_26_snapshot,,controlled
2025-26,0022501141,not_in_local_2025_26_snapshot,,controlled
2025-26,0022501142,not_in_local_2025_26_snapshot,,controlled
2025-26,0022501143,not_in_local_2025_26_snapshot,,controlled
2025-26,0022501144,not_in_local_2025_26_snapshot,,controlled
2025-26,0022501145,not_in_local_2025_26_snapshot,,controlled
2025-26,0022501146,not_in_local_2025_26_snapshot,,controlled
2025-26,0022501147,not_in_local_2025_26_snapshot,,controlled
2025-26,0022501148,not_in_local_2025_26_snapshot,,controlled
2025-26,0022501149,not_in_local_2025_26_snapshot,,controlled
2025-26,0022501150,not_in_local_2025_26_snapshot,,controlled
2025-26,0022501151,not_in_local_2025_26_snapshot,,controlled
2025-26,0022501152,not_in_local_2025_26_snapshot,,controlled
2025-26,0022501153,not_in_local_2025_26_snapshot,,controlled
2025-26,0022501154,not_in_local_2025_26_snapshot,,controlled
2025-26,0022501155,not_in_local_2025_26_snapshot,,controlled
2025-26,0022501156,not_in_local_2025_26_snapshot,,controlled
2025-26,0022501157,not_in_local_2025_26_snapshot,,controlled
2025-26,0022501158,not_in_local_2025_26_snapshot,,controlled
2025-26,0022501159,not_in_local_2025_26_snapshot,,controlled
2025-26,0022501160,not_in_local_2025_26_snapshot,,controlled
2025-26,0022501161,not_in_local_2025_26_snapshot,,controlled
2025-26,0022501162,not_in_local_2025_26_snapshot,,controlled
2025-26,0022501163,not_in_local_2025_26_snapshot,,controlled
2025-26,0022501164,not_in_local_2025_26_snapshot,,controlled
2025-26,0022501165,not_in_local_2025_26_snapshot,,controlled
2025-26,0022501166,not_in_local_2025_26_snapshot,,controlled
2025-26,0022501167,not_in_local_2025_26_snapshot,,controlled
2025-26,0022501168,not_in_local_2025_26_snapshot,,controlled
2025-26,0022501169,not_in_local_2025_26_snapshot,,controlled
2025-26,0022501170,not_in_local_2025_26_snapshot,,controlled
2025-26,0022501171,not_in_local_2025_26_snapshot,,controlled
2025-26,0022501172,not_in_local_2025_26_snapshot,,controlled
2025-26,0022501173,not_in_local_2025_26_snapshot,,controlled
2025-26,0022501174,not_in_local_2025_26_snapshot,,controlled
2025-26,0022501175,not_in_local_2025_26_snapshot,,controlled
2025-26,0022501176,not_in_local_2025_26_snapshot,,controlled
2025-26,0022501177,not_in_local_2025_26_snapshot,,controlled
2025-26,0022501178,not_in_local_2025_26_snapshot,,controlled
2025-26,0022501179,not_in_local_2025_26_snapshot,,controlled
2025-26,0022501180,not_in_local_2025_26_snapshot,,controlled
2025-26,0022501181,not_in_local_2025_26_snapshot,,controlled
2025-26,0022501182,not_in_local_2025_26_snapshot,,controlled
2025-26,0022501183,not_in_local_2025_26_snapshot,,controlled
2025-26,0022501184,not_in_local_2025_26_snapshot,,controlled
2025-26,0022501185,not_in_local_2025_26_snapshot,,controlled
2025-26,0022501186,not_in_local_2025_26_snapshot,,controlled
2025-26,0022501187,not_in_local_2025_26_snapshot,,controlled
2025-26,0022501188,not_in_local_2025_26_snapshot,,controlled
2025-26,0022501189,not_in_local_2025_26_snapshot,,controlled
2025-26,0022501190,not_in_local_2025_26_snapshot,,controlled
2025-26,0022501191,not_in_local_2025_26_snapshot,,controlled
2025-26,0022501192,not_in_local_2025_26_snapshot,,controlled
2025-26,0022501193,not_in_local_2025_26_snapshot,,controlled
2025-26,0022501194,not_in_local_2025_26_snapshot,,controlled
2025-26,0022501195,not_in_local_2025_26_snapshot,,controlled
2025-26,0022501196,not_in_local_2025_26_snapshot,,controlled
2025-26,0022501197,not_in_local_2025_26_snapshot,,controlled
2025-26,0022501198,not_in_local_2025_26_snapshot,,controlled
2025-26,0022501199,not_in_local_2025_26_snapshot,,controlled
2025-26,0022501200,not_in_local_2025_26_snapshot,,controlled
2025-26,0022501201,not_in_local_2025_26_snapshot,,controlled
2025-26,0022501202,not_in_local_2025_26_snapshot,,controlled
2025-26,0022501203,not_in_local_2025_26_snapshot,,controlled
2025-26,0022501204,not_in_local_2025_26_snapshot,,controlled
2025-26,0022501205,not_in_local_2025_26_snapshot,,controlled
2025-26,0022501206,not_in_local_2025_26_snapshot,,controlled
2025-26,0022501207,not_in_local_2025_26_snapshot,,controlled
2025-26,0022501208,not_in_local_2025_26_snapshot,,controlled
2025-26,0022501209,not_in_local_2025_26_snapshot,,controlled
2025-26,0022501210,not_in_local_2025_26_snapshot,,controlled
2025-26,0022501211,not_in_local_2025_26_snapshot,,controlled
2025-26,0022501212,not_in_local_2025_26_snapshot,,controlled
2025-26,0022501213,not_in_local_2025_26_snapshot,,controlled
2025-26,0022501214,not_in_local_2025_26_snapshot,,controlled
2025-26,0022501215,not_in_local_2025_26_snapshot,,controlled
2025-26,0022501216,not_in_local_2025_26_snapshot,,controlled
2025-26,0022501217,not_in_local_2025_26_snapshot,,controlled
2025-26,0022501218,not_in_local_2025_26_snapshot,,controlled
2025-26,0022501219,not_in_local_2025_26_snapshot,,controlled
2025-26,0022501220,not_in_local_2025_26_snapshot,,controlled
2025-26,0022501221,not_in_local_2025_26_snapshot,,controlled
2025-26,0022501222,not_in_local_2025_26_snapshot,,controlled
2025-26,0022501223,not_in_local_2025_26_snapshot,,controlled
2025-26,0022501224,not_in_local_2025_26_snapshot,,controlled
2025-26,0022501225,not_in_local_2025_26_snapshot,,controlled
2025-26,0022501226,not_in_local_2025_26_snapshot,,controlled
2025-26,0022501227,not_in_local_2025_26_snapshot,,controlled
2025-26,0022501228,not_in_local_2025_26_snapshot,,controlled
2025-26,0022501229,not_in_local_2025_26_snapshot,,controlled
2025-26,0022501230,not_in_local_2025_26_snapshot,,controlled
