season,as_of_utc_date,game_id,game_date_et,game_status,game_status_text,away_team,home_team,matchup,possessions,rows_before_exclusion,rows_excluded_score_margin,rows_excluded_intentional,rows_excluded_total,rows_used_in_model,adjusted_mean_M_t_if_L_t_eq_1,adjusted_mean_M_t_if_L_t_eq_0,WMI_controlledgame,beta_L_t,irr_L_t,p_value_L_t,fit_status,wmi_controlledgame_percentile
2025-26,2026-03-24,22500001,2025-10-21T19:30:00-04:00,3,Final,HOU,OKC,HOU @ OKC,225,225,0,1,1,224,0.230131360242896,0.300722394773686,0.7652617970673102,-0.2675372853103172,0.7652617970673102,0.3705292471964453,ok,56.06936416184971
2025-26,2026-03-24,22500002,2025-10-21T22:00:00-04:00,3,Final,GSW,LAL,GSW @ LAL,201,201,11,0,11,190,0.1739613606886212,0.2561577756769232,0.6791180171240575,-0.3869603563292494,0.6791180171240575,0.2600361170794064,ok,46.72447013487476
2025-26,2026-03-24,22500003,2025-10-22T19:00:00-04:00,3,Final,CLE,NYK,CLE @ NYK,208,208,10,1,11,197,0.3040136343422668,0.2345139666494498,1.2963561986766643,0.2595574048251288,1.296356198676664,0.3676191402789653,ok,92.77456647398844
2025-26,2026-03-24,22500004,2025-10-22T21:30:00-04:00,3,Final,SAS,DAL,SAS @ DAL,200,200,76,0,76,124,0.2116124017602503,0.3471346213777614,0.6095975126893722,-0.4949563548519941,0.6095975126893722,0.1840895585917158,ok,36.60886319845857
2025-26,2026-03-24,22500005,2025-10-23T19:30:00-04:00,3,Final,OKC,IND,OKC @ IND,245,245,0,2,2,243,0.2715692847794017,0.3772703564871273,0.7198267240184499,-0.3287447570210484,0.7198267240184498,0.1589789634079733,ok,51.541425818882466
2025-26,2026-03-24,22500006,2025-10-23T22:00:00-04:00,3,Final,DEN,GSW,DEN @ GSW,211,211,0,1,1,210,0.1326794625688278,0.2180528844710011,0.60847377869231,-0.4968014591965713,0.60847377869231,0.1941452130646036,ok,36.22350674373796
2025-26,2026-03-24,22500007,2025-10-27T19:00:00-04:00,3,Final,CLE,DET,CLE @ DET,208,208,140,0,140,68,0.1611800297680952,0.3785954341417838,0.4257315731592615,-0.8539462412702615,0.4257315731592614,0.1078611983550071,ok,16.76300578034682
2025-26,2026-03-24,22500008,2025-10-27T21:30:00-04:00,3,Final,DEN,MIN,DEN @ MIN,204,204,5,1,6,198,0.2240946938526323,0.2606601890492153,0.8597196782141553,-0.1511488984345809,0.8597196782141555,0.6230255514232823,ok,66.66666666666666
2025-26,2026-03-24,22500009,2025-12-25T12:00:00-05:00,3,Final,CLE,NYK,CLE @ NYK,206,206,16,2,18,188,0.1998486574543548,0.1955499608738477,1.0219826000542145,0.0217444662493133,1.0219826000542145,0.9527993897706116,ok,80.2504816955684
2025-26,2026-03-24,22500010,2025-12-25T14:30:00-05:00,3,Final,SAS,OKC,SAS @ OKC,193,193,37,0,37,156,0.1321105107667067,0.2329779130238204,0.5670516533178803,-0.5673048800776092,0.5670516533178802,0.1941933644605264,ok,30.732177263969174
2025-26,2026-03-24,22500011,2025-12-25T17:00:00-05:00,3,Final,DAL,GSW,DAL @ GSW,211,211,5,0,5,206,0.1484265609864541,0.230835905880146,0.6429959863502334,-0.4416167968320659,0.6429959863502333,0.2294402420439198,ok,41.32947976878613
2025-26,2026-03-24,22500012,2025-12-25T20:00:00-05:00,3,Final,HOU,LAL,HOU @ LAL,180,180,76,0,76,104,0.4370157763462673,0.1395420514277685,3.1317855218179935,1.1416032961598357,3.131785521817994,0.0104882097866562,ok,99.8073217726397
2025-26,2026-03-24,22500013,2025-12-25T22:30:00-05:00,3,Final,MIN,DEN,MIN @ DEN,234,234,4,5,9,225,0.1287918762621439,0.2740566160723492,0.4699462399701516,-0.7551369738625021,0.4699462399701518,0.0347881082285273,ok,20.520231213872833
2025-26,2026-03-24,22500014,2026-01-19T13:00:00-05:00,3,Final,MIL,ATL,MIL @ ATL,204,204,61,2,63,141,0.2391820988075003,0.2091842424530289,1.1434039964133882,0.1340097750431195,1.143403996413388,0.7291123001621722,ok,86.70520231213872
2025-26,2026-03-24,22500015,2026-01-19T14:30:00-05:00,3,Final,OKC,CLE,OKC @ CLE,212,212,80,0,80,132,0.2087536625991844,0.3152334135539082,0.6622193385076718,-0.4121584508709516,0.6622193385076717,0.2630494946665253,ok,44.1233140655106
2025-26,2026-03-24,22500016,2026-01-19T17:00:00-05:00,3,Final,DAL,NYK,DAL @ NYK,209,209,142,0,142,67,0.0642340082927422,0.1361022419340734,0.4719540793740676,-0.7508735875912294,0.4719540793740677,0.4891388587299696,ok,20.616570327552985
2025-26,2026-03-24,22500017,2026-01-19T20:00:00-05:00,3,Final,BOS,DET,BOS @ DET,185,185,0,0,0,185,0.3245217021126148,0.343242582671079,0.9454587469515576,-0.056085022769847,0.9454587469515576,0.8301812076252306,ok,74.56647398843931
2025-26,2026-03-24,22500018,2025-10-24T19:30:00-04:00,3,Final,BOS,NYK,BOS @ NYK,186,186,47,0,47,139,0.1759864604354865,0.3163885104174328,0.5562353076706094,-0.5865638590269535,0.5562353076706095,0.1274658478147027,ok,30.057803468208093
2025-26,2026-03-24,22500019,2025-10-24T22:00:00-04:00,3,Final,MIN,LAL,MIN @ LAL,185,185,43,0,43,142,0.2808338087672108,0.3437017604228125,0.8170857444015903,-0.2020112393210885,0.8170857444015902,0.526151412450023,ok,61.175337186897885
2025-26,2026-03-24,22500020,2025-10-31T19:00:00-04:00,3,Final,ATL,IND,ATL @ IND,203,203,83,0,83,120,0.2348614000026215,0.245409244314603,0.9570193684372392,-0.043931649032583,0.9570193684372392,0.9116503327446736,ok,75.14450867052022
2025-26,2026-03-24,22500021,2025-10-31T19:00:00-04:00,3,Final,BOS,PHI,BOS @ PHI,194,194,43,1,44,150,0.1995948750767683,0.2302336567823234,0.8669230983264846,-0.1428050047209167,0.8669230983264847,0.7164839788789428,ok,67.63005780346822
2025-26,2026-03-24,22500022,2025-10-31T19:30:00-04:00,3,Final,TOR,CLE,TOR @ CLE,195,195,0,0,0,195,0.1929182235674407,0.2029264579402394,0.9506804855592262,-0.0505772502197158,0.950680485559226,0.8877779914362421,ok,74.75915221579962
2025-26,2026-03-24,22500023,2025-10-31T20:00:00-04:00,3,Final,NYK,CHI,NYK @ CHI,196,196,22,2,24,172,0.1953726690888664,0.3587727269818352,0.5445583077967858,-0.6077802573160777,0.5445583077967857,0.0593911512726761,ok,28.32369942196532
2025-26,2026-03-24,22500024,2025-10-31T21:30:00-04:00,3,Final,LAL,MEM,LAL @ MEM,195,195,1,1,2,193,0.2878288383998727,0.2428869358669032,1.1850321935700845,0.1697699417877542,1.1850321935700845,0.5650789834726448,ok,88.82466281310212
2025-26,2026-03-24,22500025,2025-10-31T22:00:00-04:00,3,Final,UTA,PHX,UTA @ PHX,202,202,113,0,113,89,0.2738159048438378,0.2007249865999121,1.364134627591788,0.310520255131178,1.3641346275917876,0.5190358654395901,ok,94.21965317919076
2025-26,2026-03-24,22500026,2025-10-31T22:00:00-04:00,3,Final,DEN,POR,DEN @ POR,196,196,0,1,1,195,0.1981492629572727,0.315090771696549,0.628864063172571,-0.4638401614209536,0.6288640631725709,0.1367398627999862,ok,39.017341040462426
2025-26,2026-03-24,22500027,2025-10-31T22:30:00-04:00,3,Final,NOP,LAC,NOP @ LAC,197,197,6,0,6,191,0.2430183569572599,0.248190413119055,0.9791609349579752,-0.0210592628749052,0.9791609349579752,0.9452873228736016,ok,77.07129094412332
2025-26,2026-03-24,22500028,2025-11-07T19:00:00-05:00,3,Final,BOS,ORL,BOS @ ORL,198,198,4,0,4,194,0.208605892866083,0.3249379028437609,0.6419869490152599,-0.4431873041354723,0.6419869490152599,0.1401211544902725,ok,41.13680154142582
2025-26,2026-03-24,22500029,2025-11-07T19:00:00-05:00,3,Final,CLE,WAS,CLE @ WAS,207,207,114,0,114,93,0.17352545586585,0.2909815876090802,0.5963451409130848,-0.5169356840361233,0.5963451409130847,0.2830026298503093,ok,34.296724470134876
2025-26,2026-03-24,22500030,2025-11-07T19:30:00-05:00,3,Final,TOR,ATL,TOR @ ATL,200,200,0,1,1,199,0.1643332135174771,0.2460754256190436,0.667816435160356,-0.4037419408734253,0.6678164351603562,0.2461993434303155,ok,45.18304431599229
2025-26,2026-03-24,22500031,2025-11-07T19:30:00-05:00,3,Final,DET,BKN,DET @ BKN,199,199,63,1,63,136,0.0792910020267556,0.2805281419891455,0.2826490114842868,-1.2635493931806383,0.2826490114842868,0.0202168749068496,ok,7.129094412331407
2025-26,2026-03-24,22500032,2025-11-07T19:30:00-05:00,3,Final,HOU,SAS,HOU @ SAS,200,200,0,1,1,199,0.1673408777906364,0.2720207840733793,0.6151768084952477,-0.4858455590057457,0.6151768084952476,0.1507205914685967,ok,36.99421965317919
2025-26,2026-03-24,22500033,2025-11-07T20:00:00-05:00,3,Final,CHA,MIA,CHA @ MIA,211,211,42,1,42,169,0.1551508394791283,0.2213947820291854,0.7007881489215746,-0.3555496502883688,0.7007881489215745,0.3814427652378838,ok,49.13294797687861
2025-26,2026-03-24,22500034,2025-11-07T20:00:00-05:00,3,Final,DAL,MEM,DAL @ MEM,198,198,117,0,117,81,0.1968791709759894,0.2375087462091572,0.8289344039676408,-0.187614253675183,0.828934403967641,0.7115649210980086,ok,62.71676300578035
2025-26,2026-03-24,22500035,2025-11-07T20:00:00-05:00,3,Final,CHI,MIL,CHI @ MIL,211,211,5,0,5,206,0.1675635964563618,0.2208712140004291,0.7586484151621328,-0.2762168300368176,0.7586484151621331,0.4365332887715457,ok,55.58766859344894
2025-26,2026-03-24,22500036,2025-11-07T20:00:00-05:00,3,Final,UTA,MIN,UTA @ MIN,210,210,189,0,189,21,3.289790566270807e-10,0.1173929880137312,2.8023739934841822e-09,-19.692798924175335,2.8023739934841806e-09,0.9990645896543612,ok,2.2157996146435455
2025-26,2026-03-24,22500037,2025-11-07T22:00:00-05:00,3,Final,GSW,DEN,GSW @ DEN,190,190,98,0,98,92,0.1723398350681382,0.1162958989741372,1.481908103281135,0.3933305163690536,1.4819081032811352,0.5478367632082897,ok,96.14643545279384
2025-26,2026-03-24,22500038,2025-11-07T22:00:00-05:00,3,Final,OKC,SAC,OKC @ SAC,209,209,64,1,64,145,0.1000008518733199,0.1904755723441035,0.5250061760815368,-0.6443452524948763,0.5250061760815368,0.2403413017191319,ok,26.878612716763005
2025-26,2026-03-24,22500039,2025-11-14T19:00:00-05:00,3,Final,MIA,NYK,MIA @ NYK,203,203,1,0,1,202,0.1974450466967266,0.3058741203064427,0.6455107954177837,-0.4377133447178832,0.6455107954177837,0.1487008288767466,ok,41.811175337186896
2025-26,2026-03-24,22500040,2025-11-14T19:00:00-05:00,3,Final,BKN,ORL,BKN @ ORL,185,185,5,1,6,179,0.2036156665504961,0.1998909950904248,1.018633513022367,0.0184620359897415,1.0186335130223667,0.9591648950760558,ok,79.86512524084779
2025-26,2026-03-24,22500041,2025-11-14T19:30:00-05:00,3,Final,PHI,DET,PHI @ DET,198,198,0,0,0,198,0.1742467762939116,0.2001910831503613,0.8704022854156636,-0.1387997771765716,0.8704022854156639,0.7084773382248574,ok,68.11175337186897
2025-26,2026-03-24,22500042,2025-11-14T20:00:00-05:00,3,Final,POR,HOU,POR @ HOU,201,201,82,0,82,119,0.2063014992945741,0.2835783137360265,0.7274939207326454,-0.3181496363526479,0.7274939207326452,0.4426239022104468,ok,52.312138728323696
2025-26,2026-03-24,22500043,2025-11-14T20:00:00-05:00,3,Final,CHA,MIL,CHA @ MIL,219,219,0,1,1,218,0.1215459244972938,0.2431333686656918,0.4999146154406284,-0.6933179642613947,0.4999146154406284,0.0654382494916111,ok,23.699421965317917
2025-26,2026-03-24,22500044,2025-11-14T20:00:00-05:00,3,Final,SAC,MIN,SAC @ MIN,208,208,14,1,15,193,0.1507468879936274,0.3174704892446946,0.4748374828547837,-0.7447826748495542,0.4748374828547838,0.0314536093516867,ok,21.19460500963391
2025-26,2026-03-24,22500045,2025-11-14T20:00:00-05:00,3,Final,LAL,NOP,LAL @ NOP,207,207,53,0,53,154,0.2050915034808096,0.2090434554099612,0.981095069819807,-0.0190859129810526,0.9810950698198068,0.9603119591562368,ok,77.16763005780348
2025-26,2026-03-24,22500046,2025-11-14T20:30:00-05:00,3,Final,LAC,DAL,LAC @ DAL,249,249,1,0,1,248,0.3097894146505086,0.259087457656986,1.1956943707427492,0.1787270800145671,1.195694370742749,0.4680256354064681,ok,89.21001926782274
2025-26,2026-03-24,22500047,2025-11-14T21:30:00-05:00,3,Final,GSW,SAS,GSW @ SAS,193,193,0,1,1,192,0.2154978463802317,0.170266615667641,1.2656494377082217,0.2355853799328504,1.2656494377082217,0.52250982076442,ok,91.90751445086705
2025-26,2026-03-24,22500048,2025-11-21T19:00:00-05:00,3,Final,IND,CLE,IND @ CLE,205,205,29,0,29,176,0.327374525884911,0.2950293291007267,1.109633834991169,0.1040300825160648,1.109633834991169,0.7139055779021627,ok,84.8747591522158
2025-26,2026-03-24,22500049,2025-11-21T19:30:00-05:00,3,Final,BKN,BOS,BKN @ BOS,192,192,9,0,9,183,0.2359412357576441,0.2512040047228339,0.9392415380398494,-0.0626826038421595,0.9392415380398492,0.8438471424432409,ok,73.98843930635837
2025-26,2026-03-24,22500050,2025-11-21T19:30:00-05:00,3,Final,WAS,TOR,WAS @ TOR,209,209,82,1,82,127,0.1040819658869639,0.214522615413072,0.4851794561918325,-0.7232364437158316,0.4851794561918323,0.1895996800629867,ok,22.350674373795762
2025-26,2026-03-24,22500051,2025-11-21T20:00:00-05:00,3,Final,MIA,CHI,MIA @ CHI,217,217,142,0,142,75,0.2300534629395222,0.3589674194010498,0.6408756073834632,-0.4449199011377999,0.6408756073834632,0.3285256475142533,ok,40.944123314065514
2025-26,2026-03-24,22500052,2025-11-21T20:30:00-05:00,3,Final,NOP,DAL,NOP @ DAL,210,210,1,1,2,208,0.1881882049434556,0.249429896231802,0.7544733321324368,-0.2817353464851193,0.7544733321324368,0.3889375436284354,ok,55.00963391136801
2025-26,2026-03-24,22500053,2025-11-21T21:00:00-05:00,3,Final,MIN,PHX,MIN @ PHX,206,206,15,1,16,190,0.2976649111434437,0.2927299009322545,1.0168585791730629,0.0167180505368091,1.0168585791730624,0.9520291807041604,ok,79.57610789980733
2025-26,2026-03-24,22500054,2025-11-21T21:30:00-05:00,3,Final,DEN,HOU,DEN @ HOU,188,188,0,4,4,184,0.2166942980512862,0.2512713183340546,0.8623916947146365,-0.1480457093067129,0.8623916947146363,0.6534144086828761,ok,66.95568400770713
2025-26,2026-03-24,22500055,2025-11-21T22:00:00-05:00,3,Final,OKC,UTA,OKC @ UTA,205,205,77,0,77,128,0.2108076382178098,0.2109922265230986,0.9991251416778208,-0.0008752412340663,0.999125141677821,0.9983513190653804,ok,78.32369942196532
2025-26,2026-03-24,22500056,2025-11-21T22:00:00-05:00,3,Final,POR,GSW,POR @ GSW,201,201,0,1,1,200,0.1749876741109036,0.3000140883844805,0.5832648561711866,-0.5391138970441874,0.5832648561711865,0.0890553969988796,ok,32.75529865125241
2025-26,2026-03-24,22500057,2025-11-25T19:00:00-05:00,3,Final,ATL,WAS,ATL @ WAS,205,205,183,0,183,22,0.0857485121185564,0.4836530098015164,0.1772934529110989,-1.7299489931991263,0.1772934529110989,0.1468106547605578,ok,3.7572254335260116
2025-26,2026-03-24,22500058,2025-11-25T20:00:00-05:00,3,Final,ORL,PHI,ORL @ PHI,211,211,127,1,127,84,0.3962735027776692,0.2420050627969581,1.6374595564149088,0.4931459898496854,1.637459556414909,0.225631467274506,ok,97.495183044316
2025-26,2026-03-24,22500059,2025-11-25T23:00:00-05:00,3,Final,LAC,LAL,LAC @ LAL,191,191,12,0,12,179,0.2361685186095284,0.2896722454223023,0.8152956396123737,-0.2042044835277777,0.8152956396123736,0.5138669822817551,ok,60.78998073217726
2025-26,2026-03-24,22500060,2025-11-26T17:00:00-05:00,3,Final,DET,BOS,DET @ BOS,192,192,0,3,3,189,0.2220680542047142,0.2552424768115077,0.8700278142525146,-0.1392300974393607,0.8700278142525147,0.6602521931930981,ok,68.01541425818883
2025-26,2026-03-24,22500061,2025-11-26T19:00:00-05:00,3,Final,NYK,CHA,NYK @ CHA,196,196,110,0,110,86,0.0943718622623448,0.2398043331570067,0.3935369349667124,-0.9325803528440858,0.3935369349667126,0.1592082252461972,ok,13.776493256262043
2025-26,2026-03-24,22500062,2025-11-26T19:30:00-05:00,3,Final,MIL,MIA,MIL @ MIA,200,200,0,0,0,200,0.0891739765762325,0.1418038677098179,0.6288543325116831,-0.4638556349338184,0.6288543325116832,0.3983457830398996,ok,38.921001926782274
2025-26,2026-03-24,22500063,2025-11-26T19:30:00-05:00,3,Final,IND,TOR,IND @ TOR,200,200,0,0,0,200,0.1993911070026243,0.2225494433185549,0.8959407133506869,-0.1098810363318081,0.895940713350687,0.743325675123595,ok,70.42389210019267
2025-26,2026-03-24,22500064,2025-11-26T19:30:00-05:00,3,Final,MIN,OKC,MIN @ OKC,197,197,0,2,2,195,0.2156153242078642,0.3836074120768332,0.5620728834214453,-0.5761237516936393,0.5620728834214453,0.0401761866047443,ok,30.443159922928707
2025-26,2026-03-24,22500065,2025-11-26T20:00:00-05:00,3,Final,MEM,NOP,MEM @ NOP,216,216,15,1,16,200,0.1469516986436301,0.1970436938282194,0.7457822972591095,-0.293321548098499,0.7457822972591094,0.4784867560049823,ok,54.6242774566474
2025-26,2026-03-24,22500066,2025-11-26T22:00:00-05:00,3,Final,HOU,GSW,HOU @ GSW,180,180,0,3,3,177,0.21419597692801,0.3225741755583495,0.6640208459256054,-0.409441735532226,0.6640208459256053,0.1882176333249402,ok,44.50867052023121
2025-26,2026-03-24,22500067,2025-11-26T22:00:00-05:00,3,Final,SAS,POR,SAS @ POR,203,203,0,0,0,203,0.2096754402073738,0.2841546209754437,0.7378920655507963,-0.3039577177188224,0.7378920655507963,0.3162053487755362,ok,53.179190751445084
2025-26,2026-03-24,22500068,2025-11-26T22:00:00-05:00,3,Final,PHX,SAC,PHX @ SAC,192,192,114,0,114,78,0.1187757512946048,0.163501425655368,0.7264508600980831,-0.3195844374912552,0.7264508600980829,0.6855368072535462,ok,52.215799614643544
2025-26,2026-03-24,22500069,2025-11-28T19:30:00-05:00,3,Final,CLE,ATL,CLE @ ATL,212,212,0,1,1,211,0.1064443156529265,0.1875414292981836,0.5675776069920219,-0.5663777865674886,0.5675776069920218,0.2123886925384669,ok,30.828516377649322
2025-26,2026-03-24,22500070,2025-11-28T19:30:00-05:00,3,Final,PHI,BKN,PHI @ BKN,196,196,65,0,65,131,0.2151628989991519,0.1624917952575612,1.3241462355567133,0.2807679012319335,1.3241462355567135,0.5384277734992611,ok,93.25626204238921
2025-26,2026-03-24,22500071,2025-11-28T19:30:00-05:00,3,Final,CHI,CHA,CHI @ CHA,213,213,0,1,1,212,0.1567888492490146,0.202401897773654,0.7746412013604317,-0.2553553228171705,0.7746412013604318,0.4862844709771123,ok,56.74373795761078
2025-26,2026-03-24,22500072,2025-11-28T19:30:00-05:00,3,Final,ORL,DET,ORL @ DET,207,207,0,1,1,206,0.3199442234799352,0.2815549144914107,1.1363475010119053,0.1278191722995533,1.1363475010119053,0.6270752975808966,ok,86.51252408477842
2025-26,2026-03-24,22500073,2025-11-28T19:30:00-05:00,3,Final,WAS,IND,WAS @ IND,200,200,82,0,82,118,0.2915312969128144,0.1553196400885252,1.8769763871887328,0.6296621774446519,1.8769763871887328,0.1466645408751942,ok,98.65125240847784
2025-26,2026-03-24,22500074,2025-11-28T19:30:00-05:00,3,Final,MIL,NYK,MIL @ NYK,185,185,0,1,1,184,0.1379530407417136,0.3740550731843257,0.3688040896419912,-0.9974896983102292,0.3688040896419912,0.0039419738788168,ok,12.235067437379577
2025-26,2026-03-24,22500075,2025-11-28T21:30:00-05:00,3,Final,PHX,OKC,PHX @ OKC,211,211,3,2,5,206,0.186846425961156,0.2746578778419534,0.68028788188873,-0.3852392146830116,0.68028788188873,0.2228110909065588,ok,47.01348747591522
2025-26,2026-03-24,22500076,2025-11-28T21:30:00-05:00,3,Final,SAS,DEN,SAS @ DEN,201,201,10,3,13,188,0.264035616091694,0.284384667700046,0.9284453280378144,-0.0742437819501164,0.9284453280378142,0.8023963445533957,ok,73.02504816955684
2025-26,2026-03-24,22500077,2025-11-28T21:30:00-05:00,3,Final,SAC,UTA,SAC @ UTA,206,206,14,3,17,189,0.1512956923392525,0.2917442275888577,0.5185901828791857,-0.6566413361007408,0.5185901828791857,0.0649433430388538,ok,26.107899807321772
2025-26,2026-03-24,22500078,2025-11-28T22:00:00-05:00,3,Final,DAL,LAL,DAL @ LAL,188,188,0,0,0,188,0.3130497872256938,0.2481019813774721,1.2617786665290975,0.2325223656386353,1.2617786665290975,0.4300009837387522,ok,91.61849710982659
2025-26,2026-03-24,22500079,2025-11-28T22:00:00-05:00,3,Final,MEM,LAC,MEM @ LAC,196,196,16,2,18,178,0.0770854778249147,0.2386488452198342,0.3230079649197821,-1.1300782968691414,0.3230079649197822,0.0222263795773003,ok,8.766859344894026
2025-26,2026-03-24,22500080,2025-10-22T19:00:00-04:00,3,Final,BKN,CHA,BKN @ CHA,211,211,90,0,90,121,0.4262265714248433,0.381590614006507,1.1169734154351478,0.1106227198353063,1.116973415435148,0.712293721630002,ok,85.45279383429673
2025-26,2026-03-24,22500081,2025-10-22T19:00:00-04:00,3,Final,MIA,ORL,MIA @ ORL,219,219,0,1,1,218,0.1738386315830024,0.2909820123958278,0.5974205420867278,-0.5151339879748887,0.5974205420867278,0.1006736064179114,ok,34.68208092485549
2025-26,2026-03-24,22500082,2025-10-22T19:30:00-04:00,3,Final,TOR,ATL,TOR @ ATL,224,224,63,0,63,161,0.2707296574230711,0.2355239765662699,1.1494781184067486,0.1393080292911119,1.1494781184067486,0.6733340106019651,ok,86.80154142581888
2025-26,2026-03-24,22500083,2025-10-22T19:30:00-04:00,3,Final,PHI,BOS,PHI @ BOS,199,199,0,3,3,196,0.2793492527799048,0.2906817199452838,0.9610141732768328,-0.0397661216535545,0.9610141732768328,0.8879942517186689,ok,75.43352601156069
2025-26,2026-03-24,22500084,2025-10-22T20:00:00-04:00,3,Final,DET,CHI,DET @ CHI,210,210,105,2,107,103,0.1732251668495475,0.2427975659075101,0.7134551213562618,-0.3376357433339423,0.7134551213562618,0.5169782550982903,ok,50.96339113680154
2025-26,2026-03-24,22500085,2025-10-22T20:00:00-04:00,3,Final,NOP,MEM,NOP @ MEM,216,216,3,3,6,210,0.3063939456263746,0.3446064657073932,0.8891125852714993,-0.1175314088866177,0.8891125852714994,0.6368411773530938,ok,70.23121387283237
2025-26,2026-03-24,22500086,2025-10-22T20:00:00-04:00,3,Final,WAS,MIL,WAS @ MIL,214,214,104,0,104,110,0.4979733585229243,0.1713646335512702,2.905928418269203,1.066752932452831,2.9059284182692036,0.0045750820262301,ok,99.71098265895954
2025-26,2026-03-24,22500087,2025-10-22T21:00:00-04:00,3,Final,LAC,UTA,LAC @ UTA,189,189,153,0,153,36,1.8623954786407543e-10,0.2494956799232335,7.464640186209992e-10,-21.01567370021679,7.464640186209988e-10,0.9986957004094028,ok,0.9633911368015413
2025-26,2026-03-24,22500088,2025-10-22T22:00:00-04:00,3,Final,SAC,PHX,SAC @ PHX,201,201,50,3,53,148,0.1534106804333025,0.3022367494323286,0.5075844705233354,-0.678092137535567,0.5075844705233356,0.0909023140251382,ok,24.470134874759154
2025-26,2026-03-24,22500089,2025-10-22T22:00:00-04:00,3,Final,MIN,POR,MIN @ POR,206,206,0,0,0,206,0.3347461717589883,0.2457114325778164,1.362354890234807,0.3092147393035015,1.362354890234807,0.2544496967688898,ok,94.1233140655106
2025-26,2026-03-24,22500090,2025-10-24T19:00:00-04:00,3,Final,ATL,ORL,ATL @ ORL,204,204,0,1,1,203,0.2589912339896489,0.2782695880651503,0.9307205857113364,-0.0717961695099554,0.9307205857113364,0.8065760243497805,ok,73.3140655105973
2025-26,2026-03-24,22500091,2025-10-24T19:30:00-04:00,3,Final,CLE,BKN,CLE @ BKN,207,207,72,3,75,132,0.244666145315369,0.2282341585232235,1.0719961766392363,0.0695224960743733,1.0719961766392363,0.8561386985512507,ok,83.04431599229287
2025-26,2026-03-24,22500092,2025-10-24T18:30:00-04:00,3,Final,MIL,TOR,MIL @ TOR,208,208,0,1,1,207,0.1365539832764389,0.284707016806963,0.4796298482837366,-0.7347406219777363,0.4796298482837367,0.0364121616651117,ok,21.483622350674374
2025-26,2026-03-24,22500093,2025-10-24T20:00:00-04:00,3,Final,DET,HOU,DET @ HOU,198,198,0,1,1,197,0.2554683763692171,0.3739391092107485,0.6831817535973151,-0.3809943441283054,0.683181753597315,0.1477706019061977,ok,47.398843930635834
2025-26,2026-03-24,22500094,2025-10-24T20:00:00-04:00,3,Final,MIA,MEM,MIA @ MEM,226,226,177,0,177,49,0.1190247935097178,0.2174130575209484,0.5474592688539395,-0.6024672148462349,0.5474592688539399,0.4634453292430266,ok,28.80539499036609
2025-26,2026-03-24,22500095,2025-10-24T20:00:00-04:00,3,Final,SAS,NOP,SAS @ NOP,209,209,0,2,2,207,0.2113958007421406,0.3081003611411589,0.6861264295801578,-0.3766933685578211,0.6861264295801578,0.2000760342479314,ok,47.687861271676304
2025-26,2026-03-24,22500096,2025-10-24T20:30:00-04:00,3,Final,WAS,DAL,WAS @ DAL,216,216,5,0,5,211,0.2571338887347646,0.2269542844621468,1.1329765787155754,0.1248483099130279,1.1329765787155757,0.6801046641399437,ok,86.22350674373796
2025-26,2026-03-24,22500097,2025-10-24T22:00:00-04:00,3,Final,GSW,POR,GSW @ POR,220,220,60,0,60,160,0.0187423302207519,0.2250460469414333,0.0832822014671047,-2.485520420501458,0.0832822014671047,0.0150450507653944,ok,2.697495183044316
2025-26,2026-03-24,22500098,2025-10-24T22:00:00-04:00,3,Final,UTA,SAC,UTA @ SAC,195,195,0,1,1,194,0.1254191277893162,0.171044953111007,0.7332524316453817,-0.310265254873162,0.7332524316453817,0.4978510118808446,ok,52.89017341040463
2025-26,2026-03-24,22500099,2025-10-24T22:30:00-04:00,3,Final,PHX,LAC,PHX @ LAC,191,191,103,0,103,88,0.3250592339570554,0.1921854725698388,1.6913829625646195,0.5255465153370207,1.6913829625646195,0.2381799369382879,ok,97.97687861271676
2025-26,2026-03-24,22500100,2025-10-25T19:00:00-04:00,3,Final,CHI,ORL,CHI @ ORL,213,213,0,0,0,213,0.2002685597338472,0.3555483473666344,0.563266743375787,-0.5740019737453588,0.563266743375787,0.0446372166076517,ok,30.63583815028902
2025-26,2026-03-24,22500101,2025-10-25T19:30:00-04:00,3,Final,OKC,ATL,OKC @ ATL,189,189,64,0,64,125,0.0958925047308688,0.2745055143052657,0.3493281545675288,-1.0517435275904186,0.3493281545675289,0.0404827734203591,ok,10.69364161849711
2025-26,2026-03-24,22500102,2025-10-25T19:30:00-04:00,3,Final,CHA,PHI,CHA @ PHI,205,205,0,2,2,203,0.2267336415185241,0.2669650359901195,0.8493008857044324,-0.1633417553326737,0.8493008857044322,0.5862359087910511,ok,65.02890173410405
2025-26,2026-03-24,22500103,2025-10-25T20:00:00-04:00,3,Final,IND,MEM,IND @ MEM,201,201,76,0,76,125,0.2458927751438931,0.2079537382417002,1.182439792729752,0.1675799248486158,1.182439792729752,0.6850378241496877,ok,88.72832369942196
2025-26,2026-03-24,22500104,2025-10-25T21:00:00-04:00,3,Final,PHX,DEN,PHX @ DEN,211,211,86,1,86,125,0.1739196989290583,0.3958937337541344,0.4393090471016883,-0.8225521338539663,0.439309047101688,0.0345806601482509,ok,17.533718689788053
2025-26,2026-03-24,22500105,2025-10-26T14:00:00-04:00,3,Final,BKN,SAS,BKN @ SAS,188,188,34,0,34,154,0.2747713466611058,0.4463474939537865,0.6155996177488448,-0.4851584979584036,0.6155996177488448,0.0909427717813921,ok,37.090558766859345
2025-26,2026-03-24,22500106,2025-10-26T15:30:00-04:00,3,Final,BOS,DET,BOS @ DET,198,198,4,0,4,194,0.2636397078943781,0.3559394628222356,0.740686929749191,-0.300177239927694,0.7406869297491913,0.2648146451739115,ok,53.5645472061657
2025-26,2026-03-24,22500107,2025-10-26T18:00:00-04:00,3,Final,MIL,CLE,MIL @ CLE,207,207,11,3,14,193,0.1216715373143869,0.2688389786632581,0.4525814594273922,-0.7927875112099463,0.4525814594273922,0.0390191643159942,ok,18.689788053949904
2025-26,2026-03-24,22500108,2025-10-26T18:00:00-04:00,3,Final,NYK,MIA,NYK @ MIA,207,207,9,0,9,198,0.1250658441802001,0.26182599325767,0.4776677923536778,-0.7388397831877035,0.4776677923536778,0.0527841340410766,ok,21.290944123314066
2025-26,2026-03-24,22500109,2025-10-26T18:00:00-04:00,3,Final,CHA,WAS,CHA @ WAS,217,217,21,0,21,196,0.2603325670932069,0.2357408671257827,1.1043166603536032,0.0992267367574719,1.1043166603536028,0.7431791776359877,ok,84.77842003853564
2025-26,2026-03-24,22500110,2025-10-26T19:00:00-04:00,3,Final,IND,MIN,IND @ MIN,203,203,0,1,1,202,0.2193552083797256,0.341833838346623,0.6417012705374628,-0.4436323942720989,0.6417012705374627,0.1194122049127361,ok,41.040462427745666
2025-26,2026-03-24,22500111,2025-10-26T19:30:00-04:00,3,Final,TOR,DAL,TOR @ DAL,219,219,7,0,7,212,0.2665816238254394,0.3002442236636756,0.8878826062747373,-0.1189157448702375,0.8878826062747373,0.6651809581542563,ok,69.65317919075144
2025-26,2026-03-24,22500112,2025-10-26T21:00:00-04:00,3,Final,POR,LAC,POR @ LAC,202,202,0,0,0,202,0.1899405777230637,0.2884029188945595,0.65859450539232,-0.4176472519348028,0.6585945053923198,0.1847070791924004,ok,43.44894026974952
2025-26,2026-03-24,22500113,2025-10-26T21:00:00-04:00,3,Final,LAL,SAC,LAL @ SAC,214,214,0,3,3,211,0.2216649428818657,0.2023298620794574,1.0955621706242016,0.091267629355208,1.0955621706242011,0.7791168588969659,ok,84.29672447013488
2025-26,2026-03-24,22500114,2025-10-27T19:00:00-04:00,3,Final,ORL,PHI,ORL @ PHI,196,196,8,0,8,188,0.3616887128812222,0.3246134261262915,1.1142136577570467,0.1081489164338188,1.1142136577570472,0.6708580989394963,ok,85.26011560693641
2025-26,2026-03-24,22500115,2025-10-27T20:00:00-04:00,3,Final,ATL,CHI,ATL @ CHI,210,210,0,1,1,209,0.1304039903518988,0.214310655377225,0.6084811327853228,-0.4967893731399007,0.6084811327853227,0.1960048148620681,ok,36.31984585741811
2025-26,2026-03-24,22500116,2025-10-27T20:00:00-04:00,3,Final,BKN,HOU,BKN @ HOU,184,184,102,0,102,82,0.2474777077030134,0.2420197521315802,1.0225516947412865,0.0223011648610394,1.0225516947412865,0.9632246558077966,ok,80.34682080924856
2025-26,2026-03-24,22500117,2025-10-27T20:00:00-04:00,3,Final,BOS,NOP,BOS @ NOP,187,187,20,0,20,167,0.3648210447409326,0.2343095516172451,1.5570045788695963,0.442763833675794,1.557004578869596,0.1351166952796818,ok,97.01348747591521
2025-26,2026-03-24,22500118,2025-10-27T20:00:00-04:00,3,Final,TOR,SAS,TOR @ SAS,197,197,99,0,99,98,0.1772399404418705,0.1862740278498423,0.9515010894849268,-0.0497144472282735,0.9515010894849266,0.9255536940526372,ok,74.85549132947978
2025-26,2026-03-24,22500119,2025-10-27T20:30:00-04:00,3,Final,OKC,DAL,OKC @ DAL,194,194,38,2,40,154,0.1073002086523752,0.224301836052314,0.4783741878392361,-0.7373620329868917,0.4783741878392361,0.1231134310677581,ok,21.38728323699422
2025-26,2026-03-24,22500120,2025-10-27T21:00:00-04:00,3,Final,PHX,UTA,PHX @ UTA,226,226,34,1,35,191,0.2804828809406417,0.3533985139555771,0.7936730627449637,-0.2310836622983802,0.7936730627449639,0.4014329876869447,ok,59.15221579961464
2025-26,2026-03-24,22500121,2025-10-27T22:00:00-04:00,3,Final,MEM,GSW,MEM @ GSW,208,208,52,0,52,156,0.2261494264873629,0.2869470092074414,0.7881226122969406,-0.2381016018669832,0.7881226122969406,0.4784763561616466,ok,58.092485549132945
2025-26,2026-03-24,22500122,2025-10-27T22:30:00-04:00,3,Final,POR,LAL,POR @ LAL,212,212,12,0,12,200,0.0344624223861348,0.1972306363573236,0.1747315884723868,-1.744504262661314,0.1747315884723868,0.0175462979541561,ok,3.6608863198458574
2025-26,2026-03-24,22500123,2025-10-28T19:00:00-04:00,3,Final,PHI,WAS,PHI @ WAS,220,220,34,3,37,183,0.2415460508006848,0.2646814665919391,0.9125914780163952,-0.0914669486691927,0.9125914780163954,0.7723624977729497,ok,72.44701348747591
2025-26,2026-03-24,22500124,2025-10-28T19:30:00-04:00,3,Final,CHA,MIA,CHA @ MIA,214,214,72,0,72,142,0.1943551186681202,0.1509669607879359,1.2874016781799822,0.2526259841775377,1.2874016781799822,0.5820945195720009,ok,92.67822736030828
2025-26,2026-03-24,22500125,2025-10-28T20:00:00-04:00,3,Final,NYK,MIL,NYK @ MIL,192,192,0,1,1,191,0.2636488729171969,0.2529238373474673,1.0424042102247386,0.0415297857926539,1.0424042102247384,0.8926602783424917,ok,81.5028901734104
2025-26,2026-03-24,22500126,2025-10-28T20:00:00-04:00,3,Final,SAC,OKC,SAC @ OKC,203,203,0,0,0,203,0.2044986537575947,0.1662972245612093,1.229717779699471,0.2067846956584406,1.2297177796994712,0.5653785136561041,ok,89.78805394990366
2025-26,2026-03-24,22500127,2025-10-28T23:00:00-04:00,3,Final,LAC,GSW,LAC @ GSW,177,177,40,0,40,137,0.1003053861792735,0.1307295286641219,0.767274136182225,-0.2649111279357363,0.767274136182225,0.6812735730400593,ok,56.165703275529864
2025-26,2026-03-24,22500128,2025-10-29T19:00:00-04:00,3,Final,CLE,BOS,CLE @ BOS,189,189,46,0,46,143,0.1367334071386597,0.2723148740277529,0.5021150887436454,-0.6889259251210589,0.5021150887436455,0.1157168680323802,ok,23.98843930635838
2025-26,2026-03-24,22500129,2025-10-29T19:00:00-04:00,3,Final,ORL,DET,ORL @ DET,199,199,43,0,43,156,0.2215718161282593,0.4667271451321906,0.4747352247221527,-0.744998052002268,0.4747352247221527,0.0119444297661011,ok,21.09826589595376
2025-26,2026-03-24,22500130,2025-10-29T19:30:00-04:00,3,Final,ATL,BKN,ATL @ BKN,192,192,10,1,11,181,0.2694205849531563,0.3077527683502063,0.8754448786844704,-0.1330230890504239,0.8754448786844704,0.6453823290165348,ok,68.59344894026975
2025-26,2026-03-24,22500131,2025-10-29T18:30:00-04:00,3,Final,HOU,TOR,HOU @ TOR,202,202,23,0,23,179,0.1895198130241525,0.2717253750226586,0.6974682177119047,-0.360298332329216,0.6974682177119047,0.2860937361193193,ok,48.65125240847784
2025-26,2026-03-24,22500132,2025-10-29T20:00:00-04:00,3,Final,SAC,CHI,SAC @ CHI,199,199,14,0,14,185,0.1914847576489094,0.2288856529568289,0.8365957200691222,-0.1784143358499957,0.8365957200691224,0.608410842284888,ok,63.29479768786127
2025-26,2026-03-24,22500133,2025-10-29T20:30:00-04:00,3,Final,IND,DAL,IND @ DAL,210,210,0,0,0,210,0.2001173035288426,0.2887948422452087,0.6929393266619628,-0.3668128353394482,0.6929393266619629,0.2322469267902398,ok,48.36223506743738
2025-26,2026-03-24,22500134,2025-10-29T21:00:00-04:00,3,Final,NOP,DEN,NOP @ DEN,195,195,116,0,116,79,0.1365203430330792,0.2816882290001206,0.484650507114448,-0.724327251692168,0.484650507114448,0.2119352398922299,ok,22.254335260115607
2025-26,2026-03-24,22500135,2025-10-29T21:00:00-04:00,3,Final,POR,UTA,POR @ UTA,220,220,53,2,55,165,0.3495346612037531,0.2939471149980758,1.1891073032169106,0.1732028602446635,1.1891073032169106,0.5419629011568177,ok,88.92100192678227
2025-26,2026-03-24,22500136,2025-10-29T21:30:00-04:00,3,Final,LAL,MIN,LAL @ MIN,194,194,11,1,12,182,0.298753319451489,0.2618190607972081,1.1410678754320651,0.131964556781139,1.1410678754320651,0.6537736836387282,ok,86.60886319845858
2025-26,2026-03-24,22500137,2025-10-29T22:00:00-04:00,3,Final,MEM,PHX,MEM @ PHX,212,212,0,0,0,212,0.195377780701677,0.1734117211399665,1.126669981805791,0.119266363253664,1.1266699818057908,0.74515760437452,ok,86.03082851637764
2025-26,2026-03-24,22500138,2025-10-30T19:00:00-04:00,3,Final,ORL,CHA,ORL @ CHA,190,190,36,1,36,154,0.1125882216099993,0.2504722662245412,0.4495037446943017,-0.7996110943058267,0.4495037446943017,0.0736350028010464,ok,18.497109826589593
2025-26,2026-03-24,22500139,2025-10-30T20:00:00-04:00,3,Final,GSW,MIL,GSW @ MIL,205,205,0,0,0,205,0.2744414373662869,0.2027178147526981,1.3538101606959734,0.3029229583795942,1.3538101606959734,0.3262511639077634,ok,94.02697495183044
2025-26,2026-03-24,22500140,2025-10-30T20:00:00-04:00,3,Final,WAS,OKC,WAS @ OKC,200,200,35,0,35,165,0.1692672422294925,0.2499649900819217,0.6771637987144444,-0.389842087454996,0.6771637987144445,0.3009665429209313,ok,46.53179190751445
2025-26,2026-03-24,22500141,2025-10-30T20:30:00-04:00,3,Final,MIA,SAS,MIA @ SAS,199,199,5,1,6,193,0.1013396300295611,0.20180404941453,0.5021684665078114,-0.6888196249353451,0.5021684665078114,0.1312970127151598,ok,24.084778420038536
2025-26,2026-03-24,22500142,2025-11-01T17:00:00-04:00,3,Final,SAC,MIL,SAC @ MIL,197,197,5,1,6,191,0.2114956154839445,0.3344781432985722,0.6323152042109753,-0.4583672683250047,0.6323152042109752,0.1299319941211635,ok,39.40269749518304
2025-26,2026-03-24,22500143,2025-11-01T18:00:00-04:00,3,Final,MIN,CHA,MIN @ CHA,201,201,16,0,16,185,0.0938160981538513,0.2355372437716194,0.3983068522480328,-0.9205325852065608,0.3983068522480329,0.0407858908567135,ok,14.354527938342967
2025-26,2026-03-24,22500144,2025-11-01T19:00:00-04:00,3,Final,GSW,IND,GSW @ IND,201,201,0,0,0,201,0.1042505514901057,0.3401078116674656,0.3065220730420472,-1.1824655097485322,0.3065220730420472,0.0017420709212525,ok,8.092485549132949
2025-26,2026-03-24,22500145,2025-11-01T19:00:00-04:00,3,Final,ORL,WAS,ORL @ WAS,212,212,114,0,114,98,0.132717852947668,0.2063044436511972,0.6433106849218265,-0.4411274911557443,0.6433106849218264,0.4526896131916591,ok,41.42581888246628
2025-26,2026-03-24,22500146,2025-11-01T20:00:00-04:00,3,Final,HOU,BOS,HOU @ BOS,192,192,124,0,124,68,0.043291288371034,0.2227138538061665,0.1943807609234382,-1.6379363582965187,0.1943807609234382,0.1221059100227119,ok,4.142581888246628
2025-26,2026-03-24,22500147,2025-11-01T22:00:00-04:00,3,Final,DAL,DET,DAL @ DET,203,203,0,0,0,203,0.3838430843779657,0.2667748545717109,1.4388278272860462,0.3638287732736877,1.4388278272860462,0.1533484350601116,ok,95.76107899807322
2025-26,2026-03-24,22500148,2025-11-02T15:30:00-05:00,3,Final,NOP,OKC,NOP @ OKC,198,198,154,0,154,44,9.327182693541672e-11,0.1241225960983857,7.51449211241802e-10,-21.00901749219727,7.514492112418045e-10,0.9990841455501354,ok,1.1560693641618496
2025-26,2026-03-24,22500149,2025-11-02T18:00:00-05:00,3,Final,PHI,BKN,PHI @ BKN,202,202,70,0,70,132,0.3132096960151317,0.2377873535726481,1.3171839936367378,0.2754961196368986,1.3171839936367378,0.4233494238842819,ok,92.96724470134875
2025-26,2026-03-24,22500150,2025-11-02T18:00:00-05:00,3,Final,UTA,CHA,UTA @ CHA,202,202,147,0,147,55,0.2696853969007745,0.305326223832357,0.8832696828846527,-0.124124708377931,0.8832696828846528,0.8115655047774744,ok,69.17148362235068
2025-26,2026-03-24,22500151,2025-11-02T18:00:00-05:00,3,Final,ATL,CLE,ATL @ CLE,212,212,0,3,3,209,0.1796675994952236,0.2788567034974638,0.6443008084145185,-0.4395895681207756,0.6443008084145186,0.1692400491575877,ok,41.61849710982659
2025-26,2026-03-24,22500152,2025-11-02T18:00:00-05:00,3,Final,MEM,TOR,MEM @ TOR,189,189,7,1,8,181,0.1431696481821009,0.2237811694171079,0.6397752257485331,-0.4466383740849314,0.639775225748533,0.2693669683512283,ok,40.46242774566474
2025-26,2026-03-24,22500153,2025-11-02T19:00:00-05:00,3,Final,CHI,NYK,CHI @ NYK,199,199,54,0,54,145,0.1633156308681143,0.2291306285862803,0.712762112493472,-0.3386075573057313,0.7127621124934721,0.42359583963532,ok,50.77071290944123
2025-26,2026-03-24,22500154,2025-11-02T20:00:00-05:00,3,Final,SAS,PHX,SAS @ PHX,204,204,108,1,109,95,0.0670256909073621,0.1995067717025677,0.3359569719632706,-1.090772186852391,0.3359569719632705,0.1558555437412828,ok,9.922928709055876
2025-26,2026-03-24,22500155,2025-11-02T21:30:00-05:00,3,Final,MIA,LAL,MIA @ LAL,211,211,9,1,10,201,0.1824682885404219,0.3057751119200294,0.5967401578063803,-0.5162735068922872,0.5967401578063802,0.1021140464779365,ok,34.39306358381503
2025-26,2026-03-24,22500156,2025-11-03T19:00:00-05:00,3,Final,MIN,BKN,MIN @ BKN,193,193,24,0,24,169,0.4048546039160606,0.3462105592162903,1.1693883769244982,0.1564808573603692,1.169388376924498,0.5435451850312003,ok,88.0539499036609
2025-26,2026-03-24,22500157,2025-11-03T19:00:00-05:00,3,Final,MIL,IND,MIL @ IND,207,207,0,0,0,207,0.1584915826197093,0.3539308944154296,0.4478037524287958,-0.8034001951545217,0.4478037524287959,0.010243967236823,ok,18.40077071290944
2025-26,2026-03-24,22500158,2025-11-03T19:30:00-05:00,3,Final,UTA,BOS,UTA @ BOS,191,191,0,0,0,191,0.1459297468368713,0.2767657017046135,0.5272681764325667,-0.6400459861869963,0.5272681764325666,0.0722323605459303,ok,27.167630057803464
2025-26,2026-03-24,22500159,2025-11-03T19:30:00-05:00,3,Final,WAS,NYK,WAS @ NYK,202,202,70,0,70,132,0.1069410972599234,0.2111553614377838,0.5064569354609225,-0.6803159826772804,0.5064569354609225,0.186839722891338,ok,24.373795761079
2025-26,2026-03-24,22500160,2025-11-03T20:00:00-05:00,3,Final,DAL,HOU,DAL @ HOU,202,202,0,1,1,201,0.1691895467651273,0.2279677230304003,0.742164480638188,-0.298184388361247,0.7421644806381881,0.4021056023418616,ok,53.85356454720617
2025-26,2026-03-24,22500161,2025-11-03T20:00:00-05:00,3,Final,DET,MEM,DET @ MEM,195,195,13,1,14,181,0.2039956741244714,0.2558130129198919,0.7974405672175591,-0.2263479709653084,0.797440567217559,0.4993570625585649,ok,59.82658959537572
2025-26,2026-03-24,22500162,2025-11-03T21:00:00-05:00,3,Final,SAC,DEN,SAC @ DEN,212,212,2,1,3,209,0.1070322520613736,0.2309018574237339,0.4635400219624737,-0.7688625504278356,0.4635400219624738,0.0572060809379504,ok,19.942196531791907
2025-26,2026-03-24,22500163,2025-11-03T22:00:00-05:00,3,Final,LAL,POR,LAL @ POR,201,201,0,0,0,201,0.1412486374382937,0.2330958673577111,0.6059680038064866,-0.5009280933059357,0.6059680038064867,0.1897544884606046,ok,35.934489402697494
2025-26,2026-03-24,22500164,2025-11-03T22:30:00-05:00,3,Final,MIA,LAC,MIA @ LAC,205,205,0,0,0,205,0.2695840059938669,0.2242631612796195,1.2020877814066824,0.1840598629029696,1.2020877814066826,0.5382346413545169,ok,89.30635838150289
2025-26,2026-03-24,22500165,2025-11-04T19:30:00-05:00,3,Final,MIL,TOR,MIL @ TOR,200,200,110,0,110,90,0.1106514167668961,0.2385199163698552,0.4639085006021767,-0.76806794317983,0.4639085006021766,0.2352993518071644,ok,20.134874759152215
2025-26,2026-03-24,22500166,2025-11-04T20:00:00-05:00,3,Final,ORL,ATL,ORL @ ATL,199,199,86,0,86,113,0.3322294838661578,0.3396379304078804,0.9781872226908648,-0.0220541930242781,0.978187222690865,0.9484567753999548,ok,76.97495183044316
2025-26,2026-03-24,22500167,2025-11-04T20:00:00-05:00,3,Final,PHI,CHI,PHI @ CHI,201,201,103,0,103,98,0.1864099236022843,0.215059629611386,0.8667825009237119,-0.1429671976597203,0.8667825009237117,0.769575264788112,ok,67.53371868978806
2025-26,2026-03-24,22500168,2025-11-04T20:00:00-05:00,3,Final,CHA,NOP,CHA @ NOP,197,197,0,2,2,195,0.1974636865146744,0.3030074277681119,0.6516793597079444,-0.428202617607768,0.6516793597079445,0.1651862826420417,ok,42.678227360308284
2025-26,2026-03-24,22500169,2025-11-04T22:00:00-05:00,3,Final,PHX,GSW,PHX @ GSW,197,197,96,0,96,101,0.0767245425642273,0.1777086111165637,0.4317435271265596,-0.8399235542470969,0.4317435271265596,0.2147121066346113,ok,17.052023121387283
2025-26,2026-03-24,22500170,2025-11-04T23:00:00-05:00,3,Final,OKC,LAC,OKC @ LAC,195,195,43,0,43,152,0.0836176132835538,0.2496083343868471,0.3349952776575235,-1.0936388438011335,0.3349952776575235,0.0434911109063735,ok,9.633911368015415
2025-26,2026-03-24,22500171,2025-11-05T19:00:00-05:00,3,Final,PHI,CLE,PHI @ CLE,208,208,61,0,61,147,0.1914617347405735,0.2637958854334756,0.7257950002743944,-0.3204876727989596,0.7257950002743944,0.3998377679183981,ok,52.119460500963385
2025-26,2026-03-24,22500172,2025-11-05T19:00:00-05:00,3,Final,UTA,DET,UTA @ DET,202,202,0,1,1,201,0.2986989902102547,0.2142390809506272,1.3942320368667556,0.3323437524797718,1.3942320368667558,0.2673282000010362,ok,94.99036608863199
2025-26,2026-03-24,22500173,2025-11-05T19:00:00-05:00,3,Final,BKN,IND,BKN @ IND,200,200,0,1,1,199,0.2290940915107284,0.2322705915202368,0.9863241403540678,-0.0137702356509563,0.986324140354068,0.965329960010803,ok,77.55298651252409
2025-26,2026-03-24,22500174,2025-11-05T19:30:00-05:00,3,Final,WAS,BOS,WAS @ BOS,197,197,74,1,74,123,0.3687007821620746,0.3100569343642824,1.1891389654549454,0.1732294867874679,1.189138965454945,0.5896814693109063,ok,89.01734104046243
2025-26,2026-03-24,22500175,2025-11-05T19:30:00-05:00,3,Final,MIN,NYK,MIN @ NYK,193,193,33,0,33,160,0.1204595181175892,0.1687873680123235,0.7136761449399115,-0.3373259980559335,0.7136761449399116,0.5074626271964005,ok,51.05973025048169
2025-26,2026-03-24,22500176,2025-11-05T20:00:00-05:00,3,Final,HOU,MEM,HOU @ MEM,207,207,64,0,64,143,0.5064429644622326,0.1947016321678054,2.6011233641110416,0.955943414834675,2.6011233641110416,0.0030781416873236,ok,99.61464354527938
2025-26,2026-03-24,22500177,2025-11-05T20:30:00-05:00,3,Final,NOP,DAL,NOP @ DAL,198,198,0,1,1,197,0.1694329471994748,0.2139876223195498,0.7917885406776421,-0.2334609169108662,0.7917885406776419,0.515090225436429,ok,58.67052023121387
2025-26,2026-03-24,22500178,2025-11-05T21:00:00-05:00,3,Final,MIA,DEN,MIA @ DEN,211,211,16,1,17,194,0.1657841482307556,0.2019739556272574,0.8208194354360714,-0.1974521261957822,0.8208194354360715,0.5957258072316711,ok,61.5606936416185
2025-26,2026-03-24,22500179,2025-11-05T22:00:00-05:00,3,Final,SAS,LAL,SAS @ LAL,199,199,0,1,1,198,0.3004764283949613,0.577514426212035,0.520292506571327,-0.6533641129204252,0.520292506571327,0.0049728246757572,ok,26.49325626204239
2025-26,2026-03-24,22500180,2025-11-05T22:00:00-05:00,3,Final,OKC,POR,OKC @ POR,214,214,42,1,43,171,0.3115138587148575,0.223314383995435,1.3949565323173516,0.332863255158719,1.3949565323173516,0.2901908635522661,ok,95.08670520231213
2025-26,2026-03-24,22500181,2025-11-05T22:00:00-05:00,3,Final,GSW,SAC,GSW @ SAC,210,210,0,2,2,208,0.1792275667691543,0.2540669647957113,0.7054343602414685,-0.3489415520723784,0.7054343602414687,0.2906082604558589,ok,49.614643545279385
2025-26,2026-03-24,22500182,2025-11-06T21:00:00-05:00,3,Final,LAC,PHX,LAC @ PHX,190,190,52,0,52,138,0.1886179958032598,0.3630039920162041,0.5196030896399624,-0.6546900480140672,0.5196030896399623,0.0857923926684157,ok,26.300578034682083
2025-26,2026-03-24,22500183,2025-11-08T19:00:00-05:00,3,Final,DAL,WAS,DAL @ WAS,204,204,0,2,2,202,0.2612199381098353,0.23208253652861,1.125547583273821,0.1182696579244008,1.125547583273821,0.6906660762478655,ok,85.9344894026975
2025-26,2026-03-24,22500184,2025-11-08T19:30:00-05:00,3,Final,TOR,PHI,TOR @ PHI,203,203,0,0,0,203,0.2551511891481094,0.2878608011297607,0.886370037694342,-0.1206207658005638,0.8863700376943421,0.6706706818954341,ok,69.46050096339114
2025-26,2026-03-24,22500185,2025-11-08T20:00:00-05:00,3,Final,LAL,ATL,LAL @ ATL,196,196,87,0,87,109,0.2251687489448928,0.1593510591416053,1.4130357850009612,0.3457404289308626,1.413035785000961,0.4695047231214481,ok,95.37572254335261
2025-26,2026-03-24,22500186,2025-11-08T20:00:00-05:00,3,Final,CHI,CLE,CHI @ CLE,207,207,22,2,24,183,0.2543347645289882,0.3736939284531155,0.6805964591980188,-0.3847857194001859,0.6805964591980187,0.1683021888845313,ok,47.10982658959538
2025-26,2026-03-24,22500187,2025-11-08T20:00:00-05:00,3,Final,POR,MIA,POR @ MIA,223,223,0,2,2,221,0.2619756185930461,0.2705033390787266,0.9684746202589436,-0.0320330016834634,0.9684746202589434,0.9061100842779128,ok,76.30057803468208
2025-26,2026-03-24,22500188,2025-11-08T20:00:00-05:00,3,Final,NOP,SAS,NOP @ SAS,197,197,8,2,10,187,0.224032553715277,0.2076451344299285,1.0789203143639208,0.0759608321715758,1.0789203143639208,0.8253348515238481,ok,83.23699421965318
2025-26,2026-03-24,22500189,2025-11-08T21:00:00-05:00,3,Final,IND,DEN,IND @ DEN,206,206,63,0,63,143,0.2023250990101316,0.2457932096667366,0.8231517025407574,-0.1946147665664191,0.8231517025407575,0.6111840588263279,ok,61.849710982658955
2025-26,2026-03-24,22500190,2025-11-08T22:30:00-05:00,3,Final,PHX,LAC,PHX @ LAC,177,177,7,0,7,170,0.113128459289476,0.2222926190542823,0.5089168491997967,-0.6754706368770881,0.5089168491997967,0.1375498684950779,ok,24.66281310211946
2025-26,2026-03-24,22500191,2025-11-09T15:30:00-05:00,3,Final,HOU,MIL,HOU @ MIL,192,192,0,2,2,190,0.1172215298548856,0.2546135327265967,0.4603900216912578,-0.7756812754986024,0.4603900216912577,0.0532267316975769,ok,19.26782273603083
2025-26,2026-03-24,22500192,2025-11-09T18:00:00-05:00,3,Final,BKN,NYK,BKN @ NYK,190,190,139,1,139,51,0.233058882650592,0.295534863735076,0.7886003015181019,-0.2374956751926245,0.7886003015181019,0.6899484387274126,ok,58.1888246628131
2025-26,2026-03-24,22500193,2025-11-09T18:00:00-05:00,3,Final,BOS,ORL,BOS @ ORL,188,188,0,1,1,187,0.2042635364508055,0.3588852980876639,0.5691610593669699,-0.5635918280248933,0.5691610593669701,0.0590197864044277,ok,31.213872832369944
2025-26,2026-03-24,22500194,2025-11-09T18:00:00-05:00,3,Final,OKC,MEM,OKC @ MEM,199,199,23,0,23,176,0.1329815932392751,0.2492580865794588,0.5335096448190182,-0.6282781300175776,0.5335096448190182,0.1147024045109559,ok,27.842003853564545
2025-26,2026-03-24,22500195,2025-11-09T19:30:00-05:00,3,Final,DET,PHI,DET @ PHI,197,197,0,0,0,197,0.1927365590767239,0.3188626704477028,0.6044500562142001,-0.5034362323335612,0.6044500562142001,0.1029747343233085,ok,35.64547206165704
2025-26,2026-03-24,22500196,2025-11-09T20:30:00-05:00,3,Final,IND,GSW,IND @ GSW,199,199,39,0,39,160,0.1077505765136825,0.3261950960173246,0.33032555617562,-1.1076765769608188,0.33032555617562,0.0094368348056221,ok,9.248554913294797
2025-26,2026-03-24,22500197,2025-11-09T21:00:00-05:00,3,Final,MIN,SAC,MIN @ SAC,213,213,112,0,112,101,0.1876252049229365,0.1479466450963811,1.2681950631641996,0.2375946794865938,1.2681950631641996,0.6669243963538531,ok,92.00385356454721
2025-26,2026-03-24,22500198,2025-11-10T19:00:00-05:00,3,Final,LAL,CHA,LAL @ CHA,189,189,40,2,42,147,0.147655412783141,0.2510233625324253,0.5882138271654616,-0.5306647455468013,0.5882138271654616,0.2185301060779949,ok,33.52601156069364
2025-26,2026-03-24,22500199,2025-11-10T19:00:00-05:00,3,Final,WAS,DET,WAS @ DET,230,230,0,1,1,229,0.254876216485056,0.2455543356330207,1.037962599308231,0.0372597525995866,1.037962599308231,0.8955197077376976,ok,81.31021194605009
2025-26,2026-03-24,22500200,2025-11-10T19:00:00-05:00,3,Final,POR,ORL,POR @ ORL,195,195,0,2,2,193,0.222381756621497,0.3301858336882533,0.6735048385857159,-0.3952600989174125,0.6735048385857157,0.1827837225098888,ok,46.05009633911368
2025-26,2026-03-24,22500201,2025-11-10T19:30:00-05:00,3,Final,CLE,MIA,CLE @ MIA,228,228,1,1,2,226,0.2145178987323408,0.3238739873880432,0.6623498863319345,-0.4119613334651756,0.6623498863319345,0.1371311931141005,ok,44.3159922928709
2025-26,2026-03-24,22500202,2025-11-10T20:00:00-05:00,3,Final,SAS,CHI,SAS @ CHI,207,207,0,2,2,205,0.1725752262222422,0.2123748250273278,0.8125973791857657,-0.2075195206542805,0.8125973791857658,0.5592245986732509,ok,60.59730250481695
2025-26,2026-03-24,22500203,2025-11-10T20:30:00-05:00,3,Final,MIL,DAL,MIL @ DAL,206,206,0,0,0,206,0.278807235673742,0.3225998456766865,0.8642509889888975,-0.1458920558490966,0.8642509889888975,0.5837680558555278,ok,67.2447013487476
2025-26,2026-03-24,22500204,2025-11-10T21:00:00-05:00,3,Final,NOP,PHX,NOP @ PHX,197,197,141,0,141,56,0.0427656343839075,0.2452728353293497,0.1743594406876826,-1.7466363594188643,0.1743594406876826,0.1104648353151074,ok,3.5645472061657033
2025-26,2026-03-24,22500205,2025-11-10T21:00:00-05:00,3,Final,MIN,UTA,MIN @ UTA,204,204,21,1,22,182,0.2852264037658333,0.2959680154916148,0.9637068495123056,-0.0369681286350495,0.9637068495123058,0.8975222221912017,ok,75.91522157996147
2025-26,2026-03-24,22500206,2025-11-10T22:30:00-05:00,3,Final,ATL,LAC,ATL @ LAC,184,184,9,1,10,174,0.1364693193199151,0.2683915023906187,0.5084710883331052,-0.6763469218786514,0.5084710883331051,0.0821509929167196,ok,24.566473988439306
2025-26,2026-03-24,22500207,2025-11-11T19:30:00-05:00,3,Final,TOR,BKN,TOR @ BKN,192,192,7,0,7,185,0.3485859239840347,0.2582857996241278,1.3496131978270456,0.2998180312674893,1.3496131978270451,0.2824502054515126,ok,93.83429672447014
2025-26,2026-03-24,22500208,2025-11-11T19:30:00-05:00,3,Final,MEM,NYK,MEM @ NYK,219,219,112,0,112,107,0.0700436532946814,0.2039609782996679,0.3434169314081757,-1.068810026526956,0.3434169314081757,0.161912712145592,ok,10.211946050096339
2025-26,2026-03-24,22500209,2025-11-11T20:00:00-05:00,3,Final,BOS,PHI,BOS @ PHI,188,188,0,0,0,188,0.2389581644544877,0.2230618291155683,1.071264256201735,0.0688394988475889,1.0712642562017352,0.8318704091520914,ok,82.94797687861272
2025-26,2026-03-24,22500210,2025-11-11T20:00:00-05:00,3,Final,GSW,OKC,GSW @ OKC,202,202,128,1,128,74,0.1076937455562101,0.3527084327313389,0.3053336284654169,-1.18635023638679,0.305333628465417,0.0510890116924997,ok,7.89980732177264
2025-26,2026-03-24,22500211,2025-11-11T21:00:00-05:00,3,Final,IND,UTA,IND @ UTA,205,205,98,0,98,107,0.2800110587655764,0.2658166940982123,1.05339907155011,0.0520221466827782,1.0533990715501098,0.8976169142588936,ok,81.88824662813103
2025-26,2026-03-24,22500212,2025-11-11T23:00:00-05:00,3,Final,DEN,SAC,DEN @ SAC,192,192,6,0,6,186,0.1895398703517837,0.2384747547258985,0.7948005673373678,-0.2296640544932456,0.7948005673373678,0.4989405874386686,ok,59.34489402697495
2025-26,2026-03-24,22500213,2025-11-12T19:00:00-05:00,3,Final,MIL,CHA,MIL @ CHA,187,187,44,0,44,143,0.0888564682356616,0.1939100387832825,0.4582355240254958,-0.7803719824492398,0.4582355240254958,0.1620425318777456,ok,18.978805394990367
2025-26,2026-03-24,22500214,2025-11-12T19:00:00-05:00,3,Final,CHI,DET,CHI @ DET,210,210,32,0,32,178,0.1428756232634015,0.1860373713386786,0.767994205870058,-0.2639730903029529,0.767994205870058,0.5486197206366484,ok,56.26204238921002
2025-26,2026-03-24,22500215,2025-11-12T19:00:00-05:00,3,Final,ORL,NYK,ORL @ NYK,201,201,83,0,83,118,0.1030240617813719,0.2526078009288832,0.4078419645099414,-0.89687552150162,0.4078419645099413,0.108170545144953,ok,15.028901734104046
2025-26,2026-03-24,22500216,2025-11-12T19:30:00-05:00,3,Final,MEM,BOS,MEM @ BOS,192,192,103,0,103,89,0.0706478476349955,0.2306783249744441,0.3062613171082387,-1.1833165639831558,0.3062613171082387,0.1232757028023052,ok,7.996146435452794
2025-26,2026-03-24,22500217,2025-11-12T19:30:00-05:00,3,Final,CLE,MIA,CLE @ MIA,215,215,7,0,7,208,0.2276886991666323,0.2791894660139306,0.8155347062960875,-0.2039112995236585,0.8155347062960874,0.4853951866672531,ok,60.982658959537574
2025-26,2026-03-24,22500218,2025-11-12T20:00:00-05:00,3,Final,WAS,HOU,WAS @ HOU,199,199,123,0,123,76,0.1994650650701779,0.274871158159109,0.7256674960226916,-0.3206633635279393,0.7256674960226918,0.5496433805132092,ok,52.02312138728323
2025-26,2026-03-24,22500219,2025-11-12T20:00:00-05:00,3,Final,POR,NOP,POR @ NOP,191,191,3,0,3,188,0.2217885889547284,0.2162130570204245,1.025787211980344,0.0254603295084502,1.025787211980344,0.9395783450077606,ok,80.53949903660886
2025-26,2026-03-24,22500220,2025-11-12T20:00:00-05:00,3,Final,GSW,SAS,GSW @ SAS,212,212,6,3,9,203,0.1673679945325832,0.2039678119675128,0.8205608175040919,-0.1977672487076515,0.820560817504092,0.5878697121561591,ok,61.368015414258196
2025-26,2026-03-24,22500221,2025-11-12T20:30:00-05:00,3,Final,PHX,DAL,PHX @ DAL,207,207,37,3,40,167,0.1767506469494791,0.2768088595739282,0.6385295876061864,-0.4485872653409076,0.6385295876061862,0.2143211979745668,ok,40.26974951830443
2025-26,2026-03-24,22500222,2025-11-12T21:30:00-05:00,3,Final,LAL,OKC,LAL @ OKC,204,204,146,0,146,58,0.2584936492947525,0.117575871416052,2.198526331818976,0.7877872867418829,2.1985263318189756,0.2766982642959805,ok,99.42196531791907
2025-26,2026-03-24,22500223,2025-11-12T22:00:00-05:00,3,Final,ATL,SAC,ATL @ SAC,215,215,127,0,127,88,0.047782050328868,0.1341848826061467,0.3560911587120858,-1.0325685171108518,0.3560911587120857,0.3323534302788284,ok,10.886319845857418
2025-26,2026-03-24,22500224,2025-11-12T22:30:00-05:00,3,Final,DEN,LAC,DEN @ LAC,194,194,39,0,39,155,0.135967746377932,0.259976556820902,0.5230000275432538,-0.6481737622532503,0.5230000275432538,0.1134288178168355,ok,26.589595375722542
2025-26,2026-03-24,22500225,2025-11-13T19:00:00-05:00,3,Final,TOR,CLE,TOR @ CLE,194,194,20,0,20,174,0.2845606584848929,0.262561871987705,1.0837851525457516,0.0804596846149532,1.0837851525457516,0.792060200642193,ok,83.71868978805395
2025-26,2026-03-24,22500226,2025-11-13T21:00:00-05:00,3,Final,IND,PHX,IND @ PHX,196,196,90,0,90,106,0.5380397252855095,0.3838724869639533,1.4016105440138846,0.3376219640126501,1.4016105440138849,0.2790895652784887,ok,95.18304431599229
2025-26,2026-03-24,22500227,2025-11-13T21:00:00-05:00,3,Final,ATL,UTA,ATL @ UTA,216,216,6,0,6,210,0.1204461017412296,0.1950128938683262,0.6176314773450594,-0.4818633143665664,0.6176314773450595,0.2402527532059213,ok,37.37957610789981
2025-26,2026-03-24,22500228,2025-11-15T17:00:00-05:00,3,Final,MEM,CLE,MEM @ CLE,209,209,0,0,0,209,0.2450696925333416,0.3139950050385215,0.7804891434603427,-0.2478344488474879,0.7804891434603427,0.3747629615910356,ok,57.61078998073218
2025-26,2026-03-24,22500229,2025-11-15T19:00:00-05:00,3,Final,OKC,CHA,OKC @ CHA,192,192,40,0,40,152,3.7020881885898574e-11,0.1069762235742715,3.460664496180844e-10,-21.78439030839092,3.460664496180844e-10,0.9990373977688068,ok,0.5780346820809248
2025-26,2026-03-24,22500230,2025-11-15T19:00:00-05:00,3,Final,TOR,IND,TOR @ IND,214,214,64,1,64,150,0.2683184174730103,0.2146730313095575,1.2498934581405168,0.2230583141940431,1.2498934581405168,0.5337818150816315,ok,90.7514450867052
2025-26,2026-03-24,22500231,2025-11-15T20:00:00-05:00,3,Final,LAL,MIL,LAL @ MIL,194,194,110,0,110,84,0.1269048479889528,0.3048761807129154,0.4162504518791907,-0.8764681520924196,0.4162504518791906,0.1183504633615141,ok,15.895953757225435
2025-26,2026-03-24,22500232,2025-11-15T20:00:00-05:00,3,Final,DEN,MIN,DEN @ MIN,204,204,0,0,0,204,0.267751626297753,0.2705979274356524,0.9894814377742184,-0.0105742733128259,0.9894814377742188,0.9705959423844804,ok,77.84200385356455
2025-26,2026-03-24,22500233,2025-11-16T15:30:00-05:00,3,Final,LAC,BOS,LAC @ BOS,187,187,43,2,45,142,0.2559276164944888,0.2521808500169979,1.0148574583567245,0.0147481675152891,1.014857458356725,0.9665376063671244,ok,79.28709055876686
2025-26,2026-03-24,22500234,2025-11-16T16:00:00-05:00,3,Final,SAC,SAS,SAC @ SAS,205,205,40,0,40,165,0.1229327974852435,0.1850852389343427,0.6641955792533665,-0.4091786258078516,0.6641955792533665,0.361206978997818,ok,44.60500963391137
2025-26,2026-03-24,22500235,2025-11-16T18:00:00-05:00,3,Final,BKN,WAS,BKN @ WAS,194,194,34,0,34,160,0.2774323010207421,0.2359987696046233,1.175566726409353,0.1617503516654362,1.175566726409353,0.6281770343760084,ok,88.4393063583815
2025-26,2026-03-24,22500236,2025-11-16T19:00:00-05:00,3,Final,ORL,HOU,ORL @ HOU,211,211,0,2,2,209,0.1822422353136287,0.2938188411988017,0.6202537406044741,-0.4776266256271638,0.6202537406044741,0.1205390641897855,ok,37.861271676300575
2025-26,2026-03-24,22500237,2025-11-16T19:00:00-05:00,3,Final,GSW,NOP,GSW @ NOP,208,208,86,0,86,122,0.1465741877495095,0.2828564182879853,0.518192900258949,-0.6574077117219146,0.5181929002589492,0.1432623384609229,ok,26.011560693641616
2025-26,2026-03-24,22500238,2025-11-16T19:30:00-05:00,3,Final,POR,DAL,POR @ DAL,221,221,0,2,2,219,0.179351056202402,0.3793045657498669,0.4728418068151475,-0.7489943929095044,0.4728418068151475,0.0085828340252804,ok,20.809248554913296
2025-26,2026-03-24,22500239,2025-11-16T20:00:00-05:00,3,Final,ATL,PHX,ATL @ PHX,203,203,25,2,27,176,0.2236520177405518,0.2205745353346913,1.01395212009034,0.0138556852083279,1.01395212009034,0.9684465728354936,ok,79.1907514450867
2025-26,2026-03-24,22500240,2025-11-16T20:00:00-05:00,3,Final,CHI,UTA,CHI @ UTA,250,250,1,0,1,249,0.2614254685581254,0.2934072377998915,0.890998703775746,-0.1154123063095288,0.8909987037757457,0.6532459617580025,ok,70.32755298651252
2025-26,2026-03-24,22500241,2025-11-17T19:00:00-05:00,3,Final,MIL,CLE,MIL @ CLE,201,201,0,0,0,201,0.1951449999430343,0.1934770418910411,1.0086209611005554,0.008584012816692,1.0086209611005552,0.9803068871787052,ok,78.51637764932563
2025-26,2026-03-24,22500242,2025-11-17T19:00:00-05:00,3,Final,IND,DET,IND @ DET,203,203,100,0,100,103,0.1805322470925564,0.2580092508997428,0.6997123028069547,-0.3570860244107978,0.6997123028069546,0.4530438554734859,ok,49.03660886319846
2025-26,2026-03-24,22500243,2025-11-17T19:00:00-05:00,3,Final,LAC,PHI,LAC @ PHI,189,189,0,0,0,189,0.182718820080711,0.3648042465605322,0.5008681280534173,-0.6914124300033165,0.5008681280534172,0.0250940724360084,ok,23.892100192678228
2025-26,2026-03-24,22500244,2025-11-17T19:30:00-05:00,3,Final,NYK,MIA,NYK @ MIA,209,209,0,0,0,209,0.1247241564732236,0.2140020051780583,0.5828177000932683,-0.5398808343376645,0.5828177000932682,0.1786758512534857,ok,32.5626204238921
2025-26,2026-03-24,22500245,2025-11-17T19:30:00-05:00,3,Final,CHA,TOR,CHA @ TOR,204,204,0,0,0,204,0.1499720982535115,0.1944595188046161,0.7712252872753249,-0.259774746706606,0.771225287275325,0.5055188873518628,ok,56.358381502890175
2025-26,2026-03-24,22500246,2025-11-17T20:00:00-05:00,3,Final,DAL,MIN,DAL @ MIN,214,214,124,0,124,90,0.1456192079236275,0.2694746143331999,0.5403819142072224,-0.6154791408743071,0.5403819142072224,0.2449792537148046,ok,28.034682080924856
2025-26,2026-03-24,22500247,2025-11-17T20:00:00-05:00,3,Final,OKC,NOP,OKC @ NOP,199,199,168,1,168,31,0.3064668740827447,0.3900152006774565,0.7857818709383934,-0.2410760429582307,0.7857818709383935,0.7098543435271967,ok,57.996146435452786
2025-26,2026-03-24,22500248,2025-11-17T21:00:00-05:00,3,Final,CHI,DEN,CHI @ DEN,207,207,8,2,10,197,0.1617673697943479,0.1697738192899279,0.9528404937282636,-0.048307762129332,0.9528404937282632,0.903117453734226,ok,74.95183044315993
2025-26,2026-03-24,22500249,2025-11-18T19:00:00-05:00,3,Final,GSW,ORL,GSW @ ORL,205,205,1,0,1,204,0.1720067101787725,0.272539921350019,0.6311248250411977,-0.4602516150204492,0.6311248250411977,0.1622406489975343,ok,39.30635838150289
2025-26,2026-03-24,22500250,2025-11-18T19:30:00-05:00,3,Final,BOS,BKN,BOS @ BKN,190,190,1,1,1,189,0.2456186795141751,0.2765398981208002,0.8881853258182738,-0.1185748575190299,0.8881853258182738,0.6930024931714165,ok,69.94219653179191
2025-26,2026-03-24,22500251,2025-11-18T19:30:00-05:00,3,Final,DET,ATL,DET @ ATL,200,200,9,4,13,187,0.1007642525471407,0.2552519813446995,0.3947638408771675,-0.929467564074312,0.3947638408771675,0.027827338935372,ok,14.065510597302506
2025-26,2026-03-24,22500252,2025-11-18T20:00:00-05:00,3,Final,MEM,SAS,MEM @ SAS,192,192,0,0,0,192,0.2369401970321774,0.1485628570209292,1.594881801437069,0.4667996278087578,1.594881801437069,0.2087000583485686,ok,97.30250481695568
2025-26,2026-03-24,22500253,2025-11-18T22:30:00-05:00,3,Final,UTA,LAL,UTA @ LAL,210,210,30,1,31,179,0.2892882262372757,0.2719733124870518,1.0636640175901386,0.0617195681110804,1.0636640175901388,0.8389988832916845,ok,82.36994219653178
2025-26,2026-03-24,22500254,2025-11-18T23:00:00-05:00,3,Final,PHX,POR,PHX @ POR,210,210,82,0,82,128,0.2913808005558197,0.2418887261331395,1.2046067843419823,0.1861531936404984,1.2046067843419823,0.6158857756149041,ok,89.40269749518305
2025-26,2026-03-24,22500255,2025-11-19T19:00:00-05:00,3,Final,HOU,CLE,HOU @ CLE,194,194,33,2,35,159,0.1627501429964761,0.3280163200782107,0.4961647730139487,-0.7008472037674724,0.4961647730139486,0.0563883087977817,ok,23.314065510597302
2025-26,2026-03-24,22500256,2025-11-19T19:00:00-05:00,3,Final,CHA,IND,CHA @ IND,199,199,67,1,68,131,0.1394371197862479,0.2599069092882792,0.5364886996197141,-0.6227097802837948,0.536488699619714,0.1671790957573968,ok,27.9383429672447
2025-26,2026-03-24,22500257,2025-11-19T19:30:00-05:00,3,Final,GSW,MIA,GSW @ MIA,211,211,4,0,4,207,0.1303412901333625,0.2464652050805694,0.5288425605178387,-0.6370645085891633,0.5288425605178387,0.0909512791562854,ok,27.552986512524086
2025-26,2026-03-24,22500258,2025-11-19T19:00:00-05:00,3,Final,TOR,PHI,TOR @ PHI,193,193,7,0,7,186,0.1216142079230646,0.2946547251474876,0.4127346264757552,-0.8849504434515725,0.4127346264757552,0.022220732739586,ok,15.606936416184972
2025-26,2026-03-24,22500259,2025-11-19T20:00:00-05:00,3,Final,WAS,MIN,WAS @ MIN,193,193,58,1,59,134,0.1381542713300896,0.2880045925692723,0.4796946815938711,-0.7346054574776868,0.4796946815938711,0.0924509616066191,ok,21.57996146435453
2025-26,2026-03-24,22500260,2025-11-19T20:00:00-05:00,3,Final,DEN,NOP,DEN @ NOP,213,213,30,3,33,180,0.2305295138072685,0.225868044536369,1.020638020223126,0.0204279417689993,1.020638020223126,0.9518294105003984,ok,80.05780346820809
2025-26,2026-03-24,22500261,2025-11-19T20:00:00-05:00,3,Final,SAC,OKC,SAC @ OKC,205,205,23,0,23,182,0.1396163404594063,0.2722532317212136,0.5128179363629117,-0.6678343966805983,0.5128179363629117,0.0804729958358465,ok,25.240847784200387
2025-26,2026-03-24,22500262,2025-11-19T21:30:00-05:00,3,Final,NYK,DAL,NYK @ DAL,203,203,0,2,2,201,0.1647709224051956,0.327378321508818,0.5033043166871924,-0.6865602884688853,0.5033043166871923,0.0297344714632499,ok,24.18111753371869
2025-26,2026-03-24,22500263,2025-11-19T22:00:00-05:00,3,Final,CHI,POR,CHI @ POR,213,213,18,3,21,192,0.0966632263456175,0.2462886884549559,0.3924793580737118,-0.9352713340376252,0.3924793580737118,0.0366616376224118,ok,13.680154142581888
2025-26,2026-03-24,22500264,2025-11-20T19:00:00-05:00,3,Final,LAC,ORL,LAC @ ORL,209,209,74,0,74,135,0.0454921616159742,0.2306770047445764,0.1972115151501411,-1.6234784452621285,0.197211515150141,0.0311666666617135,ok,4.431599229287091
2025-26,2026-03-24,22500265,2025-11-20T20:00:00-05:00,3,Final,SAC,MEM,SAC @ MEM,198,198,130,0,130,68,0.170104795151267,0.2849271852924004,0.597011460934135,-0.5158189682291898,0.5970114609341355,0.3549365935648658,ok,34.48940269749518
2025-26,2026-03-24,22500266,2025-11-20T20:00:00-05:00,3,Final,PHI,MIL,PHI @ MIL,216,216,0,2,2,214,0.2093854478918757,0.1786974433377377,1.1717316374590638,0.1584826866580432,1.1717316374590636,0.6511048129634447,ok,88.34296724470136
2025-26,2026-03-24,22500267,2025-11-20T20:00:00-05:00,3,Final,ATL,SAS,ATL @ SAS,205,205,23,0,23,182,0.1226948700817187,0.2654164127212659,0.4622731082217209,-0.7715994192197344,0.4622731082217209,0.0559150369110912,ok,19.845857418111752
2025-26,2026-03-24,22500268,2025-11-22T13:00:00-05:00,3,Final,LAC,CHA,LAC @ CHA,191,191,62,0,62,129,0.0697789888490034,0.2441658443301046,0.285785217176668,-1.2525147391884737,0.285785217176668,0.0453525304514506,ok,7.225433526011561
2025-26,2026-03-24,22500269,2025-11-22T17:00:00-05:00,3,Final,NYK,ORL,NYK @ ORL,199,199,12,0,12,187,0.2471881389311314,0.3152889606501491,0.7840050549864203,-0.2433398109657549,0.7840050549864203,0.4006863815682812,ok,57.70712909441234
2025-26,2026-03-24,22500270,2025-11-22T19:00:00-05:00,3,Final,ATL,NOP,ATL @ NOP,197,197,67,0,67,130,0.0476422111582028,0.2158590010523762,0.2207098658195075,-1.5109062643193505,0.2207098658195075,0.0431772016690516,ok,5.009633911368015
2025-26,2026-03-24,22500271,2025-11-22T20:00:00-05:00,3,Final,WAS,CHI,WAS @ CHI,210,210,3,0,3,207,0.1866358018510892,0.2575999623954693,0.7245179700941282,-0.3222487140864493,0.7245179700941282,0.3233800799131774,ok,51.92678227360308
2025-26,2026-03-24,22500272,2025-11-22T20:00:00-05:00,3,Final,DET,MIL,DET @ MIL,199,199,96,0,96,103,3.886430525798505e-11,0.1472169526693161,2.639934094090605e-10,-22.055096977453463,2.6399340940906044e-10,0.9990382069316992,ok,0.2890173410404624
2025-26,2026-03-24,22500273,2025-11-22T20:30:00-05:00,3,Final,MEM,DAL,MEM @ DAL,183,183,0,1,1,182,0.1306419259232064,0.2566991956333109,0.5089300167103971,-0.6754447636125687,0.508930016710397,0.0899141327278198,ok,24.759152215799617
2025-26,2026-03-24,22500274,2025-11-22T22:00:00-05:00,3,Final,SAC,DEN,SAC @ DEN,192,192,0,2,2,190,0.2297445973130141,0.2634377111617761,0.8721021614552701,-0.1368487043033864,0.8721021614552701,0.6680173304757203,ok,68.40077071290945
2025-26,2026-03-24,22500275,2025-11-23T13:00:00-05:00,3,Final,MIA,PHI,MIA @ PHI,212,212,1,0,1,211,0.3413689845781165,0.1705898288896991,2.001109836383274,0.6937019448414188,2.001109836383275,0.0207897153088867,ok,99.13294797687861
2025-26,2026-03-24,22500276,2025-11-23T18:00:00-05:00,3,Final,CHA,ATL,CHA @ ATL,187,187,0,2,2,185,0.1947531448872757,0.2023059107885578,0.9626666078522248,-0.0380481287328661,0.9626666078522248,0.9170590523864256,ok,75.626204238921
2025-26,2026-03-24,22500277,2025-11-23T18:00:00-05:00,3,Final,ORL,BOS,ORL @ BOS,192,192,77,2,79,113,0.1409107091545733,0.284010854164986,0.4961455067231909,-0.7008860349499234,0.4961455067231908,0.1347827060412487,ok,23.21772639691715
2025-26,2026-03-24,22500278,2025-11-23T18:00:00-05:00,3,Final,LAC,CLE,LAC @ CLE,193,193,27,0,27,166,0.2090899230928414,0.2524152032793351,0.8283570893368583,-0.1883109502508506,0.8283570893368585,0.5932529134781536,ok,62.6204238921002
2025-26,2026-03-24,22500279,2025-11-23T18:00:00-05:00,3,Final,BKN,TOR,BKN @ TOR,188,188,0,1,1,187,0.2192334667916745,0.2867267703388669,0.7646075967464574,-0.26839252218658,0.7646075967464576,0.3891074497451592,ok,55.97302504816955
2025-26,2026-03-24,22500280,2025-11-23T19:00:00-05:00,3,Final,POR,OKC,POR @ OKC,193,193,155,0,155,38,0.3861147004154809,0.1995969730615427,1.934471723157988,0.659834277919518,1.9344717231579889,0.3021198582572914,ok,98.94026974951831
2025-26,2026-03-24,22500281,2025-11-23T20:00:00-05:00,3,Final,SAS,PHX,SAS @ PHX,193,193,0,1,1,192,0.2161919687501531,0.2514878298472564,0.8596518125010639,-0.15122784090105,0.8596518125010639,0.6427268638973586,ok,66.57032755298651
2025-26,2026-03-24,22500282,2025-11-23T20:00:00-05:00,3,Final,LAL,UTA,LAL @ UTA,204,204,0,1,1,203,0.1275290518482147,0.2416410232562523,0.5277624226618773,-0.6391090536167165,0.5277624226618775,0.0962461858518375,ok,27.45664739884393
2025-26,2026-03-24,22500283,2025-11-24T19:00:00-05:00,3,Final,DET,IND,DET @ IND,201,201,40,2,42,159,0.2964556550940806,0.2543683802010364,1.1654579663548634,0.1531141139397281,1.1654579663548632,0.6310978573593962,ok,87.86127167630057
2025-26,2026-03-24,22500284,2025-11-24T19:00:00-05:00,3,Final,CLE,TOR,CLE @ TOR,201,201,0,0,0,201,0.0935172687302162,0.1626744339118375,0.5748737922819418,-0.5536047539601912,0.5748737922819417,0.2638629937909368,ok,31.695568400770714
2025-26,2026-03-24,22500285,2025-11-24T19:30:00-05:00,3,Final,NYK,BKN,NYK @ BKN,186,186,30,0,30,156,0.1579566115275725,0.2805004434389668,0.5631242845501662,-0.5742549211194916,0.5631242845501663,0.133721041998887,ok,30.539499036608863
2025-26,2026-03-24,22500286,2025-11-24T19:30:00-05:00,3,Final,DAL,MIA,DAL @ MIA,202,202,0,1,1,201,0.0813313111990113,0.2078509433891389,0.3912963293447394,-0.9382901304774424,0.3912963293447394,0.0542260583561074,ok,13.48747591522158
2025-26,2026-03-24,22500287,2025-11-24T20:00:00-05:00,3,Final,DEN,MEM,DEN @ MEM,195,195,3,0,3,192,0.1429614843107928,0.1607989464870843,0.8890697820727063,-0.1175795515288883,0.8890697820727061,0.7864799019302087,ok,70.13487475915221
2025-26,2026-03-24,22500288,2025-11-24T20:00:00-05:00,3,Final,POR,MIL,POR @ MIL,197,197,56,0,56,141,0.2047678014557361,0.3208043325178338,0.6382950000974593,-0.4489547199053413,0.6382950000974593,0.2276936303891497,ok,40.07707129094412
2025-26,2026-03-24,22500289,2025-11-24T20:00:00-05:00,3,Final,CHI,NOP,CHI @ NOP,218,218,60,1,61,157,0.0934008120236364,0.2126276161669084,0.4392694312591959,-0.822642315536069,0.439269431259196,0.1058531341362087,ok,17.4373795761079
2025-26,2026-03-24,22500290,2025-11-24T21:30:00-05:00,3,Final,HOU,PHX,HOU @ PHX,189,189,24,0,24,165,0.153989557675985,0.2299899350045797,0.6695491160207454,-0.4011507543001963,0.6695491160207453,0.3278847876435169,ok,45.3757225433526
2025-26,2026-03-24,22500291,2025-11-24T22:00:00-05:00,3,Final,UTA,GSW,UTA @ GSW,211,211,88,0,88,123,0.1645220664359087,0.1418624382364292,1.1597295836810215,0.148186860425801,1.159729583681022,0.7995284096751911,ok,87.47591522157995
2025-26,2026-03-24,22500292,2025-11-24T22:00:00-05:00,3,Final,MIN,SAC,MIN @ SAC,219,219,0,2,2,217,0.3446954077540938,0.2284176490156713,1.5090576811358605,0.411485403797286,1.5090576811358605,0.1261062883841327,ok,96.4354527938343
2025-26,2026-03-24,22500293,2025-11-29T17:00:00-05:00,3,Final,BOS,MIN,BOS @ MIN,191,191,0,1,1,190,0.1610804648637495,0.2382690529119316,0.6760444249689768,-0.3914964876887382,0.6760444249689769,0.290348546779454,ok,46.24277456647399
2025-26,2026-03-24,22500294,2025-11-29T18:00:00-05:00,3,Final,TOR,CHA,TOR @ CHA,199,199,9,2,11,188,0.1851884318626673,0.2801328967093653,0.6610734906111303,-0.4138902643557838,0.6610734906111302,0.2184538094548203,ok,43.73795761078998
2025-26,2026-03-24,22500295,2025-11-29T19:30:00-05:00,3,Final,CHI,IND,CHI @ IND,197,197,0,1,1,196,0.09255968253972,0.1549505284861213,0.59734989899057,-0.5152522418148087,0.59734989899057,0.3063766588386604,ok,34.58574181117534
2025-26,2026-03-24,22500296,2025-11-29T20:00:00-05:00,3,Final,DET,MIA,DET @ MIA,222,222,55,2,57,165,0.1878338780194203,0.2670259685685406,0.7034292545640813,-0.3517879695823653,0.7034292545640815,0.3193000551094063,ok,49.421965317919074
2025-26,2026-03-24,22500297,2025-11-29T20:00:00-05:00,3,Final,BKN,MIL,BKN @ MIL,184,184,105,0,105,79,0.1281301535369245,0.1419762775364746,0.9024757921548342,-0.1026134122319834,0.9024757921548342,0.895689808445786,ok,71.57996146435453
2025-26,2026-03-24,22500298,2025-11-29T20:30:00-05:00,3,Final,NOP,GSW,NOP @ GSW,189,189,0,2,2,187,0.1715787760498244,0.2904461666865134,0.5907420917522872,-0.5263757497972973,0.5907420917522872,0.1203542298239231,ok,33.6223506743738
2025-26,2026-03-24,22500299,2025-11-29T21:00:00-05:00,3,Final,DEN,PHX,DEN @ PHX,183,183,34,0,34,149,0.2114393409006178,0.2887323551964036,0.7323022068544794,-0.3115619993262092,0.7323022068544794,0.3829137188101428,ok,52.79383429672448
2025-26,2026-03-24,22500300,2025-11-29T22:00:00-05:00,3,Final,DAL,LAC,DAL @ LAC,207,207,0,4,4,203,0.1570699926491492,0.2578298126874936,0.609200274444322,-0.4956082074616881,0.609200274444322,0.1551791882582124,ok,36.51252408477842
2025-26,2026-03-24,22500301,2025-11-30T15:00:00-05:00,3,Final,HOU,UTA,HOU @ UTA,202,202,123,0,123,79,0.073990242968501,0.2693892482280515,0.2746592280693569,-1.2922241203792653,0.2746592280693569,0.0874911070344989,ok,6.840077071290944
2025-26,2026-03-24,22500302,2025-11-30T18:00:00-05:00,3,Final,BOS,CLE,BOS @ CLE,194,194,17,2,19,175,0.2233955302704734,0.205466696420203,1.0872590748897035,0.0836599191057108,1.0872590748897035,0.8116860852649909,ok,83.91136801541425
2025-26,2026-03-24,22500303,2025-11-30T18:00:00-05:00,3,Final,TOR,NYK,TOR @ NYK,192,192,87,0,87,105,0.1957135199713785,0.228669981118106,0.855877623352294,-0.1556278764341205,0.8558776233522939,0.7485843194579482,ok,66.37764932562621
2025-26,2026-03-24,22500304,2025-11-30T18:00:00-05:00,3,Final,ATL,PHI,ATL @ PHI,255,255,0,2,2,253,0.203757805626493,0.2867881430818232,0.710481972639849,-0.3418117045468212,0.710481972639849,0.2165264106061223,ok,50.481695568400774
2025-26,2026-03-24,22500305,2025-11-30T18:00:00-05:00,3,Final,OKC,POR,OKC @ POR,213,213,0,2,2,211,0.2759586494495591,0.3072918263568482,0.8980344603409564,-0.1075468368717267,0.8980344603409562,0.6940794959089074,ok,70.90558766859345
2025-26,2026-03-24,22500306,2025-11-30T19:00:00-05:00,3,Final,SAS,MIN,SAS @ MIN,188,188,1,0,1,187,0.2418301707141872,0.1703997992436681,1.4191928147073416,0.3500882696427609,1.4191928147073414,0.3106311161756612,ok,95.47206165703275
2025-26,2026-03-24,22500307,2025-11-30T21:00:00-05:00,3,Final,MEM,SAC,MEM @ SAC,203,203,0,1,1,202,0.2115799953891859,0.2673809903429908,0.791305302287105,-0.2340714156601267,0.7913053022871049,0.4451304138292954,ok,58.57418111753372
2025-26,2026-03-24,22500308,2025-11-30T21:30:00-05:00,3,Final,NOP,LAL,NOP @ LAL,196,196,134,0,134,62,0.0862242743222902,0.2834709938432289,0.3041731824243571,-1.1901580607539208,0.3041731824243573,0.1285649002014265,ok,7.803468208092486
2025-26,2026-03-24,22500309,2025-12-01T19:00:00-05:00,3,Final,ATL,DET,ATL @ DET,199,199,0,2,2,197,0.0367959941363247,0.1752587168024678,0.2099524337941892,-1.5608742796629242,0.2099524337941892,0.0349731549194319,ok,4.8169556840077075
2025-26,2026-03-24,22500310,2025-12-01T19:00:00-05:00,3,Final,CLE,IND,CLE @ IND,196,196,66,0,66,130,0.2477271589585991,0.2453376790619152,1.0097395553174726,0.0096924315777043,1.0097395553174726,0.9796645444231552,ok,78.80539499036608
2025-26,2026-03-24,22500311,2025-12-01T19:00:00-05:00,3,Final,MIL,WAS,MIL @ WAS,203,203,4,1,5,198,0.0954346352340851,0.2072082672779918,0.4605734920125048,-0.7752828442449333,0.4605734920125048,0.0895729985930172,ok,19.36416184971098
2025-26,2026-03-24,22500312,2025-12-01T19:30:00-05:00,3,Final,CHA,BKN,CHA @ BKN,198,198,3,0,3,195,0.1783720519514925,0.2100034448462401,0.8493767903764274,-0.1632523862038337,0.8493767903764272,0.6515854376515029,ok,65.22157996146436
2025-26,2026-03-24,22500313,2025-12-01T19:30:00-05:00,3,Final,LAC,MIA,LAC @ MIA,210,210,118,0,118,92,0.1871995029966388,0.2668951607092882,0.7013971422304779,-0.3546810156634901,0.7013971422304779,0.4748253821219736,ok,49.32562620423892
2025-26,2026-03-24,22500314,2025-12-01T19:30:00-05:00,3,Final,CHI,ORL,CHI @ ORL,213,213,1,0,1,212,0.1564764280376654,0.2364919968012266,0.6616563357498524,-0.4130089881271411,0.6616563357498524,0.2343639855604182,ok,43.834296724470136
2025-26,2026-03-24,22500315,2025-12-01T21:00:00-05:00,3,Final,DAL,DEN,DAL @ DEN,201,201,12,0,12,189,0.1122663157697067,0.1730546398622412,0.6487333472195571,-0.4327335138572246,0.6487333472195571,0.381436917842636,ok,42.19653179190752
2025-26,2026-03-24,22500316,2025-12-01T21:00:00-05:00,3,Final,HOU,UTA,HOU @ UTA,213,213,21,3,24,189,0.2841955193954372,0.3589239703090412,0.7917986618467938,-0.2334481343256876,0.7917986618467938,0.4115439714526956,ok,58.76685934489403
2025-26,2026-03-24,22500317,2025-12-01T22:00:00-05:00,3,Final,PHX,LAL,PHX @ LAL,201,201,70,0,70,131,0.065761994972725,0.1491241975671322,0.4409880894287497,-0.8187374119980897,0.4409880894287496,0.2773014359525421,ok,17.63005780346821
2025-26,2026-03-24,22500318,2025-12-02T19:00:00-05:00,3,Final,WAS,PHI,WAS @ PHI,204,204,83,0,83,121,0.1248459689572142,0.301614546407796,0.413925556456475,-0.8820691366480602,0.413925556456475,0.0594628523928802,ok,15.79961464354528
2025-26,2026-03-24,22500319,2025-12-02T19:30:00-05:00,3,Final,POR,TOR,POR @ TOR,204,204,6,2,8,196,0.2284608583500396,0.24673283766916,0.9259442744154672,-0.0769412249637654,0.9259442744154672,0.8075139971573624,ok,72.83236994219652
2025-26,2026-03-24,22500320,2025-12-02T20:00:00-05:00,3,Final,NYK,BOS,NYK @ BOS,180,180,12,0,12,168,0.2604053081337368,0.2533847509064608,1.027707102349927,0.027330206542522,1.0277071023499271,0.9315588590234664,ok,80.73217726396918
2025-26,2026-03-24,22500321,2025-12-02T20:00:00-05:00,3,Final,MIN,NOP,MIN @ NOP,223,223,1,0,1,222,0.2419436877171589,0.2958515476871222,0.8177874667501368,-0.2011527967374641,0.8177874667501369,0.4625286271877769,ok,61.27167630057804
2025-26,2026-03-24,22500322,2025-12-02T20:00:00-05:00,3,Final,MEM,SAS,MEM @ SAS,199,199,0,1,1,198,0.3304074163247659,0.2837911255552644,1.164262679737755,0.1520879937274258,1.1642626797377549,0.5772758750035286,ok,87.76493256262043
2025-26,2026-03-24,22500323,2025-12-02T23:00:00-05:00,3,Final,OKC,GSW,OKC @ GSW,201,201,24,0,24,177,0.2100194393452518,0.1700346932765129,1.2351563983693328,0.2111976004177159,1.2351563983693328,0.589621690620622,ok,90.07707129094412
2025-26,2026-03-24,22500324,2025-12-03T19:00:00-05:00,3,Final,POR,CLE,POR @ CLE,202,202,12,0,12,190,0.2282152283043434,0.374723906497063,0.6090223344374003,-0.4959003379916749,0.6090223344374002,0.0817490980810249,ok,36.41618497109826
2025-26,2026-03-24,22500325,2025-12-03T19:00:00-05:00,3,Final,DEN,IND,DEN @ IND,200,200,102,0,102,98,0.1338842279222276,0.1692201298861264,0.7911838149061968,-0.2342249552703861,0.7911838149061968,0.7292764288612654,ok,58.47784200385357
2025-26,2026-03-24,22500326,2025-12-03T19:00:00-05:00,3,Final,SAS,ORL,SAS @ ORL,210,210,1,1,2,208,0.2296943966432597,0.2385388797725268,0.9629222576307004,-0.0377825997982524,0.9629222576307006,0.902217377247964,ok,75.72254335260115
2025-26,2026-03-24,22500327,2025-12-03T19:30:00-05:00,3,Final,LAC,ATL,LAC @ ATL,193,193,90,0,90,103,0.1940916057609077,0.2390394593158135,0.8119647120874647,-0.2082983977851496,0.8119647120874649,0.6564812142714973,ok,60.40462427745664
2025-26,2026-03-24,22500328,2025-12-03T19:30:00-05:00,3,Final,CHA,NYK,CHA @ NYK,185,185,66,0,66,119,0.2067453206045651,0.2460727855290698,0.8401795434633355,-0.1741396677661345,0.8401795434633357,0.68906401542173,ok,63.68015414258189
2025-26,2026-03-24,22500329,2025-12-03T20:00:00-05:00,3,Final,BKN,CHI,BKN @ CHI,199,199,26,0,26,173,0.243906991554356,0.2339161845402466,1.0427110549607583,0.0418241050021077,1.042711054960758,0.9037145614924572,ok,81.59922928709055
2025-26,2026-03-24,22500330,2025-12-03T20:00:00-05:00,3,Final,SAC,HOU,SAC @ HOU,200,200,50,0,50,150,0.0672219986731278,0.1613335605655957,0.4166646941743802,-0.8754734713465929,0.4166646941743801,0.1698810030661635,ok,15.992292870905588
2025-26,2026-03-24,22500331,2025-12-03T20:00:00-05:00,3,Final,DET,MIL,DET @ MIL,193,193,20,2,22,171,0.1803495596685999,0.2147040715886423,0.8399913347434639,-0.1743637029795761,0.8399913347434641,0.6536776541430868,ok,63.48747591522158
2025-26,2026-03-24,22500332,2025-12-03T20:30:00-05:00,3,Final,MIA,DAL,MIA @ DAL,202,202,12,0,12,190,0.1393217280665083,0.1645718568942671,0.8465707970714501,-0.166561445854243,0.8465707970714502,0.7011681823989928,ok,64.64354527938343
2025-26,2026-03-24,22500333,2025-12-04T19:00:00-05:00,3,Final,GSW,PHI,GSW @ PHI,192,192,114,1,115,77,0.2034028980630063,0.3052679066736398,0.6663094731424329,-0.406001041981421,0.6663094731424329,0.4181884372396435,ok,44.99036608863199
2025-26,2026-03-24,22500334,2025-12-04T19:00:00-05:00,3,Final,BOS,WAS,BOS @ WAS,194,194,79,0,79,115,0.1473619777816074,0.3111206839727238,0.4736489258763867,-0.7472888944212419,0.4736489258763868,0.1030469996028237,ok,20.905587668593448
2025-26,2026-03-24,22500335,2025-12-04T19:30:00-05:00,3,Final,UTA,BKN,UTA @ BKN,199,199,2,0,2,197,0.2317436397040504,0.2981090688638156,0.777378697626664,-0.2518276630147549,0.7773786976266641,0.4004970919045343,ok,57.41811175337187
2025-26,2026-03-24,22500336,2025-12-04T19:30:00-05:00,3,Final,LAL,TOR,LAL @ TOR,186,186,0,0,0,186,0.1140569331445717,0.2487419641163646,0.4585351472549055,-0.7797183331791135,0.4585351472549056,0.0641788592818051,ok,19.171483622350674
2025-26,2026-03-24,22500337,2025-12-04T20:00:00-05:00,3,Final,MIN,NOP,MIN @ NOP,221,221,0,0,0,221,0.1000961392245523,0.2383044908413219,0.4200346324618895,-0.8674181128616228,0.4200346324618896,0.0377590332928811,ok,16.184971098265898
2025-26,2026-03-24,22500338,2025-12-05T19:00:00-05:00,3,Final,LAL,BOS,LAL @ BOS,191,191,152,0,152,39,1.7482905631992666e-10,0.1288950726871922,1.3563672580736187e-09,-20.418455844811216,1.3563672580736191e-09,0.9989975459707624,ok,1.7341040462427744
2025-26,2026-03-24,22500339,2025-12-05T19:00:00-05:00,3,Final,MIA,ORL,MIA @ ORL,202,202,0,0,0,202,0.2072669573611717,0.2379991529137491,0.8708726683421654,-0.138259503009154,0.8708726683421653,0.6699718367180889,ok,68.30443159922929
2025-26,2026-03-24,22500340,2025-12-05T19:30:00-05:00,3,Final,DEN,ATL,DEN @ ATL,211,211,77,1,78,133,0.2948831230790363,0.1987756285333867,1.4834973746769322,0.3944023910652944,1.4834973746769322,0.2882778110582972,ok,96.24277456647398
2025-26,2026-03-24,22500341,2025-12-05T19:30:00-05:00,3,Final,SAS,CLE,SAS @ CLE,207,207,56,0,56,151,0.2094153337176312,0.2474067101214538,0.8464416086969818,-0.1667140594727602,0.8464416086969816,0.6565372073405119,ok,64.54720616570327
2025-26,2026-03-24,22500342,2025-12-05T19:30:00-05:00,3,Final,POR,DET,POR @ DET,197,197,0,3,3,194,0.3933455781923002,0.4344631461813107,0.9053600556217232,-0.0994225628884241,0.9053600556217228,0.6623466370031013,ok,72.0616570327553
2025-26,2026-03-24,22500343,2025-12-05T19:30:00-05:00,3,Final,UTA,NYK,UTA @ NYK,205,205,186,0,186,19,6.627727341821885e-11,0.8094824993480736,8.187610414258003e-11,-23.225813936353163,8.187610414258002e-11,0.9989887291639072,ok,0.09633911368015415
2025-26,2026-03-24,22500344,2025-12-05T19:30:00-05:00,3,Final,CHA,TOR,CHA @ TOR,204,204,39,0,39,165,0.1576716507730901,0.2409206460399731,0.6544547068287766,-0.4239528987330237,0.6544547068287767,0.2876076487553741,ok,43.0635838150289
2025-26,2026-03-24,22500345,2025-12-05T20:00:00-05:00,3,Final,IND,CHI,IND @ CHI,199,199,33,0,33,166,0.1696497684389023,0.2241837616089432,0.756744231702349,-0.2787299535707422,0.7567442317023492,0.4744587783216848,ok,55.394990366088635
2025-26,2026-03-24,22500346,2025-12-05T20:00:00-05:00,3,Final,PHX,HOU,PHX @ HOU,196,196,76,1,76,120,0.2261565755225352,0.2802646154474081,0.8069394531361156,-0.2145066406196548,0.8069394531361157,0.5872323975106214,ok,60.115606936416185
2025-26,2026-03-24,22500347,2025-12-05T20:00:00-05:00,3,Final,LAC,MEM,LAC @ MEM,193,193,0,1,1,192,0.106126613731885,0.1845512077486329,0.5750523934605418,-0.5532941232740645,0.5750523934605417,0.2332947595444389,ok,31.79190751445087
2025-26,2026-03-24,22500348,2025-12-05T20:00:00-05:00,3,Final,PHI,MIL,PHI @ MIL,197,197,107,0,107,90,0.2102317909153656,0.2502562056468085,0.8400662447990195,-0.1742745273983133,0.8400662447990198,0.7161410797963788,ok,63.58381502890174
2025-26,2026-03-24,22500349,2025-12-05T21:30:00-05:00,3,Final,DAL,OKC,DAL @ OKC,196,196,101,0,101,95,0.2157964591589423,0.411014897659903,0.5250331810052893,-0.6442938164728336,0.5250331810052892,0.1115136326673149,ok,26.97495183044316
2025-26,2026-03-24,22500350,2025-12-06T17:00:00-05:00,3,Final,NOP,BKN,NOP @ BKN,194,194,102,0,102,92,0.1220811589953471,0.0925712183723476,1.3187809466253562,0.2767077846022437,1.3187809466253564,0.737710365822145,ok,93.0635838150289
2025-26,2026-03-24,22500351,2025-12-06T19:00:00-05:00,3,Final,ATL,WAS,ATL @ WAS,201,201,51,0,51,150,0.1218135222295497,0.2382266772727823,0.5113345139346703,-0.6707312768573852,0.5113345139346704,0.1459107565016406,ok,25.048169556840076
2025-26,2026-03-24,22500352,2025-12-06T19:30:00-05:00,3,Final,GSW,CLE,GSW @ CLE,189,189,0,2,2,187,0.1968079172252448,0.2221748898332854,0.8858243043258607,-0.1212366501568016,0.8858243043258608,0.7276580661998779,ok,69.26782273603082
2025-26,2026-03-24,22500353,2025-12-06T19:30:00-05:00,3,Final,MIL,DET,MIL @ DET,191,191,44,1,45,146,0.3030096670441921,0.3520425226601069,0.8607189402989949,-0.1499872618769572,0.8607189402989948,0.6105858317000985,ok,66.85934489402698
2025-26,2026-03-24,22500354,2025-12-06T20:00:00-05:00,3,Final,SAC,MIA,SAC @ MIA,200,200,98,0,98,102,0.0690192353532733,0.1917215435100316,0.3599972861143902,-1.0216587861315347,0.3599972861143902,0.1808569084582481,ok,11.368015414258188
2025-26,2026-03-24,22500355,2025-12-06T20:00:00-05:00,3,Final,LAC,MIN,LAC @ MIN,180,180,10,1,11,169,0.3043830347364973,0.2996661517751364,1.0157404596195443,0.0156178633922121,1.0157404596195447,0.9572753239141776,ok,79.38342967244701
2025-26,2026-03-24,22500356,2025-12-06T20:30:00-05:00,3,Final,HOU,DAL,HOU @ DAL,188,188,31,0,31,157,0.1711434790917541,0.190466523616801,0.8985488674958811,-0.1069741863734035,0.8985488674958813,0.7991105185193508,ok,71.0019267822736
2025-26,2026-03-24,22500357,2025-12-07T12:00:00-05:00,3,Final,ORL,NYK,ORL @ NYK,190,190,3,0,3,187,0.2120526683114618,0.2868744699166957,0.7391827804441395,-0.302210053779699,0.7391827804441398,0.3334230813076656,ok,53.275529865125236
2025-26,2026-03-24,22500358,2025-12-07T15:30:00-05:00,3,Final,BOS,TOR,BOS @ TOR,190,190,39,1,40,150,0.1449271971505498,0.2320678267030636,0.6245036169360423,-0.4707981577022242,0.6245036169360423,0.2873186952268765,ok,38.24662813102119
2025-26,2026-03-24,22500359,2025-12-07T18:00:00-05:00,3,Final,DEN,CHA,DEN @ CHA,192,192,0,1,1,191,0.2724828934019112,0.2551000953573678,1.0681410879921154,0.0659198366744554,1.0681410879921152,0.8245237340232932,ok,82.85163776493256
2025-26,2026-03-24,22500360,2025-12-07T18:00:00-05:00,3,Final,POR,MEM,POR @ MEM,208,208,111,0,111,97,0.1562756263948083,0.246133975852514,0.6349209850185423,-0.4542547208735443,0.6349209850185422,0.3790629651932271,ok,39.884393063583815
2025-26,2026-03-24,22500361,2025-12-07T19:00:00-05:00,3,Final,GSW,CHI,GSW @ CHI,188,188,72,0,72,116,0.1451243843996305,0.1922262855275918,0.7549663876681404,-0.2810820503689885,0.7549663876681402,0.6248389745148815,ok,55.10597302504817
2025-26,2026-03-24,22500362,2025-12-07T19:30:00-05:00,3,Final,LAL,PHI,LAL @ PHI,197,197,0,1,1,196,0.1893594531549558,0.2539598533406708,0.7456275102700675,-0.2935291194699842,0.7456275102700675,0.382426040352534,ok,54.52793834296724
2025-26,2026-03-24,22500363,2025-12-07T20:00:00-05:00,3,Final,OKC,UTA,OKC @ UTA,200,200,166,0,166,34,7.791529788915617e-11,0.1114286828088663,6.992391539151935e-10,-21.0810282949926,6.992391539151934e-10,0.9993568235324576,ok,0.8670520231213872
2025-26,2026-03-24,22500364,2025-12-08T19:00:00-05:00,3,Final,SAC,IND,SAC @ IND,198,198,28,2,30,168,0.1859511800009663,0.1750969363253347,1.0619899120077358,0.0601444237235347,1.0619899120077358,0.8797344424096166,ok,82.17726396917149
2025-26,2026-03-24,22500365,2025-12-08T19:30:00-05:00,3,Final,PHX,MIN,PHX @ MIN,184,184,0,1,1,183,0.3234675287737572,0.249473907655794,1.2965986375619456,0.2597444029807464,1.2965986375619456,0.3793278861395063,ok,92.8709055876686
2025-26,2026-03-24,22500366,2025-12-08T20:00:00-05:00,3,Final,SAS,NOP,SAS @ NOP,208,208,52,1,53,155,0.2545814179934375,0.2720356832556816,0.9358383243942332,-0.0663125477721909,0.9358383243942332,0.8510272577414117,ok,73.79576107899807
2025-26,2026-03-24,22500367,2025-12-17T20:00:00-05:00,3,Final,CLE,CHI,CLE @ CHI,211,211,21,0,21,190,0.1499621048647248,0.1384776890979123,1.082933329127787,0.0796734048383645,1.082933329127787,0.8503276248240645,ok,83.52601156069365
2025-26,2026-03-24,22500368,2025-12-17T20:00:00-05:00,3,Final,MEM,MIN,MEM @ MIN,212,212,0,3,3,209,0.1673777194015894,0.31743840900754,0.5272762043033481,-0.6400307608993209,0.5272762043033481,0.041842480783105,ok,27.26396917148362
2025-26,2026-03-24,22500369,2025-12-18T20:00:00-05:00,3,Final,LAC,OKC,LAC @ OKC,212,212,66,0,66,146,0.053159082652515,0.1753138235863645,0.3032224245929322,-1.193288668209585,0.3032224245929322,0.1088545723429122,ok,7.7071290944123305
2025-26,2026-03-24,22500370,2025-12-18T20:00:00-05:00,3,Final,WAS,SAS,WAS @ SAS,199,199,55,0,55,144,0.1630796175945781,0.1978705548274223,0.8241732466804474,-0.1933745203464868,0.8241732466804476,0.6660663749975575,ok,62.042389210019266
2025-26,2026-03-24,22500371,2025-12-18T19:00:00-05:00,3,Final,ATL,CHA,ATL @ CHA,207,207,54,2,56,151,0.1904040267478452,0.2728012924413127,0.6979586681716564,-0.3595953926268088,0.6979586681716564,0.3357222043399561,ok,48.747591522158
2025-26,2026-03-24,22500372,2025-12-18T19:00:00-05:00,3,Final,NYK,IND,NYK @ IND,198,198,7,1,8,190,0.0853176033047565,0.2359290271830238,0.3616240202549163,-1.0171502249742193,0.3616240202549163,0.0355701130062734,ok,11.464354527938344
2025-26,2026-03-24,22500373,2025-12-18T19:30:00-05:00,3,Final,MIA,BKN,MIA @ BKN,198,198,0,1,1,197,0.1506584865427259,0.1760769393533159,0.8556400803878961,-0.1559054580979314,0.8556400803878962,0.6932170729589222,ok,66.28131021194605
2025-26,2026-03-24,22500374,2025-12-18T20:00:00-05:00,3,Final,TOR,MIL,TOR @ MIL,193,193,0,1,1,192,0.1687624669563702,0.2109305437362998,0.8000854877013587,-0.2230366973965946,0.8000854877013587,0.5563724386851353,ok,59.92292870905588
2025-26,2026-03-24,22500375,2025-12-18T20:00:00-05:00,3,Final,HOU,NOP,HOU @ NOP,214,214,90,2,92,122,0.1314588353955434,0.226284007021949,0.5809462061664493,-0.5430971147705796,0.5809462061664494,0.2946038010563568,ok,32.177263969171484
2025-26,2026-03-24,22500376,2025-12-18T20:30:00-05:00,3,Final,DET,DAL,DET @ DAL,220,220,16,1,17,203,0.1827930323168196,0.2881378599020106,0.6343943568505143,-0.4550845039556108,0.6343943568505142,0.158813121379845,ok,39.78805394990366
2025-26,2026-03-24,22500377,2025-12-18T21:00:00-05:00,3,Final,ORL,DEN,ORL @ DEN,203,203,56,0,56,147,0.1518930056767727,0.176746635352078,0.8593827281305977,-0.1515409054338489,0.8593827281305977,0.7495267866667852,ok,66.47398843930635
2025-26,2026-03-24,22500378,2025-12-18T21:00:00-05:00,3,Final,GSW,PHX,GSW @ PHX,200,200,0,1,1,199,0.2062931637462391,0.2211454476886783,0.9328392960485092,-0.0695223372915471,0.9328392960485096,0.8325020576451005,ok,73.60308285163777
2025-26,2026-03-24,22500379,2025-12-18T21:00:00-05:00,3,Final,LAL,UTA,LAL @ UTA,204,204,0,3,3,201,0.3643097324529776,0.3812141375599134,0.9556564055700084,-0.0453568389329872,0.9556564055700082,0.8477252028061986,ok,75.04816955684007
2025-26,2026-03-24,22500380,2025-12-18T22:00:00-05:00,3,Final,SAC,POR,SAC @ POR,226,226,16,2,18,208,0.1577068239370744,0.4581087990587266,0.3442562645841199,-1.0663689437637291,0.3442562645841199,0.000440399095699,ok,10.308285163776493
2025-26,2026-03-24,22500381,2025-12-19T19:00:00-05:00,3,Final,MIA,BOS,MIA @ BOS,202,202,25,1,26,176,0.1744310789873285,0.2567784110421499,0.6793058586171241,-0.3866837983305006,0.6793058586171241,0.2889099376180999,ok,46.82080924855491
2025-26,2026-03-24,22500382,2025-12-19T19:00:00-05:00,3,Final,PHI,NYK,PHI @ NYK,188,188,0,0,0,188,0.3621839565891868,0.2872226902766842,1.260986575400055,0.2318944109309154,1.260986575400055,0.3855562077999617,ok,91.42581888246627
2025-26,2026-03-24,22500383,2025-12-19T19:30:00-05:00,3,Final,SAS,ATL,SAS @ ATL,213,213,152,0,152,61,7.382351671278617e-11,0.156672686635396,4.711958306082159e-10,-21.475747332084868,4.711958306082163e-10,0.9988434080742205,ok,0.674373795761079
2025-26,2026-03-24,22500384,2025-12-19T19:30:00-05:00,3,Final,CHI,CLE,CHI @ CLE,213,213,0,1,1,212,0.1447520839189547,0.1722673848310549,0.8402756218823144,-0.1740253196763258,0.8402756218823142,0.6711209049396513,ok,63.77649325626204
2025-26,2026-03-24,22500385,2025-12-19T21:30:00-05:00,3,Final,OKC,MIN,OKC @ MIN,206,206,0,2,2,204,0.2245494129373265,0.3182949922548007,0.7054757957284191,-0.3488828162460222,0.7054757957284193,0.2228714509328513,ok,49.71098265895954
2025-26,2026-03-24,22500386,2025-12-20T17:00:00-05:00,3,Final,HOU,DEN,HOU @ DEN,192,192,36,0,36,156,0.078531716521856,0.1618043425904276,0.4853498692593311,-0.7228852681979342,0.4853498692593309,0.2195860143303396,ok,22.447013487475914
2025-26,2026-03-24,22500387,2025-12-20T19:00:00-05:00,3,Final,DAL,PHI,DAL @ PHI,209,209,0,1,1,208,0.1994743063013319,0.1957796749344223,1.0188713734872998,0.01869551809581,1.0188713734872998,0.9566820665895776,ok,79.96146435452793
2025-26,2026-03-24,22500388,2025-12-20T19:00:00-05:00,3,Final,BOS,TOR,BOS @ TOR,182,182,4,0,4,178,0.1811631435000393,0.2415861767894421,0.7498903534449102,-0.2878282785461577,0.7498903534449101,0.4191567717533783,ok,54.81695568400771
2025-26,2026-03-24,22500389,2025-12-20T19:00:00-05:00,3,Final,IND,NOP,IND @ NOP,216,216,87,0,87,129,0.2963152561880081,0.3516283250172603,0.8426945018535209,-0.1711507806661707,0.8426945018535212,0.6201237794600439,ok,64.16184971098265
2025-26,2026-03-24,22500390,2025-12-20T19:30:00-05:00,3,Final,CHA,DET,CHA @ DET,211,211,60,0,60,151,0.2145743067442639,0.2839853785839119,0.7555822338961072,-0.2802666562091492,0.7555822338961073,0.4267952627320919,ok,55.202312138728324
2025-26,2026-03-24,22500391,2025-12-20T20:00:00-05:00,3,Final,WAS,MEM,WAS @ MEM,206,206,20,3,23,183,0.1363593371004601,0.193032362343352,0.706406612057692,-0.3475642695186222,0.7064066120576923,0.4039089332135539,ok,50.0
2025-26,2026-03-24,22500392,2025-12-20T20:30:00-05:00,3,Final,PHX,GSW,PHX @ GSW,201,201,0,1,1,200,0.30569879014746,0.2208599490749769,1.3841295872239934,0.3250714851995178,1.3841295872239932,0.2671643659281959,ok,94.60500963391137
2025-26,2026-03-24,22500393,2025-12-20T21:30:00-05:00,3,Final,ORL,UTA,ORL @ UTA,217,217,19,2,21,196,0.2654693741382259,0.3977495282340079,0.6674285078775566,-0.4043229987470941,0.6674285078775565,0.1198109001091463,ok,45.08670520231214
2025-26,2026-03-24,22500394,2025-12-20T22:00:00-05:00,3,Final,POR,SAC,POR @ SAC,192,192,0,1,1,191,0.2327297166624614,0.2815487166442933,0.826605496328689,-0.1904277276056717,0.826605496328689,0.5272314267727489,ok,62.23506743737958
2025-26,2026-03-24,22500395,2025-12-20T22:30:00-05:00,3,Final,LAL,LAC,LAL @ LAC,183,183,64,0,64,119,0.1714162272966164,0.2302858485170625,0.7443628360164554,-0.2952266802098461,0.7443628360164551,0.515613820628042,ok,54.23892100192679
2025-26,2026-03-24,22500396,2025-12-21T15:30:00-05:00,3,Final,CHI,ATL,CHI @ ATL,213,213,0,2,2,211,0.2808581115708707,0.2555997339252199,1.0988200467103797,0.094236919257469,1.0988200467103797,0.7340271177324192,ok,84.48940269749518
2025-26,2026-03-24,22500397,2025-12-21T18:00:00-05:00,3,Final,TOR,BKN,TOR @ BKN,192,192,10,0,10,182,0.1501667550471248,0.1884216872911296,0.7969717138510853,-0.2269360915982898,0.7969717138510853,0.5742754869495031,ok,59.73025048169557
2025-26,2026-03-24,22500398,2025-12-21T18:00:00-05:00,3,Final,MIA,NYK,MIA @ NYK,202,202,0,1,1,201,0.1146388420916478,0.277567838535988,0.4130119782475604,-0.8842786834209564,0.4130119782475604,0.0204612317756189,ok,15.703275529865124
2025-26,2026-03-24,22500399,2025-12-21T19:00:00-05:00,3,Final,SAS,WAS,SAS @ WAS,203,203,89,0,89,114,0.448035833970434,0.1840734245794449,2.434006076618977,0.8895384911189064,2.434006076618977,0.0160566439453344,ok,99.51830443159922
2025-26,2026-03-24,22500400,2025-12-21T19:00:00-05:00,3,Final,MIL,MIN,MIL @ MIN,197,197,2,1,3,194,0.2620962224399815,0.1892886651872831,1.3846377023191654,0.3254385186463482,1.3846377023191652,0.3137085680465313,ok,94.70134874759152
2025-26,2026-03-24,22500401,2025-12-21T22:00:00-05:00,3,Final,HOU,SAC,HOU @ SAC,206,206,0,1,1,205,0.1462570274422146,0.3009288280612284,0.4860186655578789,-0.7215082493214607,0.4860186655578788,0.0325044161956838,ok,22.54335260115607
2025-26,2026-03-24,22500402,2025-12-22T19:00:00-05:00,3,Final,CHA,CLE,CHA @ CLE,201,201,13,0,13,188,0.1775659530115587,0.2574334386230011,0.6897548118121342,-0.3714190897407037,0.689754811812134,0.2968073567674636,ok,48.07321772639692
2025-26,2026-03-24,22500403,2025-12-22T19:30:00-05:00,3,Final,IND,BOS,IND @ BOS,191,191,41,1,42,149,0.0987680829570095,0.2832808851602963,0.3486577744245643,-1.0536644269130346,0.3486577744245644,0.0242484954091902,ok,10.597302504816955
2025-26,2026-03-24,22500404,2025-12-22T20:00:00-05:00,3,Final,DAL,NOP,DAL @ NOP,214,214,0,1,1,213,0.1806681001039374,0.1773777073242819,1.0185502046975952,0.0183802482510183,1.0185502046975952,0.959359771903866,ok,79.67244701348748
2025-26,2026-03-24,22500406,2025-12-22T21:30:00-05:00,3,Final,MEM,OKC,MEM @ OKC,208,208,28,0,28,180,0.147834935130762,0.1733887565500931,0.8526212314582902,-0.1594398729457238,0.8526212314582902,0.713850442956502,ok,65.70327552986512
2025-26,2026-03-24,22500407,2025-12-22T22:00:00-05:00,3,Final,ORL,GSW,ORL @ GSW,196,196,34,1,34,162,0.2045686238839871,0.3383141736685262,0.6046705689736179,-0.5030714833461255,0.6046705689736178,0.1277786969430354,ok,35.74181117533718
2025-26,2026-03-24,22500408,2025-12-22T22:00:00-05:00,3,Final,DET,POR,DET @ POR,191,191,45,1,46,145,0.0618193088622389,0.386074914030425,0.1601225736655016,-1.83181567163257,0.1601225736655016,0.0005939886760881,ok,3.1791907514450863
2025-26,2026-03-24,22500409,2025-12-23T19:00:00-05:00,3,Final,WAS,CHA,WAS @ CHA,188,188,12,0,12,176,0.1515749594532807,0.2544852061952826,0.5956140308484873,-0.5181624209472596,0.5956140308484873,0.1677592586803766,ok,34.104046242774565
2025-26,2026-03-24,22500410,2025-12-23T19:00:00-05:00,3,Final,BKN,PHI,BKN @ PHI,198,198,25,0,25,173,0.2558721636957204,0.4069164071685062,0.6288076843010226,-0.4639298173613043,0.6288076843010226,0.109505700757805,ok,38.824662813102115
2025-26,2026-03-24,22500411,2025-12-23T19:30:00-05:00,3,Final,CHI,ATL,CHI @ ATL,214,214,12,2,14,200,0.2565542199782334,0.203436603222383,1.2611015712732183,0.2319856019334142,1.2611015712732183,0.4692973482768634,ok,91.52215799614643
2025-26,2026-03-24,22500412,2025-12-23T19:30:00-05:00,3,Final,NOP,CLE,NOP @ CLE,211,211,84,0,84,127,0.0762373343368869,0.1711367563525579,0.445476097372272,-0.8086116869960328,0.4454760973722721,0.2043119266963973,ok,18.20809248554913
2025-26,2026-03-24,22500413,2025-12-23T19:30:00-05:00,3,Final,MIL,IND,MIL @ IND,197,197,84,0,84,113,0.0716946340870234,0.3496025603005925,0.2050746825920826,-1.58438106085957,0.2050746825920826,0.0053846916527732,ok,4.624277456647398
2025-26,2026-03-24,22500414,2025-12-23T19:30:00-05:00,3,Final,TOR,MIA,TOR @ MIA,189,189,50,0,50,139,0.2555177536125432,0.177175328341284,1.442174573653687,0.3661520950952719,1.4421745736536873,0.355421237192733,ok,95.85741811175336
2025-26,2026-03-24,22500415,2025-12-23T20:00:00-05:00,3,Final,DEN,DAL,DEN @ DAL,194,194,31,0,31,163,0.1312682069023075,0.1521094631840614,0.8629851434257265,-0.1473578030808102,0.8629851434257264,0.7707341201456055,ok,67.14836223506744
2025-26,2026-03-24,22500416,2025-12-23T20:00:00-05:00,3,Final,NYK,MIN,NYK @ MIN,204,204,4,1,5,199,0.0922362661774008,0.1795686913856864,0.5136544988195701,-0.6662044208269824,0.5136544988195703,0.1739247290120761,ok,25.337186897880535
2025-26,2026-03-24,22500417,2025-12-23T20:30:00-05:00,3,Final,OKC,SAS,OKC @ SAS,190,190,21,0,21,169,0.1294239636002925,0.1914472019592908,0.6760295385660071,-0.3915185077902591,0.6760295385660071,0.3764273282253259,ok,46.14643545279383
2025-26,2026-03-24,22500418,2025-12-23T21:00:00-05:00,3,Final,LAL,PHX,LAL @ PHX,191,191,91,0,91,100,0.232382202651946,0.2592492677523203,0.8963658978352743,-0.1094065812470483,0.896365897835274,0.7998196559079978,ok,70.52023121387283
2025-26,2026-03-24,22500419,2025-12-23T21:00:00-05:00,3,Final,MEM,UTA,MEM @ UTA,209,209,1,1,2,207,0.2769233742861656,0.2743162526344895,1.0095040728598388,0.009459193294403,1.0095040728598386,0.9729560486309776,ok,78.61271676300578
2025-26,2026-03-24,22500420,2025-12-23T22:00:00-05:00,3,Final,ORL,POR,ORL @ POR,195,195,21,2,23,172,0.1825624299616889,0.2416180052347457,0.7555828870630692,-0.2802657917543613,0.7555828870630694,0.4405127241771819,ok,55.29865125240848
2025-26,2026-03-24,22500421,2025-12-23T22:00:00-05:00,3,Final,DET,SAC,DET @ SAC,198,198,84,2,86,112,0.2739379386497981,0.2633862347831133,1.040061713458084,0.0392800512562837,1.0400617134580843,0.919318287079541,ok,81.40655105973025
2025-26,2026-03-24,22500422,2025-12-23T22:30:00-05:00,3,Final,HOU,LAC,HOU @ LAC,179,179,45,0,45,134,0.1557843350689045,0.3024914839273707,0.5150040359691876,-0.6635805415157346,0.5150040359691876,0.1092106018432363,ok,25.529865125240846
2025-26,2026-03-24,22500423,2025-12-26T19:00:00-05:00,3,Final,MIA,ATL,MIA @ ATL,220,220,23,0,23,197,0.1566319161089773,0.1863259054675901,0.8406341335946019,-0.1735987510083102,0.840634133594602,0.6594869077384297,ok,63.969171483622354
2025-26,2026-03-24,22500424,2025-12-26T19:00:00-05:00,3,Final,CHA,ORL,CHA @ ORL,193,193,73,0,73,120,0.1711166874526931,0.1766031286145307,0.9689334996221232,-0.0315592972873147,0.9689334996221236,0.9489078668549108,ok,76.39691714836223
2025-26,2026-03-24,22500425,2025-12-26T19:00:00-05:00,3,Final,TOR,WAS,TOR @ WAS,207,207,25,0,25,182,0.2069505883090121,0.2448601200484717,0.8451788240079473,-0.1682070479696881,0.8451788240079471,0.6196485305428833,ok,64.35452793834297
2025-26,2026-03-24,22500426,2025-12-26T19:00:00-05:00,3,Final,BOS,IND,BOS @ IND,203,203,72,0,72,131,0.2158243723742183,0.2239656028789737,0.9636496390512486,-0.0370274954013056,0.9636496390512482,0.92833391054145,ok,75.81888246628131
2025-26,2026-03-24,22500427,2025-12-26T19:30:00-05:00,3,Final,PHI,CHI,PHI @ CHI,194,194,0,1,1,193,0.1658430238923716,0.2735356288155434,0.6062940488246471,-0.5003901815148103,0.606294048824647,0.1426377011475287,ok,36.03082851637765
2025-26,2026-03-24,22500428,2025-12-26T20:00:00-05:00,3,Final,MIL,MEM,MIL @ MEM,200,200,18,0,18,182,0.1228537770684638,0.3310582913185174,0.3710940951793406,-0.9912996227119676,0.3710940951793407,0.0082632068414428,ok,12.427745664739884
2025-26,2026-03-24,22500429,2025-12-26T20:00:00-05:00,3,Final,PHX,NOP,PHX @ NOP,204,204,0,2,2,202,0.2642999467443529,0.3044069621748866,0.8682454069250506,-0.1412808774093192,0.8682454069250507,0.6058685063603415,ok,67.82273603082851
2025-26,2026-03-24,22500430,2025-12-26T21:30:00-05:00,3,Final,DET,UTA,DET @ UTA,209,209,3,0,3,206,0.173238881754757,0.2194081333895514,0.7895736547157868,-0.2362621567743811,0.7895736547157868,0.4969654632694456,ok,58.285163776493256
2025-26,2026-03-24,22500431,2025-12-26T22:00:00-05:00,3,Final,LAC,POR,LAC @ POR,180,180,5,0,5,175,0.1784922744545833,0.24697307399758,0.7227195724839716,-0.3247339986135823,0.7227195724839715,0.372536820288631,ok,51.73410404624278
2025-26,2026-03-24,22500432,2025-12-27T17:00:00-05:00,3,Final,DAL,SAC,DAL @ SAC,205,205,37,2,39,166,0.1284889079122942,0.1022928267262808,1.2560891318030531,0.2280030303394717,1.256089131803053,0.6760773930403096,ok,91.23314065510597
2025-26,2026-03-24,22500433,2025-12-27T19:00:00-05:00,3,Final,DEN,ORL,DEN @ ORL,199,199,5,2,7,192,0.2828422291449352,0.3418257297415787,0.8274456968431394,-0.1894117970344971,0.8274456968431393,0.4932400343572847,ok,62.52408477842004
2025-26,2026-03-24,22500434,2025-12-27T19:00:00-05:00,3,Final,PHX,NOP,PHX @ NOP,197,197,0,1,1,196,0.1579738298408679,0.3082355943021579,0.5125100175355122,-0.6684350217498469,0.5125100175355122,0.0463163130541761,ok,25.14450867052023
2025-26,2026-03-24,22500435,2025-12-27T20:00:00-05:00,3,Final,NYK,ATL,NYK @ ATL,205,205,12,1,13,192,0.1496793581923345,0.3219211547666387,0.4649565770253198,-0.7658112604964683,0.4649565770253197,0.0245850171953234,ok,20.23121387283237
2025-26,2026-03-24,22500436,2025-12-27T20:00:00-05:00,3,Final,IND,MIA,IND @ MIA,216,216,27,0,27,189,0.1248537716987953,0.2401440029781318,0.5199120950364304,-0.6540955297037535,0.5199120950364303,0.1042770310832985,ok,26.39691714836224
2025-26,2026-03-24,22500437,2025-12-27T20:00:00-05:00,3,Final,MIL,CHI,MIL @ CHI,193,193,1,1,2,191,0.1366747821308201,0.2171612111858056,0.6293701411246949,-0.4630357356984835,0.6293701411246949,0.2249294460676311,ok,39.113680154142585
2025-26,2026-03-24,22500438,2025-12-27T20:00:00-05:00,3,Final,CLE,HOU,CLE @ HOU,192,192,85,0,85,107,0.0552715734775144,0.2118194276792782,0.2609372241398116,-1.3434754211262674,0.2609372241398116,0.0890477503512441,ok,6.069364161849711
2025-26,2026-03-24,22500439,2025-12-27T20:00:00-05:00,3,Final,BKN,MIN,BKN @ MIN,191,191,27,0,27,164,0.1585123493152807,0.3593898898755683,0.4410595672854416,-0.8185753394472378,0.4410595672854415,0.019584216180314,ok,17.726396917148364
2025-26,2026-03-24,22500440,2025-12-27T20:00:00-05:00,3,Final,UTA,SAS,UTA @ SAS,201,201,7,0,7,194,0.2769068064537438,0.2709948449012476,1.0218157712728837,0.0215812125898117,1.0218157712728837,0.9402003204651292,ok,80.15414258188824
2025-26,2026-03-24,22500441,2025-12-28T15:30:00-05:00,3,Final,GSW,TOR,GSW @ TOR,221,221,0,1,1,220,0.2450978993735698,0.2388101119441967,1.0263296532051474,0.025988994563194,1.0263296532051471,0.9300159947837224,ok,80.63583815028902
2025-26,2026-03-24,22500442,2025-12-28T15:30:00-05:00,3,Final,PHI,OKC,PHI @ OKC,199,199,61,0,61,138,0.0752106430082126,0.1834637435615774,0.4099482630635906,-0.8917243148958941,0.4099482630635905,0.1565785806689581,ok,15.414258188824661
2025-26,2026-03-24,22500443,2025-12-28T18:00:00-05:00,3,Final,MEM,WAS,MEM @ WAS,215,215,0,1,1,214,0.1408878718168379,0.2207120180739859,0.6383334856265516,-0.4488944274560746,0.6383334856265516,0.2108918192434374,ok,40.17341040462428
2025-26,2026-03-24,22500444,2025-12-28T18:00:00-05:00,3,Final,BOS,POR,BOS @ POR,207,207,0,2,2,205,0.1210536900858156,0.1698664769598437,0.7126402587040915,-0.3387785318910692,0.7126402587040914,0.4350738880003166,ok,50.67437379576107
2025-26,2026-03-24,22500445,2025-12-28T21:00:00-05:00,3,Final,DET,LAC,DET @ LAC,184,184,101,0,101,83,0.2587863033081041,0.3822035721577525,0.6770902266745206,-0.3899507406893478,0.6770902266745207,0.3444696021414025,ok,46.4354527938343
2025-26,2026-03-24,22500446,2025-12-28T21:30:00-05:00,3,Final,SAC,LAL,SAC @ LAL,201,201,105,0,105,96,0.3089699369882988,0.3323928954379264,0.9295323132019172,-0.0730737083561294,0.9295323132019172,0.8458258786803433,ok,73.121387283237
2025-26,2026-03-24,22500447,2025-12-29T19:00:00-05:00,3,Final,MIL,CHA,MIL @ CHA,188,188,0,0,0,188,0.2108779384660954,0.2611731385504441,0.8074258311421472,-0.2139040780825584,0.8074258311421469,0.5171229278017692,ok,60.211946050096344
2025-26,2026-03-24,22500448,2025-12-29T19:00:00-05:00,3,Final,PHX,WAS,PHX @ WAS,191,191,12,0,12,179,0.1424234425241171,0.2389994972828711,0.5959152389159627,-0.5176568386144799,0.5959152389159627,0.1846070730790172,ok,34.200385356454724
2025-26,2026-03-24,22500449,2025-12-29T19:30:00-05:00,3,Final,GSW,BKN,GSW @ BKN,189,189,0,1,1,188,0.3409716122256422,0.2964768610915824,1.1500783264172354,0.1398300499838136,1.1500783264172354,0.5985500405483282,ok,86.89788053949904
2025-26,2026-03-24,22500450,2025-12-29T19:30:00-05:00,3,Final,DEN,MIA,DEN @ MIA,203,203,54,0,54,149,0.1660059010347931,0.2848550189381034,0.5827733057105263,-0.539957009226699,0.5827733057105263,0.1721362306919684,ok,32.46628131021195
2025-26,2026-03-24,22500451,2025-12-29T19:30:00-05:00,3,Final,ORL,TOR,ORL @ TOR,187,187,15,0,15,172,0.2618046169232003,0.2895408138941551,0.9042062616391828,-0.1006977790856867,0.9042062616391828,0.7453327342129101,ok,71.86897880539499
2025-26,2026-03-24,22500452,2025-12-29T20:00:00-05:00,3,Final,MIN,CHI,MIN @ CHI,205,205,71,0,71,134,0.145441494658489,0.1505692791770386,0.9659440189487768,-0.0346493978476479,0.9659440189487768,0.947466261593356,ok,76.20423892100193
2025-26,2026-03-24,22500453,2025-12-29T20:00:00-05:00,3,Final,IND,HOU,IND @ HOU,194,194,124,0,124,70,0.2886972853220246,0.2575628331903835,1.1208809972540852,0.1141149807868215,1.1208809972540854,0.8114239154588243,ok,85.64547206165703
2025-26,2026-03-24,22500454,2025-12-29T20:00:00-05:00,3,Final,NYK,NOP,NYK @ NOP,200,200,0,1,1,199,0.1015352606334906,0.2215753998473826,0.4582424795506469,-0.7803568036339837,0.4582424795506469,0.0806441711247072,ok,19.07514450867052
2025-26,2026-03-24,22500455,2025-12-29T20:00:00-05:00,3,Final,ATL,OKC,ATL @ OKC,218,218,4,0,4,214,0.1457249516980538,0.1970575176570816,0.7395046554460486,-0.3017747014541431,0.7395046554460485,0.4324578938169269,ok,53.46820809248555
2025-26,2026-03-24,22500456,2025-12-29T20:00:00-05:00,3,Final,CLE,SAS,CLE @ SAS,215,215,0,0,0,215,0.1573816007109618,0.3091312617337934,0.509109301428369,-0.6750925479041353,0.5091093014283692,0.0336342021928289,ok,24.85549132947977
2025-26,2026-03-24,22500457,2025-12-29T22:30:00-05:00,3,Final,DAL,POR,DAL @ POR,204,204,17,1,18,186,0.2150778967988042,0.2150421456074465,1.0001662520212338,0.0001662382028982,1.000166252021234,0.9996107285153276,ok,78.42003853564547
2025-26,2026-03-24,22500458,2025-12-30T20:00:00-05:00,3,Final,PHI,MEM,PHI @ MEM,223,223,0,0,0,223,0.1165914367482708,0.2126092848391728,0.5483835611246509,-0.6007803078106452,0.5483835611246509,0.1199974000824391,ok,28.901734104046245
2025-26,2026-03-24,22500459,2025-12-30T21:00:00-05:00,3,Final,BOS,UTA,BOS @ UTA,199,199,0,0,0,199,0.1502820691923286,0.2464144544117595,0.6098752183636383,-0.494500902799652,0.6098752183636384,0.1700750842953963,ok,36.70520231213873
2025-26,2026-03-24,22500460,2025-12-30T22:30:00-05:00,3,Final,DET,LAL,DET @ LAL,204,204,33,0,33,171,0.131359662479322,0.3317532231539321,0.395955949517246,-0.9264523125079408,0.395955949517246,0.014379723628063,ok,14.16184971098266
2025-26,2026-03-24,22500461,2025-12-30T23:00:00-05:00,3,Final,SAC,LAC,SAC @ LAC,187,187,136,0,136,51,0.1452540489941141,0.4262203729748575,0.3407956498660437,-1.0764722485860143,0.3407956498660437,0.1338334260079867,ok,10.115606936416185
2025-26,2026-03-24,22500462,2025-12-31T13:00:00-05:00,3,Final,GSW,CHA,GSW @ CHA,199,199,1,2,3,196,0.1337351125754781,0.2129530413321448,0.6280028298205432,-0.465210606440423,0.6280028298205433,0.2462450310621968,ok,38.63198458574181
2025-26,2026-03-24,22500463,2025-12-31T15:00:00-05:00,3,Final,MIN,ATL,MIN @ ATL,198,198,136,0,136,62,9.3537550200352e-11,0.1075393080693546,8.697986985375374e-10,-20.862759312043966,8.697986985375376e-10,0.9989852041004856,ok,1.5414258188824663
2025-26,2026-03-24,22500464,2025-12-31T15:00:00-05:00,3,Final,ORL,IND,ORL @ IND,218,218,0,1,1,217,0.1836273374249897,0.2699656876017395,0.6801876899848162,-0.3853865042134761,0.6801876899848164,0.2195629073911923,ok,46.91714836223507
2025-26,2026-03-24,22500465,2025-12-31T15:30:00-05:00,3,Final,PHX,CLE,PHX @ CLE,211,211,78,0,78,133,0.0918125247957965,0.1594821304041952,0.575691612365001,-0.552183156861084,0.575691612365001,0.3820646436447611,ok,31.88824662813102
2025-26,2026-03-24,22500466,2025-12-31T19:00:00-05:00,3,Final,NOP,CHI,NOP @ CHI,211,211,15,0,15,196,0.2479605805852875,0.2513090746777842,0.9866757931571316,-0.013413770553503,0.9866757931571314,0.9644660355130916,ok,77.64932562620423
2025-26,2026-03-24,22500467,2025-12-31T19:00:00-05:00,3,Final,NYK,SAS,NYK @ SAS,203,203,11,3,14,189,0.2471481916531722,0.257870546974669,0.958419620048543,-0.042469580160478,0.9584196200485432,0.8887486404914877,ok,75.24084778420038
2025-26,2026-03-24,22500468,2025-12-31T19:30:00-05:00,3,Final,DEN,TOR,DEN @ TOR,190,190,0,1,1,189,0.2571575498187878,0.2773016046067982,0.9273568762194008,-0.0754168077615143,0.927356876219401,0.7989539212534114,ok,72.92870905587668
2025-26,2026-03-24,22500469,2025-12-31T20:00:00-05:00,3,Final,WAS,MIL,WAS @ MIL,194,194,0,0,0,194,0.0957712468403058,0.236009371244837,0.4057942544194671,-0.9019090103415516,0.4057942544194671,0.0462873148486158,ok,14.836223506743737
2025-26,2026-03-24,22500470,2025-12-31T20:00:00-05:00,3,Final,POR,OKC,POR @ OKC,213,213,120,0,120,93,7.036243583574649e-11,0.2190596821405763,3.2120212696461904e-10,-21.85895051194568,3.2120212696461867e-10,0.9988054731829124,ok,0.3853564547206166
2025-26,2026-03-24,22500471,2026-01-01T18:00:00-05:00,3,Final,HOU,BKN,HOU @ BKN,181,181,90,0,90,91,0.1566894998098774,0.2876979164965157,0.5446320283371783,-0.6076448897167528,0.5446320283371783,0.2352198094060059,ok,28.42003853564547
2025-26,2026-03-24,22500472,2026-01-01T19:00:00-05:00,3,Final,MIA,DET,MIA @ DET,215,215,31,1,32,183,0.1297417107596822,0.2225170289780678,0.5830641877412001,-0.5394579996505898,0.5830641877412001,0.1835087159423484,ok,32.65895953757225
2025-26,2026-03-24,22500473,2026-01-01T20:30:00-05:00,3,Final,PHI,DAL,PHI @ DAL,203,203,4,0,4,199,0.176881951351588,0.2085920445540092,0.8479803327580371,-0.1648978359614987,0.8479803327580373,0.6511449490097821,ok,64.9325626204239
2025-26,2026-03-24,22500474,2026-01-01T22:00:00-05:00,3,Final,BOS,SAC,BOS @ SAC,188,188,0,0,0,188,0.2090604595828999,0.1669090406228818,1.252541257218391,0.2251744933292994,1.2525412572183912,0.543592215238213,ok,90.94412331406551
2025-26,2026-03-24,22500475,2026-01-01T22:30:00-05:00,3,Final,UTA,LAC,UTA @ LAC,196,196,38,0,38,158,0.1922483375557876,0.3347955016865773,0.5742261666817828,-0.5547319416581407,0.5742261666817828,0.105306648899754,ok,31.59922928709056
2025-26,2026-03-24,22500476,2026-01-02T19:00:00-05:00,3,Final,SAS,IND,SAS @ IND,212,212,40,0,40,172,0.2933490262589996,0.2128430095382155,1.378241300456379,0.3208082664462433,1.378241300456379,0.3286833199452079,ok,94.3159922928709
2025-26,2026-03-24,22500477,2026-01-02T19:00:00-05:00,3,Final,BKN,WAS,BKN @ WAS,205,205,97,0,97,108,0.2148030685689205,0.1498736599994867,1.4332276169785685,0.3599289757149819,1.4332276169785687,0.4842032069320537,ok,95.56840077071291
2025-26,2026-03-24,22500478,2026-01-02T19:30:00-05:00,3,Final,DEN,CLE,DEN @ CLE,196,196,0,2,2,194,0.1614327353561957,0.1893154951167733,0.8527180263645138,-0.1593263531215791,0.8527180263645138,0.6836717424855592,ok,65.79961464354528
2025-26,2026-03-24,22500479,2026-01-02T19:30:00-05:00,3,Final,ATL,NYK,ATL @ NYK,206,206,77,1,78,128,0.0756663023907679,0.2037299973840284,0.371404816975175,-0.990462660370646,0.371404816975175,0.116124148188288,ok,12.620423892100193
2025-26,2026-03-24,22500480,2026-01-02T20:00:00-05:00,3,Final,ORL,CHI,ORL @ CHI,197,197,0,1,1,196,0.0602447316552946,0.24690566867295,0.2439989813886957,-1.4105912283341415,0.2439989813886958,0.0080809449027916,ok,5.5876685934489405
2025-26,2026-03-24,22500481,2026-01-02T20:00:00-05:00,3,Final,CHA,MIL,CHA @ MIL,191,191,13,1,14,177,0.2294052041190597,0.2598251660665722,0.8829214182443039,-0.1245190763991944,0.8829214182443039,0.7049798426979195,ok,69.07514450867052
2025-26,2026-03-24,22500482,2026-01-02T20:00:00-05:00,3,Final,POR,NOP,POR @ NOP,187,187,38,0,38,149,0.2346857348541483,0.2447889126058428,0.958726979730644,-0.0421489373001253,0.958726979730644,0.9095439239131906,ok,75.33718689788054
2025-26,2026-03-24,22500483,2026-01-02T21:00:00-05:00,3,Final,SAC,PHX,SAC @ PHX,205,205,66,0,66,139,0.2757711251222126,0.2836642435420987,0.972174432979902,-0.0282200328240691,0.972174432979902,0.9331778322906242,ok,76.6859344894027
2025-26,2026-03-24,22500484,2026-01-02T22:00:00-05:00,3,Final,OKC,GSW,OKC @ GSW,206,206,118,0,118,88,0.0963985770987947,0.1933004853256265,0.4986980603613354,-0.6957544558273663,0.4986980603613354,0.3669370377580377,ok,23.50674373795761
2025-26,2026-03-24,22500485,2026-01-02T22:30:00-05:00,3,Final,MEM,LAL,MEM @ LAL,211,211,1,1,2,209,0.1586801952475868,0.2219387458684532,0.7149729292497634,-0.3355105981940244,0.7149729292497634,0.3524984435082718,ok,51.252408477842
2025-26,2026-03-24,22500486,2026-01-03T17:00:00-05:00,3,Final,MIN,MIA,MIN @ MIA,197,197,20,0,20,177,0.1814618881168534,0.2749584736702696,0.6599610686465427,-0.4155744326006393,0.6599610686465426,0.2368899080227698,ok,43.54527938342967
2025-26,2026-03-24,22500487,2026-01-03T19:30:00-05:00,3,Final,PHI,NYK,PHI @ NYK,204,204,25,0,25,179,0.1135950232561215,0.2641049462621674,0.4301131988015093,-0.8437068519127611,0.4301131988015093,0.0453508390434395,ok,16.859344894026975
2025-26,2026-03-24,22500488,2026-01-03T19:30:00-05:00,3,Final,ATL,TOR,ATL @ TOR,214,214,24,0,24,190,0.1835573562487253,0.2567696131649771,0.7148718027268585,-0.3356520492492502,0.7148718027268585,0.325318322935029,ok,51.15606936416185
2025-26,2026-03-24,22500489,2026-01-03T20:00:00-05:00,3,Final,CHA,CHI,CHA @ CHI,199,199,9,0,9,190,0.167389877772042,0.168828022570579,0.9914815989867096,-0.0085548899572763,0.9914815989867096,0.9829538589557384,ok,77.9383429672447
2025-26,2026-03-24,22500490,2026-01-03T20:00:00-05:00,3,Final,POR,SAS,POR @ SAS,195,195,6,2,8,187,0.1053971168867484,0.2487881507803648,0.423642028594019,-0.8588664525325816,0.4236420285940191,0.0441723188674057,ok,16.570327552986512
2025-26,2026-03-24,22500491,2026-01-03T20:30:00-05:00,3,Final,HOU,DAL,HOU @ DAL,202,202,8,1,9,193,0.144087525824326,0.1891209048885047,0.7618804801577704,-0.2719655857844206,0.7618804801577705,0.5040393128914653,ok,55.78034682080924
2025-26,2026-03-24,22500492,2026-01-03T22:00:00-05:00,3,Final,UTA,GSW,UTA @ GSW,193,193,0,0,0,193,0.0913025656485689,0.2356926108569611,0.3873798390055568,-0.9483495711663626,0.3873798390055567,0.0351834745066904,ok,13.102119460500964
2025-26,2026-03-24,22500493,2026-01-03T22:30:00-05:00,3,Final,BOS,LAC,BOS @ LAC,183,183,41,0,41,142,0.2446071274188899,0.2259479965792508,1.0825815281486442,0.0793484927454685,1.0825815281486444,0.8270432105884842,ok,83.42967244701349
2025-26,2026-03-24,22500494,2026-01-04T14:00:00-05:00,3,Final,DET,CLE,DET @ CLE,200,200,0,2,2,198,0.2615343364532878,0.2406033584495388,1.0869937067322306,0.0834158185475478,1.0869937067322306,0.7833368907398259,ok,83.8150289017341
2025-26,2026-03-24,22500495,2026-01-04T15:00:00-05:00,3,Final,IND,ORL,IND @ ORL,201,201,0,0,0,201,0.3328044743833537,0.2715586853217723,1.2255342670738398,0.2033768853036683,1.2255342670738396,0.445829675271452,ok,89.6917148362235
2025-26,2026-03-24,22500496,2026-01-04T15:30:00-05:00,3,Final,DEN,BKN,DEN @ BKN,186,186,42,1,43,143,0.218383270251093,0.3474234278319361,0.6285795739622216,-0.464292649638798,0.6285795739622215,0.1724600829673854,ok,38.72832369942196
2025-26,2026-03-24,22500497,2026-01-04T18:00:00-05:00,3,Final,NOP,MIA,NOP @ MIA,216,216,71,0,71,145,0.2612889725951536,0.1499135224109206,1.7429313139541025,0.5555683589651461,1.742931313954102,0.1763778475540097,ok,98.16955684007708
2025-26,2026-03-24,22500498,2026-01-04T18:00:00-05:00,3,Final,MIN,WAS,MIN @ WAS,207,207,119,1,119,88,0.0757275541309081,0.2066786089570033,0.3664024763523651,-1.0040228876013844,0.3664024763523651,0.1419222172720071,ok,12.138728323699421
2025-26,2026-03-24,22500499,2026-01-04T20:00:00-05:00,3,Final,OKC,PHX,OKC @ PHX,188,188,10,0,10,178,0.0959695622941544,0.2597848448918853,0.3694194029451335,-0.9958226870275656,0.3694194029451336,0.02701189436,ok,12.33140655105973
2025-26,2026-03-24,22500500,2026-01-04T21:00:00-05:00,3,Final,MIL,SAC,MIL @ SAC,196,196,89,1,89,107,0.2214520169337497,0.2712512472182045,0.8164092117726025,-0.2028395647041729,0.8164092117726025,0.6257658452119368,ok,61.078998073217726
2025-26,2026-03-24,22500501,2026-01-04T21:30:00-05:00,3,Final,MEM,LAL,MEM @ LAL,195,195,12,3,15,180,0.3080271210964931,0.2762997844895532,1.1148293932460145,0.1087013826630837,1.1148293932460145,0.7042021700335407,ok,85.35645472061657
2025-26,2026-03-24,22500502,2026-01-05T19:00:00-05:00,3,Final,NYK,DET,NYK @ DET,185,185,82,0,82,103,0.0629649125340072,0.1684534958476361,0.3737821659157383,-0.9840820953296132,0.3737821659157384,0.2075792979850408,ok,12.716763005780345
2025-26,2026-03-24,22500503,2026-01-05T19:30:00-05:00,3,Final,CHI,BOS,CHI @ BOS,188,188,125,0,125,63,9.507838478269606e-11,0.1019940266871551,9.321956184191911e-10,-20.79347843225928,9.321956184191907e-10,0.9990028274506342,ok,1.6377649325626205
2025-26,2026-03-24,22500504,2026-01-05T19:30:00-05:00,3,Final,ATL,TOR,ATL @ TOR,209,209,22,0,22,187,0.0955656554473057,0.2495653971894837,0.3829283086659129,-0.9599074909624492,0.3829283086659128,0.0319398532129831,ok,13.005780346820808
2025-26,2026-03-24,22500505,2026-01-05T20:00:00-05:00,3,Final,PHX,HOU,PHX @ HOU,188,188,0,0,0,188,0.0759147859401447,0.1625903993421008,0.4669081707611474,-0.7616226771344939,0.4669081707611474,0.1658229976248203,ok,20.327552986512522
2025-26,2026-03-24,22500506,2026-01-05T20:00:00-05:00,3,Final,CHA,OKC,CHA @ OKC,191,191,103,0,103,88,0.0999314892991846,0.2069699450548194,0.4828309215268725,-0.7280887455650757,0.4828309215268726,0.2723996408353978,ok,21.772639691714836
2025-26,2026-03-24,22500507,2026-01-05T20:30:00-05:00,3,Final,DEN,PHI,DEN @ PHI,204,204,0,0,0,204,0.297867134902854,0.2119016080369066,1.4056860524200216,0.3405254771465956,1.4056860524200216,0.2490138848845277,ok,95.27938342967245
2025-26,2026-03-24,22500508,2026-01-05T22:00:00-05:00,3,Final,GSW,LAC,GSW @ LAC,195,195,0,0,0,195,0.2766437688931326,0.2681909711513981,1.0315178311389264,0.0310313399904472,1.0315178311389264,0.9159368207802374,ok,80.92485549132948
2025-26,2026-03-24,22500509,2026-01-05T22:00:00-05:00,3,Final,UTA,POR,UTA @ POR,202,202,134,0,134,68,0.0453863897175354,0.1957927910745011,0.2318082778658864,-1.4618446374721563,0.2318082778658864,0.1760307444689417,ok,5.298651252408478
2025-26,2026-03-24,22500510,2026-01-06T19:00:00-05:00,3,Final,CLE,IND,CLE @ IND,207,207,0,2,2,205,0.2203933542680503,0.2039235962461888,1.0807643564797582,0.0776685282893188,1.0807643564797582,0.8139513897628214,ok,83.33333333333334
2025-26,2026-03-24,22500511,2026-01-06T19:00:00-05:00,3,Final,ORL,WAS,ORL @ WAS,210,210,50,1,51,159,0.162609732555409,0.218574352375454,0.7439561448457945,-0.2957731909861143,0.7439561448457945,0.4719848995883682,ok,54.14258188824663
2025-26,2026-03-24,22500512,2026-01-06T20:00:00-05:00,3,Final,SAS,MEM,SAS @ MEM,209,209,0,0,0,209,0.1210242828080854,0.1959445589129508,0.6176455395316742,-0.4818405467016246,0.6176455395316741,0.2477200776340761,ok,37.47591522157997
2025-26,2026-03-24,22500513,2026-01-06T20:00:00-05:00,3,Final,MIA,MIN,MIA @ MIN,219,219,61,0,61,158,0.1075827085436103,0.2690087451966664,0.3999227179955021,-0.916483955551892,0.3999227179955022,0.0355150612186161,ok,14.547206165703274
2025-26,2026-03-24,22500514,2026-01-06T20:00:00-05:00,3,Final,LAL,NOP,LAL @ NOP,198,198,0,2,2,196,0.181473647334226,0.2309918775502263,0.7856278292502591,-0.2412720983709081,0.785627829250259,0.488165541574608,ok,57.89980732177264
2025-26,2026-03-24,22500515,2026-01-06T23:00:00-05:00,3,Final,DAL,SAC,DAL @ SAC,201,201,0,1,1,200,0.2257938859501372,0.1454228136817704,1.5526716904559643,0.4399771183765878,1.552671690455964,0.2358178783406253,ok,96.82080924855492
2025-26,2026-03-24,22500516,2026-01-07T19:00:00-05:00,3,Final,TOR,CHA,TOR @ CHA,182,182,0,0,0,182,0.2529909368834374,0.2441968970671697,1.03601208664764,0.0353788104175376,1.03601208664764,0.9115183717262626,ok,81.11753371868978
2025-26,2026-03-24,22500517,2026-01-07T19:00:00-05:00,3,Final,CHI,DET,CHI @ DET,181,181,5,0,5,176,0.1435184928269835,0.1912553806764053,0.7504023798933516,-0.2871457097954824,0.7504023798933516,0.4916728042451099,ok,54.91329479768786
2025-26,2026-03-24,22500518,2026-01-07T19:00:00-05:00,3,Final,WAS,PHI,WAS @ PHI,203,203,47,0,47,156,0.1452970444996621,0.1480412444215999,0.9814632744228846,-0.0187106837722209,0.9814632744228848,0.970610938130938,ok,77.26396917148362
2025-26,2026-03-24,22500519,2026-01-07T19:30:00-05:00,3,Final,NOP,ATL,NOP @ ATL,212,212,93,0,93,119,0.0542865805589674,0.2190887589917916,0.2477835047712391,-1.395199878704777,0.2477835047712392,0.0631810661295407,ok,5.780346820809249
2025-26,2026-03-24,22500520,2026-01-07T19:00:00-05:00,3,Final,DEN,BOS,DEN @ BOS,184,184,0,4,4,180,0.1812597266384371,0.2284777151500928,0.7933365690363411,-0.2315077223758071,0.7933365690363412,0.5280638550130401,ok,58.95953757225434
2025-26,2026-03-24,22500521,2026-01-07T19:30:00-05:00,3,Final,ORL,BKN,ORL @ BKN,200,200,11,1,12,188,0.1316211663379327,0.2358129018070252,0.5581593090510517,-0.5831108572567314,0.5581593090510517,0.148463409412873,ok,30.154142581888248
2025-26,2026-03-24,22500522,2026-01-07T19:30:00-05:00,3,Final,LAC,NYK,LAC @ NYK,184,184,3,0,3,181,0.151202119419669,0.2387282701464642,0.6333649522400666,-0.4567084791523269,0.6333649522400666,0.2429515187841439,ok,39.59537572254335
2025-26,2026-03-24,22500523,2026-01-07T21:30:00-05:00,3,Final,LAL,SAS,LAL @ SAS,201,201,4,0,4,197,0.1891257153006032,0.276478589749685,0.6840519386033894,-0.3797214306117125,0.6840519386033894,0.2401787925520403,ok,47.49518304431599
2025-26,2026-03-24,22500524,2026-01-07T20:00:00-05:00,3,Final,PHX,MEM,PHX @ MEM,196,196,104,0,104,92,0.0269476875796286,0.2550506193723938,0.1056562326566355,-2.247564543222959,0.1056562326566356,0.0321791798998475,ok,2.7938342967244703
2025-26,2026-03-24,22500525,2026-01-07T20:00:00-05:00,3,Final,UTA,OKC,UTA @ OKC,235,235,19,3,22,213,0.1978586475833437,0.3226312208073724,0.6132656569572218,-0.4889570650529058,0.6132656569572218,0.0948229520235392,ok,36.80154142581888
2025-26,2026-03-24,22500526,2026-01-07T22:00:00-05:00,3,Final,MIL,GSW,MIL @ GSW,190,190,28,0,28,162,0.1894917428648756,0.2501203050607705,0.7576023978494498,-0.2775965720552857,0.7576023978494497,0.4442935797041318,ok,55.49132947976878
2025-26,2026-03-24,22500527,2026-01-07T22:00:00-05:00,3,Final,HOU,POR,HOU @ POR,192,192,0,0,0,192,0.2219901541049777,0.3336410872981374,0.6653561643222021,-0.4074327962540572,0.6653561643222021,0.1753703587295689,ok,44.797687861271676
2025-26,2026-03-24,22500528,2026-01-08T19:00:00-05:00,3,Final,IND,CHA,IND @ CHA,199,199,0,1,1,198,0.1675878504338907,0.2823246244128364,0.5935998348795503,-0.5215498652968784,0.5935998348795504,0.1203880645651893,ok,33.911368015414254
2025-26,2026-03-24,22500529,2026-01-29T20:00:00-05:00,3,Final,MIA,CHI,MIA @ CHI,213,213,0,1,1,212,0.1691358768161731,0.2109366829170619,0.8018324479041685,-0.2208556107672175,0.8018324479041686,0.5334385352316584,ok,60.01926782273603
2025-26,2026-03-24,22500530,2026-01-08T20:00:00-05:00,3,Final,CLE,MIN,CLE @ MIN,208,208,27,1,28,180,0.1839886967235643,0.1907174730475383,0.9647186164096416,-0.0359188093763579,0.9647186164096416,0.9267827650641786,ok,76.10789980732177
2025-26,2026-03-24,22500531,2026-01-08T21:00:00-05:00,3,Final,DAL,UTA,DAL @ UTA,202,202,0,1,1,201,0.0398808898261794,0.1259523759576803,0.3166346765826738,-1.1500066094765289,0.3166346765826739,0.1239393765996503,ok,8.574181117533719
2025-26,2026-03-24,22500532,2026-01-09T19:00:00-05:00,3,Final,TOR,BOS,TOR @ BOS,182,182,17,0,17,165,0.2098197966470732,0.1719816512737456,1.2200126879413438,0.198861258643007,1.2200126879413435,0.621343935826613,ok,89.49903660886321
2025-26,2026-03-24,22500533,2026-01-09T19:00:00-05:00,3,Final,PHI,ORL,PHI @ ORL,193,193,1,0,1,192,0.4026027400315743,0.1847517469758507,2.1791552535857712,0.7789373033489586,2.1791552535857712,0.0066262729194361,ok,99.32562620423893
2025-26,2026-03-24,22500534,2026-01-09T19:00:00-05:00,3,Final,NOP,WAS,NOP @ WAS,214,214,67,0,67,147,0.1981515755907198,0.3405503082030493,0.5818569850554185,-0.541530591592627,0.5818569850554187,0.1236789895116982,ok,32.273603082851636
2025-26,2026-03-24,22500535,2026-01-09T19:30:00-05:00,3,Final,LAC,BKN,LAC @ BKN,184,184,106,0,106,78,0.0769746224408492,0.2499163226721822,0.3080015807603635,-1.1776503636828903,0.3080015807603635,0.1258036766434189,ok,8.285163776493256
2025-26,2026-03-24,22500536,2026-01-09T20:00:00-05:00,3,Final,OKC,MEM,OKC @ MEM,195,195,72,0,72,123,0.3086219995413976,0.2822699990422448,1.0933574258283427,0.089253169303764,1.093357425828343,0.7997028678085876,ok,84.20038535645472
2025-26,2026-03-24,22500537,2026-01-09T21:00:00-05:00,3,Final,ATL,DEN,ATL @ DEN,191,191,24,0,24,167,0.1489962380025136,0.1749723718096799,0.851541511734087,-0.1607070287651906,0.8515415117340869,0.718867384527557,ok,65.60693641618496
2025-26,2026-03-24,22500538,2026-01-09T21:00:00-05:00,3,Final,NYK,PHX,NYK @ PHX,184,184,0,3,3,181,0.2679002258158007,0.2391234437485757,1.1203427887124362,0.1136346998301717,1.120342788712436,0.7177989505911804,ok,85.54913294797689
2025-26,2026-03-24,22500539,2026-01-09T22:00:00-05:00,3,Final,SAC,GSW,SAC @ GSW,185,185,39,0,39,146,0.2487493613688158,0.1795860021138623,1.385126671571552,0.3257915950755748,1.3851266715715518,0.4261221575293077,ok,94.79768786127167
2025-26,2026-03-24,22500540,2026-01-09T22:00:00-05:00,3,Final,HOU,POR,HOU @ POR,194,194,0,2,2,192,0.1009739128421682,0.2819145022384766,0.3581721126100586,-1.0267416466296004,0.3581721126100586,0.0108743118866981,ok,11.175337186897881
2025-26,2026-03-24,22500541,2026-01-09T22:30:00-05:00,3,Final,MIL,LAL,MIL @ LAL,187,187,0,1,1,186,0.1573335173250076,0.2251610884752126,0.6987598007740491,-0.3584482284587084,0.6987598007740491,0.3543261164886087,ok,48.84393063583815
2025-26,2026-03-24,22500542,2026-01-10T13:00:00-05:00,3,Final,MIN,CLE,MIN @ CLE,205,205,18,0,18,187,0.186412761164248,0.2691093649416169,0.6927026162939002,-0.3671544970097933,0.6927026162939002,0.2833296600941408,ok,48.26589595375722
2025-26,2026-03-24,22500543,2026-01-10T19:00:00-05:00,3,Final,MIA,IND,MIA @ IND,223,223,159,2,159,64,0.1519184432341866,0.2259756156547909,0.6722780366987169,-0.3970832789405084,0.6722780366987168,0.5637378285767165,ok,45.761078998073216
2025-26,2026-03-24,22500544,2026-01-10T19:30:00-05:00,3,Final,LAC,DET,LAC @ DET,197,197,24,2,26,171,0.2136351017857387,0.3274237665340622,0.6524728001487763,-0.4269858262499024,0.6524728001487763,0.1807195256757316,ok,42.77456647398844
2025-26,2026-03-24,22500545,2026-01-10T20:00:00-05:00,3,Final,SAS,BOS,SAS @ BOS,193,193,0,1,1,192,0.200056173586452,0.1824611837895481,1.096431413144826,0.0920607362079156,1.0964314131448265,0.8015662547661686,ok,84.39306358381504
2025-26,2026-03-24,22500546,2026-01-10T20:00:00-05:00,3,Final,DAL,CHI,DAL @ CHI,211,211,58,0,58,153,0.2275812602860888,0.1410267094585196,1.6137458014861197,0.4785580614626239,1.6137458014861197,0.2628321626946579,ok,97.39884393063583
2025-26,2026-03-24,22500547,2026-01-10T21:30:00-05:00,3,Final,CHA,UTA,CHA @ UTA,202,202,179,0,179,23,8.915737286660031e-10,0.0890607160628395,1.0010852911141271e-08,-18.419596041340885,1.0010852911141223e-08,0.9994775302405652,ok,2.601156069364162
2025-26,2026-03-24,22500548,2026-01-11T15:00:00-05:00,3,Final,NOP,ORL,NOP @ ORL,189,189,0,2,2,187,0.1446616619189413,0.3064153375737563,0.4721097287896703,-0.7505438441656961,0.4721097287896703,0.0330201288344763,ok,20.71290944123314
2025-26,2026-03-24,22500549,2026-01-11T15:30:00-05:00,3,Final,BKN,MEM,BKN @ MEM,182,182,9,1,10,172,0.1218643445804531,0.2036412253522642,0.5984266907137731,-0.5134512498510448,0.598426690713773,0.26458548120401,ok,34.971098265895954
2025-26,2026-03-24,22500550,2026-01-11T18:00:00-05:00,3,Final,PHI,TOR,PHI @ TOR,214,214,0,1,1,213,0.2197829845572155,0.3575953186755419,0.6146137073920476,-0.4867613265861231,0.6146137073920477,0.0758460361461842,ok,36.897880539499035
2025-26,2026-03-24,22500551,2026-01-11T18:00:00-05:00,3,Final,NYK,POR,NYK @ POR,200,200,0,0,0,200,0.1437219329889386,0.1385646495848111,1.0372193298909969,0.0365434111178498,1.0372193298909969,0.9339650875071348,ok,81.21387283236994
2025-26,2026-03-24,22500552,2026-01-11T19:00:00-05:00,3,Final,SAS,MIN,SAS @ MIN,199,199,40,0,40,159,0.2270218517778051,0.2555614348602041,0.8883259397177412,-0.1184165541043664,0.8883259397177414,0.7365451621836514,ok,70.03853564547207
2025-26,2026-03-24,22500553,2026-01-11T19:00:00-05:00,3,Final,MIA,OKC,MIA @ OKC,208,208,24,0,24,184,0.2439551529960995,0.2361893507915161,1.032879561159547,0.0323505920135312,1.0328795611595467,0.9196360508703812,ok,81.02119460500964
2025-26,2026-03-24,22500554,2026-01-11T20:00:00-05:00,3,Final,MIL,DEN,MIL @ DEN,188,188,1,2,3,185,0.2013236722101414,0.2242015342379536,0.8979584947731398,-0.1076314313771177,0.8979584947731397,0.7554048170053145,ok,70.8092485549133
2025-26,2026-03-24,22500555,2026-01-11T20:00:00-05:00,3,Final,WAS,PHX,WAS @ PHX,204,204,87,0,87,117,0.1281062466487559,0.2052074019976597,0.6242769286178909,-0.4711612131989623,0.6242769286178907,0.3690356679855967,ok,38.15028901734104
2025-26,2026-03-24,22500556,2026-01-11T20:30:00-05:00,3,Final,ATL,GSW,ATL @ GSW,203,203,55,0,55,148,0.2324722657010802,0.2185086182210175,1.0639043328988456,0.0619454741880093,1.0639043328988451,0.868278531893784,ok,82.46628131021194
2025-26,2026-03-24,22500557,2026-01-11T21:00:00-05:00,3,Final,HOU,SAC,HOU @ SAC,170,170,1,0,1,169,0.277000301572706,0.2686008336045127,1.0312711909917625,0.0307922072961257,1.0312711909917622,0.9215757102434096,ok,80.82851637764932
2025-26,2026-03-24,22500558,2026-01-12T19:00:00-05:00,3,Final,UTA,CLE,UTA @ CLE,208,208,11,0,11,197,0.1769829431067434,0.199291972715815,0.8880585640000479,-0.118717587714098,0.8880585640000478,0.7481897696846846,ok,69.84585741811176
2025-26,2026-03-24,22500559,2026-01-12T19:30:00-05:00,3,Final,BOS,IND,BOS @ IND,185,185,0,0,0,185,0.0262061737134449,0.0885311005113883,0.2960109335823044,-1.217358887562204,0.2960109335823044,0.2439045575292069,ok,7.514450867052023
2025-26,2026-03-24,22500560,2026-01-12T19:30:00-05:00,3,Final,PHI,TOR,PHI @ TOR,186,186,138,0,138,48,0.2180040987122054,0.3989682458540575,0.5464196736898989,-0.6043679653527133,0.5464196736898987,0.27859923188345,ok,28.61271676300578
2025-26,2026-03-24,22500561,2026-01-12T20:30:00-05:00,3,Final,BKN,DAL,BKN @ DAL,190,190,0,1,1,189,0.0694058285189606,0.2131417857153766,0.3256321996459351,-1.1219867564818964,0.3256321996459351,0.036633714545426,ok,9.05587668593449
2025-26,2026-03-24,22500562,2026-01-12T22:00:00-05:00,3,Final,LAL,SAC,LAL @ SAC,190,190,33,0,33,157,0.1338398415898594,0.1588072189267122,0.8427818489260556,-0.1710471339166066,0.8427818489260557,0.7348918231863004,ok,64.25818882466281
2025-26,2026-03-24,22500563,2026-01-12T22:30:00-05:00,3,Final,CHA,LAC,CHA @ LAC,187,187,0,1,1,186,0.1503914734297086,0.2108346497303675,0.7133147877829449,-0.3378324584074387,0.7133147877829449,0.4036205532381826,ok,50.86705202312138
2025-26,2026-03-24,22500564,2026-01-13T19:30:00-05:00,3,Final,PHX,MIA,PHX @ MIA,205,205,42,1,43,162,0.3313515429028942,0.245963386182192,1.347157997969067,0.2979971867404107,1.3471579979690669,0.3360308372555384,ok,93.54527938342967
2025-26,2026-03-24,22500565,2026-01-13T20:00:00-05:00,3,Final,CHI,HOU,CHI @ HOU,191,191,0,1,1,190,0.2356891356065784,0.2136805475668478,1.1029976209362036,0.0980315833662321,1.1029976209362036,0.7639209254629888,ok,84.6820809248555
2025-26,2026-03-24,22500566,2026-01-13T20:00:00-05:00,3,Final,MIN,MIL,MIN @ MIL,203,203,162,0,162,41,3.1620454679378385e-10,0.0604494537325,5.230891716458632e-09,-19.068684073124203,5.230891716458633e-09,0.9987451152969896,ok,2.5048169556840074
2025-26,2026-03-24,22500567,2026-01-13T20:00:00-05:00,3,Final,DEN,NOP,DEN @ NOP,198,198,0,3,3,195,0.2545141115898162,0.2575864384371382,0.9880726374184804,-0.0119990642823742,0.9880726374184804,0.9676839651000212,ok,77.74566473988439
2025-26,2026-03-24,22500568,2026-01-13T20:00:00-05:00,3,Final,SAS,OKC,SAS @ OKC,189,189,51,0,51,138,0.1193448845598005,0.2963789214775215,0.4026766949715489,-0.9096212847349368,0.4026766949715487,0.0467487411718398,ok,14.739884393063585
2025-26,2026-03-24,22500569,2026-01-13T22:30:00-05:00,3,Final,ATL,LAL,ATL @ LAL,201,201,114,0,114,87,0.091016451679035,0.2775776854446647,0.3278954197389156,-1.1150605636983972,0.3278954197389156,0.0828013593472375,ok,9.152215799614643
2025-26,2026-03-24,22500570,2026-01-13T23:00:00-05:00,3,Final,POR,GSW,POR @ GSW,203,203,154,0,154,49,0.0204081634859693,10942908.452848185,1.864967030831514e-09,-20.100022461845217,1.864967030831514e-09,0.9989859926722564,ok,1.8304431599229287
2025-26,2026-03-24,22500571,2026-01-14T19:00:00-05:00,3,Final,TOR,IND,TOR @ IND,193,193,118,0,118,75,0.2079629884707165,0.1962428895098584,1.0597224133324297,0.058006999614247,1.0597224133324294,0.9175149481331284,ok,81.98458574181117
2025-26,2026-03-24,22500572,2026-01-14T19:00:00-05:00,3,Final,CLE,PHI,CLE @ PHI,202,202,100,0,100,102,0.105109164278495,0.1905844602281898,0.551509625457638,-0.5950959872085411,0.5515096254576382,0.352695490817853,ok,29.190751445086704
2025-26,2026-03-24,22500573,2026-01-14T20:00:00-05:00,3,Final,UTA,CHI,UTA @ CHI,204,204,0,0,0,204,0.2521635518620944,0.2566438756148073,0.9825426430224372,-0.0176115336132186,0.9825426430224374,0.9524510323360832,ok,77.36030828516378
2025-26,2026-03-24,22500574,2026-01-14T20:00:00-05:00,3,Final,BKN,NOP,BKN @ NOP,194,194,0,2,2,192,0.1699418406868215,0.1885725456762517,0.901201392161211,-0.1040265256391657,0.9012013921612108,0.7830282711578752,ok,71.48362235067437
2025-26,2026-03-24,22500575,2026-01-14T21:30:00-05:00,3,Final,DEN,DAL,DEN @ DAL,190,190,81,2,83,107,0.2187525328308665,0.2937037570973746,0.7448067229127792,-0.2946305265928064,0.7448067229127793,0.4828122943675299,ok,54.33526011560693
2025-26,2026-03-24,22500576,2026-01-14T22:00:00-05:00,3,Final,NYK,SAC,NYK @ SAC,198,198,130,0,130,68,0.3011274133763074,0.2080088417446234,1.4476664109596238,0.3699528882506363,1.4476664109596238,0.4900658378886535,ok,95.95375722543352
2025-26,2026-03-24,22500577,2026-01-14T22:30:00-05:00,3,Final,WAS,LAC,WAS @ LAC,192,192,59,0,59,133,0.1074051761739276,0.2544902820695801,0.4220403832338163,-0.8626542746577234,0.4220403832338164,0.084942506879208,ok,16.377649325626205
2025-26,2026-03-24,22500578,2026-01-15T14:00:00-05:00,3,Final,MEM,ORL,MEM @ ORL,201,201,38,2,40,161,0.1343006242921778,0.2020607855871095,0.6646545686831454,-0.4084878188741359,0.6646545686831453,0.3531746934802723,ok,44.701348747591524
2025-26,2026-03-24,22500579,2026-01-15T19:00:00-05:00,3,Final,PHX,DET,PHX @ DET,197,197,9,3,12,185,0.1612465659262025,0.244167537359224,0.6603931369016244,-0.414919959325682,0.6603931369016244,0.2544353444330832,ok,43.641618497109825
2025-26,2026-03-24,22500580,2026-01-15T19:30:00-05:00,3,Final,BOS,MIA,BOS @ MIA,192,192,16,3,19,173,0.1385018690283731,0.268471467781548,0.5158904600658362,-0.6618608227307001,0.515890460065836,0.089678000963044,ok,25.722543352601157
2025-26,2026-03-24,22500581,2026-01-15T19:30:00-05:00,3,Final,OKC,HOU,OKC @ HOU,197,197,22,0,22,175,0.18664070757473,0.1656425639541709,1.1267678012178608,0.1193531811927868,1.1267678012178612,0.7718254702595164,ok,86.1271676300578
2025-26,2026-03-24,22500582,2026-01-15T20:00:00-05:00,3,Final,MIL,SAS,MIL @ SAS,197,197,108,0,108,89,0.1987610953479621,0.2380425855201551,0.8349812488956224,-0.1803460107958589,0.8349812488956223,0.7118364927166952,ok,63.10211946050096
2025-26,2026-03-24,22500583,2026-01-15T20:30:00-05:00,3,Final,UTA,DAL,UTA @ DAL,219,219,142,0,142,77,0.3939963544638943,0.2037449962463127,1.9337719292383588,0.6594724631063118,1.933771929238359,0.1485404893785357,ok,98.84393063583815
2025-26,2026-03-24,22500584,2026-01-15T22:00:00-05:00,3,Final,NYK,GSW,NYK @ GSW,186,186,8,0,8,178,0.2236368702819818,0.1785532411460458,1.252494039573666,0.2251367951421395,1.2524940395736663,0.5452498135633161,ok,90.84778420038536
2025-26,2026-03-24,22500585,2026-01-15T22:00:00-05:00,3,Final,ATL,POR,ATL @ POR,207,207,6,0,6,201,0.1441790365637371,0.1975056715882804,0.7299994749735197,-0.3147114640543154,0.7299994749735197,0.4104002124462581,ok,52.601156069364166
2025-26,2026-03-24,22500586,2026-01-15T22:30:00-05:00,3,Final,CHA,LAL,CHA @ LAL,195,195,21,1,21,174,0.1484085589776828,0.2646515571523586,0.560769642070327,-0.5784450779824938,0.5607696420703271,0.1319667946694888,ok,30.346820809248555
2025-26,2026-03-24,22500587,2026-01-16T19:30:00-05:00,3,Final,CHI,BKN,CHI @ BKN,196,196,32,1,33,163,0.0395662006339925,0.2223174617714265,0.1779716281336107,-1.7261311339021927,0.1779716281336107,0.0194876234765077,ok,3.94990366088632
2025-26,2026-03-24,22500588,2026-01-16T19:00:00-05:00,3,Final,NOP,IND,NOP @ IND,191,191,2,0,2,189,0.1622169795545196,0.2847683200974822,0.5696454559938035,-0.5627411187085821,0.5696454559938033,0.100846245667004,ok,31.3102119460501
2025-26,2026-03-24,22500589,2026-01-16T19:00:00-05:00,3,Final,CLE,PHI,CLE @ PHI,196,196,0,0,0,196,0.1057996907531024,0.2010208135714774,0.5263121209858351,-0.6418608563235993,0.5263121209858352,0.1596874486996206,ok,27.071290944123316
2025-26,2026-03-24,22500590,2026-01-16T19:30:00-05:00,3,Final,LAC,TOR,LAC @ TOR,207,207,0,1,1,206,0.1308125112090838,0.2624373848974189,0.4984522737117486,-0.6962474339594815,0.4984522737117485,0.0590906717510271,ok,23.410404624277454
2025-26,2026-03-24,22500591,2026-01-16T21:30:00-05:00,3,Final,MIN,HOU,MIN @ HOU,194,194,0,2,2,192,0.2999410449694815,0.3313382870643582,0.9052411287175568,-0.0995539301993104,0.9052411287175568,0.7112056333353786,ok,71.96531791907515
2025-26,2026-03-24,22500592,2026-01-16T22:00:00-05:00,3,Final,WAS,SAC,WAS @ SAC,202,202,38,0,38,164,0.1152762092148733,0.2501092016761483,0.4609035111156675,-0.7745665613292396,0.4609035111156675,0.0870204752153475,ok,19.460500963391137
2025-26,2026-03-24,22500593,2026-01-17T17:00:00-05:00,3,Final,UTA,DAL,UTA @ DAL,204,204,80,0,80,124,0.0790041968792061,0.2862213908082293,0.2760247815724561,-1.2872646289897152,0.2760247815724561,0.0217857486650379,ok,6.9364161849710975
2025-26,2026-03-24,22500594,2026-01-17T19:30:00-05:00,3,Final,BOS,ATL,BOS @ ATL,209,209,141,0,141,68,0.303681514020846,0.1563978924403158,1.9417238255735203,0.6635761484139784,1.9417238255735192,0.2887490584924007,ok,99.03660886319847
2025-26,2026-03-24,22500595,2026-01-17T19:30:00-05:00,3,Final,IND,DET,IND @ DET,220,220,201,0,201,19,0.6334956510327908,0.3773489791708448,1.6788057898679924,0.5180827012847852,1.6788057898679922,0.5402217626678834,ok,97.78420038535646
2025-26,2026-03-24,22500596,2026-01-17T19:30:00-05:00,3,Final,PHX,NYK,PHX @ NYK,185,185,0,2,2,183,0.3369370759815178,0.2205838364775305,1.5274785376934878,0.4236183613550746,1.5274785376934876,0.1604833659687877,ok,96.53179190751445
2025-26,2026-03-24,22500597,2026-01-17T20:00:00-05:00,3,Final,OKC,MIA,OKC @ MIA,200,200,0,0,0,200,0.2389004529126477,0.272753213329988,0.8758850170671176,-0.1325204557167713,0.8758850170671175,0.6607339189883423,ok,68.68978805394991
2025-26,2026-03-24,22500598,2026-01-17T20:00:00-05:00,3,Final,MIN,SAS,MIN @ SAS,198,198,33,2,35,163,0.1415108158960963,0.2723843108334425,0.5195263099519243,-0.6548378249669815,0.5195263099519244,0.1084385081687037,ok,26.204238921001927
2025-26,2026-03-24,22500599,2026-01-17T20:30:00-05:00,3,Final,CHA,GSW,CHA @ GSW,203,203,40,0,40,163,0.1714180194975499,0.2063088193615744,0.8308807157542046,-0.1852690374453713,0.8308807157542043,0.6523176006875253,ok,62.90944123314065
2025-26,2026-03-24,22500600,2026-01-17T21:00:00-05:00,3,Final,WAS,DEN,WAS @ DEN,199,199,0,1,1,198,0.1565454301247378,0.2637110464890013,0.5936248488978898,-0.5215077266542355,0.5936248488978899,0.1268325223995443,ok,34.00770712909441
2025-26,2026-03-24,22500601,2026-01-17T22:00:00-05:00,3,Final,LAL,POR,LAL @ POR,200,200,69,0,69,131,0.1894028704499191,0.384842116888913,0.4921573344961912,-0.7089568280489693,0.4921573344961911,0.0484257480183192,ok,22.832369942196532
2025-26,2026-03-24,22500602,2026-01-18T12:00:00-05:00,3,Final,ORL,MEM,ORL @ MEM,201,201,171,0,171,30,2.6675541797905795e-10,0.1337088138495051,1.995047374209021e-09,-20.03259804041584,1.995047374209018e-09,0.9988163225109552,ok,2.023121387283237
2025-26,2026-03-24,22500603,2026-01-18T19:00:00-05:00,3,Final,BKN,CHI,BKN @ CHI,183,183,112,0,112,71,0.0818721830180705,0.3006118830051819,0.2723517852973871,-1.30066072001555,0.2723517852973871,0.0859450282199699,ok,6.551059730250482
2025-26,2026-03-24,22500604,2026-01-18T19:00:00-05:00,3,Final,NOP,HOU,NOP @ HOU,197,197,9,2,11,186,0.1516538146919755,0.1573201316290688,0.963982251486711,-0.0366823958619211,0.963982251486711,0.9330100706870812,ok,76.01156069364163
2025-26,2026-03-24,22500605,2026-01-18T20:00:00-05:00,3,Final,CHA,DEN,CHA @ DEN,171,171,136,0,136,35,0.0867001381055539,0.5028500705725911,0.172417472283198,-1.7578365785375036,0.172417472283198,0.0736120320328317,ok,3.371868978805395
2025-26,2026-03-24,22500606,2026-01-18T21:00:00-05:00,3,Final,POR,SAC,POR @ SAC,201,201,0,3,3,198,0.2077289163108967,0.2450145811633208,0.8478226696738087,-0.1650837810087204,0.8478226696738086,0.6112017360891291,ok,64.83622350674374
2025-26,2026-03-24,22500607,2026-01-18T21:30:00-05:00,3,Final,TOR,LAL,TOR @ LAL,190,190,26,0,26,164,0.0897938143952161,0.2031077758431158,0.4420993436734521,-0.8162206627168588,0.4420993436734521,0.108507729923348,ok,18.015414258188827
2025-26,2026-03-24,22500608,2026-01-19T15:00:00-05:00,3,Final,LAC,WAS,LAC @ WAS,195,195,0,1,1,194,0.2103321899254793,0.2445301860023567,0.8601481615175812,-0.1506506237388254,0.8601481615175813,0.6458898874787449,ok,66.76300578034682
2025-26,2026-03-24,22500609,2026-01-19T19:00:00-05:00,3,Final,IND,PHI,IND @ PHI,199,199,2,0,2,197,0.1247900377989346,0.2562483388941383,0.4869886701996851,-0.719514420647202,0.4869886701996851,0.0635304903756777,ok,22.639691714836225
2025-26,2026-03-24,22500610,2026-01-19T19:30:00-05:00,3,Final,PHX,BKN,PHX @ BKN,178,178,44,0,44,134,0.1614841687929543,0.2486397628106238,0.6494704103942883,-0.4315980014238255,0.6494704103942883,0.3114009059074023,ok,42.29287090558767
2025-26,2026-03-24,22500611,2026-01-19T17:00:00-05:00,3,Final,UTA,SAS,UTA @ SAS,199,199,44,0,44,155,0.1037490831038397,0.2340674872427679,0.4432443152441513,-0.8136341592783625,0.4432443152441512,0.0999236219915344,ok,18.11175337186898
2025-26,2026-03-24,22500612,2026-01-19T22:00:00-05:00,3,Final,MIA,GSW,MIA @ GSW,214,214,30,1,30,184,0.2075446393878714,0.1984742614602716,1.045700524898617,0.0446870195813668,1.045700524898617,0.902137000252468,ok,81.69556840077071
2025-26,2026-03-24,22500613,2026-01-20T19:00:00-05:00,3,Final,PHX,PHI,PHX @ PHI,209,209,15,1,16,193,0.1980831520258924,0.2198302667419293,0.9010731550375318,-0.1041688315093725,0.901073155037532,0.7609801512186519,ok,71.29094412331408
2025-26,2026-03-24,22500614,2026-01-20T20:00:00-05:00,3,Final,LAC,CHI,LAC @ CHI,205,205,91,0,91,114,0.075225853791088,0.1487186246494798,0.5058267178599217,-0.6815611231680039,0.5058267178599217,0.3706408063081083,ok,24.277456647398843
2025-26,2026-03-24,22500615,2026-01-20T20:00:00-05:00,3,Final,SAS,HOU,SAS @ HOU,194,194,7,2,9,185,0.0339297851183713,0.1745273519380145,0.1944095566775224,-1.6377882283003065,0.1944095566775224,0.0292260507113079,ok,4.238921001926782
2025-26,2026-03-24,22500616,2026-01-20T21:00:00-05:00,3,Final,MIN,UTA,MIN @ UTA,209,209,1,2,3,206,0.1548412910523767,0.2256786647534589,0.6861139985099257,-0.3767114864764858,0.6861139985099258,0.2813524276684265,ok,47.591522157996145
2025-26,2026-03-24,22500617,2026-01-20T22:00:00-05:00,3,Final,LAL,DEN,LAL @ DEN,189,189,5,0,5,184,0.1632544592351504,0.2486697806728022,0.6565110516985552,-0.4208157511105238,0.6565110516985551,0.2475482085029524,ok,43.15992292870906
2025-26,2026-03-24,22500618,2026-01-20T22:00:00-05:00,3,Final,TOR,GSW,TOR @ GSW,207,207,135,0,135,72,0.1251101596866713,0.2498899858014063,0.5006609580029326,-0.6918261375158065,0.5006609580029328,0.3148806262874492,ok,23.795761078998073
2025-26,2026-03-24,22500619,2026-01-20T22:00:00-05:00,3,Final,MIA,SAC,MIA @ SAC,209,209,19,0,19,190,0.1744524067751038,0.2369044549770219,0.7363829725870898,-0.3060049523958535,0.7363829725870896,0.3835393467479747,ok,53.082851637764925
2025-26,2026-03-24,22500620,2026-01-21T19:00:00-05:00,3,Final,CLE,CHA,CLE @ CHA,193,193,96,2,98,95,0.2621853455285354,0.2307446146354278,1.1362577018006828,0.1277401447490062,1.1362577018006828,0.7784385036953351,ok,86.41618497109826
2025-26,2026-03-24,22500621,2026-01-21T19:30:00-05:00,3,Final,IND,BOS,IND @ BOS,200,200,98,0,98,102,0.0897807930787591,0.1895450433225187,0.4736646841563323,-0.7472556250165169,0.4736646841563322,0.2541740480677964,ok,21.001926782273603
2025-26,2026-03-24,22500622,2026-01-21T19:30:00-05:00,3,Final,BKN,NYK,BKN @ NYK,183,183,139,0,139,44,1.7310637609598724e-10,0.2316395306233367,7.473093026486536e-10,-21.0145419567242,7.473093026486536e-10,0.9986497998932208,ok,1.0597302504816954
2025-26,2026-03-24,22500623,2026-01-21T20:00:00-05:00,3,Final,ATL,MEM,ATL @ MEM,207,207,0,0,0,207,0.187467800050928,0.2645092618249644,0.7087381317293246,-0.3442691694358306,0.7087381317293245,0.2831825582030306,ok,50.19267822736031
2025-26,2026-03-24,22500624,2026-01-21T20:00:00-05:00,3,Final,DET,NOP,DET @ NOP,203,203,0,0,0,203,0.1548574867672277,0.2652179252787777,0.5838877089640638,-0.5380465938130435,0.5838877089640637,0.1241434687443115,ok,32.947976878612714
2025-26,2026-03-24,22500625,2026-01-21T21:30:00-05:00,3,Final,OKC,MIL,OKC @ MIL,192,192,160,0,160,32,2.5706456378152926e-10,0.0754578699027796,3.4067296640195734e-09,-19.497513048636293,3.406729664019572e-09,0.999097718074678,ok,2.312138728323699
2025-26,2026-03-24,22500626,2026-01-21T22:00:00-05:00,3,Final,TOR,SAC,TOR @ SAC,199,199,13,1,14,185,0.1722619483666055,0.2427633770085128,0.7095878731352667,-0.3430709378519826,0.7095878731352667,0.32641884234714,ok,50.38535645472062
2025-26,2026-03-24,22500627,2026-01-22T19:00:00-05:00,3,Final,CHA,ORL,CHA @ ORL,190,190,136,1,136,54,0.2138418242805371,0.3116625369467139,0.6861325919229697,-0.3766843872463993,0.6861325919229695,0.5235436868233883,ok,47.784200385356456
2025-26,2026-03-24,22500628,2026-01-22T19:00:00-05:00,3,Final,HOU,PHI,HOU @ PHI,206,206,0,1,1,205,0.2030830775083062,0.2668931912237853,0.7609151682630396,-0.2732334013643142,0.7609151682630395,0.3878264308027137,ok,55.68400770712909
2025-26,2026-03-24,22500629,2026-01-22T19:00:00-05:00,3,Final,DEN,WAS,DEN @ WAS,190,190,0,0,0,190,0.1422335618977926,0.2751583094125646,0.5169153793735942,-0.6598760941301016,0.516915379373594,0.0758918084115746,ok,25.818882466281313
2025-26,2026-03-24,22500630,2026-01-22T19:30:00-05:00,3,Final,GSW,DAL,GSW @ DAL,215,215,0,0,0,215,0.1842598704935765,0.2076879571101182,0.8871957385371176,-0.1196896462294749,0.8871957385371176,0.7246686587883557,ok,69.55684007707129
2025-26,2026-03-24,22500631,2026-01-22T20:00:00-05:00,3,Final,CHI,MIN,CHI @ MIN,207,207,0,2,2,205,0.1478197253460502,0.2450510544135377,0.6032201154972221,-0.5054731148715734,0.6032201154972223,0.1606917928022168,ok,35.54913294797688
2025-26,2026-03-24,22500632,2026-01-22T21:00:00-05:00,3,Final,SAS,UTA,SAS @ UTA,197,197,12,0,12,185,0.2471301184676936,0.1963803587263208,1.2584258429433797,0.229861608901492,1.25842584294338,0.503954791703099,ok,91.32947976878613
2025-26,2026-03-24,22500633,2026-01-22T22:00:00-05:00,3,Final,LAL,LAC,LAL @ LAC,195,195,48,1,49,146,0.127166459553932,0.1720338747559859,0.739194299577951,-0.302194470294312,0.739194299577951,0.539742450164952,ok,53.371868978805395
2025-26,2026-03-24,22500634,2026-01-22T22:00:00-05:00,3,Final,MIA,POR,MIA @ POR,207,207,39,0,39,168,0.0993017986554753,0.1274984980038628,0.7788468116108069,-0.2499408999319582,0.7788468116108068,0.6389039689053179,ok,57.51445086705203
2025-26,2026-03-24,22500635,2026-01-23T19:00:00-05:00,3,Final,HOU,DET,HOU @ DET,196,196,0,1,1,195,0.2704507815551507,0.2345961476308794,1.1528355613950063,0.1422246130717747,1.1528355613950063,0.6378381602040528,ok,87.09055876685935
2025-26,2026-03-24,22500636,2026-01-23T19:30:00-05:00,3,Final,PHX,ATL,PHX @ ATL,201,201,0,1,1,200,0.0952385735221212,0.1423726268683192,0.6689387954484226,-0.4020627096632467,0.6689387954484225,0.4309275051213536,ok,45.27938342967245
2025-26,2026-03-24,22500637,2026-01-23T19:30:00-05:00,3,Final,BOS,BKN,BOS @ BKN,218,218,0,0,0,218,0.3300538784647173,0.2853594831898375,1.1566248816239495,0.1455061792409584,1.1566248816239495,0.5718062049934372,ok,87.37957610789981
2025-26,2026-03-24,22500638,2026-01-23T19:30:00-05:00,3,Final,SAC,CLE,SAC @ CLE,193,193,0,1,1,192,0.176623009926908,0.2956158330682239,0.5974747972519657,-0.5150431763975248,0.5974747972519656,0.1203408632061664,ok,34.77842003853564
2025-26,2026-03-24,22500639,2026-01-23T20:00:00-05:00,3,Final,NOP,MEM,NOP @ MEM,208,208,0,2,2,206,0.267979527839325,0.216090548976427,1.2401260911626382,0.215213060868714,1.240126091162638,0.4833888825711292,ok,90.36608863198458
2025-26,2026-03-24,22500640,2026-01-23T21:30:00-05:00,3,Final,DEN,MIL,DEN @ MIL,189,189,34,2,36,153,0.1190419484743619,0.2547846458307333,0.4672257548574874,-0.7609427230082897,0.4672257548574874,0.0908283708156136,ok,20.423892100192678
2025-26,2026-03-24,22500641,2026-01-23T20:00:00-05:00,3,Final,IND,OKC,IND @ OKC,201,201,20,3,23,178,0.1820250576552176,0.2587552733636479,0.7034641469872747,-0.3517383674971442,0.7034641469872747,0.3289038656176579,ok,49.51830443159923
2025-26,2026-03-24,22500642,2026-01-23T22:00:00-05:00,3,Final,TOR,POR,TOR @ POR,195,195,0,0,0,195,0.234749538996121,0.1246707647754615,1.8829557949605669,0.6328427735420802,1.8829557949605669,0.1119910806691332,ok,98.74759152215799
2025-26,2026-03-24,22500643,2026-01-24T15:00:00-05:00,3,Final,NYK,PHI,NYK @ PHI,195,195,13,2,15,180,0.1861772622508728,0.281372915377195,0.6616744259172657,-0.4129816477706128,0.6616744259172657,0.2188475682413904,ok,43.93063583815029
2025-26,2026-03-24,22500644,2026-01-25T17:30:00-05:00,3,Final,GSW,MIN,GSW @ MIN,206,206,61,1,61,145,0.0558366269561503,0.1557044370734489,0.3586065240376614,-1.0255295248989016,0.3586065240376614,0.174226331064912,ok,11.271676300578035
2025-26,2026-03-24,22500645,2026-01-24T12:00:00-05:00,3,Final,WAS,CHA,WAS @ CHA,199,199,25,2,27,172,0.1858204745132935,0.1773001253604843,1.0480560808148656,0.0469370966950475,1.0480560808148658,0.9030961425534052,ok,81.79190751445087
2025-26,2026-03-24,22500646,2026-01-24T19:00:00-05:00,3,Final,CLE,ORL,CLE @ ORL,198,198,11,0,11,187,0.1886436055885162,0.2925895533002055,0.6447380074262675,-0.4389112347406782,0.6447380074262674,0.1769846517819004,ok,41.714836223506744
2025-26,2026-03-24,22500647,2026-01-24T20:00:00-05:00,3,Final,BOS,CHI,BOS @ CHI,184,184,0,0,0,184,0.2015489370783052,0.1316633736365519,1.5307897064423384,0.4257837502473102,1.530789706442338,0.3224455288943562,ok,96.6281310211946
2025-26,2026-03-24,22500648,2026-01-24T20:30:00-05:00,3,Final,LAL,DAL,LAL @ DAL,205,205,3,0,3,202,0.2650001932293236,0.2386714570249917,1.1103137196735466,0.1046426057283418,1.1103137196735469,0.729353075681264,ok,84.97109826589595
2025-26,2026-03-24,22500649,2026-01-24T21:30:00-05:00,3,Final,MIA,UTA,MIA @ UTA,222,222,129,1,129,93,0.1809738979697412,0.3129579952732699,0.578268971245543,-0.5477161703749636,0.578268971245543,0.2263706989045224,ok,32.080924855491325
2025-26,2026-03-24,22500650,2026-01-25T15:00:00-05:00,3,Final,SAC,DET,SAC @ DET,199,199,79,1,79,120,0.1467627304164253,0.3181014940466818,0.4613707673906358,-0.7735532915767679,0.4613707673906358,0.0801014687170468,ok,19.556840077071293
2025-26,2026-03-24,22500651,2026-03-18T20:30:00-04:00,3,Final,DEN,MEM,DEN @ MEM,217,217,0,2,2,215,0.2086498353512714,0.2396576859088118,0.8706160812662662,-0.1385541785593847,0.8706160812662662,0.651365425139026,ok,68.20809248554913
2025-26,2026-03-24,22500653,2026-01-25T19:00:00-05:00,3,Final,TOR,OKC,TOR @ OKC,192,192,0,1,1,191,0.1452335364147785,0.2619828934190766,0.554362670475809,-0.5899361665700178,0.554362670475809,0.1071332319583702,ok,29.47976878612717
2025-26,2026-03-24,22500654,2026-01-25T19:00:00-05:00,3,Final,NOP,SAS,NOP @ SAS,188,188,26,1,27,161,0.1746687772680538,0.2506053482946461,0.6969874284673653,-0.3609879050164626,0.6969874284673653,0.3415372475143159,ok,48.458574181117534
2025-26,2026-03-24,22500655,2026-01-25T20:00:00-05:00,3,Final,MIA,PHX,MIA @ PHX,202,202,14,0,14,188,0.1919166454658354,0.2744003001529336,0.6994039195980217,-0.3575268501391948,0.6994039195980217,0.2765277553882385,ok,48.94026974951831
2025-26,2026-03-24,22500656,2026-01-25T21:00:00-05:00,3,Final,BKN,LAC,BKN @ LAC,204,204,167,0,167,37,0.0926855906907943,0.2593752340907641,0.3573417138906967,-1.0290627732421949,0.3573417138906968,0.3556711343255514,ok,11.078998073217726
2025-26,2026-03-24,22500657,2026-01-26T15:00:00-05:00,3,Final,PHI,CHA,PHI @ CHA,203,203,131,0,131,72,0.039394847408884,0.1716150077446917,0.2295536266122539,-1.4716186096216646,0.2295536266122539,0.1761187651029269,ok,5.105973025048169
2025-26,2026-03-24,22500658,2026-01-26T19:00:00-05:00,3,Final,ORL,CLE,ORL @ CLE,192,192,5,0,5,187,0.1140532356715393,0.2775478212370354,0.4109318356858363,-0.889327928153327,0.4109318356858363,0.0218699317522957,ok,15.510597302504816
2025-26,2026-03-24,22500659,2026-01-26T13:30:00-05:00,3,Final,IND,ATL,IND @ ATL,219,219,7,0,7,212,0.0824007443100253,0.1652117716517705,0.4987583117485579,-0.6956336457569106,0.4987583117485577,0.1611473610012538,ok,23.603082851637765
2025-26,2026-03-24,22500660,2026-01-26T20:00:00-05:00,3,Final,POR,BOS,POR @ BOS,196,196,56,0,56,140,0.0654692036203683,0.2788248803113562,0.2348040230386205,-1.4490040572796614,0.2348040230386206,0.0083870627290144,ok,5.394990366088632
2025-26,2026-03-24,22500661,2026-01-26T20:00:00-05:00,3,Final,LAL,CHI,LAL @ CHI,202,202,25,0,25,177,0.1344462170176276,0.2297937811386596,0.5850733485972867,-0.5360180573923898,0.5850733485972867,0.1948244719884528,ok,33.23699421965318
2025-26,2026-03-24,22500662,2026-01-26T20:00:00-05:00,3,Final,MEM,HOU,MEM @ HOU,197,197,0,1,1,196,0.0779863471798636,0.2350511030540866,0.3317846466856124,-1.1032691750944454,0.3317846466856124,0.0224741713583396,ok,9.344894026974952
2025-26,2026-03-24,22500663,2026-01-26T21:30:00-05:00,3,Final,GSW,MIN,GSW @ MIN,213,213,88,0,88,125,0.0921801646586097,0.1064825014008681,0.8656836893001291,-0.1442356919912375,0.8656836893001291,0.8523451315895197,ok,67.4373795761079
2025-26,2026-03-24,22500664,2026-01-27T19:00:00-05:00,3,Final,POR,WAS,POR @ WAS,212,212,0,1,1,211,0.1002428850667005,0.2054266530454075,0.4879740947954929,-0.7174929589734836,0.487974094795493,0.098795742872402,ok,22.736030828516377
2025-26,2026-03-24,22500665,2026-01-27T19:30:00-05:00,3,Final,SAC,NYK,SAC @ NYK,191,191,6,0,6,185,0.2207445522753887,0.1903124621986194,1.1599059237907865,0.1483389016491191,1.1599059237907865,0.6752060605218957,ok,87.66859344894027
2025-26,2026-03-24,22500666,2026-01-27T20:00:00-05:00,3,Final,MIL,PHI,MIL @ PHI,195,195,29,0,29,166,0.2205724919368442,0.2240221311189707,0.984601346461192,-0.0155184441379565,0.9846013464611916,0.9656403006739784,ok,77.45664739884393
2025-26,2026-03-24,22500667,2026-01-27T20:00:00-05:00,3,Final,NOP,OKC,NOP @ OKC,190,190,5,2,7,183,0.1484440095591343,0.2451559635899802,0.6055084583110724,-0.5016867469518385,0.6055084583110725,0.1907170236242289,ok,35.83815028901734
2025-26,2026-03-24,22500668,2026-01-27T21:00:00-05:00,3,Final,DET,DEN,DET @ DEN,187,187,6,1,7,180,0.1739542328520988,0.2183027292406168,0.7968486397637458,-0.2270905306946473,0.7968486397637459,0.5595402314720468,ok,59.63391136801541
2025-26,2026-03-24,22500669,2026-01-27T21:00:00-05:00,3,Final,BKN,PHX,BKN @ PHX,177,177,0,0,0,177,0.1762898793385165,0.3002193923477408,0.587203504610128,-0.5323838333581431,0.5872035046101279,0.1137807644191082,ok,33.33333333333333
2025-26,2026-03-24,22500670,2026-01-27T22:00:00-05:00,3,Final,LAC,UTA,LAC @ UTA,188,188,39,0,39,149,0.1029508629787604,0.2290080711225277,0.4495512427755349,-0.7995054320672773,0.449551242775535,0.1127733315083,ok,18.59344894026975
2025-26,2026-03-24,22500671,2026-01-28T19:00:00-05:00,3,Final,LAL,CLE,LAL @ CLE,194,194,65,0,65,129,0.2133309250989163,0.1958254083284154,1.0893934904562674,0.0856211106019323,1.0893934904562677,0.8429439141779446,ok,84.00770712909441
2025-26,2026-03-24,22500672,2026-01-28T19:00:00-05:00,3,Final,CHI,IND,CHI @ IND,193,193,0,1,1,192,0.1395387304144237,0.2509768920922926,0.5559823824860761,-0.5870186714096943,0.5559823824860761,0.1255202926717332,ok,29.76878612716763
2025-26,2026-03-24,22500673,2026-01-28T19:30:00-05:00,3,Final,ATL,BOS,ATL @ BOS,191,191,99,0,99,92,0.0319476017680476,0.2141724643845564,0.1491676432815577,-1.9026844828178344,0.1491676432815577,0.0685037041526589,ok,3.0828516377649327
2025-26,2026-03-24,22500674,2026-01-28T19:30:00-05:00,3,Final,ORL,MIA,ORL @ MIA,214,214,6,2,8,206,0.189723352240027,0.1751313353899398,1.0833204224566504,0.0800307898701968,1.0833204224566502,0.8231976634036459,ok,83.62235067437379
2025-26,2026-03-24,22500675,2026-01-28T19:30:00-05:00,3,Final,NYK,TOR,NYK @ TOR,202,202,35,0,35,167,0.2442800687169517,0.2197176444949133,1.1117908590295624,0.1059721017275405,1.1117908590295629,0.7586518149431691,ok,85.16377649325626
2025-26,2026-03-24,22500676,2026-01-28T20:00:00-05:00,3,Final,CHA,MEM,CHA @ MEM,184,184,59,1,59,125,0.1588233489773501,0.1176238073607134,1.3502653292822882,0.3003011133479435,1.350265329282288,0.6082380657985592,ok,93.9306358381503
2025-26,2026-03-24,22500677,2026-01-28T20:30:00-05:00,3,Final,MIN,DAL,MIN @ DAL,208,208,27,0,27,181,0.3224190796969033,0.2605722317175506,1.2373501104537956,0.212972085259122,1.2373501104537956,0.4631332520918152,ok,90.26974951830444
2025-26,2026-03-24,22500678,2026-01-28T21:00:00-05:00,3,Final,GSW,UTA,GSW @ UTA,216,216,66,0,66,150,0.1990362428749752,0.2205339257292615,0.902519837783698,-0.102564608092913,0.902519837783698,0.79560060508985,ok,71.67630057803468
2025-26,2026-03-24,22500679,2026-01-28T21:30:00-05:00,3,Final,SAS,HOU,SAS @ HOU,195,195,4,0,4,191,0.2583181569420431,0.1566125696348489,1.6494088408377854,0.5004169454353622,1.6494088408377856,0.1508317710652096,ok,97.59152215799615
2025-26,2026-03-24,22500680,2026-01-29T19:00:00-05:00,3,Final,SAC,PHI,SAC @ PHI,182,182,0,1,1,181,0.2032133674060435,0.3638536303042619,0.5585030640923173,-0.5824951741990909,0.5585030640923173,0.0579396917934082,ok,30.2504816955684
2025-26,2026-03-24,22500681,2026-01-29T19:00:00-05:00,3,Final,MIL,WAS,MIL @ WAS,201,201,20,2,22,179,0.275474973572468,0.162434900190945,1.6959100122488606,0.5282194771465122,1.6959100122488604,0.1430317683250783,ok,98.07321772639692
2025-26,2026-03-24,22500682,2026-01-29T20:00:00-05:00,3,Final,HOU,ATL,HOU @ ATL,180,180,40,0,40,140,0.0853507142812247,0.1932687797727077,0.4416166666007866,-0.8173130433347312,0.4416166666007866,0.1479261872623261,ok,17.91907514450867
2025-26,2026-03-24,22500683,2026-01-29T20:30:00-05:00,3,Final,CHA,DAL,CHA @ DAL,202,202,1,1,2,200,0.07824752758795,0.1983832245905362,0.3944261302811933,-0.9303234051998446,0.3944261302811933,0.0577477735689081,ok,13.96917148362235
2025-26,2026-03-24,22500684,2026-01-29T21:00:00-05:00,3,Final,BKN,DEN,BKN @ DEN,176,176,15,2,17,159,0.1423211574362214,0.2506193947257595,0.5678776680151051,-0.5658492566699698,0.5678776680151052,0.1580510318107749,ok,31.021194605009633
2025-26,2026-03-24,22500685,2026-01-29T21:00:00-05:00,3,Final,DET,PHX,DET @ PHX,190,190,42,0,42,148,0.1810468700328898,0.2694962068090604,0.6717974704599926,-0.3977983671281032,0.6717974704599926,0.3051115618397306,ok,45.664739884393065
2025-26,2026-03-24,22500686,2026-01-29T21:30:00-05:00,3,Final,OKC,MIN,OKC @ MIN,196,196,111,0,111,85,0.2195588285039877,0.1907322434973589,1.1511364018901604,0.1407496300077649,1.1511364018901609,0.7923539881873801,ok,86.9942196531792
2025-26,2026-03-24,22500687,2026-01-30T19:30:00-05:00,3,Final,TOR,ORL,TOR @ ORL,205,205,0,2,2,203,0.3006251217825286,0.3276875660548203,0.917413881160922,-0.0861965659536792,0.917413881160922,0.7432011638495823,ok,72.54335260115607
2025-26,2026-03-24,22500688,2026-01-30T19:00:00-05:00,3,Final,LAL,WAS,LAL @ WAS,208,208,163,0,163,45,9.956604866759911e-11,0.0511111381822181,1.9480303551964086e-09,-20.05644704909778,1.9480303551964103e-09,0.9993622362519592,ok,1.9267822736030826
2025-26,2026-03-24,22500689,2026-01-30T19:30:00-05:00,3,Final,SAC,BOS,SAC @ BOS,180,180,108,0,108,72,0.2271641554080703,0.388488320823367,0.5847386992911803,-0.5365901994144171,0.5847386992911802,0.2562430829458261,ok,33.140655105973025
2025-26,2026-03-24,22500690,2026-01-30T19:30:00-05:00,3,Final,POR,NYK,POR @ NYK,200,200,112,0,112,88,0.0474935646106451,0.1941906644280576,0.244571821979837,-1.4082462627746386,0.2445718219798371,0.1776580559231394,ok,5.684007707129094
2025-26,2026-03-24,22500691,2026-01-30T19:30:00-05:00,3,Final,MEM,NOP,MEM @ NOP,198,198,5,1,6,192,0.1482235342596356,0.2209003792441716,0.6709971923397976,-0.3989903263116126,0.6709971923397975,0.3020717348220685,ok,45.472061657032754
2025-26,2026-03-24,22500692,2026-01-31T20:00:00-05:00,3,Final,CHI,MIA,CHI @ MIA,226,226,0,2,2,224,0.1632334817345669,0.1851711561528576,0.8815275830530468,-0.1260989865923068,0.8815275830530468,0.7285108604321591,ok,68.88246628131022
2025-26,2026-03-24,22500693,2026-01-30T21:00:00-05:00,3,Final,CLE,PHX,CLE @ PHX,205,205,75,1,76,129,0.0565418165950382,0.1815697141675621,0.3114055494015838,-1.1666591989266932,0.3114055494015838,0.1203073699096511,ok,8.38150289017341
2025-26,2026-03-24,22500694,2026-01-30T21:30:00-05:00,3,Final,BKN,UTA,BKN @ UTA,185,185,1,0,1,184,0.1274482158384077,0.3263273393115777,0.3905532895505271,-0.940190854094763,0.3905532895505271,0.0116835375668373,ok,13.294797687861271
2025-26,2026-03-24,22500695,2026-01-30T21:00:00-05:00,3,Final,LAC,DEN,LAC @ DEN,188,188,13,0,13,175,0.2663271403907075,0.2262374355031075,1.1772019064769206,0.1631403568771609,1.1772019064769206,0.6173272054288806,ok,88.53564547206165
2025-26,2026-03-24,22500696,2026-01-30T22:00:00-05:00,3,Final,DET,GSW,DET @ GSW,223,223,27,2,29,194,0.2300635481088478,0.2490880206596344,0.9236234946168588,-0.0794507637386579,0.923623494616859,0.8040591102900174,ok,72.73603082851638
2025-26,2026-03-24,22500697,2026-01-31T12:00:00-05:00,3,Final,SAS,CHA,SAS @ CHA,188,188,21,1,22,166,0.1207105174805486,0.2499767982264953,0.4828868852507544,-0.727972844784223,0.4828868852507544,0.0894678994328322,ok,21.86897880539499
2025-26,2026-03-24,22500698,2026-01-31T19:00:00-05:00,3,Final,ATL,IND,ATL @ IND,215,215,0,1,1,214,0.080946683013664,0.2036379640837168,0.3975029085460033,-0.9225530278176568,0.3975029085460033,0.0578545377986845,ok,14.258188824662813
2025-26,2026-03-24,22500699,2026-01-31T19:30:00-05:00,3,Final,NOP,PHI,NOP @ PHI,201,201,1,1,2,199,0.0723932585141965,0.2154960179327061,0.3359378015829654,-1.0908292504911188,0.3359378015829654,0.0273001551694783,ok,9.826589595375722
2025-26,2026-03-24,22500700,2026-01-31T20:00:00-05:00,3,Final,MIN,MEM,MIN @ MEM,202,202,79,0,79,123,0.0263318702587787,0.2117069062281576,0.1243788912129334,-2.0844227978586427,0.1243788912129334,0.0433194864406102,ok,2.8901734104046244
2025-26,2026-03-24,22500701,2026-01-31T20:30:00-05:00,3,Final,DAL,HOU,DAL @ HOU,197,197,0,0,0,197,0.1571903118532561,0.2146774039692117,0.7322163811697656,-0.3116792060117562,0.7322163811697656,0.4126331806331047,ok,52.69749518304432
2025-26,2026-03-24,22500702,2026-02-01T15:30:00-05:00,3,Final,MIL,BOS,MIL @ BOS,173,173,80,0,80,93,0.098025224761541,0.1923211531569334,0.5096954919023017,-0.6739418062852184,0.5096954919023016,0.3141822428786438,ok,24.951830443159924
2025-26,2026-03-24,22500703,2026-02-01T21:00:00-05:00,3,Final,ORL,SAS,ORL @ SAS,202,202,20,0,20,182,0.1580797502961637,0.2638591800709476,0.5991065016334036,-0.5123158976169702,0.5991065016334035,0.1760137470551683,ok,35.067437379576106
2025-26,2026-03-24,22500704,2026-02-01T18:00:00-05:00,3,Final,BKN,DET,BKN @ DET,201,201,119,0,119,82,0.2367746081886642,0.3051337664995823,0.7759698669369924,-0.2536415908196339,0.7759698669369923,0.5769015107463558,ok,57.129094412331405
2025-26,2026-03-24,22500705,2026-02-01T18:00:00-05:00,3,Final,CHI,MIA,CHI @ MIA,212,212,194,0,194,18,0.1295522171214047,0.3890632492575814,0.3329849770406713,-1.0996579040113363,0.3329849770406718,0.3483364522438822,ok,9.441233140655106
2025-26,2026-03-24,22500706,2026-02-01T18:00:00-05:00,3,Final,UTA,TOR,UTA @ TOR,206,206,0,1,1,205,0.1862953229449157,0.2736315545276493,0.6808254379379021,-0.3844493376473668,0.6808254379379021,0.2404920806117323,ok,47.20616570327553
2025-26,2026-03-24,22500707,2026-02-01T18:00:00-05:00,3,Final,SAC,WAS,SAC @ WAS,193,193,5,2,7,186,0.222276426480697,0.2357429125523833,0.9428763905311728,-0.0588200860315716,0.9428763905311728,0.8581563509099288,ok,74.27745664739885
2025-26,2026-03-24,22500708,2026-02-01T19:00:00-05:00,3,Final,LAL,NYK,LAL @ NYK,185,185,0,0,0,185,0.1693726390178185,0.1984779337091465,0.8533575287317352,-0.158576676596103,0.8533575287317352,0.6763964671373925,ok,65.99229287090559
2025-26,2026-03-24,22500709,2026-02-01T20:00:00-05:00,3,Final,LAC,PHX,LAC @ PHX,188,188,45,0,45,143,0.23429657712402,0.2742394297605708,0.8543504386972233,-0.1574138196014493,0.854350438697223,0.6691695798420034,ok,66.1849710982659
2025-26,2026-03-24,22500710,2026-02-01T21:00:00-05:00,3,Final,CLE,POR,CLE @ POR,205,205,64,0,64,141,0.2034932809106022,0.147511970679653,1.3795035072273687,0.3217236570622354,1.3795035072273687,0.4843752214191507,ok,94.50867052023122
2025-26,2026-03-24,22500711,2026-02-01T21:30:00-05:00,3,Final,OKC,DEN,OKC @ DEN,197,197,44,0,44,153,0.0682917528014672,0.2859328240421924,0.2388384510600646,-1.431967892586204,0.2388384510600647,0.0085560317007674,ok,5.491329479768786
2025-26,2026-03-24,22500712,2026-02-02T15:00:00-05:00,3,Final,NOP,CHA,NOP @ CHA,193,193,29,1,30,163,0.0924640239195899,0.3436627658053852,0.2690545299631089,-1.3128412063064216,0.2690545299631089,0.002943150462984,ok,6.454720616570328
2025-26,2026-03-24,22500713,2026-02-02T19:00:00-05:00,3,Final,HOU,IND,HOU @ IND,196,196,0,1,1,195,0.3182876162180814,0.272303807005834,1.1688695054170215,0.1560370470177105,1.1688695054170215,0.5674041670688507,ok,87.95761078998073
2025-26,2026-03-24,22500714,2026-02-02T19:30:00-05:00,3,Final,MIN,MEM,MIN @ MEM,196,196,18,1,19,177,0.3454864169940915,0.2752010841813928,1.2553962787674615,0.2274512827161315,1.255396278767462,0.4216813381876966,ok,91.13680154142581
2025-26,2026-03-24,22500715,2026-02-02T22:00:00-05:00,3,Final,PHI,LAC,PHI @ LAC,187,187,102,0,102,85,0.0955036941564416,0.3172375549019097,0.3010478825118026,-1.2004859487725414,0.3010478825118026,0.0594973136148508,ok,7.610789980732177
2025-26,2026-03-24,22500716,2026-02-03T19:00:00-05:00,3,Final,DEN,DET,DEN @ DET,199,199,39,3,42,157,0.2206398725668198,0.3787715499040627,0.5825143747536072,-0.5404014161581742,0.5825143747536075,0.094164677840079,ok,32.369942196531795
2025-26,2026-03-24,22500717,2026-02-03T19:00:00-05:00,3,Final,UTA,IND,UTA @ IND,207,207,0,0,0,207,0.1536722659366954,0.2088473050024141,0.7358115822223278,-0.3067811954427882,0.7358115822223278,0.4187250143336256,ok,52.98651252408478
2025-26,2026-03-24,22500718,2026-02-03T19:00:00-05:00,3,Final,NYK,WAS,NYK @ WAS,201,201,166,0,166,35,0.0985283726736476,0.2816828949913691,0.3497847204270836,-1.050437398234796,0.3497847204270836,0.3264436804007254,ok,10.789980732177264
2025-26,2026-03-24,22500719,2026-02-03T19:30:00-05:00,3,Final,LAL,BKN,LAL @ BKN,206,206,166,0,166,40,0.32742473536879,0.3639405300250668,0.8996654902553399,-0.1057322622410928,0.8996654902553397,0.8524942653790657,ok,71.09826589595376
2025-26,2026-03-24,22500720,2026-02-03T19:30:00-05:00,3,Final,ATL,MIA,ATL @ MIA,212,212,71,0,71,141,0.0869788304192674,0.2526002079559943,0.3443339620465399,-1.0661432726468736,0.3443339620465399,0.0486031311862218,ok,10.404624277456648
2025-26,2026-03-24,22500721,2026-02-03T20:00:00-05:00,3,Final,BOS,DAL,BOS @ DAL,189,189,31,0,31,158,0.2358641824273566,0.1526539458776206,1.5450906366773112,0.4350825731450725,1.5450906366773114,0.2718775234429847,ok,96.72447013487476
2025-26,2026-03-24,22500722,2026-02-03T20:00:00-05:00,3,Final,CHI,MIL,CHI @ MIL,200,200,115,0,115,85,0.1489608080575047,0.2407678461348044,0.6186906202338266,-0.4801499370032588,0.6186906202338267,0.4025570130181358,ok,37.57225433526011
2025-26,2026-03-24,22500723,2026-02-03T20:00:00-05:00,3,Final,ORL,OKC,ORL @ OKC,193,193,162,0,162,31,1.227300059316254,0.1400775539694327,8.761575459720484,2.1703757357778226,8.761575459720486,0.0218596087330963,ok,100.0
2025-26,2026-03-24,22500724,2026-02-03T22:00:00-05:00,3,Final,PHI,GSW,PHI @ GSW,180,180,31,0,31,149,0.1066472602627099,0.1255682229024711,0.8493172699078726,-0.1633224641183574,0.8493172699078724,0.7778073599787116,ok,65.1252408477842
2025-26,2026-03-24,22500725,2026-02-03T23:00:00-05:00,3,Final,PHX,POR,PHX @ POR,194,194,19,3,22,172,0.1946415693051398,0.157514894757172,1.2357026273940823,0.2116397373651926,1.2357026273940823,0.619100957564885,ok,90.17341040462428
2025-26,2026-03-24,22500726,2026-02-04T19:00:00-05:00,3,Final,DEN,NYK,DEN @ NYK,220,220,0,1,1,219,0.1448090254018211,0.220082852658241,0.6579750473640489,-0.4185882703150102,0.6579750473640489,0.2593966612526602,ok,43.35260115606936
2025-26,2026-03-24,22500727,2026-02-04T19:30:00-05:00,3,Final,MIN,TOR,MIN @ TOR,205,205,10,2,12,193,0.1555019934368131,0.2699135753976343,0.5761177191911483,-0.5514432655719407,0.5761177191911482,0.1175656054611559,ok,31.984585741811177
2025-26,2026-03-24,22500728,2026-02-04T20:00:00-05:00,3,Final,BOS,HOU,BOS @ HOU,179,179,77,0,77,102,0.0787056112074358,0.2974174301051054,0.264630123324049,-1.3294221890190148,0.264630123324049,0.0332191009458115,ok,6.165703275529865
2025-26,2026-03-24,22500729,2026-02-04T20:00:00-05:00,3,Final,NOP,MIL,NOP @ MIL,211,211,0,1,1,210,0.1243678403862291,0.1853444834417853,0.6710091289298705,-0.3989725371404528,0.6710091289298705,0.3286874490378849,ok,45.568400770712906
2025-26,2026-03-24,22500730,2026-02-04T21:30:00-05:00,3,Final,OKC,SAS,OKC @ SAS,209,209,37,0,37,172,0.1553368526131447,0.1825740975971016,0.8508153930791262,-0.1615601033430808,0.8508153930791261,0.6991853788743037,ok,65.41425818882466
2025-26,2026-03-24,22500731,2026-02-04T22:00:00-05:00,3,Final,MEM,SAC,MEM @ SAC,204,204,0,0,0,204,0.3364371037906511,0.2909155362699255,1.156476921461109,0.1453782469875273,1.1564769214611093,0.5799736038715746,ok,87.28323699421965
2025-26,2026-03-24,22500732,2026-02-04T22:30:00-05:00,3,Final,CLE,LAC,CLE @ LAC,197,197,126,0,126,71,0.0990905787469004,0.2164653525212024,0.4577664628208559,-0.7813961314191648,0.457766462820856,0.309967454035902,ok,18.786127167630056
2025-26,2026-03-24,22500733,2026-02-05T19:00:00-05:00,3,Final,WAS,DET,WAS @ DET,204,204,44,0,44,160,0.1317281670850011,0.3122831856756497,0.4218227977916796,-0.8631699635794616,0.4218227977916796,0.0308757624642696,ok,16.28131021194605
2025-26,2026-03-24,22500734,2026-02-05T19:00:00-05:00,3,Final,BKN,ORL,BKN @ ORL,192,192,126,0,126,66,0.0628601129867118,0.3217943573013466,0.1953424961017762,-1.6330008708025294,0.1953424961017762,0.1246950034191813,ok,4.335260115606936
2025-26,2026-03-24,22500735,2026-02-05T19:30:00-05:00,3,Final,UTA,ATL,UTA @ ATL,198,198,0,1,1,197,0.2127506614544483,0.2286667818254895,0.9303960101070216,-0.0721449661499238,0.9303960101070216,0.8255838016076992,ok,73.21772639691714
2025-26,2026-03-24,22500736,2026-02-05T19:30:00-05:00,3,Final,CHI,TOR,CHI @ TOR,189,189,16,0,16,173,0.1332751493928712,0.1484602859315679,0.897715833945677,-0.1079017040262933,0.8977158339456771,0.8204443681255775,ok,70.71290944123314
2025-26,2026-03-24,22500737,2026-02-05T20:00:00-05:00,3,Final,CHA,HOU,CHA @ HOU,191,191,36,0,36,155,0.1949944769688135,0.1837477898852769,1.0612071965086407,0.059407124740399,1.0612071965086407,0.8866899157355327,ok,82.08092485549133
2025-26,2026-03-24,22500738,2026-02-05T20:30:00-05:00,3,Final,SAS,DAL,SAS @ DAL,210,210,0,0,0,210,0.1393738492702905,0.2314638526445464,0.6021408858355245,-0.5072638314268602,0.6021408858355246,0.1731647246744301,ok,35.35645472061657
2025-26,2026-03-24,22500739,2026-02-05T22:00:00-05:00,3,Final,GSW,PHX,GSW @ PHX,179,179,0,0,0,179,0.0364504543354814,0.1772321185072986,0.2056650602750673,-1.5815063544314365,0.2056650602750674,0.0341300475801717,ok,4.720616570327553
2025-26,2026-03-24,22500740,2026-02-05T22:00:00-05:00,3,Final,PHI,LAL,PHI @ LAL,206,206,1,1,2,204,0.0816230009954163,0.2101682818386844,0.3883697401022029,-0.9457974547086828,0.3883697401022029,0.0531740075405054,ok,13.19845857418112
2025-26,2026-03-24,22500741,2026-02-06T19:30:00-05:00,3,Final,MIA,BOS,MIA @ BOS,186,186,80,0,80,106,0.1126706082199875,0.1511835545080876,0.7452570392764523,-0.2940261009449793,0.7452570392764521,0.653447851425544,ok,54.43159922928709
2025-26,2026-03-24,22500742,2026-02-06T19:30:00-05:00,3,Final,NYK,DET,NYK @ DET,186,186,127,0,127,59,0.142156041705833,0.2111016799000548,0.6734008074835605,-0.3954145731415954,0.6734008074835605,0.5714862566807896,ok,45.95375722543353
2025-26,2026-03-24,22500743,2026-02-06T20:00:00-05:00,3,Final,IND,MIL,IND @ MIL,184,184,50,1,51,133,0.1247709918589861,0.1829401175779195,0.6820318774849506,-0.3826788810507302,0.6820318774849508,0.4666090846436037,ok,47.30250481695568
2025-26,2026-03-24,22500744,2026-02-06T20:00:00-05:00,3,Final,NOP,MIN,NOP @ MIN,193,193,7,1,8,185,0.2005088430924274,0.2413349230042191,0.8308322749000654,-0.1853273397568116,0.8308322749000654,0.5820661414698429,ok,62.813102119460495
2025-26,2026-03-24,22500745,2026-02-06T22:00:00-05:00,3,Final,MEM,POR,MEM @ POR,207,207,63,0,63,144,0.0374635326464013,0.2207146151021967,0.1697374350541071,-1.77350253558278,0.1697374350541071,0.01763802263723,ok,3.275529865125241
2025-26,2026-03-24,22500746,2026-02-06T22:00:00-05:00,3,Final,LAC,SAC,LAC @ SAC,196,196,0,3,3,193,0.2138481142538537,0.2604659319127006,0.8210214390937255,-0.1972060564800053,0.8210214390937254,0.5374414160562825,ok,61.657032755298644
2025-26,2026-03-24,22500747,2026-02-07T15:00:00-05:00,3,Final,WAS,BKN,WAS @ BKN,195,195,146,0,146,49,0.1191365093538262,0.3778527526917969,0.3152987731466981,-1.154234603505302,0.3152987731466979,0.1182205488264526,ok,8.477842003853564
2025-26,2026-03-24,22500748,2026-02-07T15:30:00-05:00,3,Final,HOU,OKC,HOU @ OKC,191,191,1,3,4,187,0.1998950819181323,0.3236709816296478,0.6175872823435781,-0.4819348725438587,0.6175872823435781,0.1197958817599871,ok,37.283236994219656
2025-26,2026-03-24,22500749,2026-02-07T18:00:00-05:00,3,Final,DAL,SAS,DAL @ SAS,218,218,91,0,91,127,0.1460523838203668,0.2444166814375875,0.5975548925766007,-0.514909128975211,0.5975548925766007,0.2674654618041032,ok,34.8747591522158
2025-26,2026-03-24,22500750,2026-02-07T19:00:00-05:00,3,Final,UTA,ORL,UTA @ ORL,228,228,3,1,4,224,0.1413167682312792,0.2588356664158357,0.5459710023279596,-0.6051894139370313,0.5459710023279597,0.0793412202959675,ok,28.516377649325626
2025-26,2026-03-24,22500751,2026-02-07T19:30:00-05:00,3,Final,CHA,ATL,CHA @ ATL,193,193,0,2,2,191,0.1205174867486932,0.1956105848819523,0.6161092295768322,-0.4843310104264709,0.6161092295768322,0.2619742505887044,ok,37.1868978805395
2025-26,2026-03-24,22500752,2026-02-07T20:00:00-05:00,3,Final,DEN,CHI,DEN @ CHI,201,201,17,0,17,184,0.1730622639480523,0.2965268150000281,0.5836310754831259,-0.5384862158362432,0.5836310754831258,0.1134636227878176,ok,32.85163776493256
2025-26,2026-03-24,22500753,2026-02-07T20:30:00-05:00,3,Final,GSW,LAL,GSW @ LAL,192,192,0,0,0,192,0.3060840488748961,0.2385981878785033,1.282843141418816,0.2490788189377314,1.2828431414188155,0.3941361986645006,ok,92.58188824662813
2025-26,2026-03-24,22500754,2026-02-07T21:00:00-05:00,3,Final,PHI,PHX,PHI @ PHX,192,192,27,2,29,163,0.3119243813503381,0.2703577044475542,1.1537469664040858,0.1430148774958977,1.1537469664040856,0.6449828744387325,ok,87.1868978805395
2025-26,2026-03-24,22500755,2026-02-07T22:00:00-05:00,3,Final,MEM,POR,MEM @ POR,205,205,0,1,1,204,0.1571815427564651,0.1839971933932202,0.8542605452712129,-0.1575190435838969,0.8542605452712125,0.6844392276272591,ok,66.08863198458575
2025-26,2026-03-24,22500756,2026-02-07T22:00:00-05:00,3,Final,CLE,SAC,CLE @ SAC,204,204,0,2,2,202,0.0708089528967686,0.2587765980967914,0.2736296613277356,-1.295979687824237,0.2736296613277356,0.0071131404187219,ok,6.6473988439306355
2025-26,2026-03-24,22500757,2026-02-08T12:30:00-05:00,3,Final,NYK,BOS,NYK @ BOS,182,182,46,0,46,136,0.3004207413449748,0.2417170797319076,1.2428610410078444,0.2174160130433993,1.2428610410078444,0.5250082979270891,ok,90.5587668593449
2025-26,2026-03-24,22500758,2026-02-08T14:00:00-05:00,3,Final,MIA,WAS,MIA @ WAS,208,208,137,0,137,71,1.286211797701018e-10,0.168858979613891,7.617076691106623e-10,-20.995458270186862,7.617076691106615e-10,0.9986821418090308,ok,1.2524084778420037
2025-26,2026-03-24,22500759,2026-02-08T15:00:00-05:00,3,Final,IND,TOR,IND @ TOR,206,206,64,0,64,142,0.2280664524157647,0.213951403436204,1.0659731544306954,0.0638881419656578,1.0659731544306952,0.8739139784992697,ok,82.5626204238921
2025-26,2026-03-24,22500760,2026-02-08T15:00:00-05:00,3,Final,LAC,MIN,LAC @ MIN,194,194,71,0,71,123,0.2558388905850172,0.1935742216019337,1.3216578554097174,0.2788868996194676,1.3216578554097174,0.5032597964960521,ok,93.15992292870907
2025-26,2026-03-24,22500761,2026-02-09T19:00:00-05:00,3,Final,DET,CHA,DET @ CHA,186,186,2,2,4,182,0.2486228478765122,0.2737196726057515,0.9083119437842264,-0.096167408957621,0.9083119437842264,0.7509426488246154,ok,72.35067437379577
2025-26,2026-03-24,22500762,2026-02-09T19:30:00-05:00,3,Final,CHI,BKN,CHI @ BKN,212,212,1,1,2,210,0.3771389693003975,0.2095249267513249,1.7999718465383625,0.5877710239677791,1.799971846538362,0.0303863402552142,ok,98.36223506743738
2025-26,2026-03-24,22500763,2026-02-09T19:30:00-05:00,3,Final,UTA,MIA,UTA @ MIA,205,205,1,1,2,203,0.1850994515189605,0.3260124056899033,0.5677681225880206,-0.5660421784917752,0.5677681225880206,0.0622774723852158,ok,30.924855491329478
2025-26,2026-03-24,22500764,2026-02-09T19:30:00-05:00,3,Final,MIL,ORL,MIL @ ORL,197,197,35,0,35,162,0.1289664881798781,0.2320781506104333,0.5557028433769341,-0.5875215819612252,0.5557028433769341,0.1788066419174149,ok,29.672447013487474
2025-26,2026-03-24,22500765,2026-02-09T20:00:00-05:00,3,Final,ATL,MIN,ATL @ MIN,214,214,125,0,125,89,0.2982646995017108,0.159689586123559,1.8677780232389736,0.6247495015031396,1.867778023238973,0.2525935854740045,ok,98.55491329479769
2025-26,2026-03-24,22500766,2026-02-09T20:00:00-05:00,3,Final,SAC,NOP,SAC @ NOP,198,198,117,0,117,81,0.0604133872063004,0.1396488168603916,0.4326093737456892,-0.8379200973075297,0.4326093737456892,0.4285588933354732,ok,17.148362235067438
2025-26,2026-03-24,22500767,2026-02-09T21:00:00-05:00,3,Final,CLE,DEN,CLE @ DEN,197,197,0,1,1,196,0.2945636403386019,0.3405413151351501,0.8649865001598964,-0.145041378923609,0.8649865001598965,0.5827447821940348,ok,67.34104046242774
2025-26,2026-03-24,22500768,2026-02-09T22:00:00-05:00,3,Final,MEM,GSW,MEM @ GSW,201,201,8,0,8,193,0.1705322926052137,0.2201707455651171,0.7745456471408348,-0.2554786833011696,0.7745456471408348,0.4748094145700776,ok,56.64739884393064
2025-26,2026-03-24,22500769,2026-02-09T22:00:00-05:00,3,Final,OKC,LAL,OKC @ LAL,196,196,0,1,1,195,0.2014028771135649,0.2231296393448065,0.902627179898468,-0.10244567914824,0.9026271798984676,0.7654095845255183,ok,71.77263969171483
2025-26,2026-03-24,22500770,2026-02-09T22:00:00-05:00,3,Final,PHI,POR,PHI @ POR,201,201,91,0,91,110,0.1351701623963688,0.2743421271311412,0.4927065478782799,-0.7078415197330714,0.4927065478782799,0.1509361054906312,ok,22.928709055876688
2025-26,2026-03-24,22500771,2026-02-10T19:30:00-05:00,3,Final,IND,NYK,IND @ NYK,222,222,0,3,3,219,0.2554326647381287,0.2631837660600714,0.970548710363186,-0.0298936866349825,0.970548710363186,0.9158225472815542,ok,76.58959537572254
2025-26,2026-03-24,22500772,2026-02-10T20:00:00-05:00,3,Final,LAC,HOU,LAC @ HOU,183,183,11,1,12,171,0.1527987251788259,0.2408585590145038,0.6343919261329836,-0.4550883355189926,0.6343919261329836,0.2485158346330602,ok,39.691714836223504
2025-26,2026-03-24,22500773,2026-02-10T21:00:00-05:00,3,Final,DAL,PHX,DAL @ PHX,205,205,128,0,128,77,0.0822514226504177,0.2467523276818093,0.333335954408836,-1.098604425472517,0.3333359544088359,0.2969728353629961,ok,9.53757225433526
2025-26,2026-03-24,22500774,2026-02-10T22:30:00-05:00,3,Final,SAS,LAL,SAS @ LAL,212,212,162,0,162,50,0.3289911382654621,0.2203861835456987,1.4927938447522653,0.4006494278121584,1.4927938447522653,0.4824832198628069,ok,96.33911368015414
2025-26,2026-03-24,22500775,2026-02-11T19:00:00-05:00,3,Final,ATL,CHA,ATL @ CHA,199,199,56,0,56,143,0.1743670485907297,0.247117549650839,0.7056036644791072,-0.3487015808802705,0.705603664479107,0.3963594745418847,ok,49.80732177263969
2025-26,2026-03-24,22500776,2026-02-11T19:00:00-05:00,3,Final,WAS,CLE,WAS @ CLE,211,211,106,0,106,105,0.2089973393833793,0.3229074543551264,0.6472360317626137,-0.4350442414831465,0.6472360317626138,0.2926848279736689,ok,42.00385356454721
2025-26,2026-03-24,22500777,2026-02-11T19:00:00-05:00,3,Final,MIL,ORL,MIL @ ORL,184,184,0,0,0,184,0.1157754367002203,0.3199599383965499,0.3618435397894448,-1.016543371112653,0.3618435397894448,0.0076288245984803,ok,11.560693641618498
2025-26,2026-03-24,22500778,2026-02-11T19:30:00-05:00,3,Final,CHI,BOS,CHI @ BOS,192,192,130,0,130,62,2.8836019194104377e-10,0.0751652319464659,3.836350723249534e-09,-19.37874425468609,3.836350723249534e-09,0.9987170070943469,ok,2.4084778420038537
2025-26,2026-03-24,22500779,2026-02-11T19:30:00-05:00,3,Final,IND,BKN,IND @ BKN,204,204,15,1,16,188,0.1499920616129772,0.2265681208771643,0.6620175028696851,-0.4124632840144541,0.6620175028696851,0.2899558227423044,ok,44.02697495183045
2025-26,2026-03-24,22500780,2026-02-11T19:30:00-05:00,3,Final,NYK,PHI,NYK @ PHI,204,204,150,0,150,54,0.0734943398888715,0.1732951654950249,0.4240991932979311,-0.8577879046539997,0.4240991932979311,0.424879977025807,ok,16.666666666666664
2025-26,2026-03-24,22500781,2026-02-11T19:30:00-05:00,3,Final,DET,TOR,DET @ TOR,185,185,88,0,88,97,0.4225209494410986,0.3308910992278706,1.276918449686452,0.2444497141548696,1.2769184496864523,0.5054427341087377,ok,92.29287090558766
2025-26,2026-03-24,22500782,2026-02-11T20:00:00-05:00,3,Final,LAC,HOU,LAC @ HOU,184,184,2,1,3,181,0.125526817354028,0.2378726718873157,0.5277059208108287,-0.6392161186015684,0.5277059208108287,0.1103006384395108,ok,27.360308285163775
2025-26,2026-03-24,22500783,2026-02-11T20:00:00-05:00,3,Final,POR,MIN,POR @ MIN,218,218,92,0,92,126,0.1344957775997108,0.1576148607364579,0.8533191411728389,-0.1586216617530219,0.8533191411728388,0.7697298245290808,ok,65.89595375722543
2025-26,2026-03-24,22500784,2026-02-11T20:00:00-05:00,3,Final,MIA,NOP,MIA @ NOP,206,206,7,2,9,197,0.1534283222969282,0.2199919832535816,0.6974268790516496,-0.3603576036828299,0.6974268790516496,0.3337312924073069,ok,48.554913294797686
2025-26,2026-03-24,22500785,2026-02-11T21:00:00-05:00,3,Final,OKC,PHX,OKC @ PHX,189,189,132,0,132,57,0.1640949012581919,0.1291392476520078,1.2706818743468238,0.2395536653209765,1.270681874346825,0.7702986111103101,ok,92.10019267822736
2025-26,2026-03-24,22500786,2026-02-11T21:00:00-05:00,3,Final,SAC,UTA,SAC @ UTA,204,204,168,0,168,36,3.7773812044556656e-10,0.1391651060219779,2.714316334339669e-09,-19.724725725826406,2.714316334339666e-09,0.998641446010136,ok,2.119460500963391
2025-26,2026-03-24,22500787,2026-02-11T21:00:00-05:00,3,Final,MEM,DEN,MEM @ DEN,196,196,2,2,4,192,0.2589515203477744,0.2781824238689568,0.9308694515860516,-0.0716362353976644,0.9308694515860516,0.8041009062293595,ok,73.41040462427746
2025-26,2026-03-24,22500788,2026-02-11T22:00:00-05:00,3,Final,SAS,GSW,SAS @ GSW,194,194,1,0,1,193,0.1787443521306582,0.2790474268283766,0.640551873788078,-0.4454251714040136,0.640551873788078,0.1703320967787435,ok,40.655105973025044
2025-26,2026-03-24,22500789,2026-02-12T19:30:00-05:00,3,Final,MIL,OKC,MIL @ OKC,185,185,55,0,55,130,0.0617519262322701,0.1536690855542921,0.4018500273462798,-0.911676326272448,0.4018500273462798,0.2303258034448811,ok,14.64354527938343
2025-26,2026-03-24,22500790,2026-02-12T21:00:00-05:00,3,Final,POR,UTA,POR @ UTA,210,210,13,0,13,197,0.2228850371989746,0.2733428690785042,0.8154046160061411,-0.2040708275802125,0.8154046160061411,0.5039990012904825,ok,60.886319845857415
2025-26,2026-03-24,22500791,2026-02-12T22:00:00-05:00,3,Final,DAL,LAL,DAL @ LAL,200,200,36,0,36,164,0.2804759700012721,0.2081081042482231,1.347741699029325,0.298430376198286,1.3477416990293247,0.3762819736638397,ok,93.64161849710982
2025-26,2026-03-24,22500792,2026-02-19T19:00:00-05:00,3,Final,HOU,CHA,HOU @ CHA,187,187,0,1,1,186,0.1391533411182744,0.1473885164133866,0.9441260724002768,-0.0574955704823337,0.9441260724002768,0.8998079894002744,ok,74.47013487475915
2025-26,2026-03-24,22500793,2026-02-19T19:00:00-05:00,3,Final,BKN,CLE,BKN @ CLE,192,192,151,0,151,41,7.891555919664783e-11,0.2422095153945105,3.2581527223697326e-10,-21.844690544748225,3.2581527223697316e-10,0.9991120491217048,ok,0.48169556840077066
2025-26,2026-03-24,22500794,2026-02-19T19:00:00-05:00,3,Final,ATL,PHI,ATL @ PHI,206,206,0,0,0,206,0.224675654080541,0.3458678875388651,0.6495996366684786,-0.4313990494505909,0.6495996366684786,0.1197347084009887,ok,42.48554913294797
2025-26,2026-03-24,22500795,2026-02-19T19:00:00-05:00,3,Final,IND,WAS,IND @ WAS,214,214,7,1,8,206,0.141984589453766,0.2139119142451264,0.6637526009470547,-0.4098457878693654,0.6637526009470545,0.2787665562459911,ok,44.41233140655106
2025-26,2026-03-24,22500796,2026-02-19T19:30:00-05:00,3,Final,DET,NYK,DET @ NYK,200,200,29,0,29,171,0.1431997642466595,0.251880447705828,0.5685227477993965,-0.5647139528728188,0.5685227477993965,0.1586882630306578,ok,31.11753371868979
2025-26,2026-03-24,22500797,2026-02-19T20:00:00-05:00,3,Final,TOR,CHI,TOR @ CHI,210,210,0,1,1,209,0.1626455540368576,0.2192854148622531,0.7417071223775895,-0.2988008275115778,0.7417071223775894,0.4017326548637946,ok,53.66088631984586
2025-26,2026-03-24,22500798,2026-02-19T20:30:00-05:00,3,Final,PHX,SAS,PHX @ SAS,194,194,113,0,113,81,0.0838925821840473,0.2099370557011804,0.3996082630760438,-0.9172705540530552,0.3996082630760438,0.2504272451558246,ok,14.450867052023122
2025-26,2026-03-24,22500799,2026-02-19T22:00:00-05:00,3,Final,BOS,GSW,BOS @ GSW,196,196,113,0,113,83,0.0688316542214779,0.0876273144720184,0.7855045499934562,-0.241429028822708,0.785504549993456,0.8246175629693746,ok,57.80346820809249
2025-26,2026-03-24,22500800,2026-02-19T22:00:00-05:00,3,Final,ORL,SAC,ORL @ SAC,202,202,51,0,51,151,0.2166259418972947,0.1735893340803275,1.247921959289574,0.2214797353714567,1.2479219592895745,0.586137989777479,ok,90.65510597302506
2025-26,2026-03-24,22500801,2026-02-19T22:30:00-05:00,3,Final,DEN,LAC,DEN @ LAC,212,212,0,2,2,210,0.27695866020431,0.2923150678164332,0.9474662468587944,-0.0539639660281099,0.9474662468587944,0.8478886922942448,ok,74.66281310211946
2025-26,2026-03-24,22500802,2026-02-20T19:00:00-05:00,3,Final,CLE,CHA,CLE @ CHA,181,181,0,2,2,179,0.2237146643476807,0.3070329372444868,0.7286340884318196,-0.3165836092931935,0.7286340884318195,0.3046467770313029,ok,52.408477842003855
2025-26,2026-03-24,22500803,2026-02-20T19:00:00-05:00,3,Final,IND,WAS,IND @ WAS,220,220,1,0,1,219,0.0487555495084805,0.1778132919343945,0.2741951907986115,-1.2939150510354085,0.2741951907986115,0.0345742760401691,ok,6.74373795761079
2025-26,2026-03-24,22500804,2026-02-20T19:00:00-05:00,3,Final,UTA,MEM,UTA @ MEM,221,221,6,3,9,212,0.1678193136804935,0.2116715513751494,0.7928288548472164,-0.2321479005045439,0.7928288548472164,0.5164451893703246,ok,58.86319845857418
2025-26,2026-03-24,22500805,2026-02-20T19:30:00-05:00,3,Final,MIA,ATL,MIA @ ATL,203,203,54,1,54,149,0.0883180274066502,0.2024893981809032,0.4361612420209147,-0.8297432828512016,0.4361612420209148,0.132258801471149,ok,17.24470134874759
2025-26,2026-03-24,22500806,2026-02-20T19:30:00-05:00,3,Final,DAL,MIN,DAL @ MIN,210,210,28,0,28,182,0.2159773574517926,0.238078613380656,0.90716824323264,-0.0974273518763743,0.9071682432326398,0.7751248275684384,ok,72.15799614643545
2025-26,2026-03-24,22500807,2026-02-20T20:00:00-05:00,3,Final,MIL,NOP,MIL @ NOP,207,207,23,0,23,184,0.1667446177291842,0.1922703558638627,0.8672403864860373,-0.1424390782487337,0.8672403864860373,0.7205008697509838,ok,67.72639691714836
2025-26,2026-03-24,22500808,2026-02-20T20:00:00-05:00,3,Final,BKN,OKC,BKN @ OKC,201,201,73,0,73,128,0.1434175927712518,0.1932641565440284,0.7420806596311575,-0.2982973360204248,0.7420806596311574,0.5662122417910573,ok,53.75722543352601
2025-26,2026-03-24,22500809,2026-02-20T22:00:00-05:00,3,Final,LAC,LAL,LAC @ LAL,195,195,4,1,5,190,0.2186131335460465,0.2568243570776897,0.851216512458418,-0.16108876154812,0.8512165124584183,0.6152645066789179,ok,65.51059730250482
2025-26,2026-03-24,22500810,2026-02-20T22:00:00-05:00,3,Final,DEN,POR,DEN @ POR,220,220,148,0,148,72,0.0741982132452853,0.102524518440783,0.7237118922742497,-0.3233619046428171,0.7237118922742495,0.769085610295187,ok,51.83044315992292
2025-26,2026-03-24,22500811,2026-02-21T17:00:00-05:00,3,Final,ORL,PHX,ORL @ PHX,218,218,0,0,0,218,0.2073094613458756,0.2334452919857419,0.8880430167704452,-0.1187350948541978,0.8880430167704452,0.7026893138649792,ok,69.7495183044316
2025-26,2026-03-24,22500812,2026-02-21T19:00:00-05:00,3,Final,PHI,NOP,PHI @ NOP,206,206,26,0,26,180,0.1344563079744745,0.369225884027507,0.3641573188418656,-1.01016931009408,0.3641573188418656,0.004920874998632,ok,11.849710982658959
2025-26,2026-03-24,22500813,2026-02-21T20:00:00-05:00,3,Final,MEM,MIA,MEM @ MIA,214,214,62,0,62,152,0.2455310769783198,0.3410043280217005,0.7200233451661499,-0.3284716436558024,0.72002334516615,0.3059233959732794,ok,51.637764932562625
2025-26,2026-03-24,22500814,2026-02-21T20:00:00-05:00,3,Final,DET,CHI,DET @ CHI,211,211,77,1,77,134,0.0576146246654378,0.2014370691177322,0.2860179852585338,-1.251700584620147,0.2860179852585338,0.0945618069138846,ok,7.321772639691715
2025-26,2026-03-24,22500815,2026-02-21T20:00:00-05:00,3,Final,SAC,SAS,SAC @ SAS,220,220,46,0,46,174,0.2940403449343733,0.2323883927389059,1.2652970377256958,0.2353069070467393,1.2652970377256956,0.4670144191061123,ok,91.8111753371869
2025-26,2026-03-24,22500816,2026-02-21T20:30:00-05:00,3,Final,HOU,NYK,HOU @ NYK,191,191,8,2,10,181,0.1603706573068355,0.2561304975566429,0.6261287071890759,-0.4681993264768838,0.6261287071890759,0.2058938563641067,ok,38.4393063583815
2025-26,2026-03-24,22500817,2026-02-22T13:00:00-05:00,3,Final,CLE,OKC,CLE @ OKC,198,198,45,3,48,150,0.1506041544216138,0.27703688162914,0.543624926529539,-0.6094957432135014,0.5436249265295391,0.1233724529173131,ok,28.227360308285164
2025-26,2026-03-24,22500818,2026-02-22T15:30:00-05:00,3,Final,BKN,ATL,BKN @ ATL,192,192,0,0,0,192,0.0904398773482761,0.2626184512559631,0.3443774682081582,-1.06601693189002,0.3443774682081581,0.0167991956691919,ok,10.500963391136802
2025-26,2026-03-24,22500819,2026-02-22T15:30:00-05:00,3,Final,TOR,MIL,TOR @ MIL,190,190,66,0,66,124,0.2313622325773415,0.1677436047312851,1.3792611226399334,0.3215479374046504,1.3792611226399332,0.4644159323189525,ok,94.41233140655106
2025-26,2026-03-24,22500820,2026-02-22T15:30:00-05:00,3,Final,DEN,GSW,DEN @ GSW,211,211,0,0,0,211,0.193960736106692,0.2016993995049477,0.9616326899472704,-0.0391227204095657,0.9616326899472704,0.9087234800024347,ok,75.52986512524085
2025-26,2026-03-24,22500821,2026-02-22T17:00:00-05:00,3,Final,DAL,IND,DAL @ IND,215,215,0,2,2,213,0.1890492829399693,0.1872602966035195,1.0095534737950222,0.0095081279424275,1.009553473795022,0.978218944198252,ok,78.70905587668592
2025-26,2026-03-24,22500822,2026-02-22T18:00:00-05:00,3,Final,CHA,WAS,CHA @ WAS,189,189,69,0,69,120,0.2994354716280646,0.2742052391724203,1.0920122187737618,0.0880220666133745,1.0920122187737618,0.8051076459958673,ok,84.10404624277457
2025-26,2026-03-24,22500823,2026-02-22T18:30:00-05:00,3,Final,BOS,LAL,BOS @ LAL,191,191,28,0,28,163,0.2367449017145379,0.210757328967311,1.1233056656893654,0.1162758254427186,1.1233056656893654,0.7441934088275698,ok,85.74181117533719
2025-26,2026-03-24,22500824,2026-02-22T19:00:00-05:00,3,Final,PHI,MIN,PHI @ MIN,203,203,64,0,64,139,0.2726754909226812,0.2737947039374963,0.995912218173984,-0.0040961596450697,0.995912218173984,0.9905079985991808,ok,78.22736030828517
2025-26,2026-03-24,22500825,2026-02-22T20:00:00-05:00,3,Final,NYK,CHI,NYK @ CHI,194,194,0,1,1,193,0.1598598801818576,0.1901965444989332,0.8404983413500148,-0.1737602995440816,0.8404983413500148,0.6563216535725626,ok,63.8728323699422
2025-26,2026-03-24,22500826,2026-02-22T20:00:00-05:00,3,Final,POR,PHX,POR @ PHX,186,186,39,1,39,147,0.0803924404017784,0.1146394223263607,0.701263481360832,-0.3548715975730447,0.7012634813608319,0.6512293713387793,ok,49.22928709055876
2025-26,2026-03-24,22500827,2026-02-22T21:00:00-05:00,3,Final,ORL,LAC,ORL @ LAC,189,189,0,0,0,189,0.1612038922442493,0.2898228278394182,0.5562153038323379,-0.5865998225799722,0.556215303832338,0.0918328696670673,ok,29.96146435452794
2025-26,2026-03-24,22500828,2026-02-23T19:00:00-05:00,3,Final,SAS,DET,SAS @ DET,204,204,1,0,1,203,0.1760077107131439,0.2447686835507345,0.7190777355987285,-0.3297858108344009,0.7190777355987283,0.3315836102013164,ok,51.445086705202314
2025-26,2026-03-24,22500829,2026-02-23T20:00:00-05:00,3,Final,SAC,MEM,SAC @ MEM,205,205,0,0,0,205,0.1376538501395377,0.2148710684401085,0.6406346426201455,-0.4452959648737815,0.6406346426201455,0.2502775724389612,ok,40.7514450867052
2025-26,2026-03-24,22500830,2026-02-23T21:30:00-05:00,3,Final,UTA,HOU,UTA @ HOU,216,216,141,0,141,75,0.2466137406537096,0.1701250144444608,1.4496030549006622,0.3712897637137543,1.449603054900662,0.5328013993020598,ok,96.05009633911368
2025-26,2026-03-24,22500831,2026-02-24T19:00:00-05:00,3,Final,PHI,IND,PHI @ IND,218,218,69,0,69,149,0.0704047151454397,0.1785895266104661,0.3942264503506096,-0.9308297877052836,0.3942264503506095,0.1350878990607251,ok,13.872832369942195
2025-26,2026-03-24,22500832,2026-02-24T19:30:00-05:00,3,Final,WAS,ATL,WAS @ ATL,211,211,162,0,162,49,0.3111392329940544,0.152446714843558,2.0409704027623548,0.7134253823812365,2.0409704027623543,0.3382755323915598,ok,99.22928709055877
2025-26,2026-03-24,22500833,2026-02-24T19:30:00-05:00,3,Final,DAL,BKN,DAL @ BKN,199,199,4,1,5,194,0.1608341929574584,0.2512794314863289,0.6400611144577855,-0.4461916158471377,0.6400611144577854,0.19741359238777,ok,40.55876685934489
2025-26,2026-03-24,22500834,2026-02-24T19:30:00-05:00,3,Final,OKC,TOR,OKC @ TOR,200,200,28,0,28,172,0.1448309386195472,0.2021545054004795,0.7164368577026219,-0.3334651616228865,0.716436857702622,0.440769321760755,ok,51.34874759152216
2025-26,2026-03-24,22500835,2026-02-24T19:30:00-05:00,3,Final,NYK,CLE,NYK @ CLE,188,188,41,0,41,147,0.3504084027566578,0.1882227580870473,1.8616686224234615,0.6214731943933057,1.861668622423462,0.0763071519200376,ok,98.45857418111753
2025-26,2026-03-24,22500836,2026-02-24T20:00:00-05:00,3,Final,CHA,CHI,CHA @ CHI,198,198,72,0,72,126,0.0305257756939976,0.1715986998174963,0.1778904835902794,-1.7265871787693718,0.1778904835902794,0.095791054146581,ok,3.8535645472061653
2025-26,2026-03-24,22500837,2026-02-24T20:00:00-05:00,3,Final,MIA,MIL,MIA @ MIL,211,211,0,1,1,210,0.2379814660702064,0.2158318499258753,1.1026244094740334,0.0976931650329125,1.1026244094740334,0.7541577917494844,ok,84.58574181117534
2025-26,2026-03-24,22500838,2026-02-24T20:00:00-05:00,3,Final,GSW,NOP,GSW @ NOP,213,213,0,2,2,211,0.2538206844560468,0.2042294940058524,1.2428209044516032,0.2173837188423507,1.2428209044516032,0.4809712184226498,ok,90.46242774566474
2025-26,2026-03-24,22500839,2026-02-24T21:00:00-05:00,3,Final,BOS,PHX,BOS @ PHX,165,165,60,0,60,105,0.245096894108441,0.2093148604097209,1.170948367586893,0.1578139910618282,1.170948367586893,0.7304555132298844,ok,88.2466281310212
2025-26,2026-03-24,22500840,2026-02-24T22:30:00-05:00,3,Final,ORL,LAL,ORL @ LAL,195,195,0,0,0,195,0.174432445455596,0.269401975457583,0.6474802018779562,-0.4346670621261682,0.6474802018779561,0.1984114079080714,ok,42.10019267822736
2025-26,2026-03-24,22500841,2026-02-24T22:00:00-05:00,3,Final,MIN,POR,MIN @ POR,200,200,0,2,2,198,0.1318535776103459,0.3229350413470244,0.4082975234287342,-0.8957591462426386,0.4082975234287342,0.0118418100883281,ok,15.1252408477842
2025-26,2026-03-24,22500842,2026-02-25T19:30:00-05:00,3,Final,OKC,DET,OKC @ DET,199,199,12,1,13,186,0.1844247388425624,0.2683737746685641,0.6871935943455095,-0.3751392297386709,0.6871935943455095,0.2717294462033552,ok,47.88053949903661
2025-26,2026-03-24,22500843,2026-02-25T19:30:00-05:00,3,Final,SAS,TOR,SAS @ TOR,203,203,1,2,3,200,0.2288547249129703,0.23061551294676,0.9923648326546176,-0.0076644644564135,0.9923648326546176,0.9806027811913488,ok,78.03468208092485
2025-26,2026-03-24,22500844,2026-02-25T19:30:00-05:00,3,Final,GSW,MEM,GSW @ MEM,196,196,117,0,117,79,0.0430646118791148,0.2151344278755177,0.2001753615373597,-1.6085614889186146,0.2001753615373598,0.1229236206282829,ok,4.527938342967245
2025-26,2026-03-24,22500845,2026-02-25T20:00:00-05:00,3,Final,SAC,HOU,SAC @ HOU,193,193,144,0,144,49,8.357817655193301e-11,0.1606858653655423,5.201339667418913e-10,-21.376934709183768,5.201339667418916e-10,0.998912813819448,ok,0.7707129094412332
2025-26,2026-03-24,22500846,2026-02-25T20:00:00-05:00,3,Final,CLE,MIL,CLE @ MIL,187,187,0,0,0,187,0.2067062389242709,0.1861235583282906,1.1105861116177236,0.1048879044506926,1.1105861116177234,0.773643572996251,ok,85.0674373795761
2025-26,2026-03-24,22500847,2026-02-25T22:00:00-05:00,3,Final,BOS,DEN,BOS @ DEN,189,189,34,0,34,155,0.1429751740731551,0.2725999766864508,0.5244871104211707,-0.6453344264312236,0.5244871104211707,0.1137755703469512,ok,26.78227360308285
2025-26,2026-03-24,22500848,2026-02-26T19:00:00-05:00,3,Final,CHA,IND,CHA @ IND,196,196,109,0,109,87,0.0466508945223605,0.1677745281106903,0.2780570748593153,-1.2799288811144032,0.2780570748593152,0.2248377665105779,ok,7.032755298651253
2025-26,2026-03-24,22500849,2026-02-26T19:00:00-05:00,3,Final,MIA,PHI,MIA @ PHI,207,207,5,0,5,202,0.1164588536047861,0.2405397971476198,0.4841562809388877,-0.7253475298828818,0.4841562809388877,0.0680765955729363,ok,22.0616570327553
2025-26,2026-03-24,22500850,2026-02-26T19:30:00-05:00,3,Final,WAS,ATL,WAS @ ATL,215,215,140,0,140,75,1.159689814435884e-10,0.1444386653466833,8.028943023340621e-10,-20.942798039121215,8.028943023340612e-10,0.9986860869884856,ok,1.348747591522158
2025-26,2026-03-24,22500851,2026-02-26T19:30:00-05:00,3,Final,SAS,BKN,SAS @ BKN,192,192,100,0,100,92,0.2412493429163456,0.2889225992209552,0.8349964439155859,-0.1803278129240798,0.8349964439155858,0.6932788625934118,ok,63.19845857418112
2025-26,2026-03-24,22500852,2026-02-26T19:30:00-05:00,3,Final,HOU,ORL,HOU @ ORL,179,179,9,2,11,168,0.0888971622910608,0.2326512936435577,0.3821047409573364,-0.9620605169712492,0.3821047409573365,0.0508981046874486,ok,12.909441233140656
2025-26,2026-03-24,22500853,2026-02-26T20:00:00-05:00,3,Final,POR,CHI,POR @ CHI,208,208,3,2,5,203,0.1865299034126169,0.2400490644260861,0.7770490747738433,-0.2522517713118585,0.7770490747738432,0.449328647499904,ok,57.321772639691716
2025-26,2026-03-24,22500854,2026-02-26T20:30:00-05:00,3,Final,SAC,DAL,SAC @ DAL,205,205,24,0,24,181,0.1601304646469873,0.2530558150741462,0.6327871367036896,-0.4576211903211267,0.6327871367036896,0.2145442271940228,ok,39.4990366088632
2025-26,2026-03-24,22500855,2026-02-26T21:00:00-05:00,3,Final,LAL,PHX,LAL @ PHX,178,178,0,0,0,178,0.1753259106228969,0.3177587438803344,0.5517579421478435,-0.5946458394806651,0.5517579421478435,0.0727156773606098,ok,29.383429672447015
2025-26,2026-03-24,22500856,2026-02-26T21:00:00-05:00,3,Final,NOP,UTA,NOP @ UTA,200,200,78,0,78,122,0.1714172358879781,0.3455706759678499,0.4960410353334664,-0.7010966231522064,0.4960410353334663,0.0804587228649976,ok,23.121387283236995
2025-26,2026-03-24,22500857,2026-02-26T22:00:00-05:00,3,Final,MIN,LAC,MIN @ LAC,191,191,0,1,1,190,0.1256561464816318,0.2374654030218948,0.5291555943837681,-0.6364727611014882,0.5291555943837681,0.1120900452527214,ok,27.64932562620424
2025-26,2026-03-24,22500858,2026-02-27T19:00:00-05:00,3,Final,CLE,DET,CLE @ DET,212,212,0,1,1,211,0.2643616458913281,0.3327364251599871,0.7945076820616114,-0.2300326240003666,0.7945076820616112,0.3899898508174002,ok,59.2485549132948
2025-26,2026-03-24,22500859,2026-02-27T19:30:00-05:00,3,Final,BKN,BOS,BKN @ BOS,185,185,68,0,68,117,0.2930753971428219,0.2890857187539286,1.0138010220846965,0.0137066552275277,1.0138010220846965,0.969843613477048,ok,79.09441233140655
2025-26,2026-03-24,22500860,2026-02-27T20:00:00-05:00,3,Final,NYK,MIL,NYK @ MIL,196,196,127,0,127,69,0.2203482483151494,0.2954439449149212,0.7458208303392475,-0.2932698814327031,0.7458208303392476,0.5829258153742847,ok,54.72061657032755
2025-26,2026-03-24,22500861,2026-02-27T20:30:00-05:00,3,Final,MEM,DAL,MEM @ DAL,204,204,121,0,121,83,0.2401855918395461,0.2414855058477679,0.99461701022735,-0.0053975302664581,0.9946170102273492,0.991287498735297,ok,78.13102119460501
2025-26,2026-03-24,22500862,2026-02-27T21:30:00-05:00,3,Final,DEN,OKC,DEN @ OKC,228,228,2,4,6,222,0.0897052770155332,0.1934057625101319,0.4638190499149882,-0.7682607814488147,0.4638190499149882,0.0887889989131675,ok,20.03853564547206
2025-26,2026-03-24,22500863,2026-02-28T13:00:00-05:00,3,Final,POR,CHA,POR @ CHA,193,193,23,0,23,170,0.1853918774845941,0.2259045166346824,0.8206647668952867,-0.1976405758208509,0.8206647668952864,0.5930974925515966,ok,61.46435452793835
2025-26,2026-03-24,22500864,2026-02-28T15:30:00-05:00,3,Final,HOU,MIA,HOU @ MIA,195,195,0,0,0,195,0.1962407502183189,0.2330009506640937,0.8422315430859755,-0.1717003107545522,0.8422315430859757,0.6178823048183828,ok,64.0655105973025
2025-26,2026-03-24,22500865,2026-02-28T19:00:00-05:00,3,Final,TOR,WAS,TOR @ WAS,192,192,6,0,6,186,0.3086621466938294,0.2288825218522895,1.3485614550027814,0.2990384354200308,1.3485614550027814,0.310598914415455,ok,93.73795761078998
2025-26,2026-03-24,22500866,2026-02-28T20:30:00-05:00,3,Final,LAL,GSW,LAL @ GSW,190,190,144,0,144,46,0.2820409448110264,0.0706640278542628,3.9912944871003737,1.3841156111420492,3.9912944871003737,0.3238103596746589,ok,99.90366088631984
2025-26,2026-03-24,22500867,2026-02-28T21:30:00-05:00,3,Final,NOP,UTA,NOP @ UTA,201,201,65,0,65,136,0.2658281508120785,0.3359957135249502,0.7911653039357563,-0.2342483520925171,0.7911653039357562,0.4854672754263488,ok,58.38150289017341
2025-26,2026-03-24,22500868,2026-03-01T13:00:00-05:00,3,Final,SAS,NYK,SAS @ NYK,196,196,48,0,48,148,0.166300917624524,0.2687684527870332,0.6187516276558603,-0.4800513345477715,0.6187516276558601,0.2229143014353115,ok,37.66859344894027
2025-26,2026-03-24,22500869,2026-03-01T15:30:00-05:00,3,Final,CLE,BKN,CLE @ BKN,194,194,0,2,2,192,0.2445834983308431,0.3149140187371889,0.7766675466263063,-0.2527428880958984,0.7766675466263061,0.3822792676911586,ok,57.22543352601156
2025-26,2026-03-24,22500870,2026-03-01T15:30:00-05:00,3,Final,MIL,CHI,MIL @ CHI,207,207,43,0,43,164,0.1297491463846002,0.1698413969687479,0.7639430003538831,-0.2692620994654924,0.7639430003538831,0.5699169666182071,ok,55.8766859344894
2025-26,2026-03-24,22500871,2026-03-01T15:30:00-05:00,3,Final,MIN,DEN,MIN @ DEN,201,201,0,0,0,201,0.129859022826737,0.235394041455188,0.5516665673606623,-0.5948114598499835,0.5516665673606624,0.1223942944835271,ok,29.28709055876686
2025-26,2026-03-24,22500872,2026-03-01T17:00:00-05:00,3,Final,MEM,IND,MEM @ IND,192,192,17,0,17,175,0.0615837803013336,0.1821264657197947,0.3381374588143687,-1.08430278328944,0.3381374588143688,0.0801357461584887,ok,10.01926782273603
2025-26,2026-03-24,22500873,2026-03-01T18:00:00-05:00,3,Final,POR,ATL,POR @ ATL,208,208,170,0,170,38,0.1054103208285134,0.1753569914226183,0.6011184382975057,-0.5089632951477661,0.6011184382975058,0.646596326577616,ok,35.26011560693642
2025-26,2026-03-24,22500874,2026-03-01T20:00:00-05:00,3,Final,PHI,BOS,PHI @ BOS,183,183,11,0,11,172,0.1568824551280038,0.3238983695365303,0.4843570387603019,-0.7249329608311069,0.4843570387603019,0.041421658306571,ok,22.15799614643545
2025-26,2026-03-24,22500875,2026-03-01T18:00:00-05:00,3,Final,DET,ORL,DET @ ORL,202,202,0,0,0,202,0.1219885558986324,0.2729628270860739,0.4469053797576823,-0.8054083851700483,0.4469053797576823,0.0324106374955167,ok,18.304431599229286
2025-26,2026-03-24,22500876,2026-03-01T20:00:00-05:00,3,Final,OKC,DAL,OKC @ DAL,198,198,36,0,36,162,0.0974112673415484,0.2258942884723033,0.431225012373396,-0.8411252546378486,0.431225012373396,0.0931791991958815,ok,16.955684007707127
2025-26,2026-03-24,22500877,2026-03-01T21:00:00-05:00,3,Final,NOP,LAC,NOP @ LAC,201,201,68,0,68,133,0.1520154790595715,0.286162974000044,0.531219944127182,-0.6325791361045777,0.531219944127182,0.1365068242033662,ok,27.74566473988439
2025-26,2026-03-24,22500878,2026-03-01T21:30:00-05:00,3,Final,SAC,LAL,SAC @ LAL,200,200,140,0,140,60,0.0812285044231682,0.1258150438106317,0.6456183772858505,-0.4375466969949598,0.6456183772858503,0.6864762713701059,ok,41.90751445086705
2025-26,2026-03-24,22500879,2026-03-02T19:00:00-05:00,3,Final,HOU,WAS,HOU @ WAS,205,205,47,0,47,158,0.1183773809289411,0.1900447622360463,0.6228920993987181,-0.4733819703813505,0.6228920993987181,0.343106715456855,ok,38.053949903660886
2025-26,2026-03-24,22500880,2026-03-02T19:30:00-05:00,3,Final,BOS,MIL,BOS @ MIL,179,179,106,1,106,73,0.0445112763907573,0.1780986795377551,0.2499247973442799,-1.3865952169953617,0.2499247973442799,0.1927878291817389,ok,5.973025048169557
2025-26,2026-03-24,22500881,2026-03-02T21:00:00-05:00,3,Final,DEN,UTA,DEN @ UTA,200,200,0,1,1,199,0.2267359906947195,0.3196051401132023,0.7094253572217613,-0.3432999926778849,0.709425357221761,0.2335384770289023,ok,50.28901734104046
2025-26,2026-03-24,22500882,2026-03-02T22:00:00-05:00,3,Final,LAC,GSW,LAC @ GSW,189,189,24,1,24,165,0.3797833586597357,0.2148082493182353,1.768011051089068,0.5698552148119054,1.768011051089068,0.0713163560083171,ok,98.26589595375722
2025-26,2026-03-24,22500883,2026-03-03T19:00:00-05:00,3,Final,DAL,CHA,DAL @ CHA,195,195,53,0,53,142,0.2829061413731596,0.3034427888525928,0.9323211879343438,-0.0700779014180032,0.9323211879343436,0.82920270082224,ok,73.50674373795762
2025-26,2026-03-24,22500884,2026-03-03T19:00:00-05:00,3,Final,DET,CLE,DET @ CLE,188,188,0,1,1,187,0.2096506948668016,0.3493441801964047,0.6001264848578098,-0.5106148378865456,0.6001264848578097,0.0928244609650812,ok,35.16377649325626
2025-26,2026-03-24,22500885,2026-03-03T19:00:00-05:00,3,Final,WAS,ORL,WAS @ ORL,197,197,75,0,75,122,0.2288558184426119,0.4767689174652004,0.4800141327571259,-0.7339397322696318,0.4800141327571259,0.0268763269432895,ok,21.67630057803468
2025-26,2026-03-24,22500886,2026-03-03T19:30:00-05:00,3,Final,BKN,MIA,BKN @ MIA,201,201,77,0,77,124,0.1756024281400603,0.2733629481265673,0.6423783081925066,-0.4425778837433168,0.6423783081925067,0.3171547322692347,ok,41.23314065510597
2025-26,2026-03-24,22500887,2026-03-03T19:30:00-05:00,3,Final,NYK,TOR,NYK @ TOR,185,185,5,0,5,180,0.129105670793778,0.1987583993488303,0.64956082971463,-0.4314587910373529,0.6495608297146301,0.3259142688463348,ok,42.38921001926782
2025-26,2026-03-24,22500888,2026-03-03T20:00:00-05:00,3,Final,SAS,PHI,SAS @ PHI,211,211,132,0,132,79,0.0514657276197552,0.1678708781580749,0.3065792481962995,-1.1822789984740092,0.3065792481962994,0.2601731992397521,ok,8.188824662813103
2025-26,2026-03-24,22500889,2026-03-03T20:00:00-05:00,3,Final,OKC,CHI,OKC @ CHI,211,211,15,2,17,194,0.1670559240354374,0.1640079901324737,1.0185840574017264,0.0184134838651491,1.018584057401726,0.9628558144018354,ok,79.76878612716763
2025-26,2026-03-24,22500890,2026-03-03T20:00:00-05:00,3,Final,MEM,MIN,MEM @ MIN,209,209,5,2,7,202,0.211118736470256,0.3482041794187595,0.6063073017178209,-0.5003683228995802,0.606307301717821,0.0904926021439707,ok,36.127167630057805
2025-26,2026-03-24,22500891,2026-03-03T22:30:00-05:00,3,Final,NOP,LAL,NOP @ LAL,204,204,0,0,0,204,0.2175459221352391,0.2369509609917654,0.918105253613212,-0.0854432395819864,0.918105253613212,0.7871770797394642,ok,72.63969171483622
2025-26,2026-03-24,22500892,2026-03-03T23:00:00-05:00,3,Final,PHX,SAC,PHX @ SAC,197,197,34,0,34,163,0.0952869674049331,0.1487338515629005,0.6406542048340331,-0.4452654296608539,0.6406542048340333,0.4260608455641808,ok,40.847784200385355
2025-26,2026-03-24,22500893,2026-03-04T19:00:00-05:00,3,Final,OKC,NYK,OKC @ NYK,196,196,4,0,4,192,0.1023856828444355,0.2507460383564683,0.4083242292302178,-0.8956937406827052,0.4083242292302179,0.0345682798948306,ok,15.221579961464354
2025-26,2026-03-24,22500894,2026-03-04T19:30:00-05:00,3,Final,CHA,BOS,CHA @ BOS,180,180,129,0,129,51,0.0837504794840158,0.2581164752841413,0.324467779097871,-1.1255690417652835,0.3244677790978709,0.3046320532788651,ok,8.863198458574182
2025-26,2026-03-24,22500895,2026-03-04T19:30:00-05:00,3,Final,UTA,PHI,UTA @ PHI,188,188,0,1,1,187,0.2079232471454392,0.3271284111455244,0.6356013114768675,-0.4531837809534426,0.6356013114768675,0.1374275362740574,ok,39.98073217726397
2025-26,2026-03-24,22500896,2026-03-04T20:00:00-05:00,3,Final,POR,MEM,POR @ MEM,201,201,0,0,0,201,0.1810271485547287,0.2554425383116823,0.7086805108937867,-0.344350473341165,0.7086805108937868,0.3017540858398294,ok,50.09633911368015
2025-26,2026-03-24,22500897,2026-03-04T21:30:00-05:00,3,Final,ATL,MIL,ATL @ MIL,193,193,26,0,26,167,0.1097983698233239,0.213609830001309,0.5140136566872934,-0.6655054444494011,0.5140136566872934,0.1491663273214688,ok,25.43352601156069
2025-26,2026-03-24,22500898,2026-03-04T22:30:00-05:00,3,Final,IND,LAC,IND @ LAC,205,205,129,0,129,76,0.191306609767822,0.2406548440150099,0.7949418618637486,-0.2294862967330484,0.7949418618637484,0.6733714453618763,ok,59.4412331406551
2025-26,2026-03-24,22500899,2026-03-05T19:00:00-05:00,3,Final,DAL,ORL,DAL @ ORL,198,198,0,0,0,198,0.1590709300050296,0.2638758768995244,0.6028248276199905,-0.5061286259180598,0.6028248276199905,0.1577513639741636,ok,35.45279383429673
2025-26,2026-03-24,22500900,2026-03-05T19:00:00-05:00,3,Final,UTA,WAS,UTA @ WAS,186,186,29,0,29,157,0.1261006157956047,0.2857458943550828,0.4413033337896554,-0.8180228082605377,0.4413033337896554,0.0598326866867541,ok,17.82273603082852
2025-26,2026-03-24,22500901,2026-03-05T19:30:00-05:00,3,Final,BKN,MIA,BKN @ MIA,204,204,29,0,29,175,0.2190389377763609,0.2430583799883162,0.9011783004021096,-0.1040521492735172,0.9011783004021098,0.7603302063827675,ok,71.38728323699422
2025-26,2026-03-24,22500902,2026-03-05T19:30:00-05:00,3,Final,GSW,HOU,GSW @ HOU,198,198,0,1,1,197,0.221435673407959,0.2718402140881062,0.814580264184862,-0.2050823116762681,0.8145802641848618,0.5095186380697869,ok,60.69364161849711
2025-26,2026-03-24,22500903,2026-03-05T20:00:00-05:00,3,Final,TOR,MIN,TOR @ MIN,192,192,20,0,20,172,0.1570052169827197,0.2648652330285259,0.5927739748531297,-0.5229421080336035,0.5927739748531295,0.147377356694618,ok,33.71868978805395
2025-26,2026-03-24,22500904,2026-03-05T20:00:00-05:00,3,Final,DET,SAS,DET @ SAS,190,190,55,0,55,135,0.1468840239788161,0.3476737963348782,0.422476544183784,-0.8616213504507906,0.422476544183784,0.0353089404584945,ok,16.473988439306357
2025-26,2026-03-24,22500905,2026-03-05T21:00:00-05:00,3,Final,CHI,PHX,CHI @ PHX,204,204,0,2,2,202,0.2075459619236588,0.2389636339408607,0.868525300276538,-0.1409585627217789,0.868525300276538,0.6566901728819964,ok,67.91907514450867
2025-26,2026-03-24,22500906,2026-03-05T22:00:00-05:00,3,Final,LAL,DEN,LAL @ DEN,195,195,3,2,5,190,0.0915353759436207,0.2249871138727638,0.4068471939036758,-0.8993176089907582,0.4068471939036757,0.0472291648288617,ok,14.932562620423893
2025-26,2026-03-24,22500907,2026-03-05T22:00:00-05:00,3,Final,NOP,SAC,NOP @ SAC,209,209,10,1,11,198,0.1904616460132226,0.2312231607165814,0.8237135303529494,-0.1939324668581416,0.8237135303529496,0.5688830629719885,ok,61.946050096339114
2025-26,2026-03-24,22500908,2026-03-06T19:00:00-05:00,3,Final,DAL,BOS,DAL @ BOS,204,204,30,0,30,174,0.0733626129469118,0.1352293121790241,0.542505258399823,-0.6115575007115988,0.542505258399823,0.3336186101999769,ok,28.13102119460501
2025-26,2026-03-24,22500909,2026-03-06T19:00:00-05:00,3,Final,MIA,CHA,MIA @ CHA,199,199,0,2,2,197,0.1484949115804392,0.2196490067070903,0.6760554659755982,-0.3914801560453503,0.6760554659755985,0.3058854530597381,ok,46.33911368015414
2025-26,2026-03-24,22500910,2026-03-06T20:00:00-05:00,3,Final,POR,HOU,POR @ HOU,199,199,0,1,1,198,0.2556739498893168,0.2838647032103548,0.9006894728290769,-0.1045947280268389,0.9006894728290769,0.7162212242339363,ok,71.19460500963392
2025-26,2026-03-24,22500911,2026-03-06T21:00:00-05:00,3,Final,NYK,DEN,NYK @ DEN,201,201,81,0,81,120,0.2826926800110423,0.4083327254149052,0.6923096348052913,-0.3677219742993883,0.6923096348052914,0.2743067011050962,ok,48.16955684007707
2025-26,2026-03-24,22500912,2026-03-06T21:00:00-05:00,3,Final,NOP,PHX,NOP @ PHX,189,189,0,2,2,187,0.3497656281084233,0.2840291102219179,1.231442889199435,0.2081865625127937,1.231442889199435,0.4337115009593384,ok,89.98073217726397
2025-26,2026-03-24,22500913,2026-03-06T21:30:00-05:00,3,Final,LAC,SAS,LAC @ SAS,196,196,55,1,56,140,0.2075716700972882,0.1552128516025662,1.3373355875761532,0.2906792670553978,1.337335587576153,0.5171109190391072,ok,93.44894026974951
2025-26,2026-03-24,22500914,2026-03-06T22:30:00-05:00,3,Final,IND,LAL,IND @ LAL,203,203,62,0,62,141,0.1811297060730216,0.2564373213851887,0.7063312980131735,-0.3476708909153484,0.7063312980131737,0.3744943887008793,ok,49.90366088631985
2025-26,2026-03-24,22500915,2026-03-07T15:00:00-05:00,3,Final,ORL,MIN,ORL @ MIN,204,204,61,0,61,143,0.1508432289120799,0.2277569349631891,0.6622991696672583,-0.4120379072029081,0.6622991696672583,0.3474446147272436,ok,44.21965317919075
2025-26,2026-03-24,22500916,2026-03-07T18:00:00-05:00,3,Final,BKN,DET,BKN @ DET,194,194,60,0,60,134,0.1223212098094202,0.3296102389862565,0.371108646945038,-0.9912604103381156,0.371108646945038,0.0296964537581272,ok,12.524084778420038
2025-26,2026-03-24,22500917,2026-03-07T18:00:00-05:00,3,Final,PHI,ATL,PHI @ ATL,202,202,0,1,1,201,0.0888446140766388,0.2172832131817058,0.4088885320484532,-0.8943126978633479,0.4088885320484532,0.0504425035076499,ok,15.31791907514451
2025-26,2026-03-24,22500918,2026-03-07T20:00:00-05:00,3,Final,LAC,MEM,LAC @ MEM,192,192,20,1,21,171,0.2534920765776848,0.3271219926704736,0.7749160321147839,-0.255000601156948,0.7749160321147841,0.3923662443653848,ok,56.84007707129094
2025-26,2026-03-24,22500919,2026-03-07T20:00:00-05:00,3,Final,UTA,MIL,UTA @ MIL,196,196,3,0,3,193,0.2753835747777508,0.2580534325692293,1.067157185378157,0.0649982767257941,1.067157185378157,0.8241656249301763,ok,82.7552986512524
2025-26,2026-03-24,22500920,2026-03-07T20:30:00-05:00,3,Final,GSW,OKC,GSW @ OKC,186,186,0,1,1,185,0.1768456475142016,0.2280151368353772,0.7755873139329386,-0.2541347122031353,0.7755873139329383,0.491401344321016,ok,57.03275529865125
2025-26,2026-03-24,22500921,2026-03-08T13:00:00-04:00,3,Final,BOS,CLE,BOS @ CLE,184,184,65,0,65,119,0.1236320625972604,0.2164022282224104,0.5713067911213734,-0.5598289261853623,0.5713067911213735,0.2876603235741701,ok,31.406551059730248
2025-26,2026-03-24,22500922,2026-03-08T15:30:00-04:00,3,Final,NYK,LAL,NYK @ LAL,194,194,26,0,26,168,0.1449994253196054,0.2215774465449546,0.6543961381475136,-0.4240423950748366,0.6543961381475137,0.3002967326841155,ok,42.96724470134875
2025-26,2026-03-24,22500923,2026-03-08T18:00:00-04:00,3,Final,DET,MIA,DET @ MIA,193,193,135,0,135,58,0.2370871846827213,0.2438316574806383,0.9723396343706824,-0.0280501174771434,0.9723396343706826,0.961412763167655,ok,76.78227360308286
2025-26,2026-03-24,22500924,2026-03-08T18:00:00-04:00,3,Final,DAL,TOR,DAL @ TOR,199,199,98,0,98,101,0.2099320327540741,0.20712704501296,1.013542353877248,0.0134514757528325,1.013542353877248,0.9780655883773198,ok,78.9980732177264
2025-26,2026-03-24,22500925,2026-03-08T19:00:00-04:00,3,Final,WAS,NOP,WAS @ NOP,209,209,40,0,40,169,0.2219307590422283,0.386831253164851,0.5737146552314657,-0.5556231225873426,0.5737146552314657,0.0645923296826536,ok,31.502890173410403
2025-26,2026-03-24,22500926,2026-03-08T20:00:00-04:00,3,Final,ORL,MIL,ORL @ MIL,190,190,95,0,95,95,0.0948285039280315,0.2051640015379905,0.4622082978356804,-0.7717396283915411,0.4622082978356801,0.235791803792952,ok,19.7495183044316
2025-26,2026-03-24,22500927,2026-03-08T20:00:00-04:00,3,Final,HOU,SAS,HOU @ SAS,203,203,96,0,96,107,0.0700818219161201,0.3271390147329616,0.2142264259532811,-1.5407217581145012,0.2142264259532811,0.0148685960407267,ok,4.913294797687861
2025-26,2026-03-24,22500928,2026-03-08T22:00:00-04:00,3,Final,CHA,PHX,CHA @ PHX,175,175,3,0,3,172,0.1817098290325129,0.2925614519484611,0.6210996965674197,-0.4762636679576211,0.6210996965674197,0.1638997076888536,ok,37.957610789980734
2025-26,2026-03-24,22500929,2026-03-08T21:00:00-04:00,3,Final,IND,POR,IND @ POR,203,203,104,0,104,99,0.184417641438142,0.2948756658762936,0.6254081390205626,-0.4693508199392052,0.6254081390205626,0.3204179405257809,ok,38.34296724470135
2025-26,2026-03-24,22500930,2026-03-08T21:00:00-04:00,3,Final,CHI,SAC,CHI @ SAC,208,208,35,0,35,173,0.2090174109990813,0.2422386000081549,0.8628575751017581,-0.147505636162969,0.8628575751017581,0.6740996563186743,ok,67.05202312138728
2025-26,2026-03-24,22500931,2026-03-09T19:00:00-04:00,3,Final,PHI,CLE,PHI @ CLE,187,187,98,1,98,89,0.2553550010658306,0.3210348083617499,0.7954121933659303,-0.2288948164719738,0.7954121933659304,0.5829936225644441,ok,59.53757225433526
2025-26,2026-03-24,22500932,2026-03-09T19:30:00-04:00,3,Final,MEM,BKN,MEM @ BKN,196,196,29,0,29,167,0.1264482077186909,0.2149740797080805,0.5882021120425242,-0.5306846621809566,0.5882021120425242,0.2265992471121244,ok,33.42967244701349
2025-26,2026-03-24,22500933,2026-03-09T19:30:00-04:00,3,Final,DEN,OKC,DEN @ OKC,199,199,0,0,0,199,0.2066786110428462,0.2666423296675027,0.7751155313583185,-0.254743188018613,0.7751155313583183,0.4291561825806732,ok,56.936416184971094
2025-26,2026-03-24,22500934,2026-03-09T21:00:00-04:00,3,Final,GSW,UTA,GSW @ UTA,197,197,0,2,2,195,0.2115527465782748,0.2498072108672644,0.846864051056892,-0.1662151036389552,0.8468640510568921,0.6152507993010277,ok,64.73988439306359
2025-26,2026-03-24,22500935,2026-03-09T22:00:00-04:00,3,Final,NYK,LAC,NYK @ LAC,200,200,5,2,7,193,0.1544850882172809,0.2494760354472851,0.6192381883105721,-0.4792652849801748,0.6192381883105721,0.1902291667151222,ok,37.76493256262042
2025-26,2026-03-24,22500936,2026-03-10T19:00:00-04:00,3,Final,MEM,PHI,MEM @ PHI,201,201,0,0,0,201,0.2749812484489857,0.4227412303363417,0.6504717986230132,-0.4300573353544304,0.6504717986230131,0.0831179314302634,ok,42.58188824662813
2025-26,2026-03-24,22500937,2026-03-10T19:30:00-04:00,3,Final,DET,BKN,DET @ BKN,189,189,134,0,134,55,0.2593936456545022,0.3137832491226694,0.8266650510496041,-0.1903556828686076,0.8266650510496041,0.7211237758097682,ok,62.33140655105973
2025-26,2026-03-24,22500938,2026-03-10T19:30:00-04:00,3,Final,WAS,MIA,WAS @ MIA,236,236,136,0,136,100,0.0752067647546507,0.2315866554876284,0.324745674988464,-1.12471294149251,0.3247456749884641,0.1357445783998266,ok,8.959537572254336
2025-26,2026-03-24,22500939,2026-03-10T19:30:00-04:00,3,Final,DAL,ATL,DAL @ ATL,196,196,10,0,10,186,0.0761563631413459,0.2097747803711757,0.3630386980102889,-1.0132458443103611,0.363038698010289,0.0594894159638576,ok,11.753371868978805
2025-26,2026-03-24,22500940,2026-03-10T20:00:00-04:00,3,Final,TOR,HOU,TOR @ HOU,193,193,16,0,16,177,0.257959665210755,0.2160250548941103,1.1941191975958525,0.1774088404699678,1.1941191975958525,0.585659135741861,ok,89.11368015414259
2025-26,2026-03-24,22500941,2026-03-10T20:00:00-04:00,3,Final,PHX,MIL,PHX @ MIL,199,199,5,0,5,194,0.1622058215691601,0.1949248240652117,0.8321455327562305,-0.1837479342793423,0.8321455327562306,0.6353234612633887,ok,63.005780346820806
2025-26,2026-03-24,22500942,2026-03-10T20:00:00-04:00,3,Final,BOS,SAS,BOS @ SAS,198,198,0,0,0,198,0.1989129798655595,0.2033817860625309,0.9780275004783492,-0.0222174902441372,0.9780275004783496,0.949783239927754,ok,76.878612716763
2025-26,2026-03-24,22500943,2026-03-10T22:00:00-04:00,3,Final,CHI,GSW,CHI @ GSW,221,221,0,1,1,220,0.1926010243963548,0.1534805246926954,1.254889014628976,0.2270471341145962,1.254889014628976,0.5339042646151193,ok,91.04046242774567
2025-26,2026-03-24,22500944,2026-03-10T22:00:00-04:00,3,Final,CHA,POR,CHA @ POR,198,198,21,2,23,175,0.0834363461628602,0.2607016333175233,0.3200453526167147,-1.1392925663034432,0.3200453526167148,0.0189237935638369,ok,8.670520231213873
2025-26,2026-03-24,22500945,2026-03-10T22:00:00-04:00,3,Final,IND,SAC,IND @ SAC,213,213,43,2,45,168,0.142248620552906,0.2100629838673355,0.677171284221796,-0.3898310333112382,0.677171284221796,0.3537020486172598,ok,46.628131021194605
2025-26,2026-03-24,22500946,2026-03-10T23:00:00-04:00,3,Final,MIN,LAL,MIN @ LAL,190,190,60,0,60,130,0.1874595046488911,0.4091766216971585,0.4581383556845396,-0.78058405383947,0.4581383556845396,0.0330243711539409,ok,18.88246628131021
2025-26,2026-03-24,22500947,2026-03-11T19:30:00-04:00,3,Final,CLE,ORL,CLE @ ORL,190,190,0,2,2,188,0.2051946347338688,0.3689727498542882,0.5561240899630195,-0.586763826246536,0.5561240899630195,0.045912804117471,ok,29.865125240847785
2025-26,2026-03-24,22500948,2026-03-11T20:00:00-04:00,3,Final,TOR,NOP,TOR @ NOP,204,204,18,0,18,186,0.2478098015384788,0.19469761654203,1.2727931956218026,0.2412138520354801,1.2727931956218024,0.4860346679876267,ok,92.1965317919075
2025-26,2026-03-24,22500949,2026-03-11T21:00:00-04:00,3,Final,NYK,UTA,NYK @ UTA,196,196,38,0,38,158,0.2911425339728904,0.2092552934900205,1.3913269725087032,0.3302579482289906,1.3913269725087032,0.332278431677699,ok,94.89402697495183
2025-26,2026-03-24,22500950,2026-03-11T22:00:00-04:00,3,Final,HOU,DEN,HOU @ DEN,197,197,71,0,71,126,0.1614528836347799,0.1575911865982711,1.024504524141651,0.0242091046379224,1.0245045241416513,0.9625085409981312,ok,80.44315992292871
2025-26,2026-03-24,22500951,2026-03-11T22:00:00-04:00,3,Final,CHA,SAC,CHA @ SAC,189,189,0,1,1,188,0.0498636482961676,0.1877406445907338,0.2655985783199378,-1.3257692141052615,0.2655985783199378,0.0349546139939514,ok,6.262042389210019
2025-26,2026-03-24,22500952,2026-03-11T22:30:00-04:00,3,Final,MIN,LAC,MIN @ LAC,203,203,55,0,55,148,0.320772704369889,0.3634906015501233,0.8824786748321366,-0.125020654962814,0.8824786748321365,0.6655137152061805,ok,68.97880539499036
2025-26,2026-03-24,22500953,2026-03-12T19:00:00-04:00,3,Final,PHI,DET,PHI @ DET,203,203,92,0,92,111,0.0555934603904639,0.2399214798226518,0.2317152279635748,-1.4622461269430946,0.2317152279635749,0.0514458507237534,ok,5.202312138728324
2025-26,2026-03-24,22500954,2026-03-12T19:00:00-04:00,3,Final,PHX,IND,PHX @ IND,191,191,6,0,6,185,0.3119726903144936,0.233687724114092,1.3349981968337408,0.2889299411649643,1.334998196833741,0.3316055326771262,ok,93.35260115606935
2025-26,2026-03-24,22500955,2026-03-12T19:00:00-04:00,3,Final,WAS,ORL,WAS @ ORL,228,228,38,0,38,190,0.3152600502350314,0.2563130853244933,1.2299803181562543,0.2069981677573206,1.2299803181562543,0.4741938474877951,ok,89.88439306358381
2025-26,2026-03-24,22500956,2026-03-12T19:30:00-04:00,3,Final,BKN,ATL,BKN @ ATL,196,196,2,0,2,194,0.1890128323031434,0.2874903348944586,0.65745804071129,-0.4193743333752556,0.6574580407112899,0.2002251082297008,ok,43.25626204238921
2025-26,2026-03-24,22500957,2026-03-12T19:30:00-04:00,3,Final,MIL,MIA,MIL @ MIA,203,203,1,1,2,201,0.1495612989746839,0.2732572114685476,0.5473279119365481,-0.6027071827967682,0.5473279119365481,0.0828553332345988,ok,28.709055876685934
2025-26,2026-03-24,22500958,2026-03-12T21:00:00-04:00,3,Final,DEN,SAS,DEN @ SAS,215,215,39,2,41,174,0.1284988579365225,0.3078093136867604,0.4174625400298587,-0.8735604631960888,0.4174625400298588,0.0218618895751383,ok,16.088631984585742
2025-26,2026-03-24,22500959,2026-03-12T21:30:00-04:00,3,Final,BOS,OKC,BOS @ OKC,182,182,0,1,1,181,0.1917308857706755,0.2111267607362857,0.908131612979952,-0.0963659626690151,0.908131612979952,0.7922035576132711,ok,72.25433526011561
2025-26,2026-03-24,22500960,2026-03-12T22:30:00-04:00,3,Final,CHI,LAL,CHI @ LAL,204,204,37,0,37,167,0.1335805036581215,0.2007030834368598,0.6655627874304447,-0.4071222993456911,0.6655627874304446,0.3532773998302821,ok,44.89402697495183
2025-26,2026-03-24,22500961,2026-03-13T19:30:00-04:00,3,Final,MEM,DET,MEM @ DET,194,194,59,0,59,135,0.2118965106085722,0.2619376634408767,0.8089577795917101,-0.2120085516764711,0.8089577795917099,0.5776525363799576,ok,60.308285163776496
2025-26,2026-03-24,22500962,2026-03-13T19:30:00-04:00,3,Final,NYK,IND,NYK @ IND,192,192,2,0,2,190,0.2374952550034679,0.2527924741628563,0.93948704679581,-0.0624212475618115,0.9394870467958096,0.8421302183094646,ok,74.08477842003853
2025-26,2026-03-24,22500963,2026-03-13T19:30:00-04:00,3,Final,PHX,TOR,PHX @ TOR,192,192,0,2,2,190,0.1492216495078732,0.3401979645723516,0.4386318116143152,-0.8240949157281157,0.4386318116143152,0.0150320890682246,ok,17.341040462427745
2025-26,2026-03-24,22500964,2026-03-13T20:00:00-04:00,3,Final,NOP,HOU,NOP @ HOU,187,187,0,2,2,185,0.2148390808118382,0.2778252859163823,0.7732884359435118,-0.2571031616448588,0.7732884359435119,0.4196487339761369,ok,56.45472061657033
2025-26,2026-03-24,22500965,2026-03-13T19:30:00-04:00,3,Final,CLE,DAL,CLE @ DAL,203,203,131,0,131,72,0.1043629077554092,0.1514116205829628,0.6892661696215434,-0.3721277696195745,0.6892661696215435,0.6421700504848826,ok,47.97687861271676
2025-26,2026-03-24,22500966,2026-03-13T22:00:00-04:00,3,Final,MIN,GSW,MIN @ GSW,199,199,72,0,72,127,0.2982107731504925,0.1918311759243623,1.5545480118835058,0.4411848357801514,1.5545480118835058,0.2562924165573951,ok,96.91714836223507
2025-26,2026-03-24,22500967,2026-03-13T22:00:00-04:00,3,Final,UTA,POR,UTA @ POR,211,211,11,0,11,200,0.1583771780953796,0.2045892439997763,0.7741227006809449,-0.2560248899450906,0.7741227006809449,0.5024639211452404,ok,56.551059730250486
2025-26,2026-03-24,22500968,2026-03-13T22:30:00-04:00,3,Final,CHI,LAC,CHI @ LAC,203,203,0,1,1,202,0.1900260866274658,0.2021134476903455,0.9401951666204884,-0.0616678012046309,0.9401951666204886,0.8589199881424776,ok,74.18111753371869
2025-26,2026-03-24,22500969,2026-03-14T13:00:00-04:00,3,Final,BKN,PHI,BKN @ PHI,198,198,94,3,97,101,0.2068275179712807,0.1925532366092446,1.074131609592226,0.0715125300988378,1.0741316095922262,0.8863327222443038,ok,83.14065510597302
2025-26,2026-03-24,22500970,2026-03-14T15:00:00-04:00,3,Final,MIL,ATL,MIL @ ATL,201,201,66,0,66,135,0.1131478714755879,0.2195870499529614,0.5152757027330428,-0.6630531764517692,0.5152757027330429,0.2091101210548678,ok,25.626204238921
2025-26,2026-03-24,22500971,2026-03-14T18:00:00-04:00,3,Final,WAS,BOS,WAS @ BOS,195,195,113,0,113,82,0.2550778471974319,0.2016225210512323,1.265125770015625,0.2351715401746039,1.265125770015625,0.6358118695325552,ok,91.71483622350675
2025-26,2026-03-24,22500972,2026-03-14T20:00:00-04:00,3,Final,ORL,MIA,ORL @ MIA,209,209,70,3,73,136,0.2035143085840893,0.250607272640777,0.8120846072803672,-0.2081507480904142,0.812084607280367,0.609738842710124,ok,60.5009633911368
2025-26,2026-03-24,22500973,2026-03-14T15:30:00-04:00,3,Final,CHA,SAS,CHA @ SAS,188,188,36,0,36,152,0.1881742008830501,0.2124264361479049,0.8858323111537361,-0.1212276113534514,0.8858323111537364,0.7578834357799068,ok,69.36416184971098
2025-26,2026-03-24,22500974,2026-03-14T20:30:00-04:00,3,Final,DEN,LAL,DEN @ LAL,217,217,10,0,10,207,0.2595862277082057,0.2119974088147106,1.224478304520639,0.2025148794259603,1.2244783045206395,0.5094002606297353,ok,89.59537572254335
2025-26,2026-03-24,22500975,2026-03-14T22:30:00-04:00,3,Final,SAC,LAC,SAC @ LAC,202,202,27,0,27,175,0.265368728868762,0.160371552662888,1.654711976422559,0.5036269613105593,1.6547119764225589,0.1661241315820635,ok,97.6878612716763
2025-26,2026-03-24,22500976,2026-03-15T13:00:00-04:00,3,Final,MIN,OKC,MIN @ OKC,198,198,14,0,14,184,0.0814290582681783,0.2283908444221451,0.3565338114765637,-1.0313262007735742,0.3565338114765637,0.0358270889691912,ok,10.982658959537572
2025-26,2026-03-24,22500977,2026-03-15T15:30:00-04:00,3,Final,DAL,CLE,DAL @ CLE,203,203,26,0,26,177,0.2228453504724929,0.2192430488645296,1.0164306308757325,0.0162971086446927,1.0164306308757327,0.9628473756294385,ok,79.47976878612717
2025-26,2026-03-24,22500978,2026-03-15T15:30:00-04:00,3,Final,DET,TOR,DET @ TOR,189,189,0,1,1,188,0.241871967825481,0.2888334904087576,0.8374097044050652,-0.1774418367311822,0.8374097044050651,0.5525421699342912,ok,63.39113680154143
2025-26,2026-03-24,22500979,2026-03-15T15:30:00-04:00,3,Final,IND,MIL,IND @ MIL,190,190,19,0,19,171,0.035994599940983,0.2079072141970898,0.1731281912462224,-1.7537229690192468,0.1731281912462224,0.0181658098807868,ok,3.4682080924855487
2025-26,2026-03-24,22500980,2026-03-15T18:00:00-04:00,3,Final,POR,PHI,POR @ PHI,206,206,0,1,1,205,0.058654349856548,0.219292051034026,0.2674713906864188,-1.318742669070687,0.2674713906864187,0.0141382890796368,ok,6.358381502890173
2025-26,2026-03-24,22500981,2026-03-15T20:00:00-04:00,3,Final,GSW,NYK,GSW @ NYK,185,185,30,1,31,154,0.2928524228293832,0.2043205779677332,1.433298719797235,0.3599785847611427,1.433298719797235,0.2963236393478818,ok,95.66473988439307
2025-26,2026-03-24,22500982,2026-03-15T22:00:00-04:00,3,Final,UTA,SAC,UTA @ SAC,205,205,0,1,1,204,0.151571831665851,0.2318425940305474,0.6537704268693613,-0.4249990184018691,0.6537704268693614,0.2446525681467057,ok,42.870905587668595
2025-26,2026-03-24,22500983,2026-03-16T19:00:00-04:00,3,Final,ORL,ATL,ORL @ ATL,207,207,98,0,98,109,0.2769555385793182,0.2598061163690554,1.066008539175044,0.0639213361947249,1.0660085391750442,0.8683404730744468,ok,82.65895953757226
2025-26,2026-03-24,22500984,2026-03-16T19:00:00-04:00,3,Final,GSW,WAS,GSW @ WAS,205,205,12,0,12,193,0.1963076391809922,0.2916219058974763,0.6731580694421732,-0.3957751040447383,0.6731580694421733,0.2164075487543414,ok,45.857418111753375
2025-26,2026-03-24,22500985,2026-03-16T19:30:00-04:00,3,Final,POR,BKN,POR @ BKN,199,199,157,0,157,42,0.2305643918241376,0.1969077203938902,1.1709261138309932,0.1577949859818573,1.1709261138309932,0.8304387807496736,ok,88.15028901734104
2025-26,2026-03-24,22500986,2026-03-16T19:30:00-04:00,3,Final,PHX,BOS,PHX @ BOS,189,189,0,2,2,187,0.1492780022125714,0.3088817188891322,0.483285326012292,-0.7271480626605397,0.4832853260122919,0.0395542963927004,ok,21.965317919075144
2025-26,2026-03-24,22500987,2026-03-16T20:00:00-04:00,3,Final,MEM,CHI,MEM @ CHI,204,204,53,0,53,151,0.2175825173095236,0.1915422554350923,1.135950481606684,0.1274697292139213,1.1359504816066843,0.7514014321646023,ok,86.31984585741812
2025-26,2026-03-24,22500988,2026-03-16T20:00:00-04:00,3,Final,DAL,NOP,DAL @ NOP,216,216,86,1,86,130,0.2210478214894643,0.1728825674218392,1.278600987860738,0.2457665019614361,1.278600987860738,0.5853381505280489,ok,92.38921001926782
2025-26,2026-03-24,22500989,2026-03-16T21:30:00-04:00,3,Final,LAL,HOU,LAL @ HOU,183,183,0,0,0,183,0.2140259664408826,0.2290206706858243,0.9345268520957576,-0.067714918314472,0.9345268520957576,0.8418200846980695,ok,73.69942196531792
2025-26,2026-03-24,22500990,2026-03-16T22:00:00-04:00,3,Final,SAS,LAC,SAS @ LAC,197,197,35,3,38,159,0.3712423797329863,0.234299076241353,1.5844807657310909,0.4602567610603859,1.5844807657310904,0.1269369469031834,ok,97.20616570327553
2025-26,2026-03-24,22500991,2026-03-17T19:00:00-04:00,3,Final,MIA,CHA,MIA @ CHA,210,210,35,2,35,175,0.1548509386264115,0.2988541200383729,0.5181489169583097,-0.6574925935628966,0.5181489169583096,0.0745663115717032,ok,25.91522157996146
2025-26,2026-03-24,22500992,2026-03-17T19:00:00-04:00,3,Final,OKC,ORL,OKC @ ORL,200,200,16,1,17,183,0.1767137237371507,0.2135885013661315,0.8273559794037303,-0.1895202298948025,0.8273559794037303,0.6109123472105495,ok,62.42774566473989
2025-26,2026-03-24,22500993,2026-03-17T19:00:00-04:00,3,Final,DET,WAS,DET @ WAS,202,202,50,0,50,152,0.153885594218326,0.3332695168697285,0.4617451834890685,-0.7727420909500038,0.4617451834890686,0.0393496000251467,ok,19.653179190751445
2025-26,2026-03-24,22500994,2026-03-17T19:30:00-04:00,3,Final,IND,NYK,IND @ NYK,192,192,58,0,58,134,4.3303006411667155e-11,0.1747554867229445,2.4779197050516227e-10,-22.118431550385367,2.4779197050516206e-10,0.9987525989850218,ok,0.1926782273603083
2025-26,2026-03-24,22500995,2026-03-17T20:00:00-04:00,3,Final,CLE,MIL,CLE @ MIL,190,190,1,1,2,188,0.1952692027670547,0.3058022256086877,0.63854735647649,-0.4485594379333464,0.63854735647649,0.165538482153653,ok,40.36608863198459
2025-26,2026-03-24,22500996,2026-03-17T20:00:00-04:00,3,Final,PHX,MIN,PHX @ MIN,198,198,4,0,4,194,0.1989634677451484,0.3169482054917872,0.62774757609506,-0.4656171422102643,0.6277475760950602,0.1322776011085722,ok,38.53564547206166
2025-26,2026-03-24,22500997,2026-03-17T22:00:00-04:00,3,Final,PHI,DEN,PHI @ DEN,210,210,159,0,159,51,0.2208529897135731,0.1870842215635018,1.180500353626076,0.1659383770995704,1.180500353626076,0.8212854813371069,ok,88.6319845857418
2025-26,2026-03-24,22500998,2026-03-17T22:00:00-04:00,3,Final,SAS,SAC,SAS @ SAC,198,198,157,0,157,41,0.111849516253274,0.124768336551657,0.8964575415892128,-0.109304347248983,0.8964575415892129,0.922436554316326,ok,70.61657032755299
2025-26,2026-03-24,22500999,2026-03-18T19:00:00-04:00,3,Final,GSW,BOS,GSW @ BOS,194,194,70,0,70,124,0.1667021250845612,0.2811939268179616,0.592836861631369,-0.5228360246943443,0.5928368616313686,0.2117953073007158,ok,33.81502890173411
2025-26,2026-03-24,22501000,2026-03-18T19:30:00-04:00,3,Final,OKC,BKN,OKC @ BKN,207,207,159,0,159,48,1.3411463756321694e-10,0.1645405306675293,8.150857239801242e-10,-20.92772782542131,8.150857239801232e-10,0.998917188757522,ok,1.4450867052023122
2025-26,2026-03-24,22501001,2026-03-18T19:30:00-04:00,3,Final,POR,IND,POR @ IND,198,198,59,1,60,138,0.202600872668805,0.245785095676054,0.8243008881866215,-0.1932196601594455,0.8243008881866216,0.6248557714104401,ok,62.138728323699425
2025-26,2026-03-24,22501002,2026-03-18T20:00:00-04:00,3,Final,TOR,CHI,TOR @ CHI,213,213,147,0,147,66,0.0835981895834788,0.2138984718111755,0.3908311680565783,-0.9394796074989036,0.3908311680565782,0.2364170624178301,ok,13.391136801541425
2025-26,2026-03-24,22501004,2026-03-18T20:00:00-04:00,3,Final,UTA,MIN,UTA @ MIN,219,219,108,0,108,111,0.1018703540225042,0.2788062412451366,0.3653804648258793,-1.0068160989034147,0.3653804648258794,0.0732574322533064,ok,12.042389210019268
2025-26,2026-03-24,22501005,2026-03-18T20:00:00-04:00,3,Final,LAC,NOP,LAC @ NOP,190,190,25,0,25,165,0.2148461851303159,0.2021079324562945,1.0630269802833,0.0611204803013998,1.0630269802833,0.8729843182504904,ok,82.27360308285164
2025-26,2026-03-24,22501006,2026-03-18T20:30:00-04:00,3,Final,ATL,DAL,ATL @ DAL,208,208,68,0,68,140,0.1491378671241803,0.2008708925011963,0.7424563373376365,-0.2977912149668363,0.7424563373376365,0.572364226938324,ok,53.94990366088632
2025-26,2026-03-24,22501007,2026-03-18T21:30:00-04:00,3,Final,LAL,HOU,LAL @ HOU,189,189,0,2,2,187,0.1965221781530736,0.2764310854549306,0.7109264785819996,-0.3411862601768251,0.7109264785819996,0.3000458864688474,ok,50.57803468208093
2025-26,2026-03-24,22501008,2026-03-19T19:00:00-04:00,3,Final,ORL,CHA,ORL @ CHA,196,196,119,1,119,77,0.0805447855465193,0.2108528088179683,0.381995317008343,-0.9623469295911694,0.3819953170083429,0.226565542417742,ok,12.8131021194605
2025-26,2026-03-24,22501009,2026-03-19T19:00:00-04:00,3,Final,DET,WAS,DET @ WAS,198,198,63,0,63,135,0.0905797811113725,0.2311756054802136,0.3918224023820078,-0.9369465970001054,0.3918224023820079,0.0940904996275121,ok,13.583815028901732
2025-26,2026-03-24,22501010,2026-03-19T20:00:00-04:00,3,Final,LAL,MIA,LAL @ MIA,206,206,2,2,4,202,0.3023939175161617,0.2690948826793691,1.1237445859439434,0.1166664889446509,1.1237445859439437,0.6733126539767411,ok,85.83815028901735
2025-26,2026-03-24,22501011,2026-03-19T20:00:00-04:00,3,Final,CLE,CHI,CLE @ CHI,205,205,112,3,115,90,0.1117210339746976,0.2029650007037292,0.5504448234293278,-0.5970285577622338,0.5504448234293277,0.3399307965399344,ok,29.09441233140655
2025-26,2026-03-24,22501012,2026-03-19T20:00:00-04:00,3,Final,LAC,NOP,LAC @ NOP,193,193,0,0,0,193,0.1490673426524602,0.3019935397917255,0.4936110313991049,-0.7060074577770264,0.4936110313991049,0.0434266836794943,ok,23.02504816955684
2025-26,2026-03-24,22501013,2026-03-19T20:00:00-04:00,3,Final,PHX,SAS,PHX @ SAS,192,192,0,1,1,191,0.144184316056703,0.2466206215082168,0.5846401455601684,-0.5367587568185109,0.5846401455601683,0.1488028566985351,ok,33.04431599229287
2025-26,2026-03-24,22501014,2026-03-19T21:00:00-04:00,3,Final,MIL,UTA,MIL @ UTA,199,199,101,0,101,98,0.2591453241071936,0.2234494044567525,1.159749450830825,0.1482039911258488,1.159749450830825,0.7412844903430685,ok,87.57225433526011
2025-26,2026-03-24,22501015,2026-03-19T22:00:00-04:00,3,Final,PHI,SAC,PHI @ SAC,208,208,59,0,59,149,0.0720690669632497,0.2887772009992423,0.2495663325008776,-1.3880305373985655,0.2495663325008776,0.0104837556597836,ok,5.8766859344894025
2025-26,2026-03-24,22501016,2026-03-20T19:30:00-04:00,3,Final,NYK,BKN,NYK @ BKN,191,191,0,2,2,189,0.2345064260321429,0.2484027856526592,0.944057150631364,-0.0575685737461088,0.944057150631364,0.8552544309739154,ok,74.373795761079
2025-26,2026-03-24,22501017,2026-03-20T19:30:00-04:00,3,Final,GSW,DET,GSW @ DET,202,202,65,0,65,137,0.0562057149998108,0.1676256994933529,0.3353048796795004,-1.0927150724410803,0.3353048796795004,0.1470355665492539,ok,9.730250481695569
2025-26,2026-03-24,22501018,2026-03-20T20:00:00-04:00,3,Final,ATL,HOU,ATL @ HOU,200,200,86,0,86,114,0.2872185718110784,0.2245658059088867,1.278995128615493,0.2460747138447244,1.278995128615493,0.5312445824315193,ok,92.48554913294798
2025-26,2026-03-24,22501019,2026-03-20T20:00:00-04:00,3,Final,BOS,MEM,BOS @ MEM,193,193,0,3,3,190,0.1407606522082754,0.2538439966651926,0.5545163724865696,-0.5896589460512963,0.5545163724865693,0.1196435516351718,ok,29.57610789980732
2025-26,2026-03-24,22501020,2026-03-20T20:00:00-04:00,3,Final,POR,MIN,POR @ MIN,200,200,18,1,19,181,0.2184676168079223,0.2581450584749446,0.8462978842150745,-0.16688387235047,0.8462978842150748,0.6099036668728448,ok,64.45086705202311
2025-26,2026-03-24,22501021,2026-03-20T21:00:00-04:00,3,Final,TOR,DEN,TOR @ DEN,189,189,0,2,2,187,0.1457795900066051,0.2787084675069445,0.5230540403404599,-0.6480704926443221,0.5230540403404599,0.0772279153600715,ok,26.685934489402698
2025-26,2026-03-24,22501022,2026-03-21T17:00:00-04:00,3,Final,OKC,WAS,OKC @ WAS,201,201,33,0,33,168,0.1942237777773712,0.2447851402117842,0.793445948595294,-0.2313698590480846,0.7934459485952943,0.5232062299570889,ok,59.05587668593449
2025-26,2026-03-24,22501023,2026-03-21T19:00:00-04:00,3,Final,MEM,CHA,MEM @ CHA,196,196,88,0,88,108,0.0504563521107281,0.2633050233096188,0.1916270015532397,-1.6522044966875544,0.1916270015532397,0.0283115126036015,ok,4.046242774566474
2025-26,2026-03-24,22501024,2026-03-21T19:00:00-04:00,3,Final,LAL,ORL,LAL @ ORL,188,188,0,0,0,188,0.3161815359846626,0.3121227580654137,1.0130037871778588,0.0129199638359238,1.0130037871778588,0.962581051595052,ok,78.90173410404624
2025-26,2026-03-24,22501025,2026-03-21T19:00:00-04:00,3,Final,CLE,NOP,CLE @ NOP,189,189,3,1,4,185,0.202602663205853,0.2464801664105194,0.821983635260992,-0.1960347925657481,0.8219836352609922,0.5749852871341636,ok,61.7533718689788
2025-26,2026-03-24,22501026,2026-03-21T20:00:00-04:00,3,Final,GSW,ATL,GSW @ ATL,203,203,95,0,95,108,0.1813073573317039,0.1868983605149895,0.9700853278333752,-0.030371244515033,0.970085327833375,0.952493978581682,ok,76.49325626204238
2025-26,2026-03-24,22501027,2026-03-21T20:00:00-04:00,3,Final,MIA,HOU,MIA @ HOU,189,189,0,0,0,189,0.0895656669583311,0.2458813944583073,0.364263701837425,-1.0098772180393598,0.364263701837425,0.0259584222055894,ok,11.946050096339114
2025-26,2026-03-24,22501028,2026-03-21T20:00:00-04:00,3,Final,IND,SAS,IND @ SAS,196,196,100,0,100,96,0.1508451255924236,0.2068304313173253,0.7293178505294156,-0.3156456330410897,0.7293178505294157,0.5776768127540128,ok,52.50481695568401
2025-26,2026-03-24,22501029,2026-03-21T20:30:00-04:00,3,Final,LAC,DAL,LAC @ DAL,210,210,0,0,0,210,0.1660748051959282,0.2581193301269089,0.6434032085635532,-0.4409836773019346,0.6434032085635533,0.1848960372918776,ok,41.52215799614643
2025-26,2026-03-24,22501030,2026-03-21T21:30:00-04:00,3,Final,PHI,UTA,PHI @ UTA,204,204,0,0,0,204,0.1886992375947557,0.3439338084234039,0.5486498650997848,-0.6002948094219932,0.5486498650997848,0.0423545317788967,ok,28.998073217726393
2025-26,2026-03-24,22501031,2026-03-21T22:00:00-04:00,3,Final,MIL,PHX,MIL @ PHX,184,184,0,1,1,183,0.0735659720713635,0.2520998303988559,0.2918128582433883,-1.2316425786025138,0.2918128582433883,0.0143312525116329,ok,7.418111753371869
2025-26,2026-03-24,22501032,2026-03-22T17:00:00-04:00,3,Final,POR,DEN,POR @ DEN,200,200,52,0,52,148,0.2627564915470851,0.1563563672234618,1.6804975468095773,0.5190899083840271,1.6804975468095775,0.1898400305888948,ok,97.88053949903662
2025-26,2026-03-24,22501033,2026-03-22T18:00:00-04:00,3,Final,BKN,SAC,BKN @ SAC,192,192,0,3,3,189,0.2196781633234711,0.2956616615649742,0.743005238354838,-0.2970521840135405,0.743005238354838,0.3290249343892033,ok,54.04624277456648
2025-26,2026-03-24,22501034,2026-03-22T19:30:00-04:00,3,Final,WAS,NYK,WAS @ NYK,197,197,91,0,91,106,0.2347078304658889,0.1491863703383372,1.573252502447771,0.4531451340467273,1.5732525024477708,0.3762477955894656,ok,97.10982658959537
2025-26,2026-03-24,22501035,2026-03-22T20:00:00-04:00,3,Final,MIN,BOS,MIN @ BOS,199,199,2,0,2,197,0.1376252565248295,0.1573863003781473,0.8744424145822189,-0.1341688362259968,0.874442414582219,0.7586303045551314,ok,68.4971098265896
2025-26,2026-03-24,22501036,2026-03-22T21:00:00-04:00,3,Final,TOR,PHX,TOR @ PHX,192,192,119,0,119,73,0.136113176683574,0.2158576140226548,0.6305692634464521,-0.4611322748186063,0.630569263446452,0.4852444485692148,ok,39.21001926782274
2025-26,2026-03-24,22501037,2026-03-23T19:30:00-04:00,3,Final,MEM,ATL,MEM @ ATL,205,205,147,0,147,58,0.0445886296915656,0.3092253932432898,0.1441945928951719,-1.936591552093885,0.1441945928951719,0.0645217342008401,ok,2.9865125240847785
2025-26,2026-03-24,22501038,2026-03-23T19:00:00-04:00,3,Final,LAL,DET,LAL @ DET,187,187,2,1,3,184,0.261428873710583,0.2784702394257864,0.9388036375077524,-0.0631489403773335,0.9388036375077524,0.833935582366342,ok,73.89210019267823
2025-26,2026-03-24,22501039,2026-03-23T19:00:00-04:00,3,Final,IND,ORL,IND @ ORL,195,195,0,1,1,194,0.2077720695812848,0.2369322585307877,0.8769260499590699,-0.1313326117626314,0.87692604995907,0.6892253749828046,ok,68.78612716763006
2025-26,2026-03-24,22501040,2026-03-23T19:00:00-04:00,3,Final,OKC,PHI,OKC @ PHI,199,199,124,0,124,75,0.0471770112672317,0.1301036999651121,0.3626108348946449,-1.0144250999863489,0.3626108348946448,0.362188185859726,ok,11.657032755298651
2025-26,2026-03-24,22501041,2026-03-23T19:00:00-04:00,3,Final,SAS,MIA,SAS @ MIA,212,212,125,0,125,87,0.1943442726630869,0.2284876426160057,0.8505679801235473,-0.1618509407418934,0.8505679801235475,0.7587261998615525,ok,65.3179190751445
