game_id,year,postseason,date,home,away,home_score,away_score,period_splits,raw_events,possessions,crew,foul_drawn_ids
0022100001,2021,0,2021-10-19,MIL,BKN,127.0,104.0,3,603,207,Jacyn Goble|Josh Tiven|Natalie Sago,34
0022100002,2021,0,2021-10-19,LAL,GSW,114.0,121.0,3,608,227,Mark Lindsay|Ray Acosta|Sean Wright,38
0022100003,2021,0,2021-10-20,CHA,IND,123.0,122.0,3,647,216,Nate Green|Rodney Mott|Scott Wall,41
0022100004,2021,0,2021-10-20,DET,CHI,88.0,94.0,2,550,197,Derek Richardson|Mousa Dagher|Tyler Ford,30
0022100005,2021,0,2021-10-20,NYK,BOS,138.0,134.0,5,697,252,Ed Malloy|Lauren Holtkamp|Scott Foster,41
0022100006,2021,0,2021-10-20,TOR,WAS,83.0,98.0,3,631,217,Bill Kennedy|Eric Dalen|John Butler,35
0022100007,2021,0,2021-10-20,MEM,CLE,132.0,121.0,3,574,211,John Conley|Kevin Scott|Michael Smith,31
0022100008,2021,0,2021-10-20,MIN,HOU,124.0,106.0,3,624,217,Curtis Blair|Simone Jelks|Tre Maddox,42
0022100009,2021,0,2021-10-20,NOP,PHI,97.0,117.0,3,532,200,Courtney Kirkland|Danielle Scott|Karl Lane,26
0022100010,2021,0,2021-10-20,SAS,ORL,123.0,97.0,3,596,194,Ben Taylor|Jenna Schroeder|Sean Corbin,38
0022100011,2021,0,2021-10-20,UTA,OKC,107.0,86.0,3,560,194,Mark Lindsay|Ray Acosta|Zach Zarba,31
0022100012,2021,0,2021-10-20,PHX,DEN,98.0,110.0,3,523,204,Kevin Cutler|Leon Wood|Marc Davis,30
0022100013,2021,0,2021-10-20,POR,SAC,121.0,124.0,3,598,214,Nick Buchert|Phenizee Ransom|Sean Wright,42
0022100014,2021,0,2021-10-21,ATL,DAL,113.0,87.0,2,562,208,Dedric Taylor|James Capers|Scott Twardoski,32
0022100015,2021,0,2021-10-21,MIA,MIL,137.0,95.0,3,607,215,David Guthrie|Jonathan Sterling|Mitchell Ervin,47
0022100016,2021,0,2021-10-21,GSW,LAC,115.0,113.0,3,587,207,Justin Van Duyne|Tom Washington|Zach Zarba,41
0022100017,2021,0,2021-10-22,CLE,CHA,112.0,123.0,3,578,215,Bill Kennedy|Eric Dalen|John Butler,28
0022100018,2021,0,2021-10-22,ORL,NYK,96.0,121.0,3,543,199,Bennie Adams|JB DeRosa|Rodney Mott,31
0022100019,2021,0,2021-10-22,WAS,IND,135.0,134.0,4,596,213,Eric Lewis|Gediminas Petraitis|Mousa Dagher,39
0022100020,2021,0,2021-10-22,BOS,TOR,83.0,115.0,3,590,203,Brian Forte|Curtis Blair|Derek Richardson,27
0022100021,2021,0,2021-10-22,PHI,BKN,109.0,114.0,3,573,197,David Guthrie|Marat Kogut|Tre Maddox,36
0022100022,2021,0,2021-10-22,CHI,NOP,128.0,112.0,3,548,208,Brandon Schwab|Jacyn Goble|Scott Foster,31
0022100023,2021,0,2021-10-22,HOU,OKC,124.0,91.0,3,600,210,Courtney Kirkland|Danielle Scott|Sean Corbin,34
0022100024,2021,0,2021-10-22,DEN,SAS,102.0,96.0,3,549,206,Mark Lindsay|Phenizee Ransom|Sean Wright,28
0022100025,2021,0,2021-10-22,LAL,PHX,105.0,115.0,3,578,203,Justin Van Duyne|Nick Buchert|Tony Brothers,44
0022100026,2021,0,2021-10-22,SAC,UTA,101.0,110.0,3,628,207,Brent Barnaky|JT Orr|Kevin Cutler,38
0022100027,2021,0,2021-10-23,CLE,ATL,101.0,95.0,3,581,197,Curtis Blair|Nate Green|Scott Wall,37
0022100028,2021,0,2021-10-23,IND,MIA,102.0,91.0,3,610,217,James Williams|John Conley|Michael Smith,31
0022100029,2021,0,2021-10-23,TOR,DAL,95.0,103.0,3,578,186,Aaron Smith|Andy Nagy|Josh Tiven,41
0022100030,2021,0,2021-10-23,CHI,DET,97.0,82.0,3,592,203,Eric Dalen|Pat Fraher|Ray Acosta,29
0022100031,2021,0,2021-10-23,MIN,NOP,96.0,89.0,3,627,214,Gediminas Petraitis|Kevin Scott|Matt Boland,31
0022100032,2021,0,2021-10-23,SAS,MIL,111.0,121.0,3,597,209,Ed Malloy|Karl Lane|Scott Twardoski,28
0022100033,2021,0,2021-10-23,POR,PHX,134.0,105.0,3,527,207,Jenna Schroeder|Tom Washington|Zach Zarba,31
0022100034,2021,0,2021-10-23,LAC,MEM,114.0,120.0,3,569,200,Brett Nansel|Nick Buchert|Tony Brothers,38
0022100035,2021,0,2021-10-24,BKN,CHA,95.0,111.0,3,589,204,Derek Richardson|James Capers|Suyash Mehta,31
0022100036,2021,0,2021-10-24,NYK,ORL,104.0,110.0,3,614,208,Bill Kennedy|John Butler|Tre Maddox,43
0022100037,2021,0,2021-10-24,HOU,BOS,97.0,107.0,3,547,201,Ben Taylor|Bennie Adams|JB DeRosa,40
0022100038,2021,0,2021-10-24,OKC,PHI,103.0,115.0,3,538,196,Jacyn Goble|Phenizee Ransom|Rodney Mott,32
0022100039,2021,0,2021-10-24,SAC,GSW,107.0,119.0,3,558,202,Brent Barnaky|Derrick Collins|Jenna Schroeder,27
0022100040,2021,0,2021-10-24,LAL,MEM,121.0,118.0,3,617,205,Brandon Adair|Kevin Cutler|Marc Davis,34
0022100041,2021,0,2021-10-25,CHA,BOS,129.0,140.0,4,654,231,Courtney Kirkland|Matt Boland|Matt Myers,43
0022100042,2021,0,2021-10-25,IND,MIL,109.0,119.0,3,643,214,CJ Washington|Leon Wood|Mark Lindsay,38
0022100043,2021,0,2021-10-25,ATL,DET,122.0,104.0,3,550,208,Aaron Smith|Jonathan Sterling|Josh Tiven,31
0022100044,2021,0,2021-10-25,BKN,WAS,104.0,90.0,3,604,209,Ray Acosta|Scott Wall|Tyler Ford,32
0022100045,2021,0,2021-10-25,MIA,ORL,107.0,90.0,3,566,197,Dedric Taylor|Evan Scott|Kevin Scott,36
0022100046,2021,0,2021-10-25,TOR,CHI,108.0,111.0,3,551,196,James Williams|Michael Smith|Suyash Mehta,34
0022100047,2021,0,2021-10-25,MIN,NOP,98.0,107.0,3,596,205,Ed Malloy|Eric Dalen|Nate Green,36
0022100048,2021,0,2021-10-25,DEN,CLE,87.0,99.0,3,569,197,Nick Buchert|Tom Washington|Tony Brothers,33
0022100049,2021,0,2021-10-25,LAC,POR,116.0,86.0,3,586,231,Brent Barnaky|Eric Lewis|Natalie Sago,36
0022100050,2021,0,2021-10-26,NYK,PHI,112.0,99.0,3,525,188,Brett Nansel|James Williams|Mitchell Ervin,31
0022100051,2021,0,2021-10-26,OKC,GSW,98.0,106.0,3,552,200,Ben Taylor|JB DeRosa|Marat Kogut,33
0022100052,2021,0,2021-10-26,DAL,HOU,116.0,106.0,3,585,214,John Conley|Justin Van Duyne|Sean Wright,37
0022100053,2021,0,2021-10-26,SAS,LAL,121.0,125.0,4,672,236,Andy Nagy|Brian Forte|Curtis Blair,38
0022100054,2021,0,2021-10-26,UTA,DEN,122.0,110.0,2,548,205,Brandon Adair|David Guthrie|Derrick Collins,41
0022100055,2021,0,2021-10-27,ORL,CHA,111.0,120.0,3,545,205,Danielle Scott|Josh Tiven|Scott Wall,29
0022100056,2021,0,2021-10-27,BOS,WAS,107.0,116.0,3,579,201,James Capers|Leon Wood|Michael Smith,37
0022100057,2021,0,2021-10-27,BKN,MIA,93.0,106.0,3,590,205,Brandon Schwab|Ed Malloy|Jacyn Goble,36
0022100058,2021,0,2021-10-27,TOR,IND,118.0,100.0,3,602,196,Karl Lane|Marc Davis|Matt Boland,36
0022100059,2021,0,2021-10-27,NOP,ATL,99.0,102.0,3,561,190,Brian Forte|Evan Scott|Pat Fraher,27
0022100060,2021,0,2021-10-27,MIL,MIN,108.0,113.0,3,604,200,Dedric Taylor|Matt Myers|Zach Zarba,35
0022100061,2021,0,2021-10-27,OKC,LAL,123.0,115.0,3,594,213,Gediminas Petraitis|Lauren Holtkamp|Scott Foster,36
0022100062,2021,0,2021-10-27,PHX,SAC,107.0,110.0,3,571,204,Eric Lewis|Natalie Sago|Suyash Mehta,34
0022100063,2021,0,2021-10-27,POR,MEM,116.0,96.0,3,623,201,JT Orr|Rodney Mott|Scott Twardoski,39
0022100064,2021,0,2021-10-27,LAC,CLE,79.0,92.0,3,580,194,Derrick Collins|Mousa Dagher|Tre Maddox,35
0022100065,2021,0,2021-10-28,PHI,DET,110.0,102.0,3,547,200,Andy Nagy|JB DeRosa|Tom Washington,40
0022100066,2021,0,2021-10-28,WAS,ATL,122.0,111.0,3,550,204,Ben Taylor|CJ Washington|Derek Richardson,31
0022100067,2021,0,2021-10-28,CHI,NYK,103.0,104.0,3,557,190,David Guthrie|Justin Van Duyne|Nate Green,38
0022100068,2021,0,2021-10-28,HOU,UTA,91.0,122.0,3,582,209,Curtis Blair|Marat Kogut|Mitchell Ervin,43
0022100069,2021,0,2021-10-28,DAL,SAS,104.0,99.0,3,568,193,Brandon Adair|Sean Corbin|Tyler Ford,29
0022100070,2021,0,2021-10-28,GSW,MEM,101.0,104.0,3,603,220,Bill Kennedy|Eric Dalen|Jonathan Sterling,29
0022100071,2021,0,2021-10-29,TOR,ORL,110.0,109.0,3,534,189,Brett Nansel|James Capers|Leon Wood,39
0022100072,2021,0,2021-10-29,BKN,IND,105.0,98.0,3,626,205,Dedric Taylor|Phenizee Ransom|Sean Wright,46
0022100073,2021,0,2021-10-29,MIA,CHA,114.0,99.0,3,566,201,Aaron Smith|Brian Forte|Tony Brothers,32
0022100074,2021,0,2021-10-29,NOP,SAC,109.0,113.0,3,589,204,Kevin Scott|Matt Myers|Mitchell Ervin,35
0022100075,2021,0,2021-10-29,DEN,DAL,106.0,75.0,3,546,204,Bennie Adams|JT Orr|Scott Foster,34
0022100076,2021,0,2021-10-29,POR,LAC,111.0,92.0,3,580,203,Courtney Kirkland|Eric Dalen|Suyash Mehta,30
0022100077,2021,0,2021-10-29,LAL,CLE,113.0,101.0,3,552,187,Eric Lewis|John Butler|Natalie Sago,32
0022100078,2021,0,2021-10-30,WAS,BOS,115.0,112.0,5,702,245,JB DeRosa|John Conley|Zach Zarba,49
0022100079,2021,0,2021-10-30,DET,ORL,110.0,103.0,3,573,200,Brandon Schwab|Lauren Holtkamp|Marc Davis,37
0022100080,2021,0,2021-10-30,NOP,NYK,117.0,123.0,3,534,200,CJ Washington|Curtis Blair|Gediminas Petraitis,42
0022100081,2021,0,2021-10-30,IND,TOR,94.0,97.0,3,548,199,Jenna Schroeder|Nick Buchert|Tom Washington,29
0022100082,2021,0,2021-10-30,PHI,ATL,122.0,94.0,3,568,200,Ed Malloy|Michael Smith|Phenizee Ransom,36
0022100083,2021,0,2021-10-30,CHI,UTA,107.0,99.0,3,590,207,Matt Myers|Scott Wall|Tyler Ford,39
0022100084,2021,0,2021-10-30,MEM,MIA,103.0,129.0,3,568,201,Brent Barnaky|Derek Richardson|Josh Tiven,31
0022100085,2021,0,2021-10-30,MIL,SAS,93.0,102.0,3,649,217,Evan Scott|James Williams|Matt Boland,28
0022100086,2021,0,2021-10-30,GSW,OKC,103.0,82.0,3,552,206,Bill Kennedy|Nate Green|Tre Maddox,26
0022100087,2021,0,2021-10-30,MIN,DEN,91.0,93.0,3,564,193,Justin Van Duyne|Kevin Cutler|Ray Acosta,30
0022100088,2021,0,2021-10-30,PHX,CLE,101.0,92.0,3,555,206,Jonathan Sterling|Rodney Mott|Sean Corbin,32
0022100089,2021,0,2021-10-31,DAL,SAC,105.0,99.0,3,569,194,Derrick Collins|Mousa Dagher|Pat Fraher,35
0022100090,2021,0,2021-10-31,CHA,POR,125.0,113.0,3,557,194,Dedric Taylor|James Capers|John Conley,31
0022100091,2021,0,2021-10-31,MIL,UTA,95.0,107.0,3,552,186,Brett Nansel|Leon Wood|Scott Foster,29
0022100092,2021,0,2021-10-31,BKN,DET,117.0,91.0,3,500,195,Aaron Smith|Mark Lindsay|Scott Twardoski,33
0022100093,2021,0,2021-10-31,LAL,HOU,95.0,85.0,3,617,206,Courtney Kirkland|Eric Dalen|Nate Green,35
0022100094,2021,0,2021-11-01,CHA,CLE,110.0,113.0,3,656,201,Brandon Schwab|Nick Buchert|Pat Fraher,34
0022100095,2021,0,2021-11-01,IND,SAS,131.0,118.0,3,554,201,Danielle Scott|David Guthrie|Jacyn Goble,25
0022100096,2021,0,2021-11-01,PHI,POR,113.0,103.0,3,496,190,Ben Taylor|Evan Scott|Scott Wall,31
0022100097,2021,0,2021-11-01,ATL,WAS,118.0,111.0,3,540,194,Brandon Adair|Marc Davis|Suyash Mehta,38
0022100098,2021,0,2021-11-01,BOS,CHI,114.0,128.0,3,564,204,Ed Malloy|Natalie Sago|Ray Acosta,29
0022100099,2021,0,2021-11-01,NYK,TOR,104.0,113.0,3,525,197,Kevin Cutler|Marat Kogut|Phenizee Ransom,32
0022100100,2021,0,2021-11-01,MEM,DEN,106.0,97.0,2,526,198,Curtis Blair|Jenna Schroeder|Matt Boland,26
0022100101,2021,0,2021-11-01,MIN,ORL,97.0,115.0,3,585,200,Andy Nagy|Mitchell Ervin|Tyler Ford,35
0022100102,2021,0,2021-11-01,LAC,OKC,99.0,94.0,3,573,200,James Williams|Jonathan Sterling|Sean Corbin,30
0022100103,2021,0,2021-11-02,DET,MIL,89.0,117.0,3,618,201,Brian Forte|John Butler|Marat Kogut,39
0022100104,2021,0,2021-11-02,DAL,MIA,110.0,125.0,3,561,190,Brett Nansel|Dedric Taylor|Rodney Mott,43
0022100105,2021,0,2021-11-02,UTA,SAC,119.0,113.0,3,632,210,Bill Kennedy|Michael Smith|Nate Green,43
0022100106,2021,0,2021-11-02,PHX,NOP,112.0,100.0,3,547,204,Courtney Kirkland|Justin Van Duyne|Lauren Holtkamp,31
0022100107,2021,0,2021-11-02,LAL,HOU,119.0,117.0,3,572,216,JB DeRosa|James Williams|Jonathan Sterling,31
0022100108,2021,0,2021-11-03,CLE,POR,107.0,104.0,3,509,191,Danielle Scott|Ray Acosta|Zach Zarba,31
0022100109,2021,0,2021-11-03,IND,NYK,111.0,98.0,3,560,194,Aaron Smith|Ben Taylor|Bennie Adams,36
0022100110,2021,0,2021-11-03,ORL,BOS,79.0,92.0,3,568,191,Brandon Adair|Sean Wright|Tyler Ricks,37
0022100111,2021,0,2021-11-03,PHI,CHI,103.0,98.0,3,515,197,Brian Forte|JT Orr|Scott Twardoski,31
0022100112,2021,0,2021-11-03,WAS,TOR,100.0,109.0,3,550,193,Evan Scott|Mark Lindsay|Natalie Sago,35
0022100113,2021,0,2021-11-03,BKN,ATL,117.0,108.0,3,533,208,Brent Barnaky|Josh Tiven|Matt Boland,27
0022100114,2021,0,2021-11-03,MEM,DEN,108.0,106.0,3,525,193,Brandon Schwab|Karl Lane|Tom Washington,30
0022100115,2021,0,2021-11-03,MIN,LAC,115.0,126.0,3,509,202,Derrick Collins|Jenna Schroeder|Marc Davis,26
0022100116,2021,0,2021-11-03,SAS,DAL,108.0,109.0,3,629,213,CJ Washington|Eric Lewis|Gediminas Petraitis,43
0022100117,2021,0,2021-11-03,GSW,CHA,114.0,92.0,3,578,211,Derek Richardson|JB DeRosa|Kevin Scott,28
0022100118,2021,0,2021-11-03,SAC,NOP,112.0,99.0,2,522,194,Andy Nagy|Sean Corbin|Tony Brothers,32
0022100119,2021,0,2021-11-04,DET,PHI,98.0,109.0,3,521,188,Pat Fraher|Ray Acosta|Tre Maddox,32
0022100120,2021,0,2021-11-04,ATL,UTA,98.0,116.0,3,551,189,Derrick Collins|John Butler|Mark Lindsay,44
0022100121,2021,0,2021-11-04,MIA,BOS,78.0,95.0,2,547,184,Mitchell Ervin|Nick Buchert|Scott Foster,31
0022100122,2021,0,2021-11-04,PHX,HOU,123.0,111.0,3,571,212,Andy Nagy|James Capers|Michael Smith,40
0022100123,2021,0,2021-11-04,LAL,OKC,104.0,107.0,3,584,202,John Conley|Kevin Scott|Lauren Holtkamp,33
0022100124,2021,0,2021-11-05,DET,BKN,90.0,96.0,3,548,200,Bennie Adams|Brian Forte|Eric Lewis,36
0022100125,2021,0,2021-11-05,ORL,SAS,89.0,102.0,3,557,205,Brandon Adair|Nick Buchert|Zach Zarba,24
0022100126,2021,0,2021-11-05,WAS,MEM,115.0,87.0,3,536,202,Gediminas Petraitis|Kevin Cutler|Phenizee Ransom,26
0022100127,2021,0,2021-11-05,TOR,CLE,101.0,102.0,3,558,183,Curtis Blair|JT Orr|Jenna Schroeder,29
0022100128,2021,0,2021-11-05,MIL,NYK,98.0,113.0,2,595,199,Ed Malloy|Scott Twardoski|Tom Washington,35
0022100129,2021,0,2021-11-05,MIN,LAC,84.0,104.0,3,598,209,Ben Taylor|CJ Washington|Marat Kogut,40
0022100130,2021,0,2021-11-05,GSW,NOP,126.0,85.0,3,560,200,David Guthrie|Jacyn Goble|Leon Wood,31
0022100131,2021,0,2021-11-05,POR,IND,110.0,106.0,3,512,194,Justin Van Duyne|Sean Corbin|Tony Brothers,28
0022100132,2021,0,2021-11-05,SAC,CHA,140.0,110.0,3,571,209,Danielle Scott|Rodney Mott|Tyler Ford,36
0022100133,2021,0,2021-11-06,DEN,HOU,95.0,94.0,2,540,197,Evan Scott|Josh Tiven|Lauren Holtkamp,32
0022100134,2021,0,2021-11-06,MIA,UTA,118.0,115.0,3,514,184,Brandon Adair|Ray Acosta|Zach Zarba,36
0022100135,2021,0,2021-11-06,CHI,PHI,105.0,114.0,3,529,195,Bill Kennedy|Brett Nansel|Dedric Taylor,39
0022100136,2021,0,2021-11-06,DAL,BOS,107.0,104.0,3,501,187,John Butler|Scott Wall|Tre Maddox,29
0022100137,2021,0,2021-11-06,PHX,ATL,121.0,117.0,3,557,213,John Conley|Karl Lane|Kevin Scott,36
0022100138,2021,0,2021-11-06,POR,LAL,105.0,90.0,3,590,218,Andy Nagy|James Capers|Michael Smith,35
0022100139,2021,0,2021-11-07,TOR,BKN,103.0,116.0,3,482,190,Brian Forte|Kevin Cutler|Nate Green,29
0022100140,2021,0,2021-11-07,NYK,CLE,109.0,126.0,3,538,199,Natalie Sago|Pat Fraher|Suyash Mehta,30
0022100141,2021,0,2021-11-07,ORL,UTA,107.0,100.0,3,560,195,CJ Washington|Courtney Kirkland|JT Orr,32
0022100142,2021,0,2021-11-07,WAS,MIL,101.0,94.0,3,573,200,JB DeRosa|Jonathan Sterling|Scott Foster,23
0022100143,2021,0,2021-11-07,SAC,IND,91.0,94.0,2,595,193,Marat Kogut|Mitchell Ervin|Sean Wright,39
0022100144,2021,0,2021-11-07,OKC,SAS,99.0,94.0,2,588,206,Bennie Adams|Derrick Collins|James Williams,28
0022100145,2021,0,2021-11-07,GSW,HOU,120.0,107.0,3,587,205,Scott Twardoski|Tony Brothers|Tyler Ford,42
0022100146,2021,0,2021-11-07,LAC,CHA,120.0,106.0,3,609,215,David Guthrie|Jacyn Goble|Matt Myers,35
0022100147,2021,0,2021-11-08,PHI,NYK,96.0,103.0,3,523,191,Brent Barnaky|Marc Davis|Scott Wall,29
0022100148,2021,0,2021-11-08,CHI,BKN,118.0,95.0,3,568,203,Brett Nansel|JB DeRosa|Tre Maddox,31
0022100149,2021,0,2021-11-08,MEM,MIN,125.0,118.0,4,634,213,Bill Kennedy|Dedric Taylor|Leon Wood,44
0022100150,2021,0,2021-11-08,DAL,NOP,108.0,92.0,3,513,189,Lauren Holtkamp|Mark Lindsay|Nick Buchert,27
0022100151,2021,0,2021-11-08,DEN,MIA,113.0,96.0,3,562,192,John Conley|Kevin Scott|Michael Smith,39
0022100152,2021,0,2021-11-08,GSW,ATL,127.0,113.0,3,591,207,James Capers|Marat Kogut|Matt Myers,35
0022100153,2021,0,2021-11-08,SAC,PHX,104.0,109.0,3,570,212,Evan Scott|Jacyn Goble|Josh Tiven,32
0022100154,2021,0,2021-11-08,LAL,CHA,126.0,123.0,4,667,231,Karl Lane|Scott Twardoski|Sean Wright,39
0022100155,2021,0,2021-11-09,PHI,MIL,109.0,118.0,3,585,199,Aaron Smith|Eric Lewis|Sean Corbin,30
0022100156,2021,0,2021-11-09,UTA,ATL,110.0,98.0,3,538,185,Curtis Blair|Derek Richardson|Mitchell Ervin,32
0022100157,2021,0,2021-11-09,LAC,POR,117.0,109.0,3,501,195,David Guthrie|Ray Acosta|Tyler Ford,30
0022100158,2021,0,2021-11-10,CLE,WAS,94.0,97.0,3,570,188,Brandon Adair|Nate Green|Tre Maddox,33
0022100159,2021,0,2021-11-10,ORL,BKN,90.0,123.0,3,573,212,Ben Taylor|Brandon Schwab|Scott Wall,35
0022100160,2021,0,2021-11-10,BOS,TOR,104.0,88.0,3,555,200,Brent Barnaky|CJ Washington|Pat Fraher,28
0022100161,2021,0,2021-11-10,NYK,MIL,100.0,112.0,3,522,191,Brian Forte|James Williams|Phenizee Ransom,33
0022100162,2021,0,2021-11-10,HOU,DET,104.0,112.0,3,604,202,Dedric Taylor|Gediminas Petraitis|Rodney Mott,40
0022100163,2021,0,2021-11-10,CHI,DAL,117.0,107.0,3,543,199,Cheryl Flores|Michael Smith|Zach Zarba,30
0022100164,2021,0,2021-11-10,MEM,CHA,108.0,118.0,3,611,215,Brett Nansel|Derrick Collins|Tony Brothers,33
0022100165,2021,0,2021-11-10,NOP,OKC,100.0,108.0,3,641,200,Jenna Schroeder|Natalie Sago|Scott Foster,39
0022100166,2021,0,2021-11-10,SAS,SAC,136.0,117.0,3,578,207,Leon Wood|Matt Myers|Tom Washington,40
0022100167,2021,0,2021-11-10,DEN,IND,101.0,98.0,3,552,183,Bill Kennedy|Jacyn Goble|Jonathan Sterling,28
0022100168,2021,0,2021-11-10,PHX,POR,119.0,109.0,3,533,197,Bennie Adams|Curtis Blair|Mitchell Ervin,34
0022100169,2021,0,2021-11-10,GSW,MIN,123.0,110.0,3,632,202,John Butler|Karl Lane|Sean Wright,44
0022100170,2021,0,2021-11-10,LAL,MIA,120.0,117.0,3,623,225,JT Orr|Josh Tiven|Marat Kogut,44
0022100171,2021,0,2021-11-11,PHI,TOR,109.0,115.0,3,550,194,Brandon Adair|Mark Lindsay|Suyash Mehta,33
0022100172,2021,0,2021-11-11,UTA,IND,100.0,111.0,3,590,199,Ed Malloy|Ray Acosta|Tyler Ford,37
0022100173,2021,0,2021-11-11,LAC,MIA,112.0,109.0,3,556,198,James Capers|Kevin Cutler|Mousa Dagher,34
0022100174,2021,0,2021-11-12,CHA,NYK,104.0,96.0,3,587,203,CJ Washington|Gediminas Petraitis|Tre Maddox,35
0022100175,2021,0,2021-11-12,BOS,MIL,122.0,113.0,4,574,208,Courtney Kirkland|Dedric Taylor|Nate Green,28
0022100176,2021,0,2021-11-12,CLE,DET,98.0,78.0,3,531,195,Brent Barnaky|Dannica Mosher|Scott Foster,20
0022100177,2021,0,2021-11-12,HOU,POR,92.0,104.0,3,596,201,Jenna Schroeder|Matt Boland|Tony Brothers,46
0022100178,2021,0,2021-11-12,MEM,PHX,94.0,119.0,3,595,209,David Guthrie|Jonathan Sterling|Mark Lindsay,35
0022100179,2021,0,2021-11-12,NOP,BKN,112.0,120.0,3,534,194,Natalie Sago|Phenizee Ransom|Tom Washington,41
0022100180,2021,0,2021-11-12,OKC,SAC,105.0,103.0,3,588,200,Aaron Smith|Justin Van Duyne|Marc Davis,26
0022100181,2021,0,2021-11-12,SAS,DAL,109.0,123.0,3,567,202,Evan Scott|JB DeRosa|Rodney Mott,33
0022100182,2021,0,2021-11-12,DEN,ATL,105.0,96.0,3,552,190,Karl Lane|Ray Acosta|Sean Wright,38
0022100183,2021,0,2021-11-12,GSW,CHI,119.0,93.0,3,550,201,JT Orr|Josh Tiven|Nick Buchert,30
0022100184,2021,0,2021-11-12,LAL,MIN,83.0,107.0,3,579,195,Brett Nansel|Curtis Blair|Derek Richardson,32
0022100185,2021,0,2021-11-13,UTA,MIA,105.0,111.0,3,569,196,Bennie Adams|Pat Fraher|Scott Wall,36
0022100186,2021,0,2021-11-13,IND,PHI,118.0,113.0,2,547,192,John Butler|Kevin Scott|Mitchell Ervin,39
0022100187,2021,0,2021-11-13,ORL,WAS,92.0,104.0,3,555,195,Michael Smith|Sean Corbin|Suyash Mehta,29
0022100188,2021,0,2021-11-13,NOP,MEM,112.0,101.0,3,555,185,Ben Taylor|JB DeRosa|Scott Twardoski,36
0022100189,2021,0,2021-11-13,TOR,DET,121.0,127.0,2,567,194,Andy Nagy|Eric Lewis|Jacyn Goble,44
0022100190,2021,0,2021-11-13,CLE,BOS,91.0,89.0,3,507,193,Gediminas Petraitis|James Williams|John Conley,30
0022100191,2021,0,2021-11-13,LAC,MIN,129.0,102.0,3,549,209,Brandon Schwab|Ed Malloy|Nick Buchert,29
0022100192,2021,0,2021-11-14,LAL,SAS,114.0,106.0,3,537,196,Bill Kennedy|Danielle Scott|Kevin Cutler,27
0022100193,2021,0,2021-11-14,ATL,MIL,120.0,100.0,3,571,196,Justin Van Duyne|Marat Kogut|Tony Brothers,33
0022100194,2021,0,2021-11-14,CHA,GSW,106.0,102.0,3,607,203,David Guthrie|JD Ralls|Mark Lindsay,38
0022100195,2021,0,2021-11-14,HOU,PHX,89.0,115.0,3,600,207,Brian Forte|Derrick Collins|Scott Twardoski,32
0022100196,2021,0,2021-11-14,OKC,BKN,96.0,120.0,3,530,200,Evan Scott|Ray Acosta|Rodney Mott,32
0022100197,2021,0,2021-11-14,DEN,POR,124.0,95.0,3,474,184,Brett Nansel|Derek Richardson|Marc Davis,29
0022100198,2021,0,2021-11-14,LAC,CHI,90.0,100.0,3,542,202,Curtis Blair|Leon Wood|Matt Boland,31
0022100199,2021,0,2021-11-15,CLE,BOS,92.0,98.0,3,521,194,Marat Kogut|Phenizee Ransom|Tony Brothers,33
0022100200,2021,0,2021-11-15,DET,SAC,107.0,129.0,3,557,206,Brandon Adair|Jenna Schroeder|Zach Zarba,26
0022100201,2021,0,2021-11-15,WAS,NOP,105.0,100.0,3,553,189,Karl Lane|Matt Myers|Sean Wright,46
0022100202,2021,0,2021-11-15,ATL,ORL,129.0,111.0,3,593,205,Andy Nagy|Gediminas Petraitis|Kane Fitzgerald,43
0022100203,2021,0,2021-11-15,NYK,IND,92.0,84.0,3,517,182,JB DeRosa|Lauren Holtkamp|Sean Corbin,28
0022100204,2021,0,2021-11-15,DAL,DEN,111.0,101.0,3,506,189,CJ Washington|Derrick Collins|Kevin Scott,33
0022100205,2021,0,2021-11-15,MEM,HOU,136.0,102.0,3,587,213,John Butler|Natalie Sago|Tyler Ford,33
0022100206,2021,0,2021-11-15,MIN,PHX,96.0,99.0,3,616,207,Aaron Smith|Cheryl Flores|James Capers,45
0022100207,2021,0,2021-11-15,OKC,MIA,90.0,103.0,3,536,198,Brent Barnaky|Courtney Kirkland|Matt Kallio,19
0022100208,2021,0,2021-11-15,POR,TOR,118.0,113.0,3,495,188,Brandon Schwab|Ed Malloy|Nick Buchert,30
0022100209,2021,0,2021-11-15,LAL,CHI,103.0,121.0,3,558,211,Bennie Adams|Pat Fraher|Scott Wall,33
0022100210,2021,0,2021-11-16,BKN,GSW,99.0,117.0,3,576,212,Eric Lewis|Justin Van Duyne|Mitchell Ervin,42
0022100211,2021,0,2021-11-16,UTA,PHI,120.0,85.0,3,534,200,Kevin Cutler|Matt Boland|Scott Foster,34
0022100212,2021,0,2021-11-16,LAC,SAS,106.0,92.0,3,549,216,Dedric Taylor|Marc Davis|Scott Twardoski,27
0022100213,2021,0,2021-11-17,CHA,WAS,97.0,87.0,3,565,189,Dannica Mosher|Kane Fitzgerald|Ray Acosta,26
0022100214,2021,0,2021-11-17,DET,IND,97.0,89.0,2,555,194,James Capers|Matt Myers|Michael Smith,39
0022100215,2021,0,2021-11-17,ATL,BOS,110.0,99.0,2,520,190,Leon Wood|Suyash Mehta|Zach Zarba,33
0022100216,2021,0,2021-11-17,BKN,CLE,109.0,99.0,3,524,200,Andy Nagy|Ben Taylor|Karl Lane,36
0022100217,2021,0,2021-11-17,MIA,NOP,113.0,98.0,3,550,192,Brian Forte|Jonathan Sterling|Marat Kogut,39
0022100218,2021,0,2021-11-17,NYK,ORL,98.0,104.0,3,556,199,Courtney Kirkland|Derek Richardson|Nate Green,33
0022100219,2021,0,2021-11-17,MIL,LAL,109.0,102.0,3,567,209,Brandon Adair|Brent Barnaky|David Guthrie,29
0022100220,2021,0,2021-11-17,MIN,SAC,107.0,97.0,3,590,194,James Williams|John Butler|Mark Lindsay,42
0022100221,2021,0,2021-11-17,OKC,HOU,101.0,89.0,3,568,204,CJ Washington|JT Orr|Tom Washington,29
0022100222,2021,0,2021-11-17,PHX,DAL,105.0,98.0,3,514,192,Pat Fraher|Scott Wall|Tre Maddox,20
0022100223,2021,0,2021-11-17,POR,CHI,112.0,107.0,3,558,198,Mousa Dagher|Natalie Sago|Scott Foster,35
0022100224,2021,0,2021-11-18,CLE,GSW,89.0,104.0,3,528,184,Bennie Adams|Ed Malloy|Lauren Holtkamp,26
0022100225,2021,0,2021-11-18,MIA,WAS,112.0,97.0,3,498,190,Brandon Schwab|Jacyn Goble|Nick Buchert,30
0022100226,2021,0,2021-11-18,MEM,LAC,120.0,108.0,3,514,194,John Conley|Mitchell Ervin|Zach Zarba,26
0022100227,2021,0,2021-11-18,MIN,SAS,115.0,90.0,3,549,191,Brandon Adair|Matt Boland|Sean Corbin,26
0022100228,2021,0,2021-11-18,DEN,PHI,89.0,103.0,3,515,188,John Butler|Pat Fraher|Scott Twardoski,31
0022100229,2021,0,2021-11-18,UTA,TOR,119.0,103.0,2,545,198,Dedric Taylor|Marc Davis|Natalie Sago,28
0022100230,2021,0,2021-11-19,CHA,IND,121.0,118.0,3,606,213,Brian Forte|Justin Van Duyne|Marat Kogut,46
0022100231,2021,0,2021-11-19,DET,GSW,102.0,105.0,3,585,186,Brent Barnaky|Josh Tiven|Nate Green,42
0022100232,2021,0,2021-11-19,BOS,LAL,130.0,108.0,3,574,201,Ray Acosta|Sean Wright|Tyler Ford,45
0022100233,2021,0,2021-11-19,BKN,ORL,115.0,113.0,3,594,197,Curtis Blair|Jonathan Sterling|Leon Wood,41
0022100234,2021,0,2021-11-19,MIL,OKC,96.0,89.0,3,610,197,Eric Lewis|Gediminas Petraitis|Matt Myers,36
0022100235,2021,0,2021-11-19,NOP,LAC,94.0,81.0,3,521,187,James Capers|Scott Wall|Suyash Mehta,24
0022100236,2021,0,2021-11-19,DEN,CHI,108.0,114.0,3,528,197,JB DeRosa|James Williams|Scott Twardoski,35
0022100237,2021,0,2021-11-19,PHX,DAL,112.0,104.0,3,577,202,Bill Kennedy|Evan Scott|Kevin Cutler,38
0022100238,2021,0,2021-11-19,SAC,TOR,89.0,108.0,3,572,195,Aaron Smith|Brett Nansel|Rodney Mott,40
0022100239,2021,0,2021-11-20,NYK,HOU,106.0,99.0,3,575,204,Bennie Adams|Curtis Blair|Karl Lane,38
0022100240,2021,0,2021-11-20,IND,NOP,111.0,94.0,3,541,207,Brandon Adair|Jenna Schroeder|Josh Tiven,27
0022100241,2021,0,2021-11-20,WAS,MIA,103.0,100.0,3,534,186,Andy Nagy|Jacyn Goble|Scott Foster,40
0022100242,2021,0,2021-11-20,ATL,CHA,115.0,105.0,2,556,196,Brandon Schwab|Brian Forte|Courtney Kirkland,38
0022100243,2021,0,2021-11-20,BOS,OKC,111.0,105.0,3,542,190,Derek Richardson|Mark Lindsay|Nick Buchert,26
0022100244,2021,0,2021-11-20,MIL,ORL,117.0,108.0,2,585,208,Mitchell Ervin|Ray Acosta|Sean Corbin,38
0022100245,2021,0,2021-11-20,MIN,MEM,138.0,95.0,3,586,199,Ben Taylor|Gediminas Petraitis|Suyash Mehta,48
0022100246,2021,0,2021-11-20,POR,PHI,118.0,111.0,3,537,193,Brett Nansel|Dedric Taylor|Marc Davis,40
0022100247,2021,0,2021-11-20,SAC,UTA,105.0,123.0,3,559,195,Lauren Holtkamp|Mousa Dagher|Tre Maddox,30
0022100248,2021,0,2021-11-21,LAC,DAL,97.0,91.0,3,533,185,JB DeRosa|James Williams|Nate Green,31
0022100249,2021,0,2021-11-21,DET,LAL,116.0,121.0,3,578,210,Justin Van Duyne|Phenizee Ransom|Scott Foster,38
0022100250,2021,0,2021-11-21,CHI,NYK,109.0,103.0,3,584,191,Jonathan Sterling|Marat Kogut|Sean Wright,46
0022100251,2021,0,2021-11-21,PHX,DEN,126.0,97.0,1,565,197,Kane Fitzgerald|Mousa Dagher|Natalie Sago,38
0022100252,2021,0,2021-11-21,GSW,TOR,119.0,104.0,3,578,194,Aaron Smith|Bill Kennedy|Evan Scott,34
0022100253,2021,0,2021-11-22,CLE,BKN,112.0,117.0,3,609,208,Courtney Kirkland|Jenna Schroeder|Justin Van Duyne,36
0022100254,2021,0,2021-11-22,WAS,CHA,103.0,109.0,3,598,208,Derek Richardson|John Conley|Mark Lindsay,39
0022100255,2021,0,2021-11-22,ATL,OKC,113.0,101.0,3,535,190,Curtis Blair|Matt Boland|Phenizee Ransom,31
0022100256,2021,0,2021-11-22,BOS,HOU,108.0,90.0,3,558,209,Brian Forte|Matt Myers|Michael Smith,38
0022100257,2021,0,2021-11-22,CHI,IND,77.0,109.0,3,533,191,JD Ralls|Leon Wood|Pat Fraher,29
0022100258,2021,0,2021-11-22,MIL,ORL,123.0,92.0,3,583,198,Jacyn Goble|Rodney Mott|Suyash Mehta,36
0022100259,2021,0,2021-11-22,NOP,MIN,96.0,110.0,3,631,203,Brent Barnaky|Danielle Scott|Tyler Ford,42
0022100260,2021,0,2021-11-22,SAS,PHX,111.0,115.0,3,539,201,Andy Nagy|Mitchell Ervin|Tre Maddox,28
0022100261,2021,0,2021-11-22,UTA,MEM,118.0,119.0,3,577,201,Brett Nansel|Dedric Taylor|James Williams,39
0022100262,2021,0,2021-11-22,SAC,PHI,94.0,102.0,3,555,188,JB DeRosa|John Butler|Kevin Cutler,38
0022100263,2021,0,2021-11-23,DET,MIA,92.0,100.0,2,535,188,Ed Malloy|Karl Lane|Matt Kallio,38
0022100264,2021,0,2021-11-23,NYK,LAL,106.0,100.0,3,566,201,Josh Tiven|Nick Buchert|Scott Wall,38
0022100265,2021,0,2021-11-23,POR,DEN,119.0,100.0,3,526,190,Aaron Smith|Brandon Adair|David Guthrie,30
0022100266,2021,0,2021-11-23,LAC,DAL,104.0,112.0,4,634,203,Kane Fitzgerald|Natalie Sago|Scott Twardoski,40
0022100267,2021,0,2021-11-24,CLE,PHX,115.0,120.0,2,586,205,Ray Acosta|Sean Corbin|Suyash Mehta,41
0022100268,2021,0,2021-11-24,IND,LAL,116.0,124.0,4,661,223,Karl Lane|Matt Kallio|Rodney Mott,43
0022100269,2021,0,2021-11-24,ORL,CHA,99.0,106.0,3,561,201,Lauren Holtkamp|Matt Myers|Tyler Ford,33
0022100270,2021,0,2021-11-24,BOS,BKN,104.0,123.0,3,565,197,Evan Scott|Matt Boland|Tony Brothers,45
0022100271,2021,0,2021-11-24,HOU,CHI,118.0,113.0,3,562,217,Brent Barnaky|Phenizee Ransom|Tre Maddox,32
0022100272,2021,0,2021-11-24,MEM,TOR,113.0,126.0,3,559,191,James Capers|Mitchell Ervin|Robert Hussey,38
0022100273,2021,0,2021-11-24,MIL,DET,114.0,93.0,3,569,205,Bill Kennedy|Danielle Scott|Kevin Cutler,32
0022100274,2021,0,2021-11-24,MIN,MIA,113.0,101.0,3,581,207,Andy Nagy|Curtis Blair|Michael Smith,39
0022100275,2021,0,2021-11-24,NOP,WAS,127.0,102.0,3,606,217,Cheryl Flores|Dedric Taylor|Eric Lewis,47
0022100276,2021,0,2021-11-24,OKC,UTA,104.0,110.0,1,548,199,Brandon Schwab|Marat Kogut|Marc Davis,31
0022100277,2021,0,2021-11-24,SAS,ATL,106.0,124.0,2,544,200,Gediminas Petraitis|Jacyn Goble|Kevin Scott,27
0022100278,2021,0,2021-11-24,GSW,PHI,116.0,96.0,2,598,204,Ben Taylor|Brandon Adair|Kane Fitzgerald,38
0022100279,2021,0,2021-11-24,SAC,POR,125.0,121.0,3,593,205,Derrick Collins|James Williams|Jonathan Sterling,45
0022100280,2021,0,2021-11-26,LAC,DET,107.0,96.0,3,550,208,Brandon Adair|Brian Forte|Mousa Dagher,40
0022100281,2021,0,2021-11-26,CHA,MIN,133.0,115.0,3,580,208,Robert Hussey|Scott Foster|Scott Wall,35
0022100282,2021,0,2021-11-26,NYK,PHX,97.0,118.0,3,542,195,JT Orr|Matt Boland|Rodney Mott,37
0022100283,2021,0,2021-11-26,ORL,CHI,88.0,123.0,3,543,200,Eric Lewis|Jenna Reneau|Kevin Cutler,37
0022100284,2021,0,2021-11-26,IND,TOR,114.0,97.0,3,555,191,Bennie Adams|Bill Kennedy|Mark Lindsay,34
0022100285,2021,0,2021-11-26,MEM,ATL,100.0,132.0,3,544,203,Danielle Scott|Michael Smith|Sean Wright,31
0022100286,2021,0,2021-11-26,OKC,WAS,99.0,101.0,2,523,192,Derrick Collins|Marat Kogut|Tre Maddox,24
0022100287,2021,0,2021-11-26,SAS,BOS,96.0,88.0,3,580,194,Lauren Holtkamp|Marc Davis|Phenizee Ransom,32
0022100288,2021,0,2021-11-26,DEN,MIL,109.0,120.0,3,524,192,Gediminas Petraitis|Jonathan Sterling|Josh Tiven,27
0022100289,2021,0,2021-11-26,UTA,NOP,97.0,98.0,3,554,195,Derek Richardson|Justin Van Duyne|Kevin Scott,34
0022100290,2021,0,2021-11-26,GSW,POR,118.0,103.0,3,514,198,Andy Nagy|Leon Wood|Zach Zarba,30
0022100291,2021,0,2021-11-26,LAL,SAC,137.0,141.0,6,731,251,Ben Taylor|Brett Nansel|David Guthrie,50
0022100292,2021,0,2021-11-27,PHI,MIN,120.0,121.0,5,684,228,Jacyn Goble|Mitchell Ervin|Sean Corbin,49
0022100293,2021,0,2021-11-27,ATL,NYK,90.0,99.0,3,520,190,Ed Malloy|Jenna Reneau|Kevin Cutler,32
0022100294,2021,0,2021-11-27,BKN,PHX,107.0,113.0,3,533,206,Aaron Smith|JB DeRosa|Pat Fraher,31
0022100295,2021,0,2021-11-27,CLE,ORL,105.0,92.0,3,561,196,Evan Scott|James Capers|Tom Washington,30
0022100296,2021,0,2021-11-27,CHI,MIA,104.0,107.0,3,560,198,Danielle Scott|Dedric Taylor|James Williams,34
0022100297,2021,0,2021-11-27,HOU,CHA,146.0,143.0,4,634,220,Courtney Kirkland|Jenna Schroeder|Ray Acosta,44
0022100298,2021,0,2021-11-27,DAL,WAS,114.0,120.0,3,531,194,Brandon Schwab|John Goble|Karl Lane,38
0022100299,2021,0,2021-11-27,UTA,NOP,127.0,105.0,3,554,205,Ben Taylor|David Guthrie|Jonathan Sterling,39
0022100300,2021,0,2021-11-28,LAC,GSW,90.0,105.0,3,592,201,Brian Forte|Gediminas Petraitis|Kevin Scott,41
0022100301,2021,0,2021-11-28,IND,MIL,100.0,118.0,3,571,203,Robert Hussey|Scott Wall|Sean Wright,31
0022100302,2021,0,2021-11-28,TOR,BOS,97.0,109.0,3,578,196,Dannica Mosher|Michael Smith|Scott Foster,37
0022100303,2021,0,2021-11-28,MEM,SAC,128.0,101.0,3,629,214,Brent Barnaky|Lauren Holtkamp|Tre Maddox,40
0022100304,2021,0,2021-11-28,LAL,DET,110.0,106.0,3,551,207,Andy Nagy|Derek Richardson|Zach Zarba,35
0022100305,2021,0,2021-11-29,PHI,ORL,101.0,96.0,3,553,207,Curtis Blair|Matt Boland|Nick Buchert,37
0022100306,2021,0,2021-11-29,MIA,DEN,111.0,120.0,3,498,186,Aaron Smith|Kevin Cutler|Pat Fraher,31
0022100307,2021,0,2021-11-29,CHI,CHA,133.0,119.0,3,521,204,Jacyn Goble|Suyash Mehta|Tony Brothers,32
0022100308,2021,0,2021-11-29,HOU,OKC,102.0,89.0,3,588,208,John Goble|Mitchell Ervin|Tyler Ricks,29
0022100309,2021,0,2021-11-29,MIN,IND,100.0,98.0,2,584,203,Eric Lewis|JT Orr|Jonathan Sterling,36
0022100310,2021,0,2021-11-29,DAL,CLE,96.0,114.0,3,545,201,Brent Barnaky|Marat Kogut|Tyler Ford,30
0022100311,2021,0,2021-11-29,SAS,WAS,116.0,99.0,3,539,183,Brett Nansel|Courtney Kirkland|Derrick Collins,28
0022100312,2021,0,2021-11-29,UTA,POR,129.0,107.0,2,528,192,John Butler|Josh Tiven|Karl Lane,36
0022100313,2021,0,2021-11-29,LAC,NOP,104.0,123.0,3,506,186,Bennie Adams|Leon Wood|Zach Zarba,34
0022100314,2021,0,2021-11-30,BKN,NYK,112.0,110.0,3,540,188,Jason Goldenberg|Mark Lindsay|Scott Foster,31
0022100315,2021,0,2021-11-30,TOR,MEM,91.0,98.0,3,623,200,John Conley|Rodney Mott|Tom Washington,32
0022100316,2021,0,2021-11-30,PHX,GSW,104.0,96.0,3,555,192,Derek Richardson|Josh Tiven|Karl Lane,23
0022100317,2021,0,2021-11-30,POR,DET,110.0,92.0,2,572,199,Gediminas Petraitis|Justin Van Duyne|Kevin Scott,36
0022100318,2021,0,2021-11-30,SAC,LAL,92.0,117.0,3,577,200,Bill Kennedy|Brian Forte|Mousa Dagher,36
0022100319,2021,0,2021-12-01,IND,ATL,111.0,114.0,3,524,197,Brent Barnaky|Dannica Mosher|Tony Brothers,30
0022100320,2021,0,2021-12-01,ORL,DEN,108.0,103.0,2,499,199,Dedric Taylor|James Williams|Suyash Mehta,32
0022100321,2021,0,2021-12-01,WAS,MIN,115.0,107.0,3,584,200,Brandon Adair|Lauren Holtkamp|Sean Wright,40
0022100322,2021,0,2021-12-01,BOS,PHI,88.0,87.0,3,527,187,Aaron Smith|JB DeRosa|Kane Fitzgerald,30
0022100323,2021,0,2021-12-01,MIA,CLE,85.0,111.0,2,519,187,David Guthrie|Jonathan Sterling|Sean Corbin,31
0022100324,2021,0,2021-12-01,MIL,CHA,127.0,125.0,3,588,215,Brett Nansel|James Capers|Natalie Sago,38
0022100325,2021,0,2021-12-01,NOP,DAL,107.0,139.0,3,505,192,Andy Nagy|JT Orr|Marc Davis,30
0022100326,2021,0,2021-12-01,OKC,HOU,110.0,114.0,3,596,197,CJ Washington|Mitchell Ervin|Zach Zarba,42
0022100327,2021,0,2021-12-01,LAC,SAC,115.0,124.0,3,541,202,Courtney Kirkland|Derrick Collins|Robert Hussey,29
0022100328,2021,0,2021-12-02,NYK,CHI,115.0,119.0,3,564,202,Ben Taylor|Natalie Sago|Tyler Ford,36
0022100329,2021,0,2021-12-02,TOR,MIL,97.0,93.0,3,598,181,Cheryl Flores|Curtis Blair|Pat Fraher,31
0022100330,2021,0,2021-12-02,MEM,OKC,152.0,79.0,3,543,198,Evan Scott|Josh Tiven|Karl Lane,29
0022100331,2021,0,2021-12-02,PHX,DET,114.0,103.0,3,528,197,Eric Lewis|Matt Myers|Michael Smith,39
0022100332,2021,0,2021-12-02,POR,SAS,83.0,114.0,3,562,203,Brian Forte|Phenizee Ransom|Tre Maddox,33
0022100333,2021,0,2021-12-03,IND,MIA,104.0,113.0,3,517,181,Brett Nansel|JB DeRosa|James Williams,37
0022100334,2021,0,2021-12-03,WAS,CLE,101.0,116.0,3,539,191,CJ Washington|John Goble|Matt Boland,35
0022100335,2021,0,2021-12-03,ATL,PHI,96.0,98.0,3,564,185,David Guthrie|Mousa Dagher|Tyler Ford,40
0022100336,2021,0,2021-12-03,BKN,MIN,110.0,105.0,3,608,209,Dedric Taylor|Kane Fitzgerald|Nick Buchert,49
0022100337,2021,0,2021-12-03,HOU,ORL,118.0,116.0,3,544,201,Marat Kogut|Mark Lindsay|Sean Wright,31
0022100338,2021,0,2021-12-03,DAL,NOP,91.0,107.0,3,595,198,Brandon Adair|Jacyn Goble|Tony Brothers,43
0022100339,2021,0,2021-12-03,UTA,BOS,137.0,130.0,3,528,201,Courtney Kirkland|Derrick Collins|Leon Wood,41
0022100340,2021,0,2021-12-03,GSW,PHX,118.0,96.0,2,588,198,Bennie Adams|Bill Kennedy|JT Orr,38
0022100341,2021,0,2021-12-03,LAL,LAC,115.0,119.0,3,529,189,Eric Lewis|Justin Van Duyne|Kevin Cutler,36
0022100342,2021,0,2021-12-04,NYK,DEN,99.0,113.0,3,497,179,Andy Nagy|Brent Barnaky|Tom Washington,29
0022100343,2021,0,2021-12-04,BKN,CHI,107.0,111.0,3,571,200,Gediminas Petraitis|Marc Davis|Mitchell Ervin,31
0022100344,2021,0,2021-12-04,MIL,MIA,124.0,102.0,3,593,200,Derek Richardson|Kevin Scott|Tre Maddox,35
0022100345,2021,0,2021-12-04,DAL,MEM,90.0,97.0,3,609,194,Mark Lindsay|Sean Wright|Suyash Mehta,38
0022100346,2021,0,2021-12-04,GSW,SAS,107.0,112.0,3,576,201,James Capers|Robert Hussey|Sean Corbin,33
0022100347,2021,0,2021-12-04,POR,BOS,117.0,145.0,3,551,197,Kevin Cutler|Matt Myers|Rodney Mott,40
0022100348,2021,0,2021-12-04,SAC,LAC,104.0,99.0,1,585,205,Michael Smith|Phenizee Ransom|Scott Foster,42
0022100349,2021,0,2021-12-05,CLE,UTA,108.0,109.0,3,524,189,Curtis Blair|Matt Kallio|Pat Fraher,21
0022100350,2021,0,2021-12-05,ATL,CHA,127.0,130.0,3,526,203,Aaron Smith|Brian Forte|Zach Zarba,36
0022100351,2021,0,2021-12-05,TOR,WAS,102.0,90.0,3,529,187,Kane Fitzgerald|Mousa Dagher|Tyler Ford,41
0022100352,2021,0,2021-12-05,HOU,NOP,118.0,108.0,3,584,185,Derrick Collins|Eric Lewis|Jenna Reneau,46
0022100353,2021,0,2021-12-06,CHA,PHI,124.0,127.0,3,595,207,Brandon Adair|Jacyn Goble|Josh Tiven,35
0022100354,2021,0,2021-12-06,DET,OKC,103.0,114.0,3,560,202,Courtney Kirkland|JB DeRosa|John Conley,36
0022100355,2021,0,2021-12-06,IND,WAS,116.0,110.0,3,538,183,David Guthrie|Derek Richardson|Mitchell Ervin,38
0022100356,2021,0,2021-12-06,MIA,MEM,90.0,105.0,3,570,199,Bill Kennedy|Brian Forte|Jenna Schroeder,31
0022100357,2021,0,2021-12-06,CHI,DEN,109.0,97.0,3,555,197,Kevin Cutler|Nick Buchert|Sean Wright,31
0022100358,2021,0,2021-12-06,MIL,CLE,112.0,104.0,3,563,206,Jason Goldenberg|Lauren Holtkamp|Mark Lindsay,34
0022100359,2021,0,2021-12-06,MIN,ATL,110.0,121.0,3,545,198,Kevin Scott|Phenizee Ransom|Tre Maddox,36
0022100360,2021,0,2021-12-06,PHX,SAS,108.0,104.0,3,588,205,James Williams|Justin Van Duyne|Suyash Mehta,29
0022100361,2021,0,2021-12-06,GSW,ORL,126.0,95.0,2,552,208,Michael Smith|Rodney Mott|Tyler Ricks,37
0022100362,2021,0,2021-12-06,POR,LAC,90.0,102.0,3,541,199,Ben Taylor|John Butler|Sean Corbin,36
0022100363,2021,0,2021-12-07,DAL,BKN,99.0,102.0,3,524,187,Aaron Smith|Tom Washington|Zach Zarba,36
0022100364,2021,0,2021-12-07,SAS,NYK,109.0,121.0,3,550,194,Derrick Collins|Eric Lewis|JD Ralls,35
0022100365,2021,0,2021-12-07,LAL,BOS,117.0,102.0,3,555,199,Curtis Blair|JT Orr|Scott Foster,32
0022100366,2021,0,2021-12-08,CHA,PHI,106.0,110.0,3,539,196,Bill Kennedy|Derek Richardson|Karl Lane,40
0022100367,2021,0,2021-12-08,CLE,CHI,115.0,92.0,3,546,195,Courtney Kirkland|Jonathan Sterling|Nick Buchert,33
0022100368,2021,0,2021-12-08,DET,WAS,116.0,119.0,3,610,206,Cheryl Flores|Jacyn Goble|James Williams,38
0022100369,2021,0,2021-12-08,IND,NYK,122.0,102.0,3,552,195,Brandon Adair|JB DeRosa|Marc Davis,38
0022100370,2021,0,2021-12-08,MIA,MIL,113.0,104.0,3,550,201,Dedric Taylor|Kane Fitzgerald|Mitchell Ervin,34
0022100371,2021,0,2021-12-08,TOR,OKC,109.0,110.0,3,532,198,CJ Washington|David Guthrie|Mark Lindsay,35
0022100372,2021,0,2021-12-08,HOU,BKN,114.0,104.0,3,589,188,Brandon Schwab|Josh Tiven|Tyler Ford,43
0022100373,2021,0,2021-12-08,MEM,DAL,96.0,104.0,3,597,191,John Goble|Matt Boland|Sean Corbin,41
0022100374,2021,0,2021-12-08,MIN,UTA,104.0,136.0,3,555,208,Gediminas Petraitis|Kevin Cutler|Phenizee Ransom,32
0022100375,2021,0,2021-12-08,NOP,DEN,114.0,120.0,4,570,214,Brian Forte|Lauren Holtkamp|Zach Zarba,37
0022100376,2021,0,2021-12-08,GSW,POR,104.0,94.0,3,560,204,Curtis Blair|Justin Van Duyne|Scott Foster,38
0022100377,2021,0,2021-12-08,SAC,ORL,142.0,130.0,3,560,204,Ben Taylor|JT Orr|Suyash Mehta,38
0022100378,2021,0,2021-12-08,LAC,BOS,114.0,111.0,3,593,211,Andy Nagy|Michael Smith|Tre Maddox,32
0022100379,2021,0,2021-12-09,PHI,UTA,96.0,118.0,3,564,190,Brent Barnaky|Leon Wood|Rodney Mott,33
0022100380,2021,0,2021-12-09,MEM,LAL,108.0,95.0,3,566,203,Bennie Adams|Pat Fraher|Tom Washington,28
0022100381,2021,0,2021-12-09,SAS,DEN,123.0,111.0,2,560,198,Kevin Scott|Mousa Dagher|Tyler Ford,38
0022100382,2021,0,2021-12-10,CHA,SAC,124.0,123.0,3,573,203,Dedric Taylor|John Butler|Sean Wright,37
0022100383,2021,0,2021-12-10,IND,DAL,106.0,93.0,3,516,182,Eric Lewis|Matt Kallio|Nick Buchert,33
0022100384,2021,0,2021-12-10,ATL,BKN,105.0,113.0,3,581,206,Ben Taylor|James Williams|Lauren Holtkamp,40
0022100385,2021,0,2021-12-10,TOR,NYK,90.0,87.0,3,526,183,Courtney Kirkland|Jonathan Sterling|Karl Lane,31
0022100386,2021,0,2021-12-10,HOU,MIL,114.0,123.0,2,596,204,Matt Boland|Matt Myers|Zach Zarba,43
0022100387,2021,0,2021-12-10,MIN,CLE,106.0,123.0,3,581,210,Aaron Smith|David Guthrie|Derek Richardson,39
0022100388,2021,0,2021-12-10,NOP,DET,109.0,93.0,3,542,200,Bill Kennedy|CJ Washington|Curtis Blair,25
0022100389,2021,0,2021-12-10,OKC,LAL,95.0,116.0,3,564,198,John Goble|Ray Acosta|Sean Corbin,29
0022100390,2021,0,2021-12-10,PHX,BOS,111.0,90.0,3,589,201,James Capers|Kevin Cutler|Natalie Sago,32
0022100391,2021,0,2021-12-11,LAC,ORL,106.0,104.0,2,497,184,Danielle Scott|Jacyn Goble|Tyler Ford,27
0022100392,2021,0,2021-12-11,WAS,UTA,98.0,123.0,3,542,198,Justin Van Duyne|Nick Buchert|Scott Foster,26
0022100393,2021,0,2021-12-11,CLE,SAC,117.0,103.0,3,589,217,Bennie Adams|Eric Lewis|Mark Lindsay,39
0022100394,2021,0,2021-12-11,MIA,CHI,118.0,92.0,2,534,188,Derrick Collins|John Conley|Rodney Mott,30
0022100395,2021,0,2021-12-11,MEM,HOU,113.0,106.0,3,573,184,JT Orr|Suyash Mehta|Tony Brothers,45
0022100396,2021,0,2021-12-11,PHI,GSW,102.0,93.0,3,538,188,David Guthrie|Ed Malloy|Marat Kogut,35
0022100397,2021,0,2021-12-11,SAS,DEN,112.0,127.0,3,581,199,Jenna Schroeder|Kane Fitzgerald|Tom Washington,37
0022100398,2021,0,2021-12-12,NYK,MIL,97.0,112.0,2,530,193,Brett Nansel|Brian Forte|Josh Tiven,25
0022100399,2021,0,2021-12-12,DET,BKN,104.0,116.0,3,573,209,Karl Lane|Kevin Scott|Ray Acosta,34
0022100400,2021,0,2021-12-12,OKC,DAL,84.0,103.0,3,570,189,Bill Kennedy|John Butler|Natalie Sago,40
0022100401,2021,0,2021-12-12,SAS,NOP,112.0,97.0,3,565,195,Dedric Taylor|Mitchell Ervin|Pat Fraher,33
0022100402,2021,0,2021-12-12,POR,MIN,111.0,116.0,3,583,202,Jacyn Goble|Scott Twardoski|Tyler Ford,41
0022100403,2021,0,2021-12-12,LAL,ORL,106.0,94.0,3,551,197,Brent Barnaky|Matt Boland|Sean Wright,29
0022100404,2021,0,2021-12-13,CLE,MIA,105.0,94.0,3,518,188,CJ Washington|Josh Tiven|Marat Kogut,26
0022100405,2021,0,2021-12-13,IND,GSW,100.0,102.0,3,601,191,Courtney Kirkland|Jenna Reneau|Michael Smith,41
0022100406,2021,0,2021-12-13,TOR,SAC,124.0,101.0,2,531,203,John Goble|Lauren Holtkamp|Leon Wood,34
0022100407,2021,0,2021-12-13,ATL,HOU,126.0,132.0,3,593,210,Derrick Collins|Evan Scott|Rodney Mott,48
0022100408,2021,0,2021-12-13,BOS,MIL,117.0,103.0,3,546,197,Curtis Blair|JT Orr|Kevin Scott,28
0022100409,2021,0,2021-12-13,MEM,PHI,126.0,91.0,3,547,201,Andy Nagy|Eric Lewis|Mark Lindsay,36
0022100410,2021,0,2021-12-13,DAL,CHA,120.0,96.0,3,530,173,Mitchell Ervin|Mousa Dagher|Pat Fraher,35
0022100411,2021,0,2021-12-13,DEN,WAS,113.0,107.0,3,569,201,Dannica Mosher|Eric Dalen|Tony Brothers,41
0022100412,2021,0,2021-12-13,LAC,PHX,111.0,95.0,3,580,194,Bennie Adams|Brent Barnaky|Kane Fitzgerald,39
0022100413,2021,0,2021-12-14,BKN,TOR,131.0,129.0,4,593,219,Brett Nansel|Ed Malloy|JT Orr,40
0022100414,2021,0,2021-12-14,NYK,GSW,96.0,105.0,3,537,185,Ray Acosta|Sean Corbin|Zach Zarba,40
0022100415,2021,0,2022-01-11,CHI,DET,133.0,87.0,3,585,209,Brian Forte|Evan Scott|Michael Smith,39
0022100416,2021,0,2021-12-14,POR,PHX,107.0,111.0,4,576,213,Jacyn Goble|Matt Boland|Sean Wright,39
0022100417,2021,0,2021-12-15,CLE,HOU,124.0,89.0,3,568,196,John Goble|Lauren Holtkamp|Leon Wood,42
0022100418,2021,0,2021-12-15,ORL,ATL,99.0,111.0,3,536,199,Andy Nagy|Karl Lane|Pat Fraher,29
0022100419,2021,0,2021-12-15,PHI,MIA,96.0,101.0,3,510,183,Aaron Smith|Curtis Blair|Justin Van Duyne,32
0022100420,2021,0,2021-12-15,DAL,LAL,104.0,107.0,4,598,213,Brian Forte|James Williams|Marat Kogut,36
0022100421,2021,0,2021-12-15,MIL,IND,114.0,99.0,3,537,193,Brandon Schwab|Derrick Collins|James Capers,26
0022100422,2021,0,2021-12-15,OKC,NOP,110.0,113.0,3,606,200,Jenna Schroeder|Josh Tiven|Michael Smith,41
0022100423,2021,0,2021-12-15,SAS,CHA,115.0,131.0,3,519,198,Gediminas Petraitis|John Conley|Tony Brothers,29
0022100424,2021,0,2021-12-15,DEN,MIN,107.0,124.0,3,540,202,Mark Lindsay|Mitchell Ervin|Nick Buchert,34
0022100425,2021,0,2021-12-15,UTA,LAC,124.0,103.0,3,561,202,Eric Dalen|Mousa Dagher|Sean Wright,40
0022100426,2021,0,2021-12-15,POR,MEM,103.0,113.0,3,567,204,Brent Barnaky|Danielle Scott|Kane Fitzgerald,38
0022100427,2021,0,2021-12-15,SAC,WAS,119.0,105.0,3,559,200,Jacyn Goble|Kevin Cutler|Matt Boland,42
0022100428,2021,0,2021-12-16,IND,DET,122.0,113.0,3,574,202,Kevin Scott|Robert Hussey|Tyler Ford,43
0022100429,2021,0,2021-12-16,BKN,PHI,114.0,105.0,3,534,199,Natalie Sago|Pat Fraher|Tom Washington,33
0022100430,2021,0,2022-02-03,TOR,CHI,127.0,120.0,3,600,219,JB DeRosa|Jenna Schroeder|Kane Fitzgerald,34
0022100431,2021,0,2021-12-16,HOU,NYK,103.0,116.0,3,516,180,Ben Taylor|Brian Forte|Scott Twardoski,44
0022100432,2021,0,2021-12-16,PHX,WAS,118.0,98.0,3,536,202,Mitchell Ervin|Phenizee Ransom|Tre Maddox,39
0022100433,2021,0,2021-12-17,ORL,MIA,105.0,115.0,2,524,189,Eric Lewis|JT Orr|Tyler Ricks,31
0022100434,2021,0,2021-12-17,ATL,DEN,115.0,133.0,2,559,214,Josh Tiven|Justin Van Duyne|Sean Corbin,38
0022100435,2021,0,2021-12-17,BOS,GSW,107.0,111.0,3,611,195,Gediminas Petraitis|James Capers|Tyler Ford,39
0022100436,2021,0,2021-12-17,MIN,LAL,110.0,92.0,3,628,215,Dedric Taylor|John Goble|Jonathan Sterling,40
0022100437,2021,0,2021-12-17,UTA,SAS,126.0,128.0,3,580,211,Brent Barnaky|Cheryl Flores|Kane Fitzgerald,33
0022100438,2021,0,2021-12-17,NOP,MIL,116.0,112.0,4,622,218,Danielle Scott|Nick Buchert|Tony Brothers,30
0022100439,2021,0,2021-12-17,POR,CHA,125.0,116.0,3,531,202,JB DeRosa|Marc Davis|Mousa Dagher,36
0022100440,2021,0,2021-12-17,SAC,MEM,105.0,124.0,3,617,213,Bennie Adams|Eric Dalen|Zach Zarba,37
0022100441,2021,0,2021-12-18,DET,HOU,107.0,116.0,3,584,211,Andy Nagy|Kevin Cutler|Tom Washington,36
0022100442,2021,0,2021-12-18,BKN,ORL,93.0,100.0,3,557,202,Derrick Collins|Evan Scott|Kevin Scott,25
0022100443,2021,0,2021-12-18,TOR,GSW,119.0,100.0,3,553,192,John Conley|Natalie Sago|Sean Wright,37
0022100444,2021,0,2021-12-18,OKC,LAC,104.0,103.0,3,559,194,James Williams|Suyash Mehta|Tre Maddox,29
0022100445,2021,0,2021-12-18,BOS,NYK,114.0,107.0,3,522,197,Ed Malloy|Jacyn Goble|Marat Kogut,36
0022100446,2021,0,2021-12-18,MIL,CLE,90.0,119.0,3,543,196,Brian Forte|Jonathan Sterling|Karl Lane,27
0022100447,2021,0,2021-12-18,UTA,WAS,103.0,109.0,3,569,203,Ben Taylor|Brandon Adair|CJ Washington,43
0022100448,2021,0,2021-12-19,CHI,LAL,115.0,110.0,2,581,203,Jenna Schroeder|Tony Brothers|Tyler Ford,39
0022100449,2021,0,2021-12-19,DET,MIA,100.0,90.0,2,570,192,Dedric Taylor|Phenizee Ransom|Sean Corbin,46
0022100450,2021,0,2021-12-19,MEM,POR,100.0,105.0,3,577,192,Curtis Blair|Michael Smith|Mitchell Ervin,37
0022100451,2021,0,2021-12-19,SAC,SAS,121.0,114.0,3,542,197,John Butler|Leon Wood|Marc Davis,28
0022100452,2021,0,2022-03-31,ATL,CLE,131.0,107.0,3,544,202,Courtney Kirkland|Ray Acosta|Tre Maddox,42
0022100453,2021,0,2022-01-26,BKN,DEN,118.0,124.0,3,561,205,Derek Richardson|Ray Acosta|Sean Wright,41
0022100454,2021,0,2022-01-25,PHI,NOP,117.0,107.0,3,543,183,Ben Taylor|Mark Lindsay|Phenizee Ransom,42
0022100455,2021,0,2021-12-19,MIN,DAL,111.0,105.0,2,550,187,JB DeRosa|Justin Van Duyne|Rodney Mott,43
0022100456,2021,0,2021-12-19,PHX,CHA,137.0,106.0,3,553,215,Bill Kennedy|Brent Barnaky|nan,31
0022100457,2021,0,2021-12-20,BOS,PHI,103.0,108.0,3,546,203,Marat Kogut|Sean Wright|Suyash Mehta,41
0022100458,2021,0,2022-03-04,TOR,ORL,97.0,103.0,3,564,205,James Williams|Jonathan Sterling|Karl Lane,30
0022100459,2021,0,2021-12-20,CHI,HOU,133.0,118.0,2,530,191,Jacyn Goble|James Williams|Natalie Sago,35
0022100460,2021,0,2021-12-20,MEM,OKC,99.0,102.0,3,625,200,Aaron Smith|Brandon Schwab|Kevin Scott,36
0022100461,2021,0,2021-12-20,UTA,CHA,112.0,102.0,3,596,214,Brett Nansel|JT Orr|Pat Fraher,37
0022100462,2021,0,2021-12-20,GSW,SAC,113.0,98.0,3,536,198,Ben Taylor|CJ Washington|nan,22
0022100463,2021,0,2021-12-20,LAC,SAS,92.0,116.0,2,574,204,Brandon Adair|Josh Tiven|Scott Twardoski,29
0022100464,2021,0,2022-02-17,BKN,WAS,103.0,117.0,3,567,195,James Capers|Marat Kogut|Scott Twardoski,38
0022100465,2021,0,2021-12-21,MIA,IND,125.0,96.0,3,554,193,Curtis Blair|Kane Fitzgerald|Nick Buchert,32
0022100466,2021,0,2021-12-21,NYK,DET,105.0,91.0,3,539,198,James Capers|Lauren Holtkamp|Matt Boland,32
0022100467,2021,0,2021-12-21,NOP,POR,111.0,97.0,3,515,186,John Conley|Kevin Cutler|Rodney Mott,34
0022100468,2021,0,2021-12-21,DAL,MIN,114.0,102.0,3,557,191,Eric Lewis|John Butler|Karl Lane,42
0022100469,2021,0,2021-12-21,LAL,PHX,90.0,108.0,3,586,211,Ben Taylor|Brandon Adair|Josh Tiven,31
0022100470,2021,0,2021-12-22,ATL,ORL,98.0,104.0,3,570,191,David Guthrie|Gediminas Petraitis|Jacyn Goble,39
0022100471,2021,0,2021-12-22,BOS,CLE,111.0,101.0,3,593,203,Matt Boland|Suyash Mehta|Tom Washington,37
0022100472,2021,0,2022-01-26,CHI,TOR,111.0,105.0,3,548,188,Aaron Smith|Michael Smith|Tony Brothers,35
0022100473,2021,0,2021-12-22,MIL,HOU,126.0,106.0,3,620,204,Ed Malloy|Evan Scott|Mitchell Ervin,42
0022100474,2021,0,2021-12-22,OKC,DEN,108.0,94.0,2,544,199,Bill Kennedy|Dedric Taylor|Phenizee Ransom,41
0022100475,2021,0,2021-12-22,SAC,LAC,89.0,105.0,3,522,194,JT Orr|Justin Van Duyne|Pat Fraher,26
0022100476,2021,0,2021-12-23,IND,HOU,118.0,106.0,3,554,186,John Conley|Lauren Holtkamp|Sean Corbin,36
0022100477,2021,0,2021-12-23,ORL,NOP,104.0,110.0,3,549,191,Brandon Schwab|Brent Barnaky|Kane Fitzgerald,35
0022100478,2021,0,2021-12-23,PHI,ATL,96.0,98.0,3,531,182,Aaron Smith|James Williams|Michael Smith,30
0022100479,2021,0,2021-12-23,MIA,DET,115.0,112.0,3,532,203,Eric Lewis|Gediminas Petraitis|Jonathan Sterling,40
0022100480,2021,0,2021-12-23,NYK,WAS,117.0,124.0,3,532,192,Danielle Scott|Natalie Sago|Sean Wright,36
0022100481,2021,0,2021-12-23,DAL,MIL,95.0,102.0,3,570,194,John Goble|Phenizee Ransom|Ray Acosta,32
0022100482,2021,0,2021-12-23,DEN,CHA,107.0,115.0,3,575,205,Ben Taylor|Karl Lane|Mousa Dagher,41
0022100483,2021,0,2021-12-23,PHX,OKC,113.0,101.0,3,556,204,JT Orr|John Butler|Tony Brothers,28
0022100484,2021,0,2021-12-23,UTA,MIN,128.0,116.0,3,552,204,Derek Richardson|Rodney Mott|Scott Twardoski,30
0022100485,2021,0,2021-12-23,GSW,MEM,113.0,104.0,3,601,195,Josh Tiven|Kevin Cutler|Marat Kogut,34
0022100486,2021,0,2022-01-10,POR,BKN,114.0,108.0,3,561,198,Derek Richardson|Phenizee Ransom|Tony Brothers,36
0022100487,2021,0,2021-12-23,LAL,SAS,110.0,138.0,3,642,212,Brett Nansel|Justin Van Duyne|Tre Maddox,39
0022100488,2021,0,2021-12-25,NYK,ATL,101.0,87.0,3,526,188,Brandon Adair|Ed Malloy|Eric Dalen,23
0022100489,2021,0,2021-12-25,MIL,BOS,117.0,113.0,3,619,201,John Goble|Natalie Sago|Nick Buchert,41
0022100490,2021,0,2021-12-25,PHX,GSW,107.0,116.0,3,538,189,Curtis Blair|David Guthrie|Ray Acosta,36
0022100491,2021,0,2021-12-25,LAL,BKN,115.0,122.0,3,625,206,Derek Richardson|Kevin Cutler|Mousa Dagher,46
0022100492,2021,0,2021-12-25,UTA,DAL,120.0,116.0,3,649,211,Dedric Taylor|John Butler|Tony Brothers,51
0022100493,2021,0,2021-12-26,MIA,ORL,93.0,83.0,3,513,182,Ben Taylor|Dannica Mosher|Jason Goldenberg,30
0022100494,2021,0,2021-12-26,CLE,TOR,144.0,99.0,3,575,220,Brent Barnaky|Jenna Schroeder|Sean Corbin,29
0022100495,2021,0,2021-12-26,WAS,PHI,96.0,117.0,3,587,194,JD Ralls|Karl Lane|Tom Washington,39
0022100496,2021,0,2021-12-26,SAC,MEM,102.0,127.0,3,630,203,Cheryl Flores|Derek Richardson|Tyler Ford,38
0022100497,2021,0,2021-12-26,OKC,NOP,117.0,112.0,3,596,212,Derrick Collins|Eric Lewis|Lauren Holtkamp,41
0022100498,2021,0,2021-12-26,SAS,DET,144.0,109.0,3,656,223,Jenna Reneau|Sean Wright|nan,52
0022100499,2021,0,2021-12-26,CHI,IND,113.0,105.0,3,536,200,Nick Buchert|Suyash Mehta|Tre Maddox,34
0022100500,2021,0,2021-12-26,LAC,DEN,100.0,103.0,3,561,198,Bill Kennedy|Curtis Blair|Mousa Dagher,35
0022100501,2021,0,2021-12-27,CHA,HOU,123.0,99.0,3,531,210,Josh Tiven|Natalie Sago|Suyash Mehta,31
0022100502,2021,0,2021-12-27,ATL,CHI,118.0,130.0,3,517,198,CJ Washington|John Goble|Matt Myers,33
0022100503,2021,0,2021-12-27,MIN,BOS,108.0,103.0,3,587,201,Brent Barnaky|Mark Lindsay|Matt Boland,32
0022100504,2021,0,2021-12-27,SAS,UTA,104.0,110.0,3,603,212,Blanca Burns|Karl Lane|Sean Wright,37
0022100505,2021,0,2021-12-27,PHX,MEM,113.0,114.0,3,596,198,Derrick Collins|John Butler|Kevin Cutler,36
0022100506,2021,0,2021-12-27,POR,DAL,117.0,132.0,3,604,198,Cheryl Flores|Ray Acosta|Scott Twardoski,55
0022100507,2021,0,2021-12-27,LAC,BKN,108.0,124.0,3,580,200,David Guthrie|Dedric Taylor|Jonathan Sterling,38
0022100508,2021,0,2021-12-28,ORL,MIL,110.0,127.0,3,558,201,CJ Washington|Natalie Sago|Sean Corbin,38
0022100509,2021,0,2021-12-28,MIA,WAS,119.0,112.0,3,531,190,Ed Malloy|Jenna Schroeder|Lauren Holtkamp,31
0022100510,2021,0,2021-12-28,TOR,PHI,109.0,114.0,3,564,187,Brett Nansel|JD Ralls|Tre Maddox,41
0022100511,2021,0,2021-12-28,HOU,LAL,123.0,132.0,2,568,205,Brandon Adair|Brent Haskill|Eric Lewis,42
0022100512,2021,0,2021-12-28,MIN,NYK,88.0,96.0,2,569,186,Courtney Kirkland|Matt Boland|Matt Myers,38
0022100513,2021,0,2021-12-28,NOP,CLE,108.0,104.0,3,541,193,Ben Taylor|Jason Goldenberg|Jenna Reneau,33
0022100514,2021,0,2021-12-28,GSW,DEN,86.0,89.0,3,547,187,John Butler|Kevin Scott|Nick Buchert,38
0022100515,2021,0,2021-12-28,SAC,OKC,117.0,111.0,3,607,213,Mousa Dagher|Ray Acosta|Tyler Ford,38
0022100516,2021,0,2021-12-29,DET,NYK,85.0,94.0,2,529,193,Bill Kennedy|Jason Goldenberg|Scott Twardoski,35
0022100517,2021,0,2021-12-29,IND,CHA,108.0,116.0,3,600,210,Brent Barnaky|Jenna Schroeder|Mark Lindsay,38
0022100518,2021,0,2021-12-29,BOS,LAC,82.0,91.0,3,540,178,Andy Nagy|JD Ralls|Josh Tiven,26
0022100519,2021,0,2021-12-29,CHI,ATL,131.0,117.0,3,543,210,Ben Taylor|Brett Nansel|Eric Lewis,34
0022100520,2021,0,2021-12-29,MEM,LAL,104.0,99.0,3,581,193,Blanca Burns|Brandon Adair|John Goble,32
0022100521,2021,0,2022-02-03,SAS,MIA,95.0,112.0,3,574,196,Brett Nansel|Kevin Cutler|Natalie Sago,45
0022100522,2021,0,2021-12-29,PHX,OKC,115.0,97.0,3,576,199,Kevin Scott|Mousa Dagher|nan,34
0022100523,2021,0,2021-12-29,POR,UTA,105.0,120.0,3,584,196,Cheryl Flores|David Guthrie|Nick Buchert,47
0022100524,2021,0,2021-12-29,SAC,DAL,95.0,94.0,3,527,181,Dannica Mosher|Derrick Collins|Jonathan Sterling,37
0022100525,2021,0,2021-12-30,BKN,PHI,102.0,110.0,3,591,192,Courtney Kirkland|Mark Lindsay|Suyash Mehta,40
0022100526,2021,0,2021-12-30,ORL,MIL,118.0,136.0,3,580,207,Blanca Burns|CJ Washington|Ed Malloy,43
0022100527,2021,0,2021-12-30,WAS,CLE,110.0,93.0,3,555,193,Kevin Cutler|Lauren Holtkamp|Matt Myers,34
0022100528,2021,0,2022-03-07,DEN,GSW,131.0,124.0,2,565,205,Brett Nansel|Eric Lewis|Jacyn Goble,52
0022100529,2021,0,2021-12-31,BOS,PHX,123.0,108.0,3,569,199,Bill Kennedy|Scott Twardoski|Tyler Mirkovich,37
0022100530,2021,0,2021-12-31,IND,CHI,106.0,108.0,3,615,204,Andy Nagy|Brent Barnaky|Natalie Sago,39
0022100531,2021,0,2021-12-31,SAC,DAL,96.0,112.0,3,553,189,Brent Haskill|David Guthrie|Nick Buchert,25
0022100532,2021,0,2021-12-31,HOU,MIA,110.0,120.0,3,587,207,Brandon Adair|Cheryl Flores|John Goble,37
0022100533,2021,0,2021-12-31,CLE,ATL,118.0,121.0,3,553,191,Clare Aubry|Josh Tiven|Matt Boland,39
0022100534,2021,0,2021-12-31,TOR,LAC,116.0,108.0,3,537,196,Ben Taylor|Ray Acosta|Suyash Mehta,41
0022100535,2021,0,2021-12-31,MEM,SAS,118.0,105.0,3,599,201,JD Ralls|Leon Wood|Sean Corbin,31
0022100536,2021,0,2021-12-31,OKC,NYK,95.0,80.0,3,500,189,Brett Nansel|Eric Lewis|Pat OConnell,27
0022100537,2021,0,2021-12-31,UTA,MIN,120.0,108.0,3,609,202,Dannica Mosher|Jonathan Sterling|Tyler Ford,48
0022100538,2021,0,2021-12-31,LAL,POR,139.0,106.0,3,592,202,Derrick Collins|Jenna Reneau|Kevin Scott,43
0022100539,2021,0,2022-01-01,MIL,NOP,136.0,113.0,3,607,219,Lauren Holtkamp|Mark Lindsay|Scott Twardoski,35
0022100540,2021,0,2022-01-01,DET,SAS,117.0,116.0,4,708,227,Kevin Cutler|Natalie Sago|Sharae Mitchell,41
0022100541,2021,0,2022-01-01,WAS,CHI,119.0,120.0,3,568,209,Bennie Adams|Jason Goldenberg|Matt Boland,43
0022100542,2021,0,2022-01-01,BKN,LAC,116.0,120.0,3,599,210,Blanca Burns|Josh Tiven|Ray Acosta,38
0022100543,2021,0,2022-01-01,HOU,DEN,111.0,124.0,2,593,204,CJ Washington|Cheryl Flores|Courtney Kirkland,42
0022100544,2021,0,2022-01-01,UTA,GSW,116.0,123.0,2,569,200,Brent Haskill|Derrick Collins|Jonathan Sterling,42
0022100545,2021,0,2022-01-02,TOR,NYK,120.0,105.0,3,562,201,Andy Nagy|Matt Myers|Sean Wright,50
0022100546,2021,0,2022-01-02,BOS,ORL,116.0,111.0,4,623,221,Mousa Dagher|Sharae Mitchell|Tyler Ford,43
0022100547,2021,0,2022-01-02,CLE,IND,108.0,104.0,3,601,191,Bill Kennedy|Brandon Adair|Robert Hussey,33
0022100548,2021,0,2022-01-02,SAC,MIA,115.0,113.0,3,536,196,Brett Nansel|Kevin Scott|Matt Kallio,26
0022100549,2021,0,2022-01-02,CHA,PHX,99.0,133.0,3,588,210,JD Ralls|Sean Corbin|Suyash Mehta,34
0022100550,2021,0,2022-01-02,OKC,DAL,86.0,95.0,3,527,190,Brent Barnaky|Dannica Mosher|Leon Wood,26
0022100551,2021,0,2022-01-02,LAL,MIN,108.0,103.0,3,596,202,Jenna Reneau|Nick Buchert|Tre Maddox,36
0022100552,2021,0,2022-01-03,PHI,HOU,133.0,113.0,3,573,209,Andy Nagy|Brandon Adair|Kevin Cutler,34
0022100553,2021,0,2022-01-03,WAS,CHA,124.0,121.0,3,560,214,Josh Tiven|Matt Myers|Tyler Ricks,32
0022100554,2021,0,2022-01-03,BKN,MEM,104.0,118.0,3,601,199,Ben Taylor|Ray Acosta|Robert Hussey,40
0022100555,2021,0,2022-01-03,CHI,ORL,102.0,98.0,2,551,200,Dannica Mosher|Jonathan Sterling|Marc Davis,30
0022100556,2021,0,2022-01-03,MIL,DET,106.0,115.0,3,552,200,Bennie Adams|Pat Fraher|Pat OConnell,30
0022100557,2021,0,2022-01-03,NOP,UTA,104.0,115.0,3,573,198,Blanca Burns|Courtney Kirkland|Lauren Holtkamp,40
0022100558,2021,0,2022-01-03,DAL,DEN,103.0,89.0,3,573,190,Brent Haskill|Ed Malloy|Natalie Sago,37
0022100559,2021,0,2022-01-03,GSW,MIA,115.0,108.0,3,561,206,Nick Buchert|Scott Twardoski|Zach Zarba,22
0022100560,2021,0,2022-01-03,POR,ATL,136.0,131.0,3,528,200,JB DeRosa|Kevin Scott|Matt Kallio,41
0022100561,2021,0,2022-01-03,LAC,MIN,104.0,122.0,2,495,200,Cheryl Flores|Derrick Collins|Jacyn Goble,24
0022100562,2021,0,2022-01-04,CLE,MEM,106.0,110.0,3,565,195,Jenna Reneau|Ray Acosta|Tyler Ford,31
0022100563,2021,0,2022-01-04,TOR,SAS,129.0,104.0,3,606,215,Bill Kennedy|Jonathan Sterling|Mousa Dagher,38
0022100564,2021,0,2022-01-04,NYK,IND,104.0,94.0,3,530,182,Jason Goldenberg|Josh Tiven|Sharae Mitchell,38
0022100565,2021,0,2022-01-04,NOP,PHX,110.0,123.0,3,559,200,Blanca Burns|Marat Kogut|Sean Corbin,42
0022100566,2021,0,2022-01-04,LAL,SAC,122.0,114.0,3,553,199,Brian Forte|CJ Washington|JB DeRosa,30
0022100567,2021,0,2022-01-05,CHA,DET,140.0,111.0,3,528,208,Brandon Adair|JD Ralls|Kane Fitzgerald,38
0022100568,2021,0,2022-01-05,ORL,PHI,106.0,116.0,2,571,204,Clare Aubry|Jason Goldenberg|Scott Wall,41
0022100569,2021,0,2022-01-05,WAS,HOU,111.0,114.0,3,606,215,Mousa Dagher|Sean Wright|Suyash Mehta,42
0022100570,2021,0,2022-01-05,BOS,SAS,97.0,99.0,3,524,187,Ben Taylor|Leon Wood|Tyler Ricks,23
0022100571,2021,0,2022-01-05,IND,BKN,121.0,129.0,3,542,206,Isaac Barnett|James Williams|Tyler Ford,38
0022100572,2021,0,2022-01-05,DAL,GSW,99.0,82.0,3,592,193,Brandon Schwab|Marat Kogut|Marc Davis,34
0022100573,2021,0,2022-01-05,MIL,TOR,111.0,117.0,3,589,206,Andy Nagy|Gediminas Petraitis|Pat Fraher,31
0022100574,2021,0,2022-01-05,MIN,OKC,98.0,90.0,2,571,197,Brent Haskill|Ed Malloy|nan,31
0022100575,2021,0,2022-01-05,DEN,UTA,109.0,115.0,3,519,201,John Conley|Phenizee Ransom|Zach Zarba,35
0022100576,2021,0,2022-01-05,POR,MIA,109.0,115.0,3,562,182,Bennie Adams|Derek Richardson|Matt Kallio,43
0022100577,2021,0,2022-01-05,SAC,ATL,102.0,108.0,2,587,198,CJ Washington|Jacyn Goble|Tre Maddox,32
0022100578,2021,0,2022-01-06,NYK,BOS,108.0,105.0,3,506,182,Derrick Collins|Evan Scott|Pat Fraher,30
0022100579,2021,0,2022-01-06,MEM,DET,118.0,88.0,3,595,211,Brandon Schwab|Lauren Holtkamp|Marc Davis,30
0022100580,2021,0,2022-01-06,NOP,GSW,101.0,96.0,3,609,203,JB DeRosa|Kane Fitzgerald|Matt Myers,37
0022100581,2021,0,2022-01-06,PHX,LAC,106.0,89.0,3,567,198,Brian Forte|Phenizee Ransom|Zach Zarba,33
0022100582,2021,0,2022-01-07,PHI,SAS,119.0,100.0,3,593,198,Jason Goldenberg|Michael Smith|Scott Wall,37
0022100583,2021,0,2022-01-07,BKN,MIL,109.0,121.0,3,573,197,Marat Kogut|Scott Twardoski|Tom Washington,34
0022100584,2021,0,2022-01-07,TOR,UTA,122.0,108.0,3,581,197,Derrick Collins|JD Ralls|Mitchell Ervin,34
0022100585,2021,0,2022-01-07,CHI,WAS,130.0,122.0,3,552,212,James Williams|John Conley|Nick Buchert,34
0022100586,2021,0,2022-01-07,HOU,DAL,106.0,130.0,3,586,211,Ben Taylor|JB DeRosa|Matt Myers,38
0022100587,2021,0,2022-01-07,OKC,MIN,105.0,135.0,3,603,210,Andy Nagy|Clare Aubry|Josh Tiven,35
0022100588,2021,0,2022-01-07,DEN,SAC,121.0,111.0,1,547,202,Brian Forte|Jenna Schroeder|Suyash Mehta,36
0022100589,2021,0,2022-01-07,LAL,ATL,134.0,118.0,3,598,214,Bennie Adams|Courtney Kirkland|Ray Acosta,41
0022100590,2021,0,2022-01-07,POR,CLE,101.0,114.0,3,535,187,CJ Washington|Ed Malloy|Jacyn Goble,33
0022100591,2021,0,2022-01-08,LAC,MEM,108.0,123.0,3,652,209,Derek Richardson|Leon Wood|Sean Wright,42
0022100592,2021,0,2022-01-08,CHA,MIL,114.0,106.0,3,624,206,Blanca Burns|Kane Fitzgerald|Lauren Holtkamp,43
0022100593,2021,0,2022-01-08,DET,ORL,97.0,92.0,3,560,193,Gediminas Petraitis|James Williams|John Conley,36
0022100594,2021,0,2022-01-08,IND,UTA,125.0,113.0,3,540,199,Jason Goldenberg|Marat Kogut|Tyler Ford,41
0022100595,2021,0,2022-01-08,BOS,NYK,99.0,75.0,2,497,173,Aaron Smith|Jenna Reneau|Pat Fraher,29
0022100596,2021,0,2022-01-08,PHX,MIA,100.0,123.0,3,565,203,Bill Kennedy|Brandon Schwab|Ray Acosta,29
0022100597,2021,0,2022-01-09,LAC,ATL,106.0,93.0,3,496,189,Ed Malloy|Justin Van Duyne|Natalie Sago,30
0022100598,2021,0,2022-01-09,ORL,WAS,100.0,102.0,3,580,194,Andy Nagy|Derrick Collins|Michael Smith,38
0022100599,2021,0,2022-01-09,TOR,NOP,105.0,101.0,3,518,181,Gediminas Petraitis|Mitchell Ervin|Zach Zarba,35
0022100600,2021,0,2022-01-09,HOU,MIN,123.0,141.0,3,616,219,Brandon Adair|John Butler|Marc Davis,37
0022100601,2021,0,2022-01-09,OKC,DEN,95.0,99.0,2,513,183,Brian Forte|Eric Dalen|Jenna Schroeder,24
0022100602,2021,0,2022-01-09,BKN,SAS,121.0,119.0,4,661,231,Nick Buchert|Rodney Mott|Scott Twardoski,33
0022100603,2021,0,2022-01-09,DAL,CHI,113.0,99.0,3,504,188,Ben Taylor|CJ Washington|Josh Tiven,27
0022100604,2021,0,2022-01-09,GSW,CLE,96.0,82.0,3,545,184,Bennie Adams|Brandon Schwab|Sean Wright,29
0022100605,2021,0,2022-01-09,POR,SAC,103.0,88.0,3,553,199,Courtney Kirkland|Pat OConnell|Phenizee Ransom,35
0022100606,2021,0,2022-01-09,LAL,MEM,119.0,127.0,3,605,203,Jacyn Goble|Suyash Mehta|Tony Brothers,43
0022100607,2021,0,2022-01-10,CHA,MIL,103.0,99.0,3,576,205,Ben Taylor|John Conley|Scott Twardoski,31
0022100608,2021,0,2022-01-10,DET,UTA,126.0,116.0,2,513,202,JB DeRosa|Jenna Reneau|Tom Washington,35
0022100609,2021,0,2022-01-10,BOS,IND,101.0,98.0,4,632,217,James Williams|Mitchell Ervin|Nick Buchert,34
0022100610,2021,0,2022-01-10,NYK,SAS,111.0,96.0,3,567,194,Matt Myers|Scott Wall|Tyler Ford,37
0022100611,2021,0,2022-01-10,SAC,CLE,108.0,109.0,3,550,193,Bill Kennedy|Ray Acosta|Sharae Mitchell,32
0022100612,2021,0,2022-01-11,WAS,OKC,122.0,118.0,3,552,199,Gediminas Petraitis|John Butler|Karl Lane,35
0022100613,2021,0,2022-01-11,TOR,PHX,95.0,99.0,3,549,185,Aaron Smith|John Conley|Rodney Mott,37
0022100614,2021,0,2022-01-11,MEM,GSW,116.0,108.0,3,607,211,Curtis Blair|Natalie Sago|Zach Zarba,35
0022100615,2021,0,2022-01-11,NOP,MIN,128.0,125.0,3,614,203,Brandon Adair|Brent Barnaky|Suyash Mehta,46
0022100616,2021,0,2022-01-11,LAC,DEN,87.0,85.0,2,521,189,Courtney Kirkland|JT Orr|Justin Van Duyne,37
0022100617,2021,0,2022-01-16,DET,PHX,108.0,135.0,3,552,202,Evan Scott|Gediminas Petraitis|Kevin Cutler,43
0022100618,2021,0,2022-01-12,IND,BOS,100.0,119.0,3,548,183,Danielle Scott|Ed Malloy|Mitchell Ervin,42
0022100619,2021,0,2022-01-12,PHI,CHA,98.0,109.0,3,505,196,Derrick Collins|JD Ralls|Nick Buchert,28
0022100620,2021,0,2022-01-12,WAS,ORL,112.0,106.0,3,551,189,Jacyn Goble|Marc Davis|Tyler Ricks,30
0022100621,2021,0,2022-01-12,ATL,MIA,91.0,115.0,3,532,203,Blanca Burns|Dedric Taylor|Scott Foster,30
0022100622,2021,0,2022-01-12,NYK,DAL,108.0,85.0,3,523,187,David Guthrie|Mark Lindsay|Scott Twardoski,35
0022100623,2021,0,2022-01-12,SAS,HOU,124.0,128.0,3,628,212,Brandon Schwab|Matt Boland|Tyler Ford,45
0022100624,2021,0,2022-01-12,UTA,CLE,91.0,111.0,3,504,191,Eric Dalen|Phenizee Ransom|Tony Brothers,33
0022100625,2021,0,2022-01-12,CHI,BKN,112.0,138.0,3,558,204,James Williams|Jason Goldenberg|Karl Lane,40
0022100626,2021,0,2022-01-12,SAC,LAL,125.0,116.0,3,561,201,Derek Richardson|Justin Van Duyne|Sean Wright,36
0022100627,2021,0,2022-01-13,MIL,GSW,118.0,99.0,3,588,216,Aaron Smith|Brian Forte|John Goble,27
0022100628,2021,0,2022-01-13,MEM,MIN,116.0,108.0,3,605,209,Bill Kennedy|CJ Washington|JB DeRosa,37
0022100629,2021,0,2022-01-13,NOP,LAC,113.0,89.0,2,520,197,Brandon Adair|Curtis Blair|Jenna Schroeder,33
0022100630,2021,0,2022-01-13,BKN,OKC,109.0,130.0,3,580,197,Derrick Collins|Jenna Reneau|Zach Zarba,36
0022100631,2021,0,2022-01-13,DEN,POR,140.0,108.0,3,524,204,Bennie Adams|James Capers|Tre Maddox,39
0022100632,2021,0,2022-01-14,CHA,ORL,109.0,116.0,2,559,215,Danielle Scott|Natalie Sago|Scott Foster,34
0022100633,2021,0,2022-01-14,DET,TOR,103.0,87.0,3,572,180,Dannica Mosher|Ed Malloy|Jason Goldenberg,45
0022100634,2021,0,2022-01-14,IND,PHX,94.0,112.0,3,573,198,JT Orr|John Butler|Tom Washington,37
0022100635,2021,0,2022-01-14,PHI,BOS,111.0,99.0,3,522,197,Marc Davis|Mark Lindsay|Ray Acosta,35
0022100636,2021,0,2022-01-14,MIA,ATL,124.0,118.0,3,562,190,Ben Taylor|Evan Scott|Scott Wall,45
0022100637,2021,0,2022-01-14,CHI,GSW,96.0,138.0,3,522,192,David Guthrie|Matt Boland|Mitchell Ervin,35
0022100638,2021,0,2022-01-14,SAS,CLE,109.0,114.0,3,585,205,Brent Barnaky|JD Ralls|Karl Lane,35
0022100639,2021,0,2022-01-14,MEM,DAL,85.0,112.0,3,569,201,Courtney Kirkland|Gediminas Petraitis|JB DeRosa,33
0022100640,2021,0,2022-01-14,SAC,HOU,126.0,114.0,3,599,217,Eric Dalen|Kevin Cutler|Phenizee Ransom,34
0022100641,2021,0,2022-01-15,MIL,TOR,96.0,103.0,3,602,190,Bennie Adams|Brandon Adair|Tyler Ford,42
0022100642,2021,0,2022-01-15,WAS,POR,110.0,115.0,3,602,212,Matt Myers|Natalie Sago|Tony Brothers,46
0022100643,2021,0,2022-01-15,ATL,NYK,108.0,117.0,2,497,186,Brett Nansel|James Williams|Tre Maddox,38
0022100644,2021,0,2022-01-15,BKN,NOP,120.0,105.0,3,552,195,Bill Kennedy|Jacyn Goble|Tyler Ricks,37
0022100645,2021,0,2022-01-15,MIA,PHI,98.0,109.0,2,550,190,Ben Taylor|Brandon Schwab|Curtis Blair,36
0022100646,2021,0,2022-01-15,OKC,CLE,102.0,107.0,3,526,194,James Capers|Matt Boland|Matt Kallio,32
0022100647,2021,0,2022-01-15,BOS,CHI,114.0,112.0,3,498,183,Derrick Collins|JT Orr|Mark Lindsay,30
0022100648,2021,0,2022-01-15,SAS,LAC,101.0,94.0,3,560,193,Aaron Smith|Karl Lane|Michael Smith,29
0022100649,2021,0,2022-01-15,DEN,LAL,133.0,96.0,2,481,191,Dedric Taylor|John Goble|Scott Twardoski,32
0022100650,2021,0,2022-01-15,DAL,ORL,108.0,92.0,3,529,189,CJ Washington|Justin Van Duyne|Sean Wright,41
0022100651,2021,0,2022-01-16,SAC,HOU,112.0,118.0,2,558,210,Brent Barnaky|David Guthrie|Mousa Dagher,39
0022100652,2021,0,2022-01-16,MIN,GSW,119.0,99.0,3,556,208,Dannica Mosher|JB DeRosa|Scott Foster,33
0022100653,2021,0,2022-01-16,DEN,UTA,102.0,125.0,3,532,199,Derek Richardson|John Butler|Tom Washington,36
0022100654,2021,0,2022-01-17,BOS,NOP,104.0,92.0,2,505,196,Evan Scott|Jason Goldenberg|Tre Maddox,31
0022100655,2021,0,2022-01-17,NYK,CHA,87.0,97.0,3,516,179,JT Orr|Jacyn Goble|Marc Davis,30
0022100656,2021,0,2022-01-17,WAS,PHI,117.0,98.0,1,569,199,James Capers|Phenizee Ransom|Tyler Ford,38
0022100657,2021,0,2022-01-17,CLE,BKN,114.0,107.0,3,540,196,Brett Nansel|Courtney Kirkland|Marat Kogut,30
0022100658,2021,0,2022-01-17,MEM,CHI,119.0,106.0,2,592,210,Ben Taylor|Kane Fitzgerald|Matt Myers,27
0022100659,2021,0,2022-01-17,LAC,IND,139.0,133.0,2,578,205,Dedric Taylor|John Goble|Scott Twardoski,39
0022100660,2021,0,2022-01-17,ATL,MIL,121.0,114.0,3,595,207,Curtis Blair|Gediminas Petraitis|Sean Wright,44
0022100661,2021,0,2022-01-17,ORL,POR,88.0,98.0,3,598,207,Ray Acosta|Robert Hussey|Zach Zarba,26
0022100662,2021,0,2022-01-17,MIA,TOR,104.0,99.0,3,544,184,Bill Kennedy|Mark Lindsay|Tyler Ricks,38
0022100663,2021,0,2022-01-17,DAL,OKC,104.0,102.0,3,599,202,James Williams|Mitchell Ervin|Suyash Mehta,41
0022100664,2021,0,2022-01-17,SAS,PHX,107.0,121.0,3,555,193,CJ Washington|Eric Dalen|Kevin Cutler,33
0022100665,2021,0,2022-01-17,LAL,UTA,101.0,95.0,3,565,193,David Guthrie|Michael Smith|Scott Wall,38
0022100666,2021,0,2022-01-18,NYK,MIN,110.0,112.0,3,633,202,Bennie Adams|Brian Forte|Ed Malloy,51
0022100667,2021,0,2022-01-18,GSW,DET,102.0,86.0,3,567,199,Brent Barnaky|Scott Twardoski|Tony Brothers,43
0022100668,2021,0,2022-01-19,PHI,ORL,123.0,110.0,3,521,196,Aaron Smith|Jenna Schroeder|Tre Maddox,33
0022100669,2021,0,2022-01-19,WAS,BKN,118.0,119.0,3,560,196,Ben Taylor|Jonathan Sterling|Mitchell Ervin,41
0022100670,2021,0,2022-01-19,ATL,MIN,134.0,122.0,3,591,204,Bill Kennedy|Mark Lindsay|Matt Boland,45
0022100671,2021,0,2022-01-19,BOS,CHA,102.0,111.0,3,546,197,Curtis Blair|Natalie Sago|Tyler Ford,32
0022100672,2021,0,2022-01-19,MIA,POR,104.0,92.0,2,558,191,Courtney Kirkland|Eric Dalen|Mousa Dagher,35
0022100673,2021,0,2022-01-19,CHI,CLE,117.0,104.0,3,519,193,CJ Washington|Jacyn Goble|Zach Zarba,28
0022100674,2021,0,2022-01-19,MIL,MEM,126.0,114.0,3,641,219,Brett Nansel|Brian Forte|James Capers,37
0022100675,2021,0,2022-01-19,DAL,TOR,102.0,98.0,3,548,191,Andy Nagy|Marat Kogut|Tom Washington,39
0022100676,2021,0,2022-01-19,SAS,OKC,118.0,96.0,3,564,204,Justin Van Duyne|Kane Fitzgerald|Leon Wood,28
0022100677,2021,0,2022-01-19,UTA,HOU,111.0,116.0,2,542,192,Brandon Schwab|Dedric Taylor|Pat Fraher,32
0022100678,2021,0,2022-01-19,DEN,LAC,130.0,128.0,3,567,211,Brandon Adair|JB DeRosa|James Williams,35
0022100679,2021,0,2022-01-19,SAC,DET,131.0,133.0,3,581,198,John Goble|Michael Smith|Scott Wall,43
0022100680,2021,0,2022-01-19,LAL,IND,104.0,111.0,2,566,188,Brent Barnaky|Derek Richardson|Tony Brothers,36
0022100681,2021,0,2022-01-20,NYK,NOP,91.0,102.0,3,546,190,Mitchell Ervin|Ray Acosta|Sean Wright,42
0022100682,2021,0,2022-01-20,DAL,PHX,101.0,109.0,3,555,201,Ed Malloy|Justin Van Duyne|Marc Davis,38
0022100683,2021,0,2022-01-20,GSW,IND,117.0,121.0,4,700,223,Brandon Schwab|David Guthrie|Kevin Cutler,49
0022100684,2021,0,2022-01-21,CHA,OKC,121.0,98.0,3,578,208,Mark Lindsay|Matt Boland|Matt Myers,35
0022100685,2021,0,2022-01-21,ORL,LAL,105.0,116.0,3,576,213,Courtney Kirkland|Lauren Holtkamp|Marat Kogut,36
0022100686,2021,0,2022-01-21,PHI,LAC,101.0,102.0,3,531,186,Gediminas Petraitis|JT Orr|Zach Zarba,38
0022100687,2021,0,2022-01-21,ATL,MIA,110.0,108.0,3,511,185,Jason Goldenberg|Kane Fitzgerald|Leon Wood,34
0022100688,2021,0,2022-01-21,BOS,POR,105.0,109.0,3,556,191,Bill Kennedy|Brett Nansel|Jacyn Goble,42
0022100689,2021,0,2022-01-21,WAS,TOR,105.0,109.0,3,498,188,Aaron Smith|Eric Dalen|Scott Foster,29
0022100690,2021,0,2022-01-21,MIL,CHI,94.0,90.0,3,577,195,John Butler|Josh Tiven|Natalie Sago,34
0022100691,2021,0,2022-01-21,SAS,BKN,102.0,117.0,3,574,195,Danielle Scott|Tony Brothers|Tre Maddox,28
0022100692,2021,0,2022-01-21,DEN,MEM,118.0,122.0,3,599,208,Karl Lane|Pat Fraher|Scott Wall,46
0022100693,2021,0,2022-01-21,UTA,DET,111.0,101.0,3,552,194,Brandon Adair|JB DeRosa|James Williams,41
0022100694,2021,0,2022-01-21,GSW,HOU,105.0,103.0,3,570,196,Evan Scott|John Goble|Michael Smith,30
0022100695,2021,0,2022-01-22,CLE,OKC,94.0,87.0,3,614,192,Ed Malloy|JT Orr|Tom Washington,40
0022100696,2021,0,2022-01-22,MIL,SAC,133.0,127.0,3,567,207,Eric Dalen|John Butler|Zach Zarba,33
0022100697,2021,0,2022-01-22,PHX,IND,113.0,103.0,3,550,196,Brandon Adair|JB DeRosa|James Capers,36
0022100698,2021,0,2022-01-23,NYK,LAC,110.0,102.0,3,545,192,Danielle Scott|Josh Tiven|Matt Boland,39
0022100699,2021,0,2022-01-23,WAS,BOS,87.0,116.0,3,553,196,David Guthrie|Marat Kogut|Matt Myers,29
0022100700,2021,0,2022-01-23,MIA,LAL,113.0,107.0,3,597,199,Dedric Taylor|James Williams|Phenizee Ransom,46
0022100701,2021,0,2022-01-23,ORL,CHI,114.0,95.0,3,565,205,Aaron Smith|Leon Wood|Tyler Ford,36
0022100702,2021,0,2022-01-23,TOR,POR,105.0,114.0,3,568,202,Brent Barnaky|Brian Forte|CJ Washington,30
0022100703,2021,0,2022-01-23,CHA,ATL,91.0,113.0,3,587,203,Gediminas Petraitis|Jacyn Goble|Sean Wright,43
0022100704,2021,0,2022-01-23,SAS,PHI,109.0,115.0,2,515,195,Ben Taylor|Brandon Schwab|Ray Acosta,32
0022100705,2021,0,2022-01-23,DAL,MEM,104.0,91.0,3,616,194,Michael Smith|Scott Twardoski|Tony Brothers,43
0022100706,2021,0,2022-01-23,MIN,BKN,136.0,125.0,3,590,206,Curtis Blair|Jason Goldenberg|Kevin Cutler,39
0022100707,2021,0,2022-01-23,DEN,DET,117.0,111.0,3,539,194,Andy Nagy|Derek Richardson|Eric Lewis,43
0022100708,2021,0,2022-01-23,GSW,UTA,94.0,92.0,2,506,172,Bennie Adams|Karl Lane|Pat Fraher,31
0022100709,2021,0,2022-01-24,CLE,NYK,95.0,93.0,3,542,192,Curtis Blair|Justin Van Duyne|Scott Wall,32
0022100710,2021,0,2022-03-03,ATL,CHI,130.0,124.0,3,488,197,Brandon Adair|Josh Tiven|Tom Washington,34
0022100711,2021,0,2022-01-10,HOU,PHI,91.0,111.0,3,567,203,Eric Dalen|Jenna Schroeder|Marc Davis,31
0022100712,2021,0,2022-01-24,NOP,IND,117.0,113.0,3,620,205,John Goble|Lauren Holtkamp|Tyler Ford,43
0022100713,2021,0,2022-01-24,PHX,UTA,115.0,109.0,3,548,198,JB DeRosa|Jonathan Sterling|Kane Fitzgerald,30
0022100714,2021,0,2022-01-25,DET,DEN,105.0,110.0,3,586,204,Brent Barnaky|Leon Wood|Mousa Dagher,38
0022100715,2021,0,2022-01-25,TOR,CHA,125.0,113.0,3,554,202,Danielle Scott|Dedric Taylor|Kevin Cutler,39
0022100716,2021,0,2022-01-25,WAS,LAC,115.0,116.0,3,611,215,Natalie Sago|Ray Acosta|Sean Wright,47
0022100717,2021,0,2022-01-25,BOS,SAC,128.0,75.0,2,537,194,Brian Forte|CJ Washington|James Capers,24
0022100718,2021,0,2022-01-25,BKN,LAL,96.0,106.0,3,562,193,David Guthrie|Matt Boland|Tom Washington,28
0022100719,2021,0,2022-01-25,HOU,SAS,104.0,134.0,3,548,210,Gediminas Petraitis|Pat Fraher|Scott Twardoski,29
0022100720,2021,0,2022-01-25,GSW,DAL,130.0,92.0,3,537,201,Eric Lewis|Jonathan Sterling|Tre Maddox,32
0022100721,2021,0,2022-01-25,POR,MIN,107.0,109.0,3,590,206,JB DeRosa|Karl Lane|Matt Kallio,42
0022100722,2021,0,2022-01-26,CLE,MIL,115.0,99.0,3,554,193,Ben Taylor|Brent Barnaky|Jenna Schroeder,34
0022100723,2021,0,2022-01-26,IND,CHA,126.0,158.0,3,625,215,David Guthrie|Marat Kogut|Mousa Dagher,55
0022100724,2021,0,2022-01-26,ORL,LAC,102.0,111.0,3,544,201,Justin Van Duyne|Mark Lindsay|Natalie Sago,40
0022100725,2021,0,2022-01-26,ATL,SAC,121.0,104.0,3,540,201,Evan Scott|Lauren Holtkamp|Tyler Ford,36
0022100726,2021,0,2022-02-28,BKN,TOR,97.0,133.0,3,586,201,Curtis Blair|Matt Myers|Mitchell Ervin,37
0022100727,2021,0,2022-01-26,MIA,NYK,110.0,96.0,2,523,188,Gediminas Petraitis|John Goble|Suyash Mehta,41
0022100728,2021,0,2022-01-26,SAS,MEM,110.0,118.0,3,598,201,Bennie Adams|Curtis Blair|Marc Davis,36
0022100729,2021,0,2022-01-28,NOP,DEN,105.0,116.0,3,570,206,Brent Barnaky|Natalie Sago|Phenizee Ransom,39
0022100730,2021,0,2022-01-24,OKC,CHI,110.0,111.0,3,610,210,Derek Richardson|Marc Davis|Suyash Mehta,33
0022100731,2021,0,2022-01-26,UTA,PHX,97.0,105.0,3,554,188,Eric Lewis|Jacyn Goble|Jason Goldenberg,43
0022100732,2021,0,2022-01-26,POR,DAL,112.0,132.0,3,524,197,JT Orr|Kane Fitzgerald|Mitchell Ervin,40
0022100733,2021,0,2022-01-27,PHI,LAL,105.0,87.0,3,543,200,James Capers|Kevin Cutler|Leon Wood,23
0022100734,2021,0,2022-01-27,GSW,MIN,124.0,115.0,3,578,209,Brett Nansel|Derrick Collins|James Williams,35
0022100735,2021,0,2022-01-28,CHA,LAL,117.0,114.0,3,576,194,Bennie Adams|Tony Brothers|Tyler Ford,45
0022100736,2021,0,2022-01-28,ORL,DET,119.0,103.0,3,565,204,John Butler|Jonathan Sterling|Kevin Scott,46
0022100737,2021,0,2022-01-28,ATL,BOS,108.0,92.0,2,581,197,Josh Tiven|Scott Wall|Tom Washington,41
0022100738,2021,0,2022-01-28,MIA,LAC,121.0,114.0,3,571,208,David Guthrie|Karl Lane|Matt Myers,41
0022100739,2021,0,2022-01-28,HOU,POR,110.0,125.0,3,523,205,Ben Taylor|Evan Scott|Matt Boland,41
0022100740,2021,0,2022-01-28,MEM,UTA,119.0,109.0,3,559,202,Dedric Taylor|Pat Fraher|Suyash Mehta,30
0022100741,2021,0,2022-01-28,OKC,IND,110.0,113.0,3,632,217,JT Orr|Jason Goldenberg|Mark Lindsay,43
0022100742,2021,0,2022-01-28,SAS,CHI,131.0,122.0,3,533,203,Curtis Blair|Jacyn Goble|Mousa Dagher,32
0022100743,2021,0,2022-01-28,PHX,MIN,134.0,124.0,3,584,203,Mitchell Ervin|Scott Twardoski|Tre Maddox,45
0022100744,2021,0,2022-01-28,MIL,NYK,123.0,108.0,3,601,206,Eric Lewis|Marat Kogut|Michael Smith,44
0022100745,2021,0,2022-01-29,NOP,BOS,97.0,107.0,3,516,195,Andy Nagy|Kevin Cutler|Natalie Sago,31
0022100746,2021,0,2022-01-29,DAL,IND,132.0,105.0,3,577,198,Curtis Blair|JB DeRosa|Ray Acosta,36
0022100747,2021,0,2022-01-29,PHI,SAC,103.0,101.0,3,535,190,Aaron Smith|Derek Richardson|James Capers,35
0022100748,2021,0,2022-01-29,MIA,TOR,120.0,124.0,6,684,238,Jonathan Sterling|Kevin Scott|Matt Boland,42
0022100749,2021,0,2022-01-29,MEM,WAS,115.0,95.0,3,558,189,Derrick Collins|Evan Scott|John Goble,31
0022100750,2021,0,2022-01-29,GSW,BKN,110.0,106.0,3,616,197,Brian Forte|Justin Van Duyne|Kane Fitzgerald,35
0022100751,2021,0,2022-01-30,ATL,LAL,129.0,121.0,2,543,206,John Butler|Karl Lane|Tony Brothers,43
0022100752,2021,0,2022-01-30,CHA,LAC,90.0,115.0,3,570,209,Jenna Schroeder|Josh Tiven|Tom Washington,34
0022100753,2021,0,2022-01-30,CHI,POR,130.0,116.0,3,497,195,David Guthrie|Dedric Taylor|Robert Hussey,28
0022100754,2021,0,2022-01-30,DET,CLE,115.0,105.0,3,554,187,Brandon Schwab|Nick Buchert|Pat Fraher,38
0022100755,2021,0,2022-01-30,ORL,DAL,110.0,108.0,3,527,197,Ben Taylor|Bennie Adams|Ray Acosta,31
0022100756,2021,0,2022-01-30,MIL,DEN,100.0,136.0,3,496,194,JT Orr|Marc Davis|Mark Lindsay,25
0022100757,2021,0,2022-01-30,MIN,UTA,126.0,106.0,3,561,204,Jason Goldenberg|Phenizee Ransom|Tyler Ford,37
0022100758,2021,0,2022-01-30,PHX,SAS,115.0,110.0,3,527,198,Brian Forte|James Williams|Leon Wood,24
0022100759,2021,0,2022-01-31,CLE,NOP,93.0,90.0,3,575,181,Karl Lane|Marc Davis|Nate Green,32
0022100760,2021,0,2022-01-31,IND,LAC,122.0,116.0,3,517,202,JB DeRosa|Nick Buchert|Pat Fraher,25
0022100761,2021,0,2022-01-31,PHI,MEM,122.0,119.0,4,665,222,Brent Barnaky|Eric Lewis|Matt Boland,37
0022100762,2021,0,2022-01-31,BOS,MIA,122.0,92.0,3,537,196,Aaron Smith|Marat Kogut|Sean Wright,33
0022100763,2021,0,2022-01-31,NYK,SAC,116.0,96.0,3,565,201,Gediminas Petraitis|Tony Brothers|Tre Maddox,38
0022100764,2021,0,2022-01-31,HOU,GSW,108.0,122.0,2,559,197,Andy Nagy|Jacyn Goble|Kevin Scott,37
0022100765,2021,0,2022-01-31,OKC,POR,98.0,81.0,3,515,190,Brett Nansel|Derek Richardson|Kevin Cutler,29
0022100766,2021,0,2022-02-01,DET,NOP,101.0,111.0,2,574,196,JT Orr|Josh Tiven|Scott Twardoski,37
0022100767,2021,0,2022-01-31,ATL,TOR,100.0,106.0,3,496,198,John Goble|Matt Myers|Mitchell Ervin,30
0022100768,2021,0,2022-02-01,MIL,WAS,112.0,98.0,3,532,187,James Williams|Jonathan Sterling|Matt Boland,30
0022100769,2021,0,2022-02-01,CHI,ORL,126.0,115.0,1,520,200,Brent Barnaky|James Capers|Lauren Holtkamp,32
0022100770,2021,0,2022-02-01,MIN,DEN,130.0,115.0,3,554,205,Brian Forte|Danielle Scott|JB DeRosa,38
0022100771,2021,0,2022-02-01,SAS,GSW,120.0,124.0,3,535,203,Mark Lindsay|Mousa Dagher|Tom Washington,31
0022100772,2021,0,2022-02-01,PHX,BKN,121.0,111.0,3,540,199,Curtis Blair|Dedric Taylor|Natalie Sago,40
0022100773,2021,0,2022-02-02,IND,ORL,118.0,119.0,3,584,218,Andy Nagy|Scott Wall|Tony Brothers,37
0022100774,2021,0,2022-02-02,PHI,WAS,103.0,106.0,3,521,182,Karl Lane|Marc Davis|Nate Green,31
0022100775,2021,0,2022-02-02,BOS,CHA,113.0,107.0,3,540,203,Eric Lewis|Mitchell Ervin|Phenizee Ransom,36
0022100776,2021,0,2022-02-02,NYK,MEM,108.0,120.0,3,604,209,JT Orr|Sean Wright|Tyler Ford,35
0022100777,2021,0,2022-02-02,HOU,CLE,115.0,104.0,3,594,197,Brett Nansel|Courtney Kirkland|Ray Acosta,46
0022100778,2021,0,2022-02-02,DAL,OKC,114.0,120.0,4,592,205,Ben Taylor|Jonathan Sterling|Nick Buchert,30
0022100779,2021,0,2022-02-02,UTA,DEN,108.0,104.0,3,507,186,David Guthrie|Eric Dalen|Justin Van Duyne,30
0022100780,2021,0,2022-02-02,SAC,BKN,112.0,101.0,3,540,190,Bill Kennedy|Jacyn Goble|John Butler,29
0022100781,2021,0,2022-02-02,LAL,POR,99.0,94.0,3,612,199,Curtis Blair|Jason Goldenberg|Leon Wood,41
0022100782,2021,0,2022-02-03,DET,MIN,117.0,128.0,3,555,210,Andy Nagy|Marat Kogut|Marc Davis,39
0022100783,2021,0,2022-02-03,ATL,PHX,124.0,115.0,2,510,205,Brian Forte|Ed Malloy|Nate Green,39
0022100784,2021,0,2022-02-01,TOR,MIA,110.0,106.0,3,540,191,Bennie Adams|Gediminas Petraitis|Kane Fitzgerald,41
0022100785,2021,0,2022-02-03,GSW,SAC,126.0,114.0,3,529,197,David Guthrie|Dedric Taylor|Jason Goldenberg,34
0022100786,2021,0,2022-02-03,LAC,LAL,111.0,110.0,3,522,192,Aaron Smith|Jacyn Goble|Zach Zarba,33
0022100787,2021,0,2022-02-04,CHA,CLE,101.0,102.0,3,535,193,Brian Forte|Marat Kogut|Matt Boland,34
0022100788,2021,0,2022-02-04,DET,BOS,93.0,102.0,3,570,195,Brent Barnaky|James Capers|Scott Wall,36
0022100789,2021,0,2022-02-04,IND,CHI,115.0,122.0,3,543,200,Gediminas Petraitis|John Goble|Tyler Ford,33
0022100790,2021,0,2022-02-04,TOR,ATL,125.0,114.0,3,503,198,JB DeRosa|Mark Lindsay|Pat Fraher,33
0022100791,2021,0,2022-02-04,DAL,PHI,107.0,98.0,3,506,180,Ben Taylor|Courtney Kirkland|Natalie Sago,36
0022100792,2021,0,2022-02-04,SAS,HOU,131.0,106.0,3,564,205,Jonathan Sterling|Kevin Cutler|Sean Wright,42
0022100793,2021,0,2022-02-04,UTA,BKN,125.0,102.0,3,538,196,Derek Richardson|Ray Acosta|Zach Zarba,26
0022100794,2021,0,2022-02-04,DEN,NOP,105.0,113.0,3,509,190,Curtis Blair|John Butler|Leon Wood,33
0022100795,2021,0,2022-02-04,POR,OKC,93.0,96.0,3,598,196,Eric Dalen|JT Orr|Scott Foster,31
0022100796,2021,0,2022-02-05,ORL,MEM,115.0,135.0,3,579,208,Brandon Adair|Kane Fitzgerald|Mitchell Ervin,36
0022100797,2021,0,2022-02-05,CHA,MIA,86.0,104.0,3,533,202,Brandon Schwab|Ed Malloy|Nick Buchert,31
0022100798,2021,0,2022-02-05,WAS,PHX,80.0,95.0,3,544,184,Scott Twardoski|Tom Washington|Tony Brothers,33
0022100799,2021,0,2022-02-05,LAL,NYK,122.0,115.0,3,646,222,David Guthrie|Dedric Taylor|Justin Van Duyne,48
0022100800,2021,0,2022-02-05,POR,MIL,108.0,137.0,3,562,203,Aaron Smith|Bill Kennedy|Jacyn Goble,34
0022100801,2021,0,2022-02-05,SAC,OKC,113.0,103.0,3,520,203,Bennie Adams|Josh Tiven|Lauren Holtkamp,29
0022100802,2021,0,2022-02-06,CHI,PHI,108.0,119.0,3,499,191,Curtis Blair|Marat Kogut|Matt Boland,34
0022100803,2021,0,2022-02-06,MIN,DET,118.0,105.0,3,564,196,Eric Dalen|Matt Myers|Zach Zarba,39
0022100804,2021,0,2022-02-06,DEN,BKN,124.0,104.0,3,558,201,Gediminas Petraitis|Kevin Scott|Tyler Ford,37
0022100805,2021,0,2022-02-06,CLE,IND,98.0,85.0,3,583,188,Jason Goldenberg|Mark Lindsay|Pat Fraher,45
0022100806,2021,0,2022-02-06,ORL,BOS,83.0,116.0,2,549,203,Brandon Schwab|Marc Davis|Nick Buchert,32
0022100807,2021,0,2022-02-06,DAL,ATL,103.0,94.0,3,552,191,Brent Barnaky|John Goble|Kevin Cutler,36
0022100808,2021,0,2022-02-06,HOU,NOP,107.0,120.0,3,553,197,Brian Forte|Danielle Scott|Jonathan Sterling,42
0022100809,2021,0,2022-02-06,LAC,MIL,113.0,137.0,3,552,208,Brett Nansel|Ray Acosta|Scott Foster,33
0022100810,2021,0,2022-02-07,CHA,TOR,101.0,116.0,3,553,205,Brandon Adair|Justin Van Duyne|Marc Davis,38
0022100811,2021,0,2022-02-07,WAS,MIA,100.0,121.0,3,517,200,Derek Richardson|Eric Lewis|Mitchell Ervin,34
0022100812,2021,0,2022-02-07,CHI,PHX,124.0,127.0,3,556,198,David Guthrie|Evan Scott|Leon Wood,38
0022100813,2021,0,2022-02-07,OKC,GSW,98.0,110.0,3,551,199,Danielle Scott|Ed Malloy|Natalie Sago,27
0022100814,2021,0,2022-02-07,UTA,NYK,113.0,104.0,3,609,199,Aaron Smith|Josh Tiven|Lauren Holtkamp,47
0022100815,2021,0,2022-02-08,PHI,PHX,109.0,114.0,3,547,211,Brandon Adair|Eric Dalen|John Goble,35
0022100816,2021,0,2022-02-08,ATL,IND,133.0,112.0,3,569,200,Justin Van Duyne|Mitchell Ervin|Zach Zarba,41
0022100817,2021,0,2022-02-08,BKN,BOS,91.0,126.0,3,537,198,Andy Nagy|JB DeRosa|Pat Fraher,31
0022100818,2021,0,2022-02-08,MEM,LAC,135.0,109.0,3,595,208,Ben Taylor|Bill Kennedy|Matt Myers,35
0022100819,2021,0,2022-02-08,NOP,HOU,110.0,97.0,2,586,200,Mark Lindsay|Nick Buchert|Phenizee Ransom,44
0022100820,2021,0,2022-02-08,DAL,DET,116.0,86.0,3,533,192,Brian Forte|Jacyn Goble|Jason Goldenberg,37
0022100821,2021,0,2022-02-08,DEN,NYK,132.0,115.0,2,549,199,James Capers|Jonathan Sterling|Kevin Cutler,42
0022100822,2021,0,2022-02-08,LAL,MIL,116.0,131.0,3,604,204,Gediminas Petraitis|Josh Tiven|Scott Twardoski,41
0022100823,2021,0,2022-02-08,POR,ORL,95.0,113.0,3,532,198,Nate Green|Ray Acosta|Tyler Ford,28
0022100824,2021,0,2022-02-08,SAC,MIN,114.0,134.0,3,584,216,Brent Barnaky|Brett Nansel|Kevin Scott,38
0022100825,2021,0,2022-02-09,CLE,SAS,105.0,92.0,3,573,199,Aaron Smith|Ed Malloy|Natalie Sago,27
0022100826,2021,0,2022-02-09,CHA,CHI,109.0,121.0,3,519,198,Courtney Kirkland|Derek Richardson|Michael Smith,32
0022100827,2021,0,2022-02-09,OKC,TOR,98.0,117.0,3,520,198,Dedric Taylor|Evan Scott|Karl Lane,29
0022100828,2021,0,2022-02-09,UTA,GSW,111.0,85.0,3,542,187,Derrick Collins|Jonathan Sterling|Kane Fitzgerald,31
0022100829,2021,0,2022-02-09,POR,LAL,107.0,105.0,2,502,194,Brent Barnaky|Brett Nansel|Kevin Scott,27
0022100830,2021,0,2022-02-09,SAC,MIN,132.0,119.0,3,574,210,Danielle Scott|JT Orr|Tyler Ford,35
0022100831,2021,0,2022-02-10,DET,MEM,107.0,132.0,3,599,207,Brandon Schwab|Natalie Sago|Scott Foster,46
0022100832,2021,0,2022-02-10,WAS,BKN,113.0,112.0,3,562,190,Ben Taylor|Mark Lindsay|Suyash Mehta,41
0022100833,2021,0,2022-02-10,NOP,MIA,97.0,112.0,3,569,190,Jacyn Goble|Jason Goldenberg|Marc Davis,38
0022100834,2021,0,2022-02-10,HOU,TOR,120.0,139.0,3,576,206,Bill Kennedy|Gediminas Petraitis|Matt Myers,42
0022100835,2021,0,2022-02-10,DAL,LAC,112.0,105.0,3,530,189,James Williams|Lauren Holtkamp|Mousa Dagher,42
0022100836,2021,0,2022-02-10,PHX,MIL,131.0,107.0,3,599,200,Derrick Collins|James Capers|Marat Kogut,42
0022100837,2021,0,2022-02-10,GSW,NYK,114.0,116.0,3,581,199,Eric Lewis|Nate Green|Scott Twardoski,40
0022100838,2021,0,2022-02-11,DET,CHA,119.0,141.0,3,586,218,Karl Lane|Leon Wood|Nick Buchert,40
0022100839,2021,0,2022-02-11,IND,CLE,113.0,120.0,3,570,202,Ben Taylor|Dedric Taylor|Suyash Mehta,36
0022100840,2021,0,2022-02-11,PHI,OKC,100.0,87.0,3,591,198,Courtney Kirkland|Michael Smith|Phenizee Ransom,36
0022100841,2021,0,2022-02-11,ATL,SAS,121.0,136.0,3,582,214,Brian Forte|Curtis Blair|John Butler,34
0022100842,2021,0,2022-02-11,BOS,DEN,108.0,102.0,2,587,208,Derek Richardson|Ray Acosta|Zach Zarba,38
0022100843,2021,0,2022-02-11,CHI,MIN,134.0,122.0,3,510,208,Eric Dalen|JB DeRosa|Kane Fitzgerald,25
0022100844,2021,0,2022-02-11,UTA,ORL,114.0,99.0,3,554,203,Andy Nagy|Brent Barnaky|Kevin Scott,28
0022100845,2021,0,2022-02-12,POR,NYK,112.0,103.0,3,551,201,Derrick Collins|Ed Malloy|Mousa Dagher,44
0022100846,2021,0,2022-02-12,CHA,MEM,118.0,125.0,3,666,220,Gediminas Petraitis|James Williams|Jonathan Sterling,51
0022100847,2021,0,2022-02-12,WAS,SAC,110.0,123.0,3,538,192,Jason Goldenberg|Josh Tiven|Ray Acosta,36
0022100848,2021,0,2022-02-12,NOP,SAS,114.0,124.0,3,550,198,Bill Kennedy|Brandon Schwab|Lauren Holtkamp,35
0022100849,2021,0,2022-02-12,PHI,CLE,103.0,93.0,3,524,188,JB DeRosa|Justin Van Duyne|Scott Foster,35
0022100850,2021,0,2022-02-12,TOR,DEN,109.0,110.0,3,515,190,Brett Nansel|Eric Dalen|Zach Zarba,35
0022100851,2021,0,2022-02-12,MIA,BKN,115.0,111.0,2,562,200,Aaron Smith|Brian Forte|John Goble,46
0022100852,2021,0,2022-02-12,CHI,OKC,106.0,101.0,3,584,207,Jenna Schroeder|Nick Buchert|Pat Fraher,34
0022100853,2021,0,2022-02-12,DAL,LAC,97.0,99.0,3,520,189,Curtis Blair|Kevin Cutler|Scott Twardoski,32
0022100854,2021,0,2022-02-12,GSW,LAL,117.0,115.0,3,617,202,James Capers|Kevin Scott|Marat Kogut,46
0022100855,2021,0,2022-02-12,PHX,ORL,132.0,105.0,2,502,214,Eric Lewis|Matt Boland|Mitchell Ervin,25
0022100856,2021,0,2022-02-13,BOS,ATL,105.0,95.0,3,536,198,Brandon Adair|Kane Fitzgerald|Karl Lane,33
0022100857,2021,0,2022-02-13,IND,MIN,120.0,129.0,3,579,204,Derek Richardson|Leon Wood|Marc Davis,41
0022100858,2021,0,2022-02-14,WAS,DET,103.0,94.0,3,539,191,Aaron Smith|Dedric Taylor|James Williams,33
0022100859,2021,0,2022-02-14,BKN,SAC,109.0,85.0,3,576,209,Courtney Kirkland|Evan Scott|Michael Smith,32
0022100860,2021,0,2022-02-14,NYK,OKC,123.0,127.0,4,663,223,Ben Taylor|John Goble|Phenizee Ransom,40
0022100861,2021,0,2022-02-14,CHI,SAS,120.0,109.0,3,551,207,Brett Nansel|Lauren Holtkamp|Scott Foster,32
0022100862,2021,0,2022-02-14,MIL,POR,107.0,122.0,3,595,213,Eric Dalen|Suyash Mehta|Zach Zarba,35
0022100863,2021,0,2022-02-14,NOP,TOR,120.0,90.0,3,561,190,Derrick Collins|John Butler|Josh Tiven,35
0022100864,2021,0,2022-02-14,DEN,ORL,121.0,111.0,2,553,218,Danielle Scott|Mark Lindsay|Pat Fraher,35
0022100865,2021,0,2022-02-14,UTA,HOU,135.0,101.0,3,548,193,Eric Lewis|Jenna Schroeder|Kevin Cutler,38
0022100866,2021,0,2022-02-14,LAC,GSW,119.0,104.0,3,494,197,Ed Malloy|Matt Boland|Mitchell Ervin,32
0022100867,2021,0,2022-02-15,ATL,CLE,124.0,116.0,3,509,190,Kevin Scott|Leon Wood|Phenizee Ransom,37
0022100868,2021,0,2022-02-15,MIA,DAL,99.0,107.0,3,567,180,Josh Tiven|Matt Myers|Nick Buchert,42
0022100869,2021,0,2022-02-15,PHI,BOS,87.0,135.0,3,527,189,Brian Forte|David Guthrie|Gediminas Petraitis,42
0022100870,2021,0,2022-02-15,MIL,IND,128.0,119.0,3,587,213,Curtis Blair|Karl Lane|Scott Twardoski,37
0022100871,2021,0,2022-02-15,MIN,CHA,126.0,120.0,4,752,239,Andy Nagy|Brent Barnaky|James Capers,56
0022100872,2021,0,2022-02-15,NOP,MEM,109.0,121.0,3,607,195,JB DeRosa|Scott Wall|Tyler Ford,41
0022100873,2021,0,2022-02-15,PHX,LAC,103.0,96.0,3,536,198,Justin Van Duyne|Pat Fraher|Tre Maddox,22
0022100874,2021,0,2022-02-16,ORL,ATL,109.0,130.0,2,542,204,Courtney Kirkland|Nick Buchert|Suyash Mehta,34
0022100875,2021,0,2022-02-16,BOS,DET,111.0,112.0,3,496,200,Evan Scott|John Goble|Tom Washington,30
0022100876,2021,0,2022-02-16,IND,WAS,113.0,108.0,3,569,200,Brandon Adair|Brett Nansel|Zach Zarba,33
0022100877,2021,0,2022-02-16,NYK,BKN,106.0,111.0,3,558,190,Jacyn Goble|Natalie Sago|Scott Foster,32
0022100878,2021,0,2022-02-16,CHI,SAC,125.0,118.0,3,527,206,Brent Barnaky|Jonathan Sterling|Marc Davis,30
0022100879,2021,0,2022-02-16,MEM,POR,119.0,123.0,3,600,195,Dedric Taylor|Jason Goldenberg|Kevin Scott,51
0022100880,2021,0,2022-02-16,MIN,TOR,91.0,103.0,3,548,200,Derrick Collins|Jenna Schroeder|Tony Brothers,35
0022100881,2021,0,2022-02-16,OKC,SAS,106.0,114.0,3,648,209,Eric Dalen|Eric Lewis|Mousa Dagher,32
0022100882,2021,0,2022-02-16,PHX,HOU,124.0,121.0,3,591,215,Danielle Scott|JT Orr|Mark Lindsay,45
0022100883,2021,0,2022-02-16,GSW,DEN,116.0,117.0,3,587,207,Bill Kennedy|Justin Van Duyne|Kevin Cutler,38
0022100884,2021,0,2022-02-16,LAL,UTA,106.0,101.0,2,559,186,Ed Malloy|Matt Boland|Mitchell Ervin,39
0022100885,2021,0,2022-02-17,CHA,MIA,107.0,111.0,5,642,222,JB DeRosa|Ray Acosta|Sean Wright,44
0022100886,2021,0,2022-02-17,NOP,DAL,118.0,125.0,3,523,194,Andy Nagy|Michael Smith|Pat Fraher,37
0022100887,2021,0,2022-02-17,MIL,PHI,120.0,123.0,3,579,207,Ben Taylor|Scott Wall|Tony Brothers,40
0022100888,2021,0,2022-02-17,LAC,HOU,142.0,111.0,3,540,215,Bennie Adams|Derek Richardson|Mark Lindsay,33
0022100889,2021,0,2022-02-24,DET,CLE,106.0,103.0,1,573,192,Bill Kennedy|JB DeRosa|Mousa Dagher,44
0022100890,2021,0,2022-02-24,BKN,BOS,106.0,129.0,3,564,210,Aaron Smith|David Guthrie|Mark Lindsay,35
0022100891,2021,0,2022-02-24,CHI,ATL,112.0,108.0,3,563,201,Andy Nagy|Courtney Kirkland|Marc Davis,38
0022100892,2021,0,2022-02-24,MIN,MEM,119.0,114.0,3,663,204,Jonathan Sterling|Michael Smith|Pat Fraher,44
0022100893,2021,0,2022-02-24,OKC,PHX,104.0,124.0,3,550,215,Bennie Adams|Derrick Collins|Rodney Mott,29
0022100894,2021,0,2022-02-24,POR,GSW,95.0,132.0,3,579,199,JT Orr|Tony Brothers|Tre Maddox,47
0022100895,2021,0,2022-02-24,SAC,DEN,110.0,128.0,3,543,208,Ben Taylor|Leon Wood|Scott Foster,35
0022100896,2021,0,2022-02-25,CHA,TOR,125.0,93.0,3,541,205,Eric Dalen|Kane Fitzgerald|Natalie Sago,28
0022100897,2021,0,2022-02-25,IND,OKC,125.0,129.0,4,647,228,James Williams|Mitchell Ervin|Mousa Dagher,36
0022100898,2021,0,2022-02-25,ORL,HOU,119.0,111.0,3,564,211,Curtis Blair|Danielle Scott|Dedric Taylor,40
0022100899,2021,0,2022-02-25,WAS,SAS,153.0,157.0,5,725,248,JB DeRosa|Nate Green|Tyler Ford,48
0022100900,2021,0,2022-02-25,NYK,MIA,100.0,115.0,3,580,207,Eric Lewis|Gediminas Petraitis|Karl Lane,54
0022100901,2021,0,2022-02-25,MIN,PHI,102.0,133.0,3,579,205,Ed Malloy|Jacyn Goble|Ray Acosta,47
0022100902,2021,0,2022-02-25,PHX,NOP,102.0,117.0,3,587,199,Ben Taylor|Derek Richardson|Sean Wright,43
0022100903,2021,0,2022-02-25,UTA,DAL,114.0,109.0,3,506,190,Brandon Adair|John Goble|Tom Washington,33
0022100904,2021,0,2022-02-25,LAL,LAC,102.0,105.0,3,561,204,Brian Forte|Nick Buchert|Zach Zarba,35
0022100905,2021,0,2022-02-26,DET,BOS,104.0,113.0,3,538,192,Michael Smith|Rodney Mott|Suyash Mehta,39
0022100906,2021,0,2022-02-26,ATL,TOR,127.0,100.0,3,561,201,Bill Kennedy|Derrick Collins|John Butler,43
0022100907,2021,0,2022-02-26,CLE,WAS,92.0,86.0,3,531,188,Courtney Kirkland|Evan Scott|Mitchell Ervin,30
0022100908,2021,0,2022-02-26,MIA,SAS,133.0,129.0,3,576,213,Jason Goldenberg|Pat Fraher|Scott Wall,46
0022100909,2021,0,2022-02-26,CHI,MEM,110.0,116.0,2,625,212,David Guthrie|Matt Boland|Tre Maddox,39
0022100910,2021,0,2022-02-26,MIL,BKN,123.0,126.0,3,670,208,Lauren Holtkamp|Marc Davis|Tyler Ford,49
0022100911,2021,0,2022-02-26,DEN,SAC,115.0,110.0,3,559,211,Bennie Adams|JT Orr|Tony Brothers,46
0022100912,2021,0,2022-02-27,NYK,PHI,109.0,125.0,3,591,211,James Williams|Marat Kogut|Mark Lindsay,48
0022100913,2021,0,2022-02-27,PHX,UTA,114.0,118.0,3,541,184,Brian Forte|Nick Buchert|Zach Zarba,35
0022100914,2021,0,2022-02-27,IND,BOS,128.0,107.0,3,558,200,JB DeRosa|Kane Fitzgerald|Ray Acosta,29
0022100915,2021,0,2022-02-27,CHA,DET,126.0,127.0,4,654,222,Dedric Taylor|Eric Lewis|Justin Van Duyne,43
0022100916,2021,0,2022-02-27,HOU,LAC,98.0,99.0,2,574,196,Ed Malloy|Jacyn Goble|Scott Twardoski,36
0022100917,2021,0,2022-02-27,GSW,DAL,101.0,107.0,3,590,198,Ben Taylor|Leon Wood|Scott Foster,35
0022100918,2021,0,2022-02-27,POR,DEN,92.0,124.0,3,573,212,Brett Nansel|Derek Richardson|Sean Wright,43
0022100919,2021,0,2022-02-27,LAL,NOP,95.0,123.0,3,591,212,Brandon Adair|John Goble|Tom Washington,35
0022100920,2021,0,2022-02-28,CLE,MIN,122.0,127.0,2,560,201,Eric Dalen|Gediminas Petraitis|Tony Brothers,42
0022100921,2021,0,2022-02-28,ORL,IND,119.0,103.0,3,555,204,Marc Davis|Natalie Sago|Scott Wall,32
0022100922,2021,0,2022-02-28,MIA,CHI,112.0,99.0,2,542,196,Bill Kennedy|Derrick Collins|Lauren Holtkamp,36
0022100923,2021,0,2022-02-28,MEM,SAS,118.0,105.0,3,603,209,Aaron Smith|Karl Lane|Rodney Mott,33
0022100924,2021,0,2022-02-28,MIL,CHA,130.0,106.0,3,632,205,Courtney Kirkland|JT Orr|Tre Maddox,51
0022100925,2021,0,2022-02-28,OKC,SAC,110.0,131.0,3,590,214,David Guthrie|Jacyn Goble|John Butler,47
0022100926,2021,0,2022-03-01,WAS,DET,116.0,113.0,2,562,194,Jonathan Sterling|Pat Fraher|Ray Acosta,41
0022100927,2021,0,2022-03-01,BOS,ATL,107.0,98.0,3,514,191,Curtis Blair|Eric Lewis|Scott Twardoski,37
0022100928,2021,0,2022-03-01,TOR,BKN,109.0,108.0,3,547,193,JB DeRosa|Jason Goldenberg|Tony Brothers,35
0022100929,2021,0,2022-03-01,HOU,LAC,100.0,113.0,3,558,204,Brandon Adair|John Goble|Phenizee Ransom,31
0022100930,2021,0,2022-03-01,MIN,GSW,129.0,114.0,3,575,212,Justin Van Duyne|Nick Buchert|Zach Zarba,41
0022100931,2021,0,2022-03-01,LAL,DAL,104.0,109.0,3,550,193,Brett Nansel|Sean Wright|Tyler Ford,37
0022100932,2021,0,2022-03-02,CLE,CHA,98.0,119.0,2,541,196,James Williams|Natalie Sago|Scott Wall,37
0022100933,2021,0,2022-03-02,ORL,IND,114.0,122.0,4,628,228,Bill Kennedy|Derrick Collins|Lauren Holtkamp,42
0022100934,2021,0,2022-03-02,PHI,NYK,123.0,108.0,2,578,197,Brian Forte|JT Orr|James Capers,45
0022100935,2021,0,2022-03-02,HOU,UTA,127.0,132.0,4,607,225,Brandon Schwab|Derek Richardson|Tre Maddox,46
0022100936,2021,0,2022-03-02,MIL,MIA,120.0,119.0,3,575,212,Leon Wood|Mark Lindsay|Scott Foster,33
0022100937,2021,0,2022-03-02,NOP,SAC,125.0,95.0,3,561,198,Danielle Scott|Ed Malloy|Karl Lane,37
0022100938,2021,0,2022-03-02,DEN,OKC,107.0,119.0,3,531,209,Courtney Kirkland|Dedric Taylor|Matt Boland,33
0022100939,2021,0,2022-03-02,PHX,POR,120.0,90.0,3,543,203,Aaron Smith|Kane Fitzgerald|Tyler Ford,44
0022100940,2021,0,2022-03-03,BOS,MEM,120.0,107.0,3,533,189,Brian Forte|Evan Scott|Pat Fraher,29
0022100941,2021,0,2022-03-03,BKN,MIA,107.0,113.0,3,560,191,Ben Taylor|Eric Lewis|JT Orr,41
0022100942,2021,0,2022-03-03,TOR,DET,106.0,108.0,3,561,186,Jacyn Goble|John Conley|Marc Davis,47
0022100943,2021,0,2022-03-03,DAL,GSW,122.0,113.0,3,519,185,Eric Dalen|Mousa Dagher|Tony Brothers,32
0022100944,2021,0,2022-03-03,SAS,SAC,112.0,115.0,3,595,212,Justin Van Duyne|Mitchell Ervin|Sean Wright,34
0022100945,2021,0,2022-03-03,LAC,LAL,132.0,111.0,2,526,196,David Guthrie|Kevin Cutler|Matt Boland,38
0022100946,2021,0,2022-03-04,DET,IND,111.0,106.0,3,623,195,Derek Richardson|Ed Malloy|Marat Kogut,33
0022100947,2021,0,2022-03-04,PHI,CLE,125.0,119.0,3,526,197,Brent Barnaky|Eric Lewis|Jacyn Goble,41
0022100948,2021,0,2022-03-04,WAS,ATL,114.0,117.0,3,561,193,James Capers|Leon Wood|Nick Buchert,38
0022100949,2021,0,2022-03-04,CHI,MIL,112.0,118.0,3,601,206,JB DeRosa|Jason Goldenberg|Zach Zarba,36
0022100950,2021,0,2022-03-04,NOP,UTA,124.0,90.0,3,584,197,Bill Kennedy|Mousa Dagher|Scott Wall,36
0022100951,2021,0,2022-03-04,OKC,MIN,101.0,138.0,3,567,215,John Goble|Natalie Sago|Nate Green,33
0022100952,2021,0,2022-03-04,DEN,HOU,116.0,101.0,1,552,195,Aaron Smith|Kane Fitzgerald|Tyler Ford,41
0022100953,2021,0,2022-03-04,PHX,NYK,115.0,114.0,3,569,203,David Guthrie|Dedric Taylor|Gediminas Petraitis,42
0022100954,2021,0,2022-03-05,DAL,SAC,114.0,113.0,3,590,196,Curtis Blair|Derrick Collins|Matt Boland,45
0022100955,2021,0,2022-03-05,CHA,SAS,123.0,117.0,3,588,206,Ben Taylor|Bennie Adams|Brent Barnaky,33
0022100956,2021,0,2022-03-05,MIA,PHI,99.0,82.0,3,521,181,Courtney Kirkland|Michael Smith|Scott Twardoski,34
0022100957,2021,0,2022-03-05,MEM,ORL,124.0,96.0,3,523,207,Brandon Schwab|Eric Dalen|Tom Washington,33
0022100958,2021,0,2022-03-05,MIN,POR,135.0,121.0,3,552,200,John Conley|Marc Davis|Mitchell Ervin,41
0022100959,2021,0,2022-03-05,LAL,GSW,124.0,116.0,2,587,211,Josh Tiven|Mark Lindsay|Ray Acosta,35
0022100960,2021,0,2022-03-06,BOS,BKN,126.0,120.0,3,566,202,Kevin Cutler|Nick Buchert|Zach Zarba,42
0022100961,2021,0,2022-03-06,MIL,PHX,132.0,122.0,2,553,202,Ed Malloy|Natalie Sago|Sean Wright,35
0022100962,2021,0,2022-03-06,CLE,TOR,104.0,96.0,3,596,198,Ben Taylor|Brandon Adair|John Goble,41
0022100963,2021,0,2022-03-06,WAS,IND,133.0,123.0,3,536,200,Brian Forte|Suyash Mehta|Tony Brothers,38
0022100964,2021,0,2022-03-06,HOU,MEM,123.0,112.0,3,601,209,Dedric Taylor|Jason Goldenberg|Marc Davis,46
0022100965,2021,0,2022-03-06,OKC,UTA,103.0,116.0,3,548,191,Lauren Holtkamp|Pat Fraher|Tyler Ford,39
0022100966,2021,0,2022-03-06,LAC,NYK,93.0,116.0,3,553,194,Justin Van Duyne|Kane Fitzgerald|Tre Maddox,38
0022100967,2021,0,2022-03-06,DEN,NOP,138.0,130.0,4,666,226,David Guthrie|Gediminas Petraitis|JB DeRosa,51
0022100968,2021,0,2022-03-07,DET,ATL,113.0,110.0,4,600,203,Andy Nagy|Mitchell Ervin|Sean Wright,45
0022100969,2021,0,2022-03-07,PHI,CHI,121.0,106.0,3,562,199,Eric Dalen|Jonathan Sterling|Scott Foster,41
0022100970,2021,0,2022-03-07,MIA,HOU,123.0,106.0,3,552,194,Bennie Adams|Curtis Blair|Karl Lane,35
0022100971,2021,0,2022-03-07,MIN,POR,124.0,81.0,3,651,223,Bill Kennedy|Brandon Schwab|Derrick Collins,51
0022100972,2021,0,2022-03-07,DAL,UTA,111.0,103.0,3,548,187,Aaron Smith|James Capers|Michael Smith,37
0022100973,2021,0,2022-03-07,SAS,LAL,117.0,110.0,3,590,209,Courtney Kirkland|Scott Twardoski|Scott Wall,36
0022100974,2021,0,2022-03-07,SAC,NYK,115.0,131.0,3,548,208,Josh Tiven|Mark Lindsay|Ray Acosta,44
0022100975,2021,0,2022-03-08,CHA,BKN,121.0,132.0,3,573,210,Lauren Holtkamp|Phenizee Ransom|Scott Foster,39
0022100976,2021,0,2022-03-08,IND,CLE,124.0,127.0,3,586,200,Gediminas Petraitis|Nick Buchert|Zach Zarba,33
0022100977,2021,0,2022-03-08,ORL,PHX,99.0,102.0,2,572,213,John Butler|John Goble|Sean Corbin,36
0022100978,2021,0,2022-03-08,MEM,NOP,132.0,111.0,3,591,206,Jenna Schroeder|Kane Fitzgerald|Natalie Sago,34
0022100979,2021,0,2022-03-08,OKC,MIL,115.0,142.0,3,579,211,JB DeRosa|Leon Wood|Tre Maddox,34
0022100980,2021,0,2022-03-08,GSW,LAC,112.0,97.0,3,562,205,Brent Barnaky|JT Orr|James Williams,29
0022100981,2021,0,2022-03-09,CHA,BOS,101.0,115.0,3,553,192,Aaron Smith|Marc Davis|Tyler Ford,32
0022100982,2021,0,2022-03-09,DET,CHI,108.0,114.0,3,517,198,Matt Myers|Pat Fraher|Scott Wall,37
0022100983,2021,0,2022-03-09,MIA,PHX,90.0,111.0,3,552,204,Kevin Cutler|Matt Boland|Zach Zarba,24
0022100984,2021,0,2022-03-09,MIL,ATL,124.0,115.0,3,538,202,Brett Nansel|Brian Forte|David Guthrie,37
0022100985,2021,0,2022-03-09,HOU,LAL,139.0,130.0,4,628,239,Ben Taylor|John Butler|Michael Smith,36
0022100986,2021,0,2022-03-09,MIN,OKC,132.0,102.0,3,544,208,Derek Richardson|Jonathan Sterling|Sean Wright,36
0022100987,2021,0,2022-03-09,NOP,ORL,102.0,108.0,3,531,200,Bennie Adams|Courtney Kirkland|Derrick Collins,38
0022100988,2021,0,2022-03-09,DAL,NYK,77.0,107.0,3,571,187,Bill Kennedy|Jason Goldenberg|Tom Washington,43
0022100989,2021,0,2022-03-09,SAS,TOR,104.0,119.0,3,552,195,Dedric Taylor|Ed Malloy|Marat Kogut,36
0022100990,2021,0,2022-03-09,UTA,POR,123.0,85.0,3,542,192,Eric Lewis|Jacyn Goble|Ray Acosta,41
0022100991,2021,0,2022-03-09,SAC,DEN,100.0,106.0,3,544,199,Brent Barnaky|Evan Scott|James Williams,34
0022100992,2021,0,2022-03-09,LAC,WAS,115.0,109.0,3,529,194,Danielle Scott|Josh Tiven|Mark Lindsay,25
0022100993,2021,0,2022-03-10,PHI,BKN,100.0,129.0,3,577,202,Brandon Adair|John Goble|Tre Maddox,39
0022100994,2021,0,2022-03-10,DEN,GSW,102.0,113.0,3,578,196,James Capers|Karl Lane|Scott Twardoski,44
0022100995,2021,0,2022-03-11,ORL,MIN,118.0,110.0,2,512,197,Brian Forte|Ed Malloy|Nate Green,33
0022100996,2021,0,2022-03-11,ATL,LAC,112.0,106.0,3,494,189,Jason Goldenberg|Kevin Cutler|Tyler Ford,33
0022100997,2021,0,2022-03-11,BOS,DET,114.0,103.0,3,556,194,John Butler|Justin Van Duyne|Sean Wright,40
0022100998,2021,0,2022-03-11,MIA,CLE,117.0,105.0,2,564,197,Dedric Taylor|Natalie Sago|Tony Brothers,46
0022100999,2021,0,2022-03-11,HOU,DAL,100.0,113.0,3,552,198,Jenna Schroeder|Lauren Holtkamp|Rodney Mott,40
0022101000,2021,0,2022-03-11,MEM,NYK,118.0,114.0,3,664,211,Courtney Kirkland|JB DeRosa|Suyash Mehta,53
0022101001,2021,0,2022-03-11,NOP,CHA,120.0,142.0,3,556,204,Ben Taylor|Matt Myers|Mitchell Ervin,38
0022101002,2021,0,2022-03-11,SAS,UTA,104.0,102.0,3,658,203,David Guthrie|Gediminas Petraitis|Nick Buchert,42
0022101003,2021,0,2022-03-11,PHX,TOR,112.0,117.0,3,546,209,Brent Barnaky|Eric Lewis|Leon Wood,36
0022101004,2021,0,2022-03-11,LAL,WAS,122.0,109.0,2,564,195,Evan Scott|Jacyn Goble|James Williams,42
0022101005,2021,0,2022-03-12,MIA,MIN,104.0,113.0,1,582,208,Marat Kogut|Scott Wall|Tom Washington,38
0022101006,2021,0,2022-03-12,CHI,CLE,101.0,91.0,1,535,195,Brandon Adair|Scott Twardoski|Sean Wright,35
0022101007,2021,0,2022-03-12,SAS,IND,108.0,119.0,3,561,209,David Guthrie|JT Orr|Matt Boland,31
0022101008,2021,0,2022-03-12,GSW,MIL,122.0,109.0,3,568,195,Aaron Smith|Derrick Collins|Zach Zarba,33
0022101009,2021,0,2022-03-12,DEN,TOR,115.0,127.0,3,557,194,Michael Smith|Pat Fraher|Phenizee Ransom,41
0022101010,2021,0,2022-03-12,UTA,SAC,134.0,125.0,3,535,198,Eric Dalen|James Capers|Mousa Dagher,37
0022101011,2021,0,2022-03-12,POR,WAS,127.0,118.0,3,534,200,Andy Nagy|Bill Kennedy|Karl Lane,36
0022101012,2021,0,2022-03-13,BKN,NYK,110.0,107.0,3,555,196,Ed Malloy|Josh Tiven|Justin Van Duyne,37
0022101013,2021,0,2022-03-13,DET,LAC,102.0,106.0,3,493,183,CJ Washington|Courtney Kirkland|Gediminas Petraitis,31
0022101014,2021,0,2022-03-13,BOS,DAL,92.0,95.0,3,520,190,John Goble|Mark Lindsay|Ray Acosta,25
0022101015,2021,0,2022-03-13,ORL,PHI,114.0,116.0,3,593,211,John Conley|Kevin Cutler|Rodney Mott,44
0022101016,2021,0,2022-03-13,ATL,IND,131.0,128.0,3,547,202,Dedric Taylor|Natalie Sago|Scott Foster,37
0022101017,2021,0,2022-03-13,NOP,HOU,130.0,105.0,3,561,208,Brandon Schwab|Nick Buchert|Tyler Ford,41
0022101018,2021,0,2022-03-13,OKC,MEM,118.0,125.0,3,617,206,Brent Barnaky|Evan Scott|James Williams,36
0022101019,2021,0,2022-03-13,PHX,LAL,140.0,111.0,3,540,209,Derek Richardson|Eric Dalen|Tony Brothers,37
0022101020,2021,0,2022-03-14,CLE,LAC,120.0,111.0,4,574,200,Brett Nansel|Josh Tiven|Mitchell Ervin,40
0022101021,2021,0,2022-03-14,ATL,POR,122.0,113.0,3,610,212,Kane Fitzgerald|Lauren Holtkamp|Mousa Dagher,39
0022101022,2021,0,2022-03-14,PHI,DEN,110.0,114.0,3,549,204,Eric Lewis|JB DeRosa|Matt Boland,36
0022101023,2021,0,2022-03-14,OKC,CHA,116.0,134.0,3,553,200,Bill Kennedy|JT Orr|Phenizee Ransom,33
0022101024,2021,0,2022-03-14,SAS,MIN,139.0,149.0,3,592,227,Ben Taylor|Danielle Scott|Tre Maddox,37
0022101025,2021,0,2022-03-14,GSW,WAS,126.0,112.0,3,536,202,Leon Wood|Pat Fraher|Tom Washington,37
0022101026,2021,0,2022-03-14,SAC,CHI,112.0,103.0,3,545,203,Aaron Smith|Karl Lane|Zach Zarba,37
0022101027,2021,0,2022-03-14,UTA,MIL,111.0,117.0,3,609,205,Michael Smith|Scott Wall|Tony Brothers,40
0022101028,2021,0,2022-03-14,LAL,TOR,103.0,114.0,3,630,209,Andy Nagy|Derrick Collins|James Capers,46
0022101029,2021,0,2022-03-15,IND,MEM,102.0,135.0,3,624,212,Eric Dalen|Justin Van Duyne|Sean Wright,33
0022101030,2021,0,2022-03-15,ORL,BKN,108.0,150.0,3,560,211,Brent Barnaky|Kane Fitzgerald|Ray Acosta,42
0022101031,2021,0,2022-03-15,MIA,DET,105.0,98.0,2,532,193,Jacyn Goble|Mousa Dagher|Tyler Ford,42
0022101032,2021,0,2022-03-15,NOP,PHX,115.0,131.0,3,521,199,David Guthrie|Dedric Taylor|Jason Goldenberg,39
0022101033,2021,0,2022-03-16,CHA,ATL,116.0,106.0,3,544,191,Eric Lewis|Jacyn Goble|Jonathan Sterling,40
0022101034,2021,0,2022-03-16,CLE,PHI,114.0,118.0,3,541,190,James Williams|Justin Van Duyne|Mark Lindsay,41
0022101035,2021,0,2022-03-16,WAS,DEN,109.0,127.0,3,538,204,Derek Richardson|John Butler|Josh Tiven,43
0022101036,2021,0,2022-03-16,BKN,DAL,111.0,113.0,3,515,178,Brandon Adair|Mitchell Ervin|Scott Foster,33
0022101037,2021,0,2022-03-16,NYK,POR,128.0,98.0,3,551,198,Ben Taylor|Brett Nansel|Rodney Mott,42
0022101038,2021,0,2022-03-16,HOU,PHX,112.0,129.0,3,518,193,Bill Kennedy|JT Orr|Scott Wall,29
0022101039,2021,0,2022-03-16,MIN,LAL,124.0,104.0,3,642,204,Aaron Smith|John Goble|Michael Smith,40
0022101040,2021,0,2022-03-16,SAS,OKC,122.0,120.0,3,587,206,CJ Washington|Gediminas Petraitis|Tony Brothers,35
0022101041,2021,0,2022-03-16,UTA,CHI,125.0,110.0,3,568,205,Derrick Collins|Ed Malloy|Marat Kogut,37
0022101042,2021,0,2022-03-16,GSW,BOS,88.0,110.0,3,546,186,James Capers|Karl Lane|Lauren Holtkamp,35
0022101043,2021,0,2022-03-16,SAC,MIL,126.0,135.0,3,603,220,Andy Nagy|Pat Fraher|Tom Washington,38
0022101044,2021,0,2022-03-16,LAC,TOR,100.0,103.0,3,468,179,Natalie Sago|Nick Buchert|Zach Zarba,24
0022101045,2021,0,2022-03-17,ORL,DET,120.0,134.0,3,566,210,JB DeRosa|Jenna Schroeder|Marc Davis,38
0022101046,2021,0,2022-03-18,PHI,DAL,111.0,101.0,3,516,184,Ben Taylor|Derek Richardson|Kane Fitzgerald,33
0022101047,2021,0,2022-03-18,ATL,MEM,120.0,105.0,3,578,198,David Guthrie|Scott Wall|Suyash Mehta,34
0022101048,2021,0,2022-03-18,BKN,POR,128.0,123.0,3,596,203,Ashley Moyer-Gleich|Jacyn Goble|James Williams,45
0022101049,2021,0,2022-03-18,CLE,DEN,119.0,116.0,3,589,212,Leon Wood|Michael Smith|Scott Foster,38
0022101050,2021,0,2022-03-18,NYK,WAS,100.0,97.0,3,574,197,Eric Dalen|Eric Lewis|Phenizee Ransom,44
0022101051,2021,0,2022-03-18,TOR,LAL,123.0,128.0,3,570,205,Courtney Kirkland|Mark Lindsay|Matt Myers,37
0022101052,2021,0,2022-03-18,MIA,OKC,120.0,108.0,3,493,190,JB DeRosa|John Butler|Marc Davis,29
0022101053,2021,0,2022-03-18,HOU,IND,118.0,121.0,3,588,207,Jonathan Sterling|Pat Fraher|Ray Acosta,42
0022101054,2021,0,2022-03-18,SAS,NOP,91.0,124.0,3,579,202,Bennie Adams|Bill Kennedy|Kevin Cutler,31
0022101055,2021,0,2022-03-18,UTA,LAC,121.0,92.0,2,550,200,John Goble|Lauren Holtkamp|Tre Maddox,31
0022101056,2021,0,2022-03-18,PHX,CHI,129.0,102.0,3,531,198,Nick Buchert|Rodney Mott|Tom Washington,35
0022101057,2021,0,2022-03-18,SAC,BOS,97.0,126.0,3,515,194,Ed Malloy|Marat Kogut|Natalie Sago,33
0022101058,2021,0,2022-03-19,MIN,MIL,138.0,119.0,3,575,215,Brandon Adair|Dedric Taylor|Josh Tiven,34
0022101059,2021,0,2022-03-19,CHA,DAL,129.0,108.0,3,543,198,James Williams|Karl Lane|Suyash Mehta,38
0022101060,2021,0,2022-03-19,CLE,DET,113.0,109.0,2,539,197,Brent Barnaky|Nate Green|Zach Zarba,33
0022101061,2021,0,2022-03-19,WAS,LAL,127.0,119.0,3,521,200,Curtis Blair|Gediminas Petraitis|Mitchell Ervin,33
0022101062,2021,0,2022-03-20,IND,POR,129.0,98.0,2,511,192,Brandon Schwab|Kane Fitzgerald|Kevin Cutler,36
0022101063,2021,0,2022-03-20,HOU,MEM,98.0,122.0,3,581,218,CJ Washington|Derrick Collins|Tony Brothers,35
0022101064,2021,0,2022-03-20,ATL,NOP,112.0,117.0,2,565,214,Brett Nansel|Derek Richardson|Sean Wright,41
0022101065,2021,0,2022-03-20,ORL,OKC,90.0,85.0,3,568,200,Bennie Adams|James Capers|Michael Smith,37
0022101066,2021,0,2022-03-20,SAC,PHX,124.0,127.0,4,633,226,John Goble|Lauren Holtkamp|Tre Maddox,48
0022101067,2021,0,2022-03-20,NYK,UTA,93.0,108.0,3,535,182,Aaron Smith|Scott Foster|Tyler Ford,35
0022101068,2021,0,2022-03-20,DEN,BOS,104.0,124.0,3,507,186,Bill Kennedy|JT Orr|Nick Buchert,27
0022101069,2021,0,2022-03-20,PHI,TOR,88.0,93.0,3,542,188,Curtis Blair|David Guthrie|Leon Wood,35
0022101070,2021,0,2022-03-20,GSW,SAS,108.0,110.0,3,614,191,Ed Malloy|Marat Kogut|Natalie Sago,33
0022101071,2021,0,2022-03-21,CHA,NOP,106.0,103.0,3,537,194,Brandon Adair|Dedric Taylor|Pat Fraher,28
0022101072,2021,0,2022-03-21,CLE,LAL,120.0,131.0,3,516,199,James Williams|Scott Wall|Tom Washington,36
0022101073,2021,0,2022-03-21,DET,POR,115.0,119.0,3,643,208,Brent Barnaky|Jonathan Sterling|Tyler Ford,58
0022101074,2021,0,2022-03-21,PHI,MIA,113.0,106.0,2,494,194,Kevin Cutler|Scott Twardoski|Zach Zarba,33
0022101075,2021,0,2022-03-21,BKN,UTA,114.0,106.0,3,522,191,Gediminas Petraitis|Marc Davis|Mark Lindsay,31
0022101076,2021,0,2022-03-21,CHI,TOR,113.0,99.0,3,546,187,Ben Taylor|Brandon Schwab|Josh Tiven,31
0022101077,2021,0,2022-03-21,HOU,WAS,115.0,97.0,3,521,191,Justin Van Duyne|Karl Lane|Suyash Mehta,32
0022101078,2021,0,2022-03-21,OKC,BOS,123.0,132.0,3,541,202,Brian Forte|Jason Goldenberg|Rodney Mott,42
0022101079,2021,0,2022-03-21,DAL,MIN,110.0,108.0,3,562,198,Derrick Collins|Ray Acosta|Sean Wright,38
0022101080,2021,0,2022-03-22,ORL,GSW,94.0,90.0,3,534,191,Derek Richardson|Jacyn Goble|Tony Brothers,29
0022101081,2021,0,2022-03-22,NYK,ATL,111.0,117.0,3,542,197,JB DeRosa|Kane Fitzgerald|Leon Wood,38
0022101082,2021,0,2022-03-22,MIL,CHI,126.0,98.0,3,545,202,Curtis Blair|JT Orr|John Goble,21
0022101083,2021,0,2022-03-22,DEN,LAC,127.0,115.0,3,501,194,Brian Forte|Ed Malloy|Natalie Sago,35
0022101084,2021,0,2022-03-23,CHA,NYK,106.0,121.0,3,499,187,John Conley|Marc Davis|Scott Wall,32
0022101085,2021,0,2022-03-23,DET,ATL,122.0,101.0,3,526,209,Aaron Smith|Eric Lewis|Tom Washington,35
0022101086,2021,0,2022-03-23,IND,SAC,109.0,110.0,3,524,200,Dedric Taylor|Mousa Dagher|Rodney Mott,23
0022101087,2021,0,2022-03-23,BOS,UTA,125.0,97.0,3,510,187,Bennie Adams|Kevin Cutler|Zach Zarba,31
0022101088,2021,0,2022-03-23,MIA,GSW,104.0,118.0,3,542,187,CJ Washington|David Guthrie|Mitchell Ervin,42
0022101089,2021,0,2022-03-23,MEM,BKN,132.0,120.0,3,586,203,James Capers|Scott Twardoski|Tyler Ford,37
0022101090,2021,0,2022-03-23,MIN,PHX,116.0,125.0,3,602,198,James Williams|Karl Lane|Marat Kogut,38
0022101091,2021,0,2022-03-23,OKC,ORL,118.0,102.0,3,505,201,Brandon Schwab|Gediminas Petraitis|Pat Fraher,35
0022101092,2021,0,2022-03-23,DAL,HOU,110.0,91.0,3,558,197,Nate Green|Nick Buchert|Tre Maddox,41
0022101093,2021,0,2022-03-23,LAL,PHI,121.0,126.0,2,561,205,Brent Barnaky|Ray Acosta|Sean Wright,32
0022101094,2021,0,2022-03-23,POR,SAS,96.0,133.0,3,577,203,Eric Dalen|John Butler|Josh Tiven,30
0022101095,2021,0,2022-03-24,TOR,CLE,117.0,104.0,3,529,182,JT Orr|Michael Smith|Tony Brothers,34
0022101096,2021,0,2022-03-24,MEM,IND,133.0,103.0,3,572,198,Ben Taylor|Jason Goldenberg|Leon Wood,38
0022101097,2021,0,2022-03-24,MIL,WAS,114.0,102.0,3,520,197,Derek Richardson|Kane Fitzgerald|Lauren Holtkamp,27
0022101098,2021,0,2022-03-24,NOP,CHI,126.0,109.0,3,558,196,Bill Kennedy|Natalie Sago|Nate Green,37
0022101099,2021,0,2022-03-24,DEN,PHX,130.0,140.0,3,521,199,Courtney Kirkland|Derrick Collins|Justin Van Duyne,41
0022101100,2021,0,2022-03-25,CHA,UTA,107.0,101.0,3,548,181,Curtis Blair|James Capers|Scott Twardoski,31
0022101101,2021,0,2022-03-25,DET,WAS,97.0,100.0,3,547,206,Evan Scott|JT Orr|Tony Brothers,29
0022101102,2021,0,2022-03-25,ATL,GSW,121.0,110.0,3,534,196,Bennie Adams|Marc Davis|Tyler Ford,35
0022101103,2021,0,2022-03-25,MIA,NYK,103.0,111.0,3,528,177,Dedric Taylor|Phenizee Ransom|Rodney Mott,46
0022101104,2021,0,2022-03-25,MIN,DAL,116.0,95.0,3,541,195,Andy Nagy|Mark Lindsay|Scott Foster,38
0022101105,2021,0,2022-03-25,POR,HOU,106.0,125.0,3,544,196,Brent Barnaky|Ray Acosta|Sean Wright,38
0022101106,2021,0,2022-03-25,LAC,PHI,97.0,122.0,3,572,201,Eric Dalen|JB DeRosa|Josh Tiven,33
0022101107,2021,0,2022-03-26,NOP,SAS,103.0,107.0,3,566,183,CJ Washington|Kevin Scott|Mitchell Ervin,34
0022101108,2021,0,2022-03-26,ORL,SAC,110.0,114.0,3,560,216,Aaron Smith|John Goble|Scott Wall,26
0022101109,2021,0,2022-03-26,TOR,IND,131.0,91.0,3,494,187,Lauren Holtkamp|Tom Washington|Zach Zarba,30
0022101110,2021,0,2022-03-26,CLE,CHI,94.0,98.0,3,552,188,Jacyn Goble|Jenna Schroeder|Marc Davis,41
0022101111,2021,0,2022-03-26,MIA,BKN,95.0,110.0,3,550,201,Bill Kennedy|Matt Boland|Michael Smith,39
0022101112,2021,0,2022-03-26,MEM,MIL,127.0,102.0,3,645,206,Eric Lewis|John Conley|Karl Lane,38
0022101113,2021,0,2022-03-26,DEN,OKC,113.0,107.0,2,528,206,Brett Nansel|James Williams|Kevin Cutler,36
0022101114,2021,0,2022-03-26,POR,HOU,98.0,115.0,1,567,200,Courtney Kirkland|Danielle Scott|JB DeRosa,28
0022101115,2021,0,2022-03-27,DET,NYK,102.0,104.0,3,533,190,Brandon Adair|Curtis Blair|Suyash Mehta,36
0022101116,2021,0,2022-03-27,BOS,MIN,134.0,112.0,3,514,199,Ben Taylor|Gediminas Petraitis|Jonathan Sterling,36
0022101117,2021,0,2022-03-27,WAS,GSW,123.0,115.0,3,581,202,Ashley Moyer-Gleich|Nick Buchert|Rodney Mott,46
0022101118,2021,0,2022-03-27,PHX,PHI,114.0,104.0,3,539,198,Jason Goldenberg|Scott Foster|Tre Maddox,35
0022101119,2021,0,2022-03-27,NOP,LAL,116.0,108.0,3,525,191,Andy Nagy|Eric Dalen|Tony Brothers,32
0022101120,2021,0,2022-03-27,BKN,CHA,110.0,119.0,3,609,203,Brian Forte|Justin Van Duyne|Pat Fraher,40
0022101121,2021,0,2022-03-27,DAL,UTA,114.0,100.0,3,510,177,JT Orr|Kane Fitzgerald|Tyler Ford,33
0022101122,2021,0,2022-03-28,CHA,DEN,109.0,113.0,3,570,200,Bill Kennedy|Lauren Holtkamp|Mark Lindsay,36
0022101123,2021,0,2022-03-28,CLE,ORL,107.0,101.0,2,512,202,Ben Taylor|CJ Washington|Nick Buchert,34
0022101124,2021,0,2022-03-28,IND,ATL,123.0,132.0,3,538,197,Ed Malloy|John Conley|Scott Wall,39
0022101125,2021,0,2022-03-28,MIA,SAC,123.0,100.0,3,476,194,Brent Barnaky|Kevin Scott|Ray Acosta,26
0022101126,2021,0,2022-03-28,NYK,CHI,109.0,104.0,2,574,193,Brian Forte|Mousa Dagher|Pat Fraher,43
0022101127,2021,0,2022-03-28,TOR,BOS,115.0,112.0,4,602,213,David Guthrie|Evan Scott|Mitchell Ervin,40
0022101128,2021,0,2022-03-28,HOU,SAS,120.0,123.0,3,598,212,Aaron Smith|James Williams|Natalie Sago,41
0022101129,2021,0,2022-03-28,MEM,GSW,123.0,95.0,3,593,210,Brett Nansel|Courtney Kirkland|JB DeRosa,44
0022101130,2021,0,2022-03-28,POR,OKC,131.0,134.0,4,604,217,Derek Richardson|Eric Lewis|Leon Wood,36
0022101131,2021,0,2022-03-29,PHI,MIL,116.0,118.0,3,547,198,Brandon Adair|James Capers|Mitchell Ervin,35
0022101132,2021,0,2022-03-29,WAS,CHI,94.0,107.0,2,513,185,John Goble|Michael Smith|Phenizee Ransom,30
0022101133,2021,0,2022-03-29,BKN,DET,130.0,123.0,3,537,208,David Guthrie|Marat Kogut|Tre Maddox,40
0022101134,2021,0,2022-03-29,DAL,LAL,128.0,110.0,3,522,192,Dedric Taylor|Marc Davis|Natalie Sago,33
0022101135,2021,0,2022-03-29,LAC,UTA,121.0,115.0,3,555,190,Jacyn Goble|Jason Goldenberg|Scott Foster,44
0022101136,2021,0,2022-03-30,CLE,DAL,112.0,120.0,3,517,192,Brett Nansel|Eric Dalen|Josh Tiven,28
0022101137,2021,0,2022-03-30,IND,DEN,118.0,125.0,3,520,194,Brian Forte|Jonathan Sterling|Tony Brothers,36
0022101138,2021,0,2022-03-30,WAS,ORL,127.0,110.0,3,559,206,Matt Boland|Sean Wright|Tom Washington,36
0022101139,2021,0,2022-03-30,BOS,MIA,98.0,106.0,3,549,207,Ed Malloy|Justin Van Duyne|Kane Fitzgerald,37
0022101140,2021,0,2022-03-30,NYK,CHA,114.0,125.0,3,529,200,John Butler|Kevin Cutler|Zach Zarba,38
0022101141,2021,0,2022-03-30,TOR,MIN,125.0,102.0,3,591,214,Aaron Smith|Bill Kennedy|JB DeRosa,36
0022101142,2021,0,2022-03-30,HOU,SAC,118.0,121.0,3,616,210,Curtis Blair|Mark Lindsay|Mousa Dagher,49
0022101143,2021,0,2022-03-30,OKC,ATL,118.0,136.0,3,518,214,Ben Taylor|Gediminas Petraitis|Matt Myers,35
0022101144,2021,0,2022-03-30,SAS,MEM,111.0,112.0,2,537,191,Kevin Scott|Nick Buchert|Scott Wall,24
0022101145,2021,0,2022-03-30,GSW,PHX,103.0,107.0,3,621,212,Eric Lewis|Jacyn Goble|Leon Wood,42
0022101146,2021,0,2022-03-30,POR,NOP,107.0,117.0,3,574,200,Jenna Schroeder|Karl Lane|Rodney Mott,39
0022101147,2021,0,2022-03-31,DET,PHI,102.0,94.0,3,504,183,Danielle Scott|Josh Tiven|Lauren Holtkamp,36
0022101148,2021,0,2022-03-31,BKN,MIL,119.0,120.0,4,655,229,Brent Barnaky|Derek Richardson|John Goble,37
0022101149,2021,0,2022-03-31,CHI,LAC,135.0,130.0,4,619,219,Dedric Taylor|Gediminas Petraitis|James Williams,39
0022101150,2021,0,2022-03-31,UTA,LAL,122.0,109.0,2,560,191,Eric Lewis|Evan Scott|Karl Lane,38
0022101151,2021,0,2022-04-01,ORL,TOR,89.0,102.0,3,499,194,Brandon Adair|Curtis Blair|Nate Green,25
0022101152,2021,0,2022-04-01,WAS,DAL,135.0,103.0,3,531,199,Jason Goldenberg|Justin Van Duyne|Tony Brothers,33
0022101153,2021,0,2022-04-01,BOS,IND,128.0,123.0,3,535,202,Bill Kennedy|Brett Nansel|Eric Dalen,42
0022101154,2021,0,2022-04-01,HOU,SAC,117.0,122.0,3,577,204,Marat Kogut|Michael Smith|Tyler Ford,40
0022101155,2021,0,2022-04-01,MEM,PHX,122.0,114.0,3,581,214,Natalie Sago|Tom Washington|Zach Zarba,38
0022101156,2021,0,2022-04-01,MIL,LAC,119.0,153.0,3,526,200,Bennie Adams|Derrick Collins|Sean Wright,35
0022101157,2021,0,2022-04-01,OKC,DET,101.0,110.0,3,536,202,Kevin Scott|Nick Buchert|Scott Twardoski,33
0022101158,2021,0,2022-04-01,SAS,POR,130.0,111.0,3,570,199,Ben Taylor|Matt Myers|Mitchell Ervin,34
0022101159,2021,0,2022-04-01,DEN,MIN,130.0,136.0,3,581,211,Jacyn Goble|James Capers|Mousa Dagher,44
0022101160,2021,0,2022-04-01,LAL,NOP,111.0,114.0,3,560,210,JT Orr|Leon Wood|Pat Fraher,42
0022101161,2021,0,2022-04-02,PHI,CHA,144.0,114.0,3,532,210,Gediminas Petraitis|Kane Fitzgerald|Phenizee Ransom,33
0022101162,2021,0,2022-04-02,NYK,CLE,101.0,119.0,3,540,191,Ashley Moyer-Gleich|Lauren Holtkamp|Rodney Mott,39
0022101163,2021,0,2022-04-02,ATL,BKN,122.0,115.0,3,601,213,Brandon Adair|Karl Lane|Kevin Scott,47
0022101164,2021,0,2022-04-02,CHI,MIA,109.0,127.0,3,520,191,CJ Washington|JB DeRosa|Josh Tiven,39
0022101165,2021,0,2022-04-02,GSW,UTA,111.0,107.0,2,529,188,JT Orr|Matt Boland|Tre Maddox,38
0022101166,2021,0,2022-04-03,BOS,WAS,144.0,102.0,3,477,194,James Williams|Nate Green|Scott Wall,32
0022101167,2021,0,2022-04-03,MIL,DAL,112.0,118.0,3,569,197,Aaron Smith|Jacyn Goble|Zach Zarba,42
0022101168,2021,0,2022-04-03,LAL,DEN,118.0,129.0,3,556,207,Ed Malloy|Mitchell Ervin|Scott Twardoski,42
0022101169,2021,0,2022-04-03,IND,DET,117.0,121.0,3,581,205,Brent Barnaky|Curtis Blair|Derek Richardson,36
0022101170,2021,0,2022-04-03,CLE,PHI,108.0,112.0,3,571,199,John Butler|Karl Lane|Sean Wright,45
0022101171,2021,0,2022-04-03,ORL,NYK,88.0,118.0,3,546,194,Nick Buchert|Ray Acosta|Tyler Ford,33
0022101172,2021,0,2022-04-03,TOR,MIA,109.0,114.0,3,536,196,Bennie Adams|Kevin Cutler|Tom Washington,38
0022101173,2021,0,2022-04-03,HOU,MIN,132.0,139.0,3,560,219,Brandon Schwab|Brian Forte|Josh Tiven,43
0022101174,2021,0,2022-04-03,OKC,PHX,117.0,96.0,2,541,203,Brett Nansel|JB DeRosa|James Capers,34
0022101175,2021,0,2022-04-03,SAS,POR,113.0,92.0,3,567,198,Courtney Kirkland|Eric Dalen|Jason Goldenberg,38
0022101176,2021,0,2022-04-03,SAC,GSW,90.0,109.0,3,544,191,Derrick Collins|Evan Scott|Pat Fraher,36
0022101177,2021,0,2022-04-03,LAC,NOP,119.0,100.0,3,548,189,Mark Lindsay|Matt Boland|Michael Smith,31
0022101178,2021,0,2022-04-05,IND,PHI,122.0,131.0,3,551,211,Eric Lewis|Marat Kogut|Tyler Ford,29
0022101179,2021,0,2022-04-05,ORL,CLE,120.0,115.0,3,516,199,Bennie Adams|Eric Dalen|Josh Tiven,30
0022101180,2021,0,2022-04-05,BKN,HOU,118.0,105.0,3,579,205,Matt Myers|Natalie Sago|Tom Washington,39
0022101181,2021,0,2022-04-05,MIA,CHA,144.0,115.0,3,527,203,James Williams|Karl Lane|Scott Wall,35
0022101182,2021,0,2022-04-05,TOR,ATL,118.0,108.0,3,544,196,Brian Forte|Danielle Scott|Rodney Mott,36
0022101183,2021,0,2022-04-05,CHI,MIL,106.0,127.0,3,601,206,James Capers|Jonathan Sterling|Kevin Scott,32
0022101184,2021,0,2022-04-05,MIN,WAS,114.0,132.0,3,540,214,Bill Kennedy|JT Orr|Kevin Cutler,39
0022101185,2021,0,2022-04-05,OKC,POR,98.0,94.0,3,524,195,Andy Nagy|Brandon Adair|John Goble,29
0022101186,2021,0,2022-04-05,DEN,SAS,97.0,116.0,3,545,208,Derek Richardson|Tony Brothers|Tre Maddox,30
0022101187,2021,0,2022-04-05,UTA,MEM,121.0,115.0,4,694,237,Ed Malloy|Michael Smith|Scott Twardoski,49
0022101188,2021,0,2022-04-05,SAC,NOP,109.0,123.0,3,526,197,Justin Van Duyne|Leon Wood|Mark Lindsay,34
0022101189,2021,0,2022-04-05,PHX,LAL,121.0,110.0,3,563,221,David Guthrie|Derrick Collins|Gediminas Petraitis,33
0022101190,2021,0,2022-04-06,DET,DAL,113.0,131.0,3,536,196,Brian Forte|Courtney Kirkland|Jenna Schroeder,42
0022101191,2021,0,2022-04-06,NYK,BKN,98.0,110.0,3,554,203,Curtis Blair|Jason Goldenberg|Sean Wright,40
0022101192,2021,0,2022-04-06,ATL,WAS,118.0,103.0,3,501,198,Brent Barnaky|Matt Boland|Pat Fraher,30
0022101193,2021,0,2022-04-06,CHI,BOS,94.0,117.0,3,564,198,Aaron Smith|Eric Lewis|Mitchell Ervin,37
0022101194,2021,0,2022-04-06,UTA,OKC,137.0,101.0,3,526,191,Gediminas Petraitis|Mark Lindsay|Tony Brothers,35
0022101195,2021,0,2022-04-06,LAC,PHX,113.0,109.0,3,592,213,Dedric Taylor|Kane Fitzgerald|Lauren Holtkamp,42
0022101196,2021,0,2022-04-07,CHA,ORL,128.0,101.0,3,570,216,Brandon Schwab|Brent Barnaky|Rodney Mott,35
0022101197,2021,0,2022-04-07,TOR,PHI,119.0,114.0,3,503,189,James Williams|Matt Myers|Nick Buchert,32
0022101198,2021,0,2022-04-07,MIL,BOS,127.0,121.0,3,561,206,David Guthrie|Kevin Cutler|Ray Acosta,32
0022101199,2021,0,2022-04-07,MIN,SAS,127.0,121.0,3,625,212,Jacyn Goble|Marc Davis|Phenizee Ransom,47
0022101200,2021,0,2022-04-07,NOP,POR,127.0,94.0,2,531,188,Marat Kogut|Pat Fraher|Tre Maddox,40
0022101201,2021,0,2022-04-07,DEN,MEM,122.0,109.0,2,537,203,Derrick Collins|JT Orr|Zach Zarba,40
0022101202,2021,0,2022-04-07,GSW,LAL,128.0,112.0,3,580,214,Brandon Adair|Kane Fitzgerald|Michael Smith,33
0022101203,2021,0,2022-04-08,DET,MIL,101.0,131.0,3,578,211,Ed Malloy|Nate Green|Sean Wright,40
0022101204,2021,0,2022-04-08,WAS,NYK,92.0,114.0,3,505,196,Andy Nagy|Brian Forte|Gediminas Petraitis,32
0022101205,2021,0,2022-04-08,BKN,CLE,118.0,107.0,3,563,187,Ben Taylor|Eric Lewis|Scott Wall,37
0022101206,2021,0,2022-04-08,TOR,HOU,117.0,115.0,3,537,206,Courtney Kirkland|Jason Goldenberg|Karl Lane,35
0022101207,2021,0,2022-04-08,MIA,ATL,113.0,109.0,3,506,196,Aaron Smith|John Goble|Tyler Ford,35
0022101208,2021,0,2022-04-08,CHI,CHA,117.0,133.0,3,454,191,Josh Tiven|Mark Lindsay|Natalie Sago,31
0022101209,2021,0,2022-04-08,DAL,POR,128.0,78.0,3,528,198,Leon Wood|Tom Washington|Tony Brothers,38
0022101210,2021,0,2022-04-08,UTA,PHX,105.0,111.0,3,560,199,Justin Van Duyne|Mitchell Ervin|Zach Zarba,38
0022101211,2021,0,2022-04-08,LAL,OKC,120.0,101.0,3,519,201,Bill Kennedy|Dedric Taylor|Lauren Holtkamp,41
0022101212,2021,0,2022-04-09,LAC,SAC,117.0,98.0,3,534,200,Brandon Adair|JT Orr|Tre Maddox,37
0022101213,2021,0,2022-04-09,MEM,NOP,141.0,114.0,3,597,214,Eric Dalen|Jonathan Sterling|Kane Fitzgerald,41
0022101214,2021,0,2022-04-09,PHI,IND,133.0,120.0,3,593,206,Ashley Moyer-Gleich|Curtis Blair|Jacyn Goble,43
0022101215,2021,0,2022-04-09,SAS,GSW,94.0,100.0,3,599,196,JB DeRosa|James Capers|Suyash Mehta,43
0022101216,2021,0,2022-04-10,BKN,IND,134.0,126.0,3,564,211,Karl Lane|Marc Davis|Nate Green,37
0022101217,2021,0,2022-04-10,CHA,WAS,124.0,108.0,3,578,200,Aaron Smith|Eric Lewis|Nick Buchert,33
0022101218,2021,0,2022-04-10,CLE,MIL,133.0,115.0,3,563,211,Gediminas Petraitis|Mark Lindsay|Scott Foster,36
0022101219,2021,0,2022-04-10,DAL,SAS,130.0,120.0,3,532,200,Andy Nagy|James Williams|Tyler Ford,32
0022101220,2021,0,2022-04-10,DEN,LAL,141.0,146.0,4,640,231,Josh Tiven|Justin Van Duyne|Mitchell Ervin,54
0022101221,2021,0,2022-04-10,HOU,ATL,114.0,130.0,3,516,197,CJ Washington|Leon Wood|Tony Brothers,36
0022101222,2021,0,2022-04-10,LAC,OKC,138.0,88.0,3,466,198,Bennie Adams|Kevin Cutler|Zach Zarba,25
0022101223,2021,0,2022-04-10,MEM,BOS,110.0,139.0,3,573,206,Ed Malloy|Marat Kogut|Sean Wright,34
0022101224,2021,0,2022-04-10,MIN,CHI,120.0,124.0,3,569,208,David Guthrie|Michael Smith|Ray Acosta,41
0022101225,2021,0,2022-04-10,NOP,GSW,107.0,128.0,2,503,192,Courtney Kirkland|Scott Twardoski|Tom Washington,27
0022101226,2021,0,2022-04-10,NYK,TOR,105.0,94.0,3,501,194,Brent Barnaky|John Goble|Matt Boland,30
0022101227,2021,0,2022-04-10,ORL,MIA,125.0,111.0,3,489,204,Curtis Blair|Derrick Collins|Jason Goldenberg,27
0022101228,2021,0,2022-04-10,PHI,DET,118.0,106.0,2,537,195,Evan Scott|Natalie Sago|Pat Fraher,36
0022101229,2021,0,2022-04-10,PHX,SAC,109.0,116.0,2,566,198,Brett Nansel|Derek Richardson|Rodney Mott,39
0022101230,2021,0,2022-04-10,POR,UTA,80.0,111.0,3,584,199,Bill Kennedy|Dedric Taylor|Lauren Holtkamp,40
