game_id,year,postseason,date,home,away,home_score,away_score,period_splits,raw_events,possessions,crew,foul_drawn_ids
0022300001,2023,0,2023-11-03,IND,CLE,121.0,116.0,2,576,206,Brent Barnaky|Brian Forte|Suyash Mehta,34
0022300002,2023,0,2023-11-03,MIL,NYK,110.0,105.0,3,569,204,Derek Richardson|James Williams|Tyler Ford,38
0022300003,2023,0,2023-11-03,MIA,WAS,121.0,114.0,3,473,206,John Conley|Sean Corbin|Zach Zarba,28
0022300004,2023,0,2023-11-03,CHI,BKN,107.0,109.0,2,507,191,JT Orr|Josh Tiven|Ray Acosta,20
0022300005,2023,0,2023-11-03,OKC,GSW,139.0,141.0,3,595,212,Che Flores|Mitchell Ervin|Nick Buchert,39
0022300006,2023,0,2023-11-03,DEN,DAL,125.0,114.0,3,564,197,Ed Malloy|Gediminas Petraitis|Scott Wall,33
0022300007,2023,0,2023-11-03,POR,MEM,115.0,113.0,4,624,219,Andy Nagy|Brett Nansel|James Capers,36
0022300008,2023,0,2023-11-10,DET,PHI,106.0,114.0,3,568,197,Justin Van Duyne|Marat Kogut|Tony Brothers,46
0022300009,2023,0,2023-11-10,WAS,CHA,117.0,124.0,3,585,206,Curtis Blair|Leon Wood|Phenizee Ransom,39
0022300010,2023,0,2023-11-10,BOS,BKN,121.0,107.0,3,527,195,Jason Goldenberg|Sean Corbin|Zach Zarba,34
0022300011,2023,0,2023-11-10,HOU,NOP,104.0,101.0,3,599,197,Matt Boland|Natalie Sago|Tyler Ford,46
0022300012,2023,0,2023-11-10,MEM,UTA,121.0,127.0,3,551,203,Derrick Collins|John Butler|Karl Lane,34
0022300013,2023,0,2023-11-10,SAS,MIN,110.0,117.0,3,571,211,CJ Washington|Josh Tiven|Lauren Holtkamp,33
0022300014,2023,0,2023-11-10,DAL,LAC,144.0,126.0,3,581,198,Mark Lindsay|Michael Smith|Tre Maddox,45
0022300015,2023,0,2023-11-10,PHX,LAL,119.0,122.0,3,594,200,Eric Dalen|Jacyn Goble|Kevin Scott,42
0022300016,2023,0,2023-11-10,SAC,OKC,105.0,98.0,3,588,201,Aaron Smith|Ben Taylor|Ray Acosta,35
0022300017,2023,0,2023-11-14,CHA,MIA,105.0,111.0,2,514,191,Dedric Taylor|Matt Kallio|Zach Zarba,37
0022300018,2023,0,2023-11-14,DET,ATL,120.0,126.0,3,561,208,Karl Lane|Nick Buchert|Robert Hussey,35
0022300019,2023,0,2023-11-14,PHI,IND,126.0,132.0,3,603,221,Courtney Kirkland|Jason Goldenberg|Scott Wall,52
0022300020,2023,0,2023-11-14,BKN,ORL,124.0,104.0,3,536,191,Evan Scott|Marat Kogut|Tony Brothers,35
0022300021,2023,0,2023-11-14,OKC,SAS,123.0,87.0,3,570,213,Curtis Blair|JB DeRosa|Phenizee Ransom,29
0022300022,2023,0,2023-11-14,NOP,DAL,131.0,110.0,3,604,213,Andy Nagy|Kevin Scott|Lauren Holtkamp,36
0022300023,2023,0,2023-11-14,UTA,POR,115.0,99.0,3,547,203,Brent Barnaky|John Conley|Marc Davis,27
0022300024,2023,0,2023-11-14,DEN,LAC,111.0,108.0,3,522,190,Josh Tiven|Matt Boland|Natalie Sago,41
0022300025,2023,0,2023-11-14,GSW,MIN,101.0,104.0,3,592,200,Aaron Smith|Mousa Dagher|Tyler Ford,33
0022300026,2023,0,2023-11-14,LAL,MEM,134.0,107.0,2,541,197,Ben Taylor|Ray Acosta|Sharae Mitchell,26
0022300027,2023,0,2023-11-17,CHA,MIL,99.0,130.0,3,538,208,Brian Forte|Jacyn Goble|Scott Wall,31
0022300028,2023,0,2023-11-17,WAS,NYK,99.0,120.0,3,525,188,John Conley|Kevin Scott|Nick Buchert,32
0022300029,2023,0,2023-11-17,ATL,PHI,116.0,126.0,3,547,199,Aaron Smith|Andy Nagy|Ben Taylor,38
0022300030,2023,0,2023-11-17,CLE,DET,108.0,100.0,3,535,198,Ed Malloy|Jenna Schroeder|Sean Corbin,26
0022300031,2023,0,2023-11-17,TOR,BOS,105.0,108.0,3,490,198,Lauren Holtkamp|Nate Green|Tony Brothers,21
0022300032,2023,0,2023-11-17,SAS,SAC,120.0,129.0,2,561,217,Brett Nansel|James Williams|Mousa Dagher,38
0022300033,2023,0,2023-11-17,CHI,ORL,97.0,103.0,3,532,195,Danielle Scott|Karl Lane|Tyler Ford,40
0022300034,2023,0,2023-11-17,NOP,DEN,115.0,110.0,2,565,200,Dedric Taylor|Derrick Collins|Marc Davis,30
0022300035,2023,0,2023-11-17,UTA,PHX,128.0,131.0,3,549,196,Bill Kennedy|Michael Smith|Phenizee Ransom,41
0022300036,2023,0,2023-11-17,POR,LAL,95.0,107.0,3,552,196,Jonathan Sterling|Josh Tiven|Scott Twardoski,29
0022300037,2023,0,2023-11-17,LAC,HOU,106.0,100.0,3,593,200,Ashley Moyer-Gleich|Courtney Kirkland|Derek Richardson,43
0022300038,2023,0,2023-11-21,ORL,TOR,126.0,107.0,3,539,204,JT Orr|James Williams|Mousa Dagher,34
0022300039,2023,0,2023-11-21,ATL,IND,152.0,157.0,3,552,221,Eric Dalen|Jacyn Goble|Lauren Holtkamp,43
0022300040,2023,0,2023-11-21,PHI,CLE,119.0,122.0,4,658,217,Mark Lindsay|Matt Myers|Natalie Sago,45
0022300041,2023,0,2023-11-21,PHX,POR,120.0,107.0,3,534,186,Che Flores|Justin Van Duyne|Sean Wright,34
0022300042,2023,0,2023-11-21,LAL,UTA,131.0,99.0,3,519,210,Courtney Kirkland|Evan Scott|Kevin Cutler,34
0022300043,2023,0,2023-11-24,ORL,BOS,113.0,96.0,3,556,201,David Guthrie|JB DeRosa|Jason Goldenberg,39
0022300044,2023,0,2023-11-24,MEM,PHX,89.0,110.0,3,508,186,Ben Taylor|Intae Hwang|Michael Smith,31
0022300045,2023,0,2023-11-24,NYK,MIA,100.0,98.0,3,504,199,Brent Barnaky|Josh Tiven|Tom Washington,31
0022300046,2023,0,2023-11-24,TOR,CHI,121.0,108.0,3,517,188,Evan Scott|Kevin Scott|Natalie Sago,31
0022300047,2023,0,2023-11-24,IND,DET,136.0,113.0,3,577,199,Brett Nansel|Phenizee Ransom|Tyler Ford,35
0022300048,2023,0,2023-11-24,HOU,DEN,105.0,86.0,3,550,197,Dannica Mosher|Jacyn Goble|Karl Lane,31
0022300049,2023,0,2023-11-24,MIL,WAS,131.0,128.0,3,579,212,Brandon Adair|Eric Dalen|Sean Wright,44
0022300050,2023,0,2023-11-24,MIN,SAC,111.0,124.0,3,562,204,John Butler|Marc Davis|Matt Kallio,31
0022300051,2023,0,2023-11-24,GSW,SAS,118.0,112.0,3,569,215,Justin Van Duyne|Leon Wood|Tony Brothers,31
0022300052,2023,0,2023-11-24,LAC,NOP,106.0,116.0,3,574,204,Nate Green|Scott Foster|Scott Twardoski,40
0022300053,2023,0,2023-11-28,BOS,CHI,124.0,97.0,3,543,196,Josh Tiven|Justin Van Duyne|Michael Smith,29
0022300054,2023,0,2023-11-28,BKN,TOR,115.0,103.0,3,578,201,Ashley Moyer-Gleich|Ed Malloy|Matt Boland,38
0022300055,2023,0,2023-11-28,CLE,ATL,128.0,105.0,3,594,207,Andy Nagy|Phenizee Ransom|Zach Zarba,36
0022300056,2023,0,2023-11-28,MIA,MIL,124.0,131.0,3,530,202,David Guthrie|Jacyn Goble|Marat Kogut,39
0022300057,2023,0,2023-11-28,NYK,CHA,115.0,91.0,3,528,192,Brett Nansel|Courtney Kirkland|Matt Myers,21
0022300058,2023,0,2023-11-28,MIN,OKC,106.0,103.0,3,588,201,Ben Taylor|Jenna Schroeder|Scott Twardoski,37
0022300059,2023,0,2023-11-28,DAL,HOU,121.0,115.0,3,575,195,Gediminas Petraitis|Natalie Sago|Scott Foster,47
0022300060,2023,0,2023-11-28,SAC,GSW,124.0,123.0,3,625,215,JT Orr|James Williams|Mitchell Ervin,49
0022300061,2023,0,2023-10-24,DEN,LAL,119.0,107.0,3,535,193,James Williams|Kevin Cutler|Scott Twardoski,31
0022300062,2023,0,2023-10-24,GSW,PHX,104.0,108.0,3,626,205,John Butler|Josh Tiven|Karl Lane,39
0022300063,2023,0,2023-10-25,CHA,ATL,116.0,110.0,3,580,210,Aaron Smith|Ed Malloy|Lauren Holtkamp,39
0022300064,2023,0,2023-10-25,IND,WAS,143.0,120.0,2,582,221,Dannica Mosher|Nick Buchert|Sean Wright,32
0022300065,2023,0,2023-10-25,NYK,BOS,104.0,108.0,3,577,195,Ben Taylor|Dedric Taylor|Jacyn Goble,39
0022300066,2023,0,2023-10-25,ORL,HOU,116.0,86.0,3,544,193,Gediminas Petraitis|Tom Washington|Tyler Ford,36
0022300067,2023,0,2023-10-25,BKN,CLE,113.0,114.0,3,584,200,Marc Davis|Phenizee Ransom|Ray Acosta,33
0022300068,2023,0,2023-10-25,MIA,DET,103.0,102.0,3,574,192,Brian Forte|Curtis Blair|Marat Kogut,37
0022300069,2023,0,2023-10-25,TOR,MIN,97.0,94.0,3,590,202,Brandon Schwab|Brett Nansel|Kevin Scott,30
0022300070,2023,0,2023-10-25,CHI,OKC,104.0,124.0,3,564,200,James Capers|Mitchell Ervin|Nate Green,30
0022300071,2023,0,2023-10-25,MEM,NOP,104.0,111.0,3,575,209,Courtney Kirkland|Danielle Scott|Rodney Mott,34
0022300072,2023,0,2023-10-25,UTA,SAC,114.0,130.0,3,606,211,James Williams|Karl Lane|Leon Wood,44
0022300073,2023,0,2023-10-25,SAS,DAL,119.0,126.0,3,590,215,Derrick Collins|Tony Brothers|Tre Maddox,35
0022300074,2023,0,2023-10-25,LAC,POR,123.0,111.0,3,574,201,CJ Washington|JB DeRosa|Josh Tiven,35
0022300075,2023,0,2023-10-26,MIL,PHI,118.0,117.0,3,568,210,Brent Barnaky|Evan Scott|Mark Lindsay,46
0022300076,2023,0,2023-10-26,LAL,PHX,100.0,95.0,3,561,212,Jason Goldenberg|Justin Van Duyne|Zach Zarba,39
0022300077,2023,0,2023-10-27,CHA,DET,99.0,111.0,3,628,218,Bill Kennedy|Jenna Schroeder|Rodney Mott,45
0022300078,2023,0,2023-10-27,MEM,DEN,104.0,108.0,3,590,207,Ed Malloy|Sharae Mitchell|Tre Maddox,37
0022300079,2023,0,2023-10-27,ATL,NYK,120.0,126.0,3,555,213,Ashley Moyer-Gleich|Curtis Blair|Scott Wall,40
0022300080,2023,0,2023-10-27,BOS,MIA,119.0,111.0,3,541,202,Brett Nansel|Eric Dalen|Kevin Scott,32
0022300081,2023,0,2023-10-27,CLE,OKC,105.0,108.0,3,632,215,Intae Hwang|Natalie Sago|Pat Fraher,32
0022300082,2023,0,2023-10-27,CHI,TOR,104.0,103.0,3,641,221,Brent Barnaky|Jacyn Goble|Suyash Mehta,39
0022300083,2023,0,2023-10-27,SAS,HOU,126.0,122.0,4,632,226,Brian Forte|Karl Lane|Matt Kallio,36
0022300084,2023,0,2023-10-27,DAL,BKN,125.0,120.0,3,561,205,Danielle Scott|Josh Tiven|Tyler Ford,32
0022300085,2023,0,2023-10-27,UTA,LAC,120.0,118.0,3,550,202,David Guthrie|Jason Goldenberg|Kevin Cutler,42
0022300086,2023,0,2023-10-27,POR,ORL,97.0,102.0,2,533,193,JT Orr|James Williams|Sean Corbin,36
0022300087,2023,0,2023-10-27,SAC,GSW,114.0,122.0,3,586,211,CJ Washington|JB DeRosa|Zach Zarba,36
0022300088,2023,0,2023-10-28,DET,CHI,118.0,102.0,3,556,191,Dannica Mosher|Mark Lindsay|Natalie Sago,35
0022300089,2023,0,2023-10-28,WAS,MEM,113.0,106.0,3,564,209,Aaron Smith|Gediminas Petraitis|Mousa Dagher,34
0022300090,2023,0,2023-10-28,NOP,NYK,96.0,87.0,3,567,203,Matt Kallio|Sean Wright|Tom Washington,32
0022300091,2023,0,2023-10-28,CLE,IND,113.0,125.0,3,537,198,Ashley Moyer-Gleich|Michael Smith|Mitchell Ervin,30
0022300092,2023,0,2023-10-28,TOR,PHI,107.0,114.0,2,507,188,Marat Kogut|Marc Davis|Matt Boland,36
0022300093,2023,0,2023-10-28,MIN,MIA,106.0,90.0,2,498,198,Andy Nagy|Courtney Kirkland|Robert Hussey,27
0022300094,2023,0,2023-10-28,PHX,UTA,126.0,104.0,3,543,203,James Capers|Matt Myers|Scott Twardoski,36
0022300095,2023,0,2023-10-29,OKC,DEN,95.0,128.0,3,503,194,JB DeRosa|John Conley|Tyler Ford,33
0022300096,2023,0,2023-10-29,HOU,GSW,95.0,106.0,3,532,193,Kevin Scott|Rodney Mott|Sharae Mitchell,35
0022300097,2023,0,2023-10-29,MIL,ATL,110.0,127.0,3,563,207,Bill Kennedy|Brett Nansel|Tre Maddox,35
0022300098,2023,0,2023-10-29,PHI,POR,126.0,98.0,3,587,207,Ben Taylor|Nick Buchert|Phenizee Ransom,44
0022300099,2023,0,2023-10-29,LAC,SAS,123.0,83.0,3,559,208,Che Flores|Justin Van Duyne|Zach Zarba,34
0022300100,2023,0,2023-10-29,SAC,LAL,132.0,127.0,3,634,229,David Guthrie|Derek Richardson|Sean Corbin,47
0022300101,2023,0,2023-10-30,CHA,BKN,121.0,133.0,3,546,213,Ashley Moyer-Gleich|CJ Washington|Gediminas Petraitis,38
0022300102,2023,0,2023-10-30,IND,CHI,105.0,112.0,3,567,207,Brett Nansel|Marat Kogut|Pat Fraher,38
0022300103,2023,0,2023-10-30,WAS,BOS,107.0,126.0,3,539,208,Brent Barnaky|Mark Lindsay|Nate Green,29
0022300104,2023,0,2023-10-30,ATL,MIN,127.0,113.0,3,520,197,Intae Hwang|Nick Buchert|Sean Wright,26
0022300105,2023,0,2023-10-30,TOR,POR,91.0,99.0,3,527,186,Brian Forte|Dedric Taylor|Mousa Dagher,31
0022300106,2023,0,2023-10-30,MEM,DAL,110.0,125.0,3,562,207,Brandon Adair|Eric Dalen|Mitchell Ervin,33
0022300107,2023,0,2023-10-30,MIL,MIA,122.0,114.0,3,525,209,Derrick Collins|Tom Washington|Tony Brothers,38
0022300108,2023,0,2023-10-30,NOP,GSW,102.0,130.0,3,601,202,Curtis Blair|Dannica Mosher|Jacyn Goble,35
0022300109,2023,0,2023-10-30,OKC,DET,124.0,112.0,3,596,209,Brandon Schwab|Karl Lane|Lauren Holtkamp,38
0022300110,2023,0,2023-10-30,DEN,UTA,110.0,102.0,2,533,198,Andy Nagy|Courtney Kirkland|Robert Hussey,31
0022300111,2023,0,2023-10-30,LAL,ORL,106.0,103.0,3,535,198,James Capers|John Butler|Matt Myers,34
0022300112,2023,0,2023-10-31,CLE,NYK,91.0,109.0,3,540,194,Aaron Smith|Bill Kennedy|JT Orr,33
0022300113,2023,0,2023-10-31,PHX,SAS,114.0,115.0,3,538,203,David Guthrie|Phenizee Ransom|Sean Corbin,34
0022300114,2023,0,2023-10-31,LAC,ORL,118.0,102.0,3,567,211,Jenna Schroeder|Rodney Mott|Scott Twardoski,45
0022300115,2023,0,2023-11-01,DET,POR,101.0,110.0,3,557,212,Jonathan Sterling|Pat Fraher|Sean Wright,40
0022300116,2023,0,2023-11-01,TOR,MIL,130.0,111.0,3,566,197,JB DeRosa|Josh Tiven|Tyler Mirkovich,40
0022300117,2023,0,2023-11-01,ATL,WAS,130.0,121.0,3,563,223,Biniam Maru|Dedric Taylor|Kevin Scott,40
0022300118,2023,0,2023-11-01,BOS,IND,155.0,104.0,3,529,215,Ben Taylor|Derek Richardson|Tyler Ford,35
0022300119,2023,0,2023-11-01,MIA,BKN,105.0,109.0,3,557,207,Jacyn Goble|Nick Buchert|Tyler Ricks,34
0022300120,2023,0,2023-11-01,NYK,CLE,89.0,95.0,3,559,194,Pat OConnell|Ray Acosta|Zach Zarba,35
0022300121,2023,0,2023-11-01,OKC,NOP,106.0,110.0,3,656,210,Brandon Adair|Courtney Kirkland|Eric Dalen,39
0022300122,2023,0,2023-11-01,HOU,CHA,128.0,119.0,3,554,206,Ed Malloy|Jason Goldenberg|Marat Kogut,34
0022300123,2023,0,2023-11-01,MIN,DEN,110.0,89.0,3,557,200,Brian Forte|Che Flores|Michael Smith,34
0022300124,2023,0,2023-11-01,DAL,CHI,114.0,105.0,2,534,191,Ashley Moyer-Gleich|Brent Haskill|Marc Davis,33
0022300125,2023,0,2023-11-01,UTA,MEM,133.0,109.0,3,604,215,Justin Van Duyne|Scott Wall|Tony Brothers,41
0022300126,2023,0,2023-11-01,GSW,SAC,102.0,101.0,3,547,197,James Capers|Jenna Schroeder|Kevin Cutler,32
0022300127,2023,0,2023-11-01,LAL,LAC,130.0,125.0,4,623,223,Andy Nagy|Curtis Blair|Mitchell Ervin,53
0022300128,2023,0,2023-11-02,PHI,TOR,114.0,99.0,3,560,196,Evan Scott|JT Orr|Mark Lindsay,35
0022300129,2023,0,2023-11-02,NOP,DET,125.0,116.0,3,599,204,Bill Kennedy|CJ Washington|Danielle Scott,43
0022300130,2023,0,2023-11-02,UTA,ORL,113.0,115.0,3,612,217,Curtis Blair|Gediminas Petraitis|Phenizee Ransom,47
0022300131,2023,0,2023-11-02,PHX,SAS,121.0,132.0,3,527,201,Sharae Mitchell|Tom Washington|Tony Brothers,33
0022300132,2023,0,2023-11-04,PHI,PHX,112.0,100.0,3,581,199,Eric Dalen|Kevin Scott|Matt Boland,30
0022300133,2023,0,2023-11-04,IND,CHA,124.0,125.0,3,537,198,Courtney Kirkland|JD Ralls|Ray Acosta,36
0022300134,2023,0,2023-11-04,ORL,LAL,120.0,101.0,3,560,196,Danielle Scott|Mark Lindsay|Michael Smith,30
0022300135,2023,0,2023-11-04,NOP,ATL,105.0,123.0,3,546,194,Ben Taylor|Kevin Cutler|Scott Twardoski,29
0022300136,2023,0,2023-11-04,BKN,BOS,114.0,124.0,3,559,202,David Guthrie|John Butler|Natalie Sago,36
0022300137,2023,0,2023-11-04,HOU,SAC,107.0,89.0,3,554,192,Curtis Blair|Jenna Reneau|Sean Wright,34
0022300138,2023,0,2023-11-04,MIN,UTA,123.0,95.0,3,578,195,Ashley Moyer-Gleich|Matt Myers|Pat Fraher,39
0022300139,2023,0,2023-11-04,DEN,CHI,123.0,101.0,3,553,198,Brandon Schwab|Tom Washington|Tony Brothers,35
0022300140,2023,0,2023-11-05,DET,PHX,106.0,120.0,3,559,199,Jason Goldenberg|Marc Davis|Pat OConnell,30
0022300141,2023,0,2023-11-05,SAS,TOR,116.0,123.0,4,619,219,Che Flores|Dedric Taylor|Zach Zarba,33
0022300142,2023,0,2023-11-05,CLE,GSW,115.0,104.0,3,618,205,Derek Richardson|Marat Kogut|Rodney Mott,38
0022300143,2023,0,2023-11-05,DAL,CHA,124.0,118.0,3,590,208,Bill Kennedy|JT Orr|Justin Van Duyne,41
0022300144,2023,0,2023-11-05,POR,MEM,100.0,112.0,3,546,199,Ed Malloy|Gediminas Petraitis|Leon Wood,31
0022300145,2023,0,2023-11-06,DET,GSW,109.0,120.0,3,529,194,Intae Hwang|Sean Corbin|Tyler Ford,31
0022300146,2023,0,2023-11-06,IND,SAS,152.0,111.0,3,563,215,Ashley Moyer-Gleich|Jason Goldenberg|Marc Davis,36
0022300147,2023,0,2023-11-06,ORL,DAL,102.0,117.0,3,538,199,Nick Buchert|Scott Foster|Tyler Ricks,38
0022300148,2023,0,2023-11-06,PHI,WAS,146.0,128.0,3,576,223,Brian Forte|Jonathan Sterling|Josh Tiven,37
0022300149,2023,0,2023-11-06,BKN,MIL,125.0,129.0,3,548,207,Courtney Kirkland|Michael Smith|Sharae Mitchell,27
0022300150,2023,0,2023-11-06,MIA,LAL,108.0,107.0,3,504,200,Brent Haskill|James Williams|Natalie Sago,26
0022300151,2023,0,2023-11-06,NYK,LAC,111.0,97.0,2,502,194,JB DeRosa|Mitchell Ervin|Robert Hussey,24
0022300152,2023,0,2023-11-06,CHI,UTA,130.0,113.0,3,543,201,Evan Scott|Rodney Mott|Scott Twardoski,33
0022300153,2023,0,2023-11-06,HOU,SAC,122.0,97.0,3,505,188,Justin Van Duyne|Nate Green|Pat Fraher,38
0022300154,2023,0,2023-11-06,MIN,BOS,114.0,109.0,4,634,225,Aaron Smith|Brandon Schwab|Kevin Cutler,45
0022300155,2023,0,2023-11-06,OKC,ATL,126.0,117.0,3,603,216,Mousa Dagher|Tom Washington|Tre Maddox,36
0022300156,2023,0,2023-11-06,DEN,NOP,134.0,116.0,3,539,204,Dannica Mosher|Jacyn Goble|Sean Wright,31
0022300157,2023,0,2023-11-08,CHA,WAS,116.0,132.0,3,597,205,John Butler|Pat OConnell|Scott Foster,45
0022300158,2023,0,2023-11-08,IND,UTA,134.0,118.0,2,565,213,Brandon Adair|Gediminas Petraitis|Sean Corbin,29
0022300159,2023,0,2023-11-08,PHI,BOS,106.0,103.0,3,538,206,Dedric Taylor|James Williams|Lauren Holtkamp,28
0022300160,2023,0,2023-11-08,BKN,LAC,100.0,93.0,3,542,197,Brian Forte|Clare Aubry|Ed Malloy,27
0022300161,2023,0,2023-11-08,NYK,SAS,126.0,105.0,3,547,198,James Capers|Jenna Schroeder|Nick Buchert,33
0022300162,2023,0,2023-11-08,CHI,PHX,115.0,116.0,4,612,221,JB DeRosa|Kevin Cutler|Sharae Mitchell,37
0022300163,2023,0,2023-11-08,HOU,LAL,128.0,94.0,3,539,200,Derrick Collins|Ray Acosta|Tre Maddox,37
0022300164,2023,0,2023-11-08,MEM,MIA,102.0,108.0,3,585,200,Justin Van Duyne|Mark Lindsay|Tyler Mirkovich,46
0022300165,2023,0,2023-11-08,MIL,DET,120.0,118.0,3,571,216,Mitchell Ervin|Rodney Mott|Scott Twardoski,39
0022300166,2023,0,2023-11-08,MIN,NOP,122.0,101.0,3,551,207,Curtis Blair|Karl Lane|Tyler Ricks,41
0022300167,2023,0,2023-11-08,OKC,CLE,128.0,120.0,3,620,209,CJ Washington|Dannica Mosher|Marc Davis,48
0022300168,2023,0,2023-11-08,DAL,TOR,116.0,127.0,3,590,213,Ben Taylor|Jenna Reneau|Sean Wright,41
0022300169,2023,0,2023-11-08,DEN,GSW,108.0,105.0,3,546,194,Aaron Smith|Brett Nansel|Kevin Scott,39
0022300170,2023,0,2023-11-08,SAC,POR,121.0,118.0,4,667,220,Bill Kennedy|Jacyn Goble|Matt Kallio,47
0022300171,2023,0,2023-11-09,IND,MIL,126.0,124.0,3,563,205,Kevin Cutler|Robert Hussey|Tom Washington,40
0022300172,2023,0,2023-11-09,ORL,ATL,119.0,120.0,3,614,212,Courtney Kirkland|Matt Myers|Pat Fraher,45
0022300173,2023,0,2023-11-11,ORL,MIL,112.0,97.0,3,574,200,Ed Malloy|JB DeRosa|Suyash Mehta,38
0022300174,2023,0,2023-11-11,BOS,TOR,117.0,94.0,3,495,196,Mitchell Ervin|Scott Foster|Scott Wall,28
0022300175,2023,0,2023-11-11,ATL,MIA,109.0,117.0,3,523,206,Bill Kennedy|Brandon Schwab|Kevin Cutler,29
0022300176,2023,0,2023-11-11,GSW,CLE,110.0,118.0,3,650,211,Ben Taylor|Brent Barnaky|JT Orr,51
0022300177,2023,0,2023-11-12,NYK,CHA,129.0,107.0,3,545,190,Brandon Adair|Jason Goldenberg|Sean Wright,37
0022300178,2023,0,2023-11-12,BKN,WAS,102.0,94.0,3,586,208,James Williams|Karl Lane|Nate Green,32
0022300179,2023,0,2023-11-12,LAC,MEM,101.0,105.0,3,603,194,Eric Dalen|John Conley|Tyler Ford,41
0022300180,2023,0,2023-11-12,PHI,IND,137.0,126.0,3,534,202,JB DeRosa|James Capers|Leon Wood,29
0022300181,2023,0,2023-11-12,CHI,DET,119.0,108.0,2,556,195,JD Ralls|Lauren Holtkamp|Zach Zarba,38
0022300182,2023,0,2023-11-12,HOU,DEN,107.0,104.0,2,541,188,John Butler|Jonathan Sterling|Tony Brothers,34
0022300183,2023,0,2023-11-12,NOP,DAL,124.0,136.0,3,564,218,Justin Van Duyne|Nick Buchert|Phenizee Ransom,35
0022300184,2023,0,2023-11-12,SAS,MIA,113.0,118.0,3,529,202,Dannica Mosher|Natalie Sago|Pat Fraher,32
0022300185,2023,0,2023-11-12,PHX,OKC,99.0,111.0,3,581,193,Brent Barnaky|Matt Boland|Rodney Mott,39
0022300186,2023,0,2023-11-12,GSW,MIN,110.0,116.0,3,617,204,Che Flores|Marc Davis|Ray Acosta,43
0022300187,2023,0,2023-11-12,LAL,POR,116.0,110.0,3,505,203,Aaron Smith|Mark Lindsay|Mousa Dagher,32
0022300188,2023,0,2023-11-13,BOS,NYK,114.0,98.0,3,465,176,Bill Kennedy|Gediminas Petraitis|Tyler Mirkovich,36
0022300189,2023,0,2023-11-13,TOR,WAS,111.0,107.0,3,523,205,Brian Forte|CJ Washington|Matt Myers,32
0022300190,2023,0,2023-11-13,MIL,CHI,118.0,109.0,3,588,197,Brandon Schwab|Michael Smith|Scott Foster,44
0022300191,2023,0,2023-11-13,SAC,CLE,132.0,120.0,3,530,194,Eric Dalen|Mark Lindsay|Scott Twardoski,33
0022300192,2023,0,2023-11-15,WAS,DAL,117.0,130.0,3,551,209,Bill Kennedy|Intae Hwang|Tom Washington,36
0022300193,2023,0,2023-11-15,ATL,NYK,114.0,116.0,3,536,192,Danielle Scott|JT Orr|Scott Foster,36
0022300194,2023,0,2023-11-15,PHI,BOS,107.0,117.0,3,500,189,CJ Washington|Ed Malloy|Pat Fraher,27
0022300195,2023,0,2023-11-15,TOR,MIL,112.0,128.0,3,582,198,Gediminas Petraitis|Robert Hussey|Sean Corbin,41
0022300196,2023,0,2023-11-15,CHI,ORL,94.0,96.0,3,566,200,Brett Nansel|Brian Forte|Dedric Taylor,41
0022300197,2023,0,2023-11-15,PHX,MIN,133.0,115.0,3,515,185,John Butler|Mark Lindsay|Tre Maddox,33
0022300198,2023,0,2023-11-15,LAL,SAC,110.0,125.0,3,579,221,Ashley Moyer-Gleich|Marc Davis|Rodney Mott,33
0022300199,2023,0,2023-11-15,POR,CLE,95.0,109.0,2,557,190,Kevin Cutler|Michael Smith|Tyler Ford,33
0022300200,2023,0,2023-11-16,MIA,BKN,122.0,115.0,3,522,187,JB DeRosa|Mitchell Ervin|Suyash Mehta,36
0022300201,2023,0,2023-11-16,GSW,OKC,109.0,128.0,3,573,202,Derek Richardson|Josh Tiven|Natalie Sago,36
0022300202,2023,0,2023-11-18,CHA,NYK,108.0,122.0,3,498,194,Brandon Schwab|Brent Barnaky|Karl Lane,29
0022300203,2023,0,2023-11-18,NOP,MIN,120.0,121.0,3,591,200,Matt Kallio|Mitchell Ervin|Scott Foster,42
0022300204,2023,0,2023-11-18,CHI,MIA,102.0,97.0,3,515,187,Curtis Blair|Intae Hwang|Tre Maddox,36
0022300205,2023,0,2023-11-18,MIL,DAL,132.0,125.0,3,535,211,Pat Fraher|Ray Acosta|Suyash Mehta,30
0022300206,2023,0,2023-11-18,SAS,MEM,108.0,120.0,3,595,198,Jason Goldenberg|Leon Wood|Rodney Mott,43
0022300207,2023,0,2023-11-18,GSW,OKC,123.0,130.0,4,598,224,Brandon Adair|John Butler|Sean Wright,30
0022300208,2023,0,2023-11-19,BKN,PHI,99.0,121.0,3,515,194,Danielle Scott|JT Orr|Kevin Scott,31
0022300209,2023,0,2023-11-19,IND,ORL,116.0,128.0,3,624,218,Aaron Smith|Ben Taylor|John Conley,54
0022300210,2023,0,2023-11-19,CLE,DEN,121.0,109.0,3,540,195,Brett Nansel|Lauren Holtkamp|Tony Brothers,34
0022300211,2023,0,2023-11-19,TOR,DET,142.0,113.0,3,574,213,Eric Dalen|Jacyn Goble|Matt Boland,43
0022300212,2023,0,2023-11-19,DAL,SAC,113.0,129.0,3,557,195,CJ Washington|Ed Malloy|JB DeRosa,33
0022300213,2023,0,2023-11-19,MEM,BOS,100.0,102.0,3,540,189,James Williams|Mousa Dagher|Sean Corbin,31
0022300214,2023,0,2023-11-19,UTA,PHX,137.0,140.0,5,698,235,Ashley Moyer-Gleich|Jonathan Sterling|Zach Zarba,53
0022300215,2023,0,2023-11-19,POR,OKC,91.0,134.0,3,510,193,Courtney Kirkland|Evan Scott|Marat Kogut,29
0022300216,2023,0,2023-11-19,LAL,HOU,105.0,104.0,3,562,199,Brandon Adair|Michael Smith|Sean Wright,31
0022300217,2023,0,2023-11-20,CHA,BOS,121.0,118.0,4,596,216,Mitchell Ervin|Robert Hussey|Rodney Mott,31
0022300218,2023,0,2023-11-20,DET,DEN,103.0,107.0,3,560,199,Andy Nagy|Curtis Blair|Tre Maddox,36
0022300219,2023,0,2023-11-20,WAS,MIL,129.0,142.0,3,527,207,Dedric Taylor|Josh Tiven|Karl Lane,30
0022300220,2023,0,2023-11-20,CHI,MIA,100.0,118.0,3,488,188,Jason Goldenberg|Marc Davis|Phenizee Ransom,33
0022300221,2023,0,2023-11-20,MIN,NYK,117.0,100.0,3,586,202,Pat Fraher|Ray Acosta|Suyash Mehta,44
0022300222,2023,0,2023-11-20,NOP,SAC,129.0,93.0,3,568,200,Gediminas Petraitis|Leon Wood|Tom Washington,38
0022300223,2023,0,2023-11-20,SAS,LAC,99.0,124.0,3,541,201,Bill Kennedy|Brian Forte|Derrick Collins,26
0022300224,2023,0,2023-11-20,GSW,HOU,121.0,116.0,3,524,192,Marat Kogut|Scott Twardoski|Zach Zarba,43
0022300225,2023,0,2023-11-22,CHA,WAS,117.0,114.0,3,536,204,Aaron Smith|Suyash Mehta|Tre Maddox,30
0022300226,2023,0,2023-11-22,ORL,DEN,124.0,119.0,3,544,192,Rodney Mott|Scott Wall|Sean Corbin,43
0022300227,2023,0,2023-11-22,ATL,BKN,147.0,145.0,4,703,233,Jonathan Sterling|Mark Lindsay|Phenizee Ransom,40
0022300228,2023,0,2023-11-22,BOS,MIL,119.0,116.0,3,516,206,Brent Barnaky|Marc Davis|Matt Boland,31
0022300229,2023,0,2023-11-22,CLE,MIA,96.0,129.0,3,504,190,Brandon Adair|Gediminas Petraitis|JB DeRosa,31
0022300230,2023,0,2023-11-22,IND,TOR,131.0,132.0,3,564,215,Andy Nagy|Matt Myers|Nick Buchert,36
0022300231,2023,0,2023-11-22,HOU,MEM,111.0,91.0,3,577,196,Bill Kennedy|CJ Washington|Nate Green,39
0022300232,2023,0,2023-11-22,MIN,PHI,112.0,99.0,3,596,195,Ed Malloy|John Conley|Tom Washington,40
0022300233,2023,0,2023-11-22,NOP,SAC,117.0,112.0,3,593,201,Brian Forte|Jenna Schroeder|Ray Acosta,50
0022300234,2023,0,2023-11-22,OKC,CHI,116.0,102.0,3,555,191,Eric Dalen|Leon Wood|Pat Fraher,37
0022300235,2023,0,2023-11-22,SAS,LAC,102.0,109.0,3,576,207,Mitchell Ervin|Robert Hussey|Tyler Ford,43
0022300236,2023,0,2023-11-22,PHX,GSW,123.0,115.0,3,653,203,Derrick Collins|Kevin Cutler|Scott Foster,53
0022300237,2023,0,2023-11-22,POR,UTA,121.0,105.0,3,520,199,John Butler|Matt Kallio|Tony Brothers,32
0022300238,2023,0,2023-11-22,LAL,DAL,101.0,104.0,3,537,194,Derek Richardson|Marat Kogut|Zach Zarba,31
0022300239,2023,0,2023-11-25,OKC,PHI,123.0,127.0,3,635,197,Bill Kennedy|Dedric Taylor|Mitchell Ervin,47
0022300240,2023,0,2023-11-25,BKN,MIA,112.0,97.0,3,520,191,Aaron Smith|Andy Nagy|Kevin Cutler,33
0022300241,2023,0,2023-11-25,WAS,ATL,108.0,136.0,3,525,208,Pat Fraher|Ray Acosta|Sean Corbin,28
0022300242,2023,0,2023-11-25,CLE,LAL,115.0,121.0,3,543,215,Ashley Moyer-Gleich|Curtis Blair|Nick Buchert,29
0022300243,2023,0,2023-11-25,UTA,NOP,105.0,100.0,3,566,202,Derek Richardson|James Williams|Lauren Holtkamp,26
0022300244,2023,0,2023-11-25,LAC,DAL,107.0,88.0,3,556,187,Mousa Dagher|Rodney Mott|Tony Brothers,36
0022300245,2023,0,2023-11-26,MIL,POR,108.0,102.0,3,612,207,Brett Nansel|Intae Hwang|Kevin Scott,43
0022300246,2023,0,2023-11-26,BOS,ATL,113.0,103.0,3,549,200,Brent Haskill|Brian Forte|Ed Malloy,29
0022300247,2023,0,2023-11-26,NYK,PHX,113.0,116.0,3,568,183,CJ Washington|Gediminas Petraitis|Mark Lindsay,42
0022300248,2023,0,2023-11-26,ORL,CHA,130.0,117.0,3,562,212,Jacyn Goble|John Conley|Michael Smith,45
0022300249,2023,0,2023-11-26,MEM,MIN,97.0,119.0,3,554,198,JB DeRosa|Jenna Reneau|Sean Wright,39
0022300250,2023,0,2023-11-26,BKN,CHI,118.0,109.0,3,471,184,Brent Barnaky|Courtney Kirkland|Scott Wall,32
0022300251,2023,0,2023-11-26,CLE,TOR,105.0,102.0,3,575,200,Ben Taylor|Eric Dalen|John Butler,26
0022300252,2023,0,2023-11-26,DEN,SAS,132.0,120.0,3,590,212,Jenna Schroeder|Scott Foster|Tre Maddox,45
0022300253,2023,0,2023-11-27,DET,WAS,107.0,126.0,3,595,216,Bill Kennedy|Che Flores|Nick Buchert,36
0022300254,2023,0,2023-11-27,IND,POR,110.0,114.0,3,569,211,CJ Washington|Kevin Cutler|Ray Acosta,42
0022300255,2023,0,2023-11-27,PHI,LAL,138.0,94.0,3,507,195,Brent Barnaky|Sean Corbin|Tyler Ford,34
0022300256,2023,0,2023-11-27,UTA,NOP,114.0,112.0,3,557,194,Curtis Blair|Dedric Taylor|Mitchell Ervin,45
0022300257,2023,0,2023-11-27,LAC,DEN,104.0,113.0,3,586,196,James Williams|Lauren Holtkamp|Suyash Mehta,42
0022300258,2023,0,2023-11-29,DET,LAL,107.0,133.0,3,577,215,Jonathan Sterling|Karl Lane|Rodney Mott,39
0022300259,2023,0,2023-11-29,ORL,WAS,139.0,120.0,2,521,209,Aaron Smith|Evan Scott|Mark Lindsay,41
0022300260,2023,0,2023-11-29,TOR,PHX,112.0,105.0,3,558,193,Bill Kennedy|Dannica Mosher|Nick Buchert,35
0022300261,2023,0,2023-11-29,MEM,UTA,105.0,91.0,3,522,192,Marc Davis|Matt Kallio|Tom Washington,23
0022300262,2023,0,2023-11-29,NOP,PHI,124.0,114.0,3,586,204,JB DeRosa|Jason Goldenberg|Kevin Cutler,42
0022300263,2023,0,2023-11-29,DEN,HOU,134.0,124.0,3,538,183,Derrick Collins|John Butler|Sean Wright,38
0022300264,2023,0,2023-11-29,SAC,LAC,117.0,131.0,3,551,200,Curtis Blair|Dedric Taylor|Sha'Rae Mitchell,38
0022300265,2023,0,2023-11-30,CLE,POR,95.0,103.0,2,482,190,Matt Boland|Pat Fraher|Scott Twardoski,27
0022300266,2023,0,2023-11-30,BKN,CHA,128.0,129.0,3,524,192,Brian Forte|Jonathan Sterling|Sean Corbin,26
0022300267,2023,0,2023-11-30,MIA,IND,142.0,132.0,3,623,215,Ashley Moyer-Gleich|Brandon Schwab|Mark Lindsay,58
0022300268,2023,0,2023-11-30,NYK,DET,118.0,112.0,3,529,198,Brandon Adair|Jacyn Goble|Justin Van Duyne,34
0022300269,2023,0,2023-11-30,CHI,MIL,120.0,113.0,4,616,228,Ben Taylor|Natalie Sago|Rodney Mott,35
0022300270,2023,0,2023-11-30,MIN,UTA,101.0,90.0,3,533,197,Eric Dalen|JD Ralls|Tyler Ford,28
0022300271,2023,0,2023-11-30,OKC,LAL,133.0,110.0,3,581,210,Andy Nagy|Nate Green|Sean Wright,41
0022300272,2023,0,2023-11-30,SAS,ATL,135.0,137.0,3,582,219,David Guthrie|Gediminas Petraitis|JT Orr,39
0022300273,2023,0,2023-11-30,GSW,LAC,120.0,114.0,3,536,190,Danielle Scott|Kevin Scott|Tre Maddox,38
0022300274,2023,0,2023-12-01,ORL,WAS,130.0,125.0,3,581,213,Brent Barnaky|Brent Haskill|Scott Foster,46
0022300275,2023,0,2023-12-01,BOS,PHI,125.0,119.0,3,586,207,Bill Kennedy|Nick Buchert|Phenizee Ransom,41
0022300276,2023,0,2023-12-01,TOR,NYK,106.0,119.0,3,532,196,James Williams|Lauren Holtkamp|Robert Hussey,29
0022300277,2023,0,2023-12-01,DAL,MEM,94.0,108.0,3,569,192,David Guthrie|Matt Myers|Ray Acosta,35
0022300278,2023,0,2023-12-01,NOP,SAS,121.0,106.0,3,547,200,Aaron Smith|Ed Malloy|Scott Wall,33
0022300279,2023,0,2023-12-01,PHX,DEN,111.0,119.0,3,532,195,Dedric Taylor|Karl Lane|Marc Davis,35
0022300280,2023,0,2023-12-02,LAC,GSW,113.0,112.0,3,535,203,Josh Tiven|Kevin Cutler|Leon Wood,30
0022300281,2023,0,2023-12-02,CHA,MIN,117.0,123.0,3,532,194,Gediminas Petraitis|JB DeRosa|Marat Kogut,33
0022300282,2023,0,2023-12-02,BKN,ORL,129.0,101.0,3,583,202,Ben Taylor|Natalie Sago|Tyler Mirkovich,42
0022300283,2023,0,2023-12-02,DET,CLE,101.0,110.0,3,545,199,Brian Forte|Suyash Mehta|Tom Washington,35
0022300284,2023,0,2023-12-02,MIA,IND,129.0,144.0,1,506,197,Jason Goldenberg|Michael Smith|Tony Brothers,42
0022300285,2023,0,2023-12-02,CHI,NOP,124.0,118.0,3,560,195,Brett Nansel|Sean Corbin|Zach Zarba,34
0022300286,2023,0,2023-12-02,MIL,ATL,132.0,121.0,3,537,208,Brent Barnaky|Courtney Kirkland|Scott Twardoski,29
0022300287,2023,0,2023-12-02,DAL,OKC,120.0,126.0,3,601,209,Derek Richardson|Mitchell Ervin|Pat Fraher,41
0022300288,2023,0,2023-12-02,PHX,MEM,116.0,109.0,3,624,207,Curtis Blair|John Butler|Rodney Mott,45
0022300289,2023,0,2023-12-02,UTA,POR,118.0,113.0,4,591,211,Derrick Collins|Karl Lane|Sean Wright,38
0022300290,2023,0,2023-12-02,SAC,DEN,123.0,117.0,3,555,215,Eric Dalen|Kevin Scott|Mousa Dagher,27
0022300291,2023,0,2023-12-02,LAL,HOU,107.0,97.0,3,590,207,Dedric Taylor|JT Orr|Tre Maddox,35
0022300292,2023,0,2023-12-11,CHA,MIA,114.0,116.0,3,535,192,Curtis Blair|Natalie Sago|Tyler Ricks,38
0022300293,2023,0,2023-12-11,DET,IND,123.0,131.0,3,539,212,Derek Richardson|Marc Davis|Pat Fraher,33
0022300294,2023,0,2023-12-11,ORL,CLE,104.0,94.0,3,591,185,Brandon Adair|Gediminas Petraitis|Josh Tiven,42
0022300295,2023,0,2023-12-11,PHI,WAS,146.0,101.0,3,561,221,Karl Lane|Scott Foster|Tom Washington,40
0022300296,2023,0,2023-12-11,ATL,DEN,122.0,129.0,3,563,199,Ben Taylor|Brent Haskill|Sean Corbin,36
0022300297,2023,0,2023-12-11,NYK,TOR,136.0,130.0,3,537,199,Bill Kennedy|Mitchell Ervin|Pat O'Connell,39
0022300298,2023,0,2023-12-11,HOU,SAS,93.0,82.0,3,580,205,Brent Barnaky|James Capers|Suyash Mehta,29
0022300299,2023,0,2023-12-11,MEM,DAL,113.0,120.0,3,539,200,Eric Dalen|James Williams|Lauren Holtkamp,30
0022300300,2023,0,2023-12-11,MIL,CHI,133.0,129.0,3,609,218,Aaron Smith|Evan Scott|Kevin Scott,45
0022300301,2023,0,2023-12-11,NOP,MIN,121.0,107.0,3,600,203,John Conley|Mark Lindsay|Nick Buchert,46
0022300302,2023,0,2023-12-11,OKC,UTA,134.0,120.0,2,537,211,Danielle Scott|Tony Brothers|Tre Maddox,31
0022300303,2023,0,2023-12-11,SAC,BKN,131.0,118.0,3,569,203,David Guthrie|JD Ralls|Justin Van Duyne,34
0022300304,2023,0,2023-12-11,LAC,POR,132.0,127.0,3,521,196,Jacyn Goble|John Butler|Zach Zarba,38
0022300305,2023,0,2023-12-12,BOS,CLE,120.0,113.0,3,519,196,Courtney Kirkland|Marat Kogut|Ray Acosta,29
0022300306,2023,0,2023-12-12,DAL,LAL,127.0,125.0,3,531,195,Ben Taylor|Brent Barnaky|CJ Washington,31
0022300307,2023,0,2023-12-12,CHI,DEN,106.0,114.0,3,572,187,Mark Lindsay|Michael Smith|Mousa Dagher,40
0022300308,2023,0,2023-12-12,PHX,GSW,119.0,116.0,3,613,210,Brett Nansel|Brian Forte|Jacyn Goble,46
0022300309,2023,0,2023-12-12,LAC,SAC,119.0,99.0,3,513,206,JB DeRosa|JT Orr|Rodney Mott,33
0022300310,2023,0,2023-12-13,DET,PHI,111.0,129.0,3,546,207,Eric Dalen|Kevin Scott|Leon Wood,41
0022300311,2023,0,2023-12-13,WAS,NOP,122.0,142.0,3,547,214,Gediminas Petraitis|Josh Tiven|Lauren Holtkamp,32
0022300312,2023,0,2023-12-13,MIA,CHA,115.0,104.0,3,490,200,James Williams|Jenna Schroeder|Tre Maddox,22
0022300313,2023,0,2023-12-13,TOR,ATL,135.0,128.0,3,535,206,Derek Richardson|Karl Lane|Scott Foster,32
0022300314,2023,0,2023-12-13,HOU,MEM,117.0,104.0,3,595,209,Ashley Moyer-Gleich|David Guthrie|Jason Goldenberg,49
0022300315,2023,0,2023-12-13,MIL,IND,140.0,126.0,3,665,221,Andy Nagy|James Capers|Mousa Dagher,53
0022300316,2023,0,2023-12-13,SAS,LAL,119.0,122.0,3,584,223,Dedric Taylor|Ed Malloy|Pat Fraher,28
0022300317,2023,0,2023-12-13,PHX,BKN,112.0,116.0,3,571,190,JB DeRosa|Phenizee Ransom|Tony Brothers,36
0022300318,2023,0,2023-12-13,UTA,NYK,117.0,113.0,3,589,207,Aaron Smith|JD Ralls|Zach Zarba,44
0022300319,2023,0,2023-12-14,BOS,CLE,116.0,107.0,3,497,194,Natalie Sago|Nate Green|Sean Wright,29
0022300320,2023,0,2023-12-14,MIA,CHI,116.0,124.0,3,547,197,Dannica Mosher|Justin Van Duyne|Marc Davis,41
0022300321,2023,0,2023-12-14,DAL,MIN,101.0,119.0,3,562,203,Brandon Schwab|Curtis Blair|Jacyn Goble,32
0022300322,2023,0,2023-12-14,DEN,BKN,124.0,101.0,3,569,206,Brent Barnaky|John Butler|Zach Zarba,37
0022300323,2023,0,2023-12-14,POR,UTA,114.0,122.0,3,522,190,Brian Forte|CJ Washington|Sean Corbin,24
0022300324,2023,0,2023-12-14,SAC,OKC,128.0,123.0,3,647,218,Brett Nansel|Kevin Cutler|Tyler Ford,42
0022300325,2023,0,2023-12-14,LAC,GSW,121.0,113.0,3,542,195,Aaron Smith|Phenizee Ransom|Tony Brothers,38
0022300326,2023,0,2023-12-15,CHA,NOP,107.0,112.0,3,582,202,Ashley Moyer-Gleich|Derek Richardson|Pat Fraher,36
0022300327,2023,0,2023-12-15,PHI,DET,124.0,92.0,3,587,209,Andy Nagy|Bill Kennedy|Natalie Sago,45
0022300328,2023,0,2023-12-15,WAS,IND,137.0,123.0,3,604,225,Courtney Kirkland|Jonathan Sterling|Tre Maddox,38
0022300329,2023,0,2023-12-15,BOS,ORL,128.0,111.0,3,540,199,James Capers|Leon Wood|Michael Smith,38
0022300330,2023,0,2023-12-15,TOR,ATL,104.0,125.0,3,532,203,Brandon Adair|Josh Tiven|Marat Kogut,33
0022300331,2023,0,2023-12-15,SAS,LAL,129.0,115.0,3,543,199,David Guthrie|JB DeRosa|Matt Boland,33
0022300332,2023,0,2023-12-15,MEM,HOU,96.0,103.0,3,595,196,JD Ralls|Kevin Scott|Tom Washington,40
0022300333,2023,0,2023-12-15,PHX,NYK,122.0,139.0,2,525,197,Ed Malloy|Nick Buchert|Scott Twardoski,35
0022300334,2023,0,2023-12-16,MIL,DET,146.0,114.0,3,568,210,Danielle Scott|Jason Goldenberg|Scott Foster,44
0022300335,2023,0,2023-12-16,CHA,PHI,82.0,135.0,3,494,199,Justin Van Duyne|Marc Davis|Matt Kallio,27
0022300336,2023,0,2023-12-16,CLE,ATL,127.0,119.0,3,552,196,Eric Dalen|Rodney Mott|Tyler Ricks,41
0022300337,2023,0,2023-12-16,MIA,CHI,118.0,116.0,3,514,184,Ashley Moyer-Gleich|Intae Hwang|Pat Fraher,36
0022300338,2023,0,2023-12-16,MIN,IND,127.0,109.0,3,509,200,James Williams|Karl Lane|Sha'Rae Mitchell,28
0022300339,2023,0,2023-12-16,GSW,BKN,124.0,120.0,3,542,200,Evan Scott|Sean Corbin|Tyler Ford,30
0022300340,2023,0,2023-12-16,DEN,OKC,117.0,118.0,3,563,199,Curtis Blair|Ray Acosta|Robert Hussey,40
0022300341,2023,0,2023-12-16,POR,DAL,120.0,131.0,3,551,210,Aaron Smith|JT Orr|Tony Brothers,35
0022300342,2023,0,2023-12-16,SAC,UTA,125.0,104.0,3,507,199,Mark Lindsay|Matt Myers|Nick Buchert,25
0022300343,2023,0,2023-12-16,LAC,NYK,144.0,122.0,3,550,206,Brandon Schwab|Brian Forte|CJ Washington,42
0022300344,2023,0,2023-12-17,BOS,ORL,114.0,97.0,3,546,197,Brandon Adair|Josh Tiven|Tre Maddox,32
0022300345,2023,0,2023-12-17,SAS,NOP,110.0,146.0,3,579,218,Brent Barnaky|Courtney Kirkland|Jenna Schroeder,31
0022300346,2023,0,2023-12-17,MIL,HOU,128.0,119.0,3,548,199,Bill Kennedy|Marat Kogut|Suyash Mehta,39
0022300347,2023,0,2023-12-17,PHX,WAS,112.0,108.0,3,587,207,Derrick Collins|Ray Acosta|Tyler Ford,38
0022300348,2023,0,2023-12-17,POR,GSW,114.0,118.0,3,532,194,Ed Malloy|Jenna Reneau|Scott Twardoski,35
0022300349,2023,0,2023-12-18,CLE,HOU,135.0,130.0,4,675,207,Danielle Scott|Justin Van Duyne|Pat Fraher,54
0022300350,2023,0,2023-12-18,IND,LAC,127.0,151.0,3,538,210,John Conley|Scott Foster|Tom Washington,33
0022300351,2023,0,2023-12-18,PHI,CHI,104.0,108.0,3,514,193,Brett Nansel|James Capers|Phenizee Ransom,31
0022300352,2023,0,2023-12-18,ATL,DET,130.0,124.0,3,600,207,JB DeRosa|Marc Davis|Matt Kallio,44
0022300353,2023,0,2023-12-18,MIA,MIN,108.0,112.0,2,530,196,Eric Dalen|Jonathan Sterling|Zach Zarba,35
0022300354,2023,0,2023-12-18,TOR,CHA,114.0,99.0,3,520,195,Jacyn Goble|John Butler|Rodney Mott,27
0022300355,2023,0,2023-12-18,OKC,MEM,116.0,97.0,3,575,212,Andy Nagy|Leon Wood|Sean Wright,35
0022300356,2023,0,2023-12-18,DEN,DAL,130.0,104.0,3,505,195,James Williams|Nick Buchert|Sha'Rae Mitchell,35
0022300357,2023,0,2023-12-18,UTA,BKN,125.0,108.0,3,547,200,Karl Lane|Natalie Sago|Robert Hussey,33
0022300358,2023,0,2023-12-18,SAC,WAS,143.0,131.0,3,574,211,Curtis Blair|Evan Scott|Sean Corbin,42
0022300359,2023,0,2023-12-18,LAL,NYK,109.0,114.0,3,539,208,Gediminas Petraitis|Mark Lindsay|Matt Myers,31
0022300360,2023,0,2023-12-19,NOP,MEM,113.0,115.0,3,563,198,Michael Smith|Ray Acosta|Zach Zarba,36
0022300361,2023,0,2023-12-19,MIL,SAS,132.0,119.0,3,583,220,Kevin Cutler|Marc Davis|Scott Twardoski,31
0022300362,2023,0,2023-12-19,GSW,BOS,132.0,126.0,4,579,215,Curtis Blair|Derrick Collins|Mitchell Ervin,26
0022300363,2023,0,2023-12-19,POR,PHX,109.0,104.0,3,546,205,Intae Hwang|Mark Lindsay|Natalie Sago,33
0022300364,2023,0,2023-12-20,CLE,UTA,124.0,116.0,2,536,198,Brent Barnaky|Scott Foster|Scott Twardoski,37
0022300365,2023,0,2023-12-20,IND,CHA,144.0,113.0,3,530,198,Che Flores|Kevin Scott|Marat Kogut,34
0022300366,2023,0,2023-12-20,ORL,MIA,106.0,115.0,3,522,191,Brett Nansel|Courtney Kirkland|Danielle Scott,40
0022300367,2023,0,2023-12-20,PHI,MIN,127.0,113.0,3,558,203,CJ Washington|Jacyn Goble|Rodney Mott,42
0022300368,2023,0,2023-12-20,BKN,NYK,102.0,121.0,3,582,201,Eric Dalen|JB DeRosa|Tony Brothers,34
0022300369,2023,0,2023-12-20,TOR,DEN,104.0,113.0,3,481,192,James Capers|Justin Van Duyne|Suyash Mehta,23
0022300370,2023,0,2023-12-20,CHI,LAL,124.0,108.0,3,530,208,James Williams|John Conley|Tom Washington,25
0022300371,2023,0,2023-12-20,HOU,ATL,127.0,134.0,3,527,201,Ben Taylor|Matt Myers|Nick Buchert,38
0022300372,2023,0,2023-12-20,DAL,LAC,111.0,120.0,3,502,191,Ashley Moyer-Gleich|Josh Tiven|Matt Kallio,39
0022300373,2023,0,2023-12-20,SAC,BOS,119.0,144.0,3,517,192,Gediminas Petraitis|Intae Hwang|Sean Wright,31
0022300374,2023,0,2023-12-21,DET,UTA,111.0,119.0,3,553,205,Dannica Mosher|John Butler|Zach Zarba,34
0022300375,2023,0,2023-12-21,CLE,NOP,104.0,123.0,3,505,187,Che Flores|Tony Brothers|Tyler Ford,25
0022300376,2023,0,2023-12-21,CHI,SAS,114.0,95.0,3,542,199,Aaron Smith|Karl Lane|Matt Boland,28
0022300377,2023,0,2023-12-21,MEM,IND,116.0,103.0,3,554,199,Ed Malloy|Jenna Schroeder|Natalie Sago,28
0022300378,2023,0,2023-12-21,MIL,ORL,118.0,114.0,3,577,209,Eric Dalen|Mark Lindsay|Nate Green,43
0022300379,2023,0,2023-12-21,OKC,LAC,134.0,115.0,3,526,203,Bill Kennedy|Derrick Collins|Michael Smith,26
0022300380,2023,0,2023-12-21,MIN,LAL,118.0,111.0,3,545,208,Andy Nagy|Kevin Cutler|Sean Corbin,35
0022300381,2023,0,2023-12-21,POR,WAS,117.0,118.0,3,587,201,Jason Goldenberg|Mitchell Ervin|Sean Wright,40
0022300382,2023,0,2023-12-22,PHI,TOR,121.0,111.0,3,533,202,Courtney Kirkland|Ray Acosta|Scott Twardoski,34
0022300383,2023,0,2023-12-22,BKN,DEN,117.0,122.0,2,569,190,Dedric Taylor|Marc Davis|Pat Fraher,42
0022300384,2023,0,2023-12-22,MIA,ATL,122.0,113.0,3,559,203,Brent Barnaky|Scott Foster|Suyash Mehta,38
0022300385,2023,0,2023-12-22,HOU,DAL,122.0,96.0,2,567,219,Brandon Adair|Karl Lane|Tom Washington,35
0022300386,2023,0,2023-12-22,GSW,WAS,129.0,118.0,3,551,207,Ben Taylor|Derek Richardson|Gediminas Petraitis,29
0022300387,2023,0,2023-12-22,SAC,PHX,120.0,105.0,2,577,197,Josh Tiven|Leon Wood|Tre Maddox,39
0022300388,2023,0,2023-12-23,NYK,MIL,111.0,130.0,3,536,208,Intae Hwang|Phenizee Ransom|Zach Zarba,37
0022300389,2023,0,2023-12-23,LAC,BOS,108.0,145.0,3,523,199,Justin Van Duyne|Kevin Cutler|Mousa Dagher,40
0022300390,2023,0,2023-12-23,CHA,DEN,95.0,102.0,3,558,195,Brent Barnaky|Mark Lindsay|Nate Green,30
0022300391,2023,0,2023-12-23,IND,ORL,110.0,117.0,3,531,191,Brandon Schwab|Pat Fraher|Sean Corbin,41
0022300392,2023,0,2023-12-23,NOP,HOU,104.0,106.0,3,581,191,Bill Kennedy|CJ Washington|Matt Boland,40
0022300393,2023,0,2023-12-23,ATL,MEM,119.0,125.0,3,568,200,Curtis Blair|Jacyn Goble|John Conley,36
0022300394,2023,0,2023-12-23,BKN,DET,126.0,115.0,3,561,200,Brett Nansel|Matt Myers|Rodney Mott,43
0022300395,2023,0,2023-12-23,TOR,UTA,119.0,126.0,3,522,199,Aaron Smith|Che Flores|Tyler Ford,31
0022300396,2023,0,2023-12-23,CHI,CLE,95.0,109.0,3,524,189,Evan Scott|Mitchell Ervin|Nick Buchert,36
0022300397,2023,0,2023-12-23,OKC,LAL,120.0,129.0,3,544,200,Ed Malloy|Eric Dalen|Jenna Schroeder,30
0022300398,2023,0,2023-12-23,DAL,SAS,144.0,119.0,3,579,221,Kevin Scott|Robert Hussey|Sean Wright,33
0022300399,2023,0,2023-12-23,GSW,POR,126.0,106.0,3,527,199,JT Orr|Josh Tiven|Sha'Rae Mitchell,32
0022300400,2023,0,2023-12-23,SAC,MIN,98.0,110.0,3,520,196,Ben Taylor|Jason Goldenberg|John Butler,36
0022300401,2023,0,2023-12-25,NYK,MIL,129.0,122.0,3,539,201,Ashley Moyer-Gleich|James Williams|Ray Acosta,38
0022300402,2023,0,2023-12-25,DEN,GSW,120.0,114.0,3,551,204,Courtney Kirkland|Michael Smith|Tre Maddox,36
0022300403,2023,0,2023-12-25,LAL,BOS,115.0,126.0,3,533,197,Jason Goldenberg|Karl Lane|Scott Foster,33
0022300404,2023,0,2023-12-25,MIA,PHI,119.0,113.0,3,564,203,Dedric Taylor|Marat Kogut|Tony Brothers,39
0022300405,2023,0,2023-12-25,PHX,DAL,114.0,128.0,3,569,205,James Capers|Kevin Cutler|Natalie Sago,37
0022300406,2023,0,2023-12-26,DET,BKN,112.0,118.0,3,623,205,Brent Barnaky|Derrick Collins|Jacyn Goble,47
0022300407,2023,0,2023-12-26,WAS,ORL,119.0,127.0,3,551,215,PAT O'Connell|Ray Acosta|Tyler Ford,32
0022300408,2023,0,2023-12-26,CHI,ATL,118.0,113.0,3,554,200,Ed Malloy|Gediminas Petraitis|Tyler Ricks,36
0022300409,2023,0,2023-12-26,HOU,IND,117.0,123.0,3,536,205,Dannica Mosher|Phenizee Ransom|Sean Wright,37
0022300410,2023,0,2023-12-26,NOP,MEM,115.0,116.0,4,705,229,Brandon Schwab|JB DeRosa|Mitchell Ervin,47
0022300411,2023,0,2023-12-26,OKC,MIN,129.0,106.0,3,533,204,Jenna Reneau|Marc Davis|Nick Buchert,37
0022300412,2023,0,2023-12-26,SAS,UTA,118.0,130.0,3,587,211,Bill Kennedy|Brent Haskill|CJ Washington,35
0022300413,2023,0,2023-12-26,POR,SAC,130.0,113.0,3,542,195,Derek Richardson|Kevin Scott|Tom Washington,31
0022300414,2023,0,2023-12-26,LAC,CHA,113.0,104.0,3,521,198,John Conley|Karl Lane|Scott Foster,33
0022300415,2023,0,2023-12-27,ORL,PHI,92.0,112.0,3,557,194,Ashley Moyer-Gleich|Brian Forte|Sha'Rae Mitchell,31
0022300416,2023,0,2023-12-27,WAS,TOR,102.0,132.0,3,555,208,Curtis Blair|Matt Boland|Sean Corbin,31
0022300417,2023,0,2023-12-27,BKN,MIL,122.0,144.0,3,554,204,David Guthrie|JT Orr|Tre Maddox,33
0022300418,2023,0,2023-12-27,HOU,PHX,113.0,129.0,3,549,204,Brandon Schwab|Michael Smith|Mitchell Ervin,36
0022300419,2023,0,2023-12-27,OKC,NYK,129.0,120.0,3,548,202,James Capers|Jonathan Sterling|Natalie Sago,37
0022300420,2023,0,2023-12-27,DAL,CLE,110.0,113.0,3,576,201,Courtney Kirkland|Jason Goldenberg|Leon Wood,38
0022300421,2023,0,2023-12-28,BOS,DET,128.0,122.0,4,596,219,Ed Malloy|Jenna Schroeder|Nick Buchert,35
0022300422,2023,0,2023-12-28,CHI,IND,104.0,120.0,3,565,202,Ben Taylor|Brent Barnaky|Nate Green,39
0022300423,2023,0,2023-12-28,MIN,DAL,118.0,110.0,3,589,203,Evan Scott|Gediminas Petraitis|Josh Tiven,40
0022300424,2023,0,2023-12-28,NOP,UTA,112.0,105.0,3,541,193,Jacyn Goble|Robert Hussey|Tony Brothers,29
0022300425,2023,0,2023-12-28,DEN,MEM,142.0,105.0,3,526,204,Aaron Smith|Dannica Mosher|Marc Davis,30
0022300426,2023,0,2023-12-28,GSW,MIA,102.0,114.0,3,548,196,Intae Hwang|JB DeRosa|James Williams,37
0022300427,2023,0,2023-12-28,POR,SAS,105.0,118.0,3,608,202,John Butler|Mousa Dagher|Scott Foster,38
0022300428,2023,0,2023-12-28,LAL,CHA,133.0,112.0,3,543,212,Brett Nansel|Kevin Scott|Tom Washington,31
0022300429,2023,0,2023-12-29,ORL,NYK,117.0,108.0,3,575,211,Kevin Cutler|Marat Kogut|Matt Myers,48
0022300430,2023,0,2023-12-29,WAS,BKN,110.0,104.0,3,538,189,Ashley Moyer-Gleich|Brandon Adair|Brian Forte,29
0022300431,2023,0,2023-12-29,ATL,SAC,110.0,117.0,3,544,201,James Capers|Natalie Sago|PAT O'Connell,32
0022300432,2023,0,2023-12-29,BOS,TOR,120.0,118.0,3,552,198,David Guthrie|Dedric Taylor|JT Orr,29
0022300433,2023,0,2023-12-29,CLE,MIL,111.0,119.0,3,554,207,Andy Nagy|Ben Taylor|Brandon Schwab,33
0022300434,2023,0,2023-12-29,HOU,PHI,127.0,131.0,3,545,196,Biniam Maru|Courtney Kirkland|Ray Acosta,40
0022300435,2023,0,2023-12-29,DEN,OKC,93.0,119.0,3,541,200,Justin Van Duyne|Karl Lane|Leon Wood,30
0022300436,2023,0,2023-12-29,PHX,CHA,133.0,119.0,3,489,189,Aaron Smith|Che Flores|Marc Davis,27
0022300437,2023,0,2023-12-29,POR,SAS,134.0,128.0,3,556,208,JB DeRosa|James Williams|Matt Kallio,34
0022300438,2023,0,2023-12-29,LAC,MEM,117.0,106.0,3,543,208,Bill Kennedy|Jonathan Sterling|Scott Twardoski,35
0022300439,2023,0,2023-12-30,UTA,MIA,117.0,109.0,3,565,209,Brett Nansel|Phenizee Ransom|Scott Foster,48
0022300440,2023,0,2023-12-30,DET,TOR,129.0,127.0,2,576,208,John Conley|Mitchell Ervin|Tyler Ford,48
0022300441,2023,0,2023-12-30,IND,NYK,140.0,126.0,3,551,205,Dedric Taylor|Evan Scott|Josh Tiven,32
0022300442,2023,0,2023-12-30,CHI,PHI,105.0,92.0,3,559,185,CJ Washington|Jacyn Goble|Sean Corbin,35
0022300443,2023,0,2023-12-30,MIN,LAL,108.0,106.0,3,584,202,Brent Barnaky|Dannica Mosher|Tony Brothers,37
0022300444,2023,0,2023-12-30,GSW,DAL,122.0,132.0,3,553,202,Kevin Scott|Scott Wall|Tom Washington,33
0022300445,2023,0,2023-12-31,WAS,ATL,126.0,130.0,2,572,218,JT Orr|Kevin Cutler|Tre Maddox,36
0022300446,2023,0,2023-12-31,NOP,LAL,129.0,109.0,3,537,202,Ben Taylor|John Butler|Mousa Dagher,35
0022300447,2023,0,2023-12-31,OKC,BKN,124.0,108.0,3,585,206,Andy Nagy|Danielle Scott|James Williams,43
0022300448,2023,0,2023-12-31,SAS,BOS,101.0,134.0,3,524,209,Aaron Smith|Brian Forte|Ray Acosta,29
0022300449,2023,0,2023-12-31,MEM,SAC,92.0,123.0,3,542,201,Gediminas Petraitis|Justin Van Duyne|Matt Kallio,34
0022300450,2023,0,2023-12-31,PHX,ORL,112.0,107.0,3,510,196,Bill Kennedy|JB DeRosa|Jonathan Sterling,33
0022300451,2023,0,2024-01-01,NYK,MIN,112.0,106.0,3,552,195,Brandon Adair|Courtney Kirkland|Jason Goldenberg,41
0022300452,2023,0,2024-01-01,TOR,CLE,124.0,121.0,3,604,207,Kevin Cutler|Scott Twardoski|Suyash Mehta,49
0022300453,2023,0,2024-01-01,HOU,DET,136.0,113.0,3,529,209,Dedric Taylor|Intae Hwang|James Capers,36
0022300454,2023,0,2024-01-01,MIL,IND,113.0,122.0,3,571,211,Jacyn Goble|Matt Boland|Nick Buchert,48
0022300455,2023,0,2024-01-01,DEN,CHA,111.0,93.0,3,504,191,David Guthrie|Marat Kogut|Tyler Mirkovich,27
0022300456,2023,0,2024-01-01,PHX,POR,109.0,88.0,3,552,204,Ashley Moyer-Gleich|Scott Wall|Sean Wright,36
0022300457,2023,0,2024-01-01,UTA,DAL,127.0,90.0,3,549,208,Derrick Collins|Sean Corbin|Tyler Ford,26
0022300458,2023,0,2024-01-01,LAC,MIA,121.0,104.0,2,497,194,Derek Richardson|Ed Malloy|Michael Smith,36
0022300459,2023,0,2024-01-02,PHI,CHI,110.0,97.0,3,588,206,Brian Forte|Justin Van Duyne|Sha'Rae Mitchell,38
0022300460,2023,0,2024-01-02,MEM,SAS,106.0,98.0,3,563,198,CJ Washington|Mitchell Ervin|Phenizee Ransom,38
0022300461,2023,0,2024-01-02,NOP,BKN,112.0,85.0,3,534,191,Gediminas Petraitis|Marc Davis|Ray Acosta,23
0022300462,2023,0,2024-01-02,OKC,BOS,127.0,123.0,3,577,200,Ben Taylor|John Butler|Mousa Dagher,34
0022300463,2023,0,2024-01-02,GSW,ORL,121.0,115.0,3,568,199,Curtis Blair|Leon Wood|Tre Maddox,41
0022300464,2023,0,2024-01-02,SAC,CHA,104.0,111.0,3,566,204,Ashley Moyer-Gleich|Nate Green|Tyler Ford,31
0022300465,2023,0,2024-01-03,CLE,WAS,140.0,101.0,3,517,194,Jonathan Sterling|Justin Van Duyne|Kevin Scott,26
0022300466,2023,0,2024-01-03,IND,MIL,142.0,130.0,3,589,213,Bill Kennedy|Jenna Reneau|Kevin Cutler,49
0022300467,2023,0,2024-01-03,ATL,OKC,141.0,138.0,3,603,215,Matt Boland|Scott Twardoski|Zach Zarba,43
0022300468,2023,0,2024-01-03,NYK,CHI,116.0,100.0,2,532,192,Andy Nagy|Eric Dalen|Scott Foster,30
0022300469,2023,0,2024-01-03,HOU,BKN,112.0,101.0,3,571,201,Aaron Smith|Che Flores|Mark Lindsay,36
0022300470,2023,0,2024-01-03,MEM,TOR,111.0,116.0,3,559,208,Brett Nansel|James Capers|Scott Wall,33
0022300471,2023,0,2024-01-03,MIN,NOP,106.0,117.0,3,531,188,JB DeRosa|Jenna Schroeder|Pat Fraher,33
0022300472,2023,0,2024-01-03,DAL,POR,126.0,97.0,3,589,211,Dedric Taylor|Ray Acosta|Rodney Mott,46
0022300473,2023,0,2024-01-03,PHX,LAC,122.0,131.0,3,530,189,David Guthrie|Nate Green|Sean Corbin,38
0022300474,2023,0,2024-01-03,UTA,DET,154.0,148.0,4,614,227,Ed Malloy|Marat Kogut|Tyler Mirkovich,46
0022300475,2023,0,2024-01-03,LAL,MIA,96.0,110.0,3,550,205,Curtis Blair|Derrick Collins|Nick Buchert,33
0022300476,2023,0,2024-01-03,SAC,ORL,138.0,135.0,5,685,236,Clare Aubry|Michael Smith|Sean Wright,45
0022300477,2023,0,2024-01-04,SAS,MIL,121.0,125.0,3,534,211,James Williams|John Butler|Natalie Sago,29
0022300478,2023,0,2024-01-04,GSW,DEN,127.0,130.0,3,511,192,Ashley Moyer-Gleich|JT Orr|Sean Wright,33
0022300479,2023,0,2024-01-05,BOS,UTA,126.0,97.0,3,592,221,Andy Nagy|Brandon Adair|Mitchell Ervin,45
0022300480,2023,0,2024-01-05,IND,ATL,150.0,116.0,2,529,215,Brett Nansel|Jason Goldenberg|Tyler Ford,33
0022300481,2023,0,2024-01-05,BKN,OKC,124.0,115.0,3,607,202,Bill Kennedy|Evan Scott|Tom Washington,47
0022300482,2023,0,2024-01-05,CLE,WAS,114.0,90.0,3,513,198,JB DeRosa|James Capers|Tyler Ricks,35
0022300483,2023,0,2024-01-05,PHI,NYK,92.0,128.0,3,540,201,Derek Richardson|Marc Davis|Pat Fraher,37
0022300484,2023,0,2024-01-05,CHI,CHA,104.0,91.0,3,512,186,Brandon Schwab|Courtney Kirkland|Scott Twardoski,33
0022300485,2023,0,2024-01-05,HOU,MIN,95.0,122.0,3,536,203,Kevin Scott|Leon Wood|Natalie Sago,30
0022300486,2023,0,2024-01-05,NOP,LAC,95.0,111.0,3,535,189,James Williams|Jenna Reneau|Rodney Mott,34
0022300487,2023,0,2024-01-05,DAL,POR,139.0,103.0,3,558,218,Che Flores|Jacyn Goble|Michael Smith,27
0022300488,2023,0,2024-01-05,DEN,ORL,120.0,122.0,2,534,206,Dedric Taylor|Ed Malloy|Matt Myers,40
0022300489,2023,0,2024-01-05,PHX,MIA,113.0,97.0,3,537,191,Ben Taylor|Marat Kogut|Tyler Mirkovich,39
0022300490,2023,0,2024-01-05,GSW,DET,113.0,109.0,3,562,200,CJ Washington|Mark Lindsay|Nick Buchert,35
0022300491,2023,0,2024-01-05,LAL,MEM,113.0,127.0,3,520,207,David Guthrie|Matt Boland|Sean Corbin,31
0022300492,2023,0,2024-01-05,SAC,TOR,135.0,130.0,3,555,209,Curtis Blair|JT Orr|Mousa Dagher,36
0022300493,2023,0,2024-01-06,IND,BOS,101.0,118.0,2,565,204,Jenna Schroeder|Marc Davis|Phenizee Ransom,33
0022300494,2023,0,2024-01-06,WAS,NYK,105.0,121.0,3,527,204,John Butler|Mitchell Ervin|Scott Wall,33
0022300495,2023,0,2024-01-06,PHI,UTA,109.0,120.0,3,566,205,Eric Dalen|Gediminas Petraitis|Suyash Mehta,36
0022300496,2023,0,2024-01-06,HOU,MIL,112.0,108.0,3,566,203,Ashley Moyer-Gleich|Brian Forte|Derrick Collins,46
0022300497,2023,0,2024-01-07,CLE,SAS,117.0,115.0,3,537,201,Nate Green|Scott Foster|Tom Washington,31
0022300498,2023,0,2024-01-07,BKN,POR,127.0,134.0,4,589,218,Andy Nagy|John Conley|Tyler Ford,40
0022300499,2023,0,2024-01-07,ORL,ATL,117.0,110.0,3,601,217,Evan Scott|Kevin Scott|Rodney Mott,44
0022300500,2023,0,2024-01-07,SAC,NOP,100.0,133.0,3,497,193,CJ Washington|David Guthrie|Natalie Sago,21
0022300501,2023,0,2024-01-07,DAL,MIN,115.0,108.0,3,592,192,Brandon Adair|James Capers|Scott Twardoski,37
0022300502,2023,0,2024-01-07,DEN,DET,131.0,114.0,3,546,197,Ben Taylor|Brett Nansel|Matt Kallio,37
0022300503,2023,0,2024-01-07,PHX,MEM,115.0,121.0,3,624,215,Curtis Blair|Kevin Cutler|Leon Wood,44
0022300504,2023,0,2024-01-07,GSW,TOR,118.0,133.0,3,524,200,Matt Boland|Sean Corbin|Zach Zarba,25
0022300505,2023,0,2024-01-07,LAL,LAC,106.0,103.0,3,534,199,Justin Van Duyne|Mark Lindsay|Matt Myers,27
0022300506,2023,0,2024-01-08,CHA,CHI,112.0,119.0,4,572,207,Nick Buchert|PAT O'Connell|Sean Wright,35
0022300507,2023,0,2024-01-08,IND,BOS,133.0,131.0,3,544,207,Derek Richardson|James Williams|Michael Smith,37
0022300508,2023,0,2024-01-08,WAS,OKC,128.0,136.0,3,565,206,Dedric Taylor|Ed Malloy|Mousa Dagher,41
0022300509,2023,0,2024-01-08,MIA,HOU,120.0,113.0,3,557,196,Pat Fraher|Phenizee Ransom|Rodney Mott,48
0022300510,2023,0,2024-01-08,MIL,UTA,116.0,132.0,3,546,200,Courtney Kirkland|JD Ralls|Ray Acosta,34
0022300511,2023,0,2024-01-08,LAC,PHX,138.0,111.0,3,518,197,Jacyn Goble|Matt Kallio|Zach Zarba,39
0022300512,2023,0,2024-01-09,DET,SAC,110.0,131.0,3,561,207,Brent Barnaky|Nate Green|Scott Foster,36
0022300513,2023,0,2024-01-09,ORL,MIN,92.0,113.0,3,550,199,Bill Kennedy|Intae Hwang|Pat Fraher,36
0022300514,2023,0,2024-01-09,NYK,POR,112.0,84.0,3,537,192,Aaron Smith|Dannica Mosher|Karl Lane,31
0022300515,2023,0,2024-01-09,DAL,MEM,103.0,120.0,3,558,198,Jonathan Sterling|Justin Van Duyne|Mark Lindsay,33
0022300516,2023,0,2024-01-09,LAL,TOR,132.0,131.0,3,537,213,Ben Taylor|Kevin Cutler|Tyler Ricks,35
0022300517,2023,0,2024-01-10,BOS,MIN,127.0,120.0,4,552,209,Courtney Kirkland|Dannica Mosher|JB DeRosa,42
0022300518,2023,0,2024-01-10,CHA,SAC,98.0,123.0,3,519,191,Ed Malloy|Suyash Mehta|Tom Washington,28
0022300519,2023,0,2024-01-10,DET,SAS,108.0,130.0,3,559,198,JD Ralls|Josh Tiven|Michael Smith,33
0022300520,2023,0,2024-01-10,IND,WAS,112.0,104.0,2,558,203,Ashley Moyer-Gleich|Brian Forte|Derrick Collins,39
0022300521,2023,0,2024-01-10,ATL,PHI,139.0,132.0,4,658,224,Dedric Taylor|James Williams|Sean Corbin,46
0022300522,2023,0,2024-01-10,MIA,OKC,120.0,128.0,3,537,203,Intae Hwang|Kevin Scott|Nick Buchert,32
0022300523,2023,0,2024-01-10,CHI,HOU,124.0,119.0,4,582,223,Mitchell Ervin|Ray Acosta|Sha'Rae Mitchell,33
0022300524,2023,0,2024-01-10,UTA,DEN,124.0,111.0,3,559,203,Derek Richardson|Natalie Sago|Zach Zarba,38
0022300525,2023,0,2024-01-10,GSW,NOP,105.0,141.0,3,543,201,Ben Taylor|Jacyn Goble|Scott Twardoski,33
0022300526,2023,0,2024-01-10,LAC,TOR,126.0,120.0,3,502,194,Gediminas Petraitis|Leon Wood|Tony Brothers,30
0022300527,2023,0,2024-01-11,CLE,BKN,111.0,102.0,3,601,203,Eric Dalen|John Butler|Marc Davis,50
0022300528,2023,0,2024-01-11,MIL,BOS,135.0,102.0,3,519,200,Josh Tiven|Justin Van Duyne|Matt Myers,31
0022300529,2023,0,2024-01-11,OKC,POR,139.0,77.0,3,541,203,Brett Nansel|Curtis Blair|Jason Goldenberg,27
0022300530,2023,0,2024-01-11,DAL,NYK,128.0,124.0,3,563,202,Bill Kennedy|Danielle Scott|Sean Wright,39
0022300531,2023,0,2024-01-11,LAL,PHX,109.0,127.0,3,548,202,Andy Nagy|Gediminas Petraitis|Tony Brothers,32
0022300532,2023,0,2024-01-12,PHI,SAC,112.0,93.0,3,576,194,Mitchell Ervin|Scott Wall|Tyler Ford,36
0022300533,2023,0,2024-01-12,ATL,IND,108.0,126.0,3,521,202,Intae Hwang|Scott Foster|Tom Washington,31
0022300534,2023,0,2024-01-12,DET,HOU,110.0,112.0,3,549,198,Brandon Adair|Brian Forte|James Williams,35
0022300535,2023,0,2024-01-12,MIA,ORL,99.0,96.0,3,567,185,Aaron Smith|Dannica Mosher|Mark Lindsay,36
0022300536,2023,0,2024-01-12,CHI,GSW,131.0,140.0,2,520,196,Ashley Moyer-Gleich|David Guthrie|Matt Myers,35
0022300537,2023,0,2024-01-12,MEM,LAC,119.0,128.0,3,526,193,Brent Haskill|Courtney Kirkland|Dedric Taylor,37
0022300538,2023,0,2024-01-12,MIN,POR,116.0,93.0,3,542,199,Derrick Collins|Natalie Sago|Nick Buchert,41
0022300539,2023,0,2024-01-12,DEN,NOP,125.0,113.0,3,523,203,Brent Barnaky|Pat Fraher|Phenizee Ransom,27
0022300540,2023,0,2024-01-12,UTA,TOR,145.0,113.0,3,554,206,Evan Scott|James Capers|Rodney Mott,43
0022300541,2023,0,2024-01-12,SAS,CHA,135.0,99.0,3,592,210,Ben Taylor|Jacyn Goble|Mousa Dagher,41
0022300542,2023,0,2024-01-13,BOS,HOU,145.0,113.0,3,567,215,CJ Washington|Ed Malloy|Matt Kallio,38
0022300543,2023,0,2024-01-13,ATL,WAS,99.0,127.0,1,592,208,Mark Lindsay|Michael Smith|Suyash Mehta,41
0022300544,2023,0,2024-01-13,MEM,NYK,94.0,106.0,3,519,198,John Conley|Kevin Scott|Ray Acosta,30
0022300545,2023,0,2024-01-13,MIL,GSW,129.0,118.0,3,549,199,Brett Nansel|James Williams|Zach Zarba,28
0022300546,2023,0,2024-01-13,OKC,ORL,112.0,100.0,2,546,198,Gediminas Petraitis|Jenna Schroeder|Tony Brothers,40
0022300547,2023,0,2024-01-13,DAL,NOP,108.0,118.0,3,531,185,Curtis Blair|Jason Goldenberg|Mousa Dagher,42
0022300548,2023,0,2024-01-13,SAS,CHI,116.0,122.0,3,557,201,Kevin Cutler|Leon Wood|Sean Corbin,37
0022300549,2023,0,2024-01-13,UTA,LAL,132.0,125.0,3,569,214,Justin Van Duyne|Pat Fraher|Scott Twardoski,39
0022300550,2023,0,2024-01-14,DEN,IND,117.0,109.0,3,535,201,Evan Scott|Josh Tiven|Rodney Mott,33
0022300551,2023,0,2024-01-14,MIA,CHA,104.0,87.0,3,538,194,Dedric Taylor|Jonathan Sterling|Scott Foster,26
0022300552,2023,0,2024-01-14,MIL,SAC,143.0,142.0,3,567,227,Brian Forte|David Guthrie|Intae Hwang,37
0022300553,2023,0,2024-01-14,MIN,LAC,109.0,105.0,3,515,188,Nate Green|Tom Washington|Zach Zarba,45
0022300554,2023,0,2024-01-14,POR,PHX,116.0,127.0,3,522,193,Brent Barnaky|James Capers|Phenizee Ransom,38
0022300555,2023,0,2024-01-15,PHI,HOU,124.0,115.0,3,581,194,Ben Taylor|Brent Haskill|JB DeRosa,45
0022300556,2023,0,2024-01-15,DAL,NOP,125.0,120.0,3,627,199,Gediminas Petraitis|Karl Lane|Scott Wall,51
0022300557,2023,0,2024-01-15,NYK,ORL,94.0,98.0,3,507,175,Derek Richardson|Mitchell Ervin|Sean Corbin,37
0022300558,2023,0,2024-01-15,WAS,DET,117.0,129.0,3,532,197,Dannica Mosher|Jason Goldenberg|Kevin Cutler,28
0022300559,2023,0,2024-01-15,ATL,SAS,109.0,99.0,3,596,219,Ashley Moyer-Gleich|Brandon Adair|Courtney Kirkland,32
0022300560,2023,0,2024-01-15,MEM,GSW,116.0,107.0,3,585,203,Jenna Schroeder|Mark Lindsay|Pat Fraher,35
0022300561,2023,0,2024-01-15,CLE,CHI,109.0,91.0,3,543,202,CJ Washington|Clare Aubry|Ed Malloy,28
0022300562,2023,0,2024-01-15,BKN,MIA,95.0,96.0,4,571,208,JT Orr|Matt Kallio|Sean Wright,32
0022300563,2023,0,2024-01-15,TOR,BOS,96.0,105.0,3,524,203,Brett Nansel|Che Flores|Tyler Ford,34
0022300564,2023,0,2024-01-15,UTA,IND,132.0,105.0,2,564,204,Andy Nagy|Bill Kennedy|Leon Wood,44
0022300565,2023,0,2024-01-15,LAL,OKC,112.0,105.0,2,556,200,John Conley|Josh Tiven|Ray Acosta,24
0022300566,2023,0,2024-01-16,PHI,DEN,126.0,121.0,2,509,187,David Guthrie|Natalie Sago|Sean Wright,39
0022300567,2023,0,2024-01-16,PHX,SAC,119.0,117.0,3,520,207,James Williams|Michael Smith|Scott Twardoski,28
0022300568,2023,0,2024-01-16,LAC,OKC,128.0,117.0,3,533,188,Aaron Smith|Andy Nagy|James Capers,32
0022300569,2023,0,2024-01-17,DET,MIN,117.0,124.0,3,544,203,Che Flores|Justin Van Duyne|Tyler Ford,28
0022300570,2023,0,2024-01-17,ATL,ORL,106.0,104.0,3,526,195,Eric Dalen|Karl Lane|Scott Wall,35
0022300571,2023,0,2024-01-17,BOS,SAS,117.0,98.0,3,536,196,Derek Richardson|Marc Davis|Natalie Sago,28
0022300572,2023,0,2024-01-17,CLE,MIL,135.0,95.0,3,499,200,Bill Kennedy|Dedric Taylor|Sean Corbin,24
0022300573,2023,0,2024-01-17,NYK,HOU,109.0,94.0,3,541,193,Ashley Moyer-Gleich|JT Orr|Tony Brothers,34
0022300574,2023,0,2024-01-17,TOR,MIA,121.0,97.0,3,512,190,Ben Taylor|Robert Hussey|Tom Washington,23
0022300575,2023,0,2024-01-17,NOP,CHA,132.0,112.0,3,555,193,Brian Forte|Evan Scott|Marat Kogut,31
0022300576,2023,0,2024-02-15,UTA,GSW,137.0,140.0,3,581,210,Derek Richardson|Karl Lane|Ray Acosta,38
0022300577,2023,0,2024-01-17,LAL,DAL,127.0,110.0,3,539,206,Aaron Smith|Nate Green|Scott Foster,31
0022300578,2023,0,2024-01-17,POR,BKN,105.0,103.0,3,505,182,John Conley|Josh Tiven|Ray Acosta,28
0022300579,2023,0,2024-01-18,NYK,WAS,113.0,109.0,3,531,210,Eric Dalen|Jenna Schroeder|Rodney Mott,37
0022300580,2023,0,2024-01-18,TOR,CHI,110.0,116.0,3,529,195,Brent Barnaky|Phenizee Ransom|Zach Zarba,37
0022300581,2023,0,2024-01-18,UTA,OKC,129.0,134.0,3,586,213,James Williams|Jonathan Sterling|Michael Smith,46
0022300582,2023,0,2024-01-18,MIN,MEM,118.0,103.0,3,523,194,Ed Malloy|Jacyn Goble|Scott Twardoski,30
0022300583,2023,0,2024-01-18,SAC,IND,121.0,126.0,3,555,201,Brandon Adair|JB DeRosa|James Capers,36
0022300584,2023,0,2024-01-19,CHA,SAS,124.0,120.0,3,525,198,Brett Nansel|David Guthrie|Justin Van Duyne,29
0022300585,2023,0,2024-01-19,ORL,PHI,109.0,124.0,3,536,188,Brandon Schwab|John Goble|Tom Washington,45
0022300586,2023,0,2024-01-19,BOS,DEN,100.0,102.0,3,459,175,JT Orr|Kevin Cutler|Mark Lindsay,29
0022300587,2023,0,2024-01-19,MIA,ATL,108.0,109.0,3,518,195,Brian Forte|John Conley|Mitchell Ervin,32
0022300588,2023,0,2024-01-19,NOP,PHX,109.0,123.0,3,557,204,Bill Kennedy|Matt Myers|Natalie Sago,31
0022300589,2023,0,2024-04-02,GSW,DAL,104.0,100.0,3,567,202,Aaron Smith|John Goble|Matt Boland,29
0022300590,2023,0,2024-01-19,POR,IND,118.0,115.0,3,574,206,Aaron Smith|Nate Green|Scott Foster,43
0022300591,2023,0,2024-01-19,LAL,BKN,112.0,130.0,3,555,202,Courtney Kirkland|Jonathan Sterling|Pat Fraher,28
0022300592,2023,0,2024-01-20,DET,MIL,135.0,141.0,3,580,218,Karl Lane|Phenizee Ransom|Scott Twardoski,48
0022300593,2023,0,2024-01-20,CHA,PHI,89.0,97.0,3,543,198,Ashley Moyer-Gleich|Jenna Schroeder|Tony Brothers,26
0022300594,2023,0,2024-01-20,WAS,SAS,127.0,131.0,2,595,218,Sean Corbin|Suyash Mehta|Zach Zarba,37
0022300595,2023,0,2024-01-20,ATL,CLE,95.0,116.0,3,523,205,Brent Barnaky|Gediminas Petraitis|Sha'Rae Mitchell,26
0022300596,2023,0,2024-01-20,NYK,TOR,126.0,100.0,3,553,207,CJ Washington|Dedric Taylor|Ed Malloy,34
0022300597,2023,0,2024-01-20,CHI,MEM,125.0,96.0,3,527,200,Andy Nagy|Ben Taylor|Evan Scott,30
0022300598,2023,0,2024-01-20,HOU,UTA,127.0,126.0,4,678,220,Jacyn Goble|Josh Tiven|Matt Myers,41
0022300599,2023,0,2024-01-20,MIN,OKC,97.0,102.0,3,595,195,Marat Kogut|Robert Hussey|Sean Wright,42
0022300600,2023,0,2024-01-21,LAC,BKN,125.0,114.0,3,519,203,Derek Richardson|John Butler|Scott Foster,39
0022300601,2023,0,2024-01-21,ORL,MIA,105.0,87.0,3,536,185,Jenna Schroeder|Justin Van Duyne|Tony Brothers,34
0022300602,2023,0,2024-01-21,WAS,DEN,104.0,113.0,3,558,200,Brandon Schwab|Gediminas Petraitis|Tyler Ford,34
0022300603,2023,0,2024-01-21,HOU,BOS,107.0,116.0,3,580,211,David Guthrie|Nate Green|Tom Washington,32
0022300604,2023,0,2024-01-21,PHX,IND,117.0,110.0,3,558,202,Courtney Kirkland|Jason Goldenberg|Pat Fraher,35
0022300605,2023,0,2024-01-21,LAL,POR,134.0,110.0,3,547,205,JB DeRosa|Marc Davis|Mousa Dagher,34
0022300606,2023,0,2024-01-22,DET,MIL,113.0,122.0,3,584,209,Andy Nagy|John Goble|Leon Wood,44
0022300607,2023,0,2024-01-22,ORL,CLE,99.0,126.0,3,503,190,Natalie Sago|Robert Hussey|Tyler Ford,35
0022300608,2023,0,2024-01-22,PHI,SAS,133.0,123.0,3,564,199,Aaron Smith|Che Flores|Sean Wright,42
0022300609,2023,0,2024-01-22,TOR,MEM,100.0,108.0,3,526,192,Brian Forte|James Williams|John Conley,23
0022300610,2023,0,2024-01-22,MIN,CHA,125.0,128.0,3,522,202,Eric Dalen|Kevin Cutler|Scott Wall,34
0022300611,2023,0,2024-01-22,DAL,BOS,110.0,119.0,3,545,200,Josh Tiven|Marat Kogut|Michael Smith,39
0022300612,2023,0,2024-01-22,PHX,CHI,115.0,113.0,3,506,193,Karl Lane|Marc Davis|Mousa Dagher,29
0022300613,2023,0,2024-01-22,SAC,ATL,122.0,107.0,3,567,208,Danielle Scott|JT Orr|Scott Foster,38
0022300614,2023,0,2024-01-23,IND,DEN,109.0,114.0,3,496,193,Ben Taylor|Brent Barnaky|Justin Van Duyne,31
0022300615,2023,0,2024-01-23,BKN,NYK,103.0,108.0,2,503,186,Gediminas Petraitis|James Capers|Phenizee Ransom,29
0022300616,2023,0,2024-01-23,NOP,UTA,153.0,124.0,3,554,213,Jenna Schroeder|Nick Buchert|Zach Zarba,38
0022300617,2023,0,2024-01-23,OKC,POR,111.0,109.0,3,582,205,Bill Kennedy|Brandon Schwab|John Butler,35
0022300618,2023,0,2024-01-23,LAC,LAL,127.0,116.0,3,524,204,Jason Goldenberg|Karl Lane|Kevin Scott,31
0022300619,2023,0,2024-01-24,DET,CHA,113.0,106.0,3,549,199,Derrick Collins|JB DeRosa|Mark Lindsay,35
0022300620,2023,0,2024-01-24,WAS,MIN,107.0,118.0,3,579,212,John Goble|Leon Wood|Ray Acosta,41
0022300621,2023,0,2024-01-24,MIA,MEM,96.0,105.0,3,527,200,Natalie Sago|Sean Wright|Sha'Rae Mitchell,34
0022300622,2023,0,2024-01-24,SAS,OKC,114.0,140.0,3,572,208,Brandon Adair|Courtney Kirkland|Mitchell Ervin,30
0022300623,2023,0,2024-01-24,HOU,POR,131.0,137.0,4,553,210,Michael Smith|Nick Buchert|Pat Fraher,36
0022300624,2023,0,2024-01-24,MIL,CLE,126.0,116.0,3,541,208,Aaron Smith|Curtis Blair|Danielle Scott,32
0022300625,2023,0,2024-01-24,DAL,PHX,109.0,132.0,3,554,200,Brett Nansel|David Guthrie|Sean Corbin,30
0022300626,2023,0,2024-01-24,GSW,ATL,134.0,112.0,3,569,204,Kevin Cutler|Marc Davis|Mousa Dagher,32
0022300627,2023,0,2024-01-25,IND,PHI,134.0,122.0,3,602,217,Jacyn Goble|Mark Lindsay|Nate Green,50
0022300628,2023,0,2024-01-25,WAS,UTA,108.0,123.0,3,518,207,Justin Van Duyne|Sha'Rae Mitchell|Tony Brothers,31
0022300629,2023,0,2024-01-25,BKN,MIN,94.0,96.0,2,479,186,Dedric Taylor|Josh Tiven|Suyash Mehta,26
0022300630,2023,0,2024-01-25,MIA,BOS,110.0,143.0,3,467,192,Ashley Moyer-Gleich|Bill Kennedy|Tyler Ford,21
0022300631,2023,0,2024-01-25,NYK,DEN,122.0,84.0,3,490,185,Brian Forte|Marat Kogut|Scott Foster,29
0022300632,2023,0,2024-01-25,GSW,SAC,133.0,134.0,3,524,195,Eric Dalen|John Butler|Kevin Scott,35
0022300633,2023,0,2024-01-25,LAL,CHI,141.0,132.0,3,538,207,Dannica Mosher|JT Orr|Zach Zarba,36
0022300634,2023,0,2024-01-26,ATL,DAL,143.0,148.0,3,550,216,Matt Kallio|Phenizee Ransom|Tyler Ford,44
0022300635,2023,0,2024-01-26,CHA,HOU,104.0,138.0,3,578,208,Brent Barnaky|James Capers|Leon Wood,44
0022300636,2023,0,2024-01-26,IND,PHX,133.0,131.0,3,547,212,Brandon Adair|James Williams|Natalie Sago,26
0022300637,2023,0,2024-01-26,TOR,LAC,107.0,127.0,3,556,203,Brandon Schwab|Curtis Blair|JB DeRosa,33
0022300638,2023,0,2024-01-26,MEM,ORL,107.0,106.0,3,538,190,Brett Nansel|Courtney Kirkland|Danielle Scott,34
0022300639,2023,0,2024-01-26,MIL,CLE,100.0,112.0,3,614,208,Derrick Collins|Michael Smith|Pat Fraher,39
0022300640,2023,0,2024-01-26,NOP,OKC,83.0,107.0,3,553,200,CJ Washington|David Guthrie|Mousa Dagher,22
0022300641,2023,0,2024-01-26,SAS,POR,116.0,100.0,3,581,211,Gediminas Petraitis|Robert Hussey|Tom Washington,31
0022300642,2023,0,2024-01-27,DET,WAS,104.0,118.0,3,573,205,Jacyn Goble|John Conley|Mark Lindsay,34
0022300643,2023,0,2024-01-27,NYK,MIA,125.0,109.0,3,509,191,Aaron Smith|Josh Tiven|Matt Myers,33
0022300644,2023,0,2024-01-27,DEN,PHI,111.0,105.0,2,531,187,Eric Dalen|Nick Buchert|Zach Zarba,42
0022300645,2023,0,2024-01-27,BKN,HOU,106.0,104.0,3,608,210,Ben Taylor|Marat Kogut|Scott Wall,46
0022300646,2023,0,2024-01-27,BOS,LAC,96.0,115.0,3,554,199,Brian Forte|Che Flores|Sean Corbin,28
0022300647,2023,0,2024-01-27,CHA,UTA,122.0,134.0,3,512,201,Bill Kennedy|Dedric Taylor|Evan Scott,34
0022300648,2023,0,2024-01-27,MIL,NOP,141.0,117.0,3,563,216,Jonathan Sterling|Karl Lane|Sean Wright,42
0022300649,2023,0,2024-01-27,SAS,MIN,113.0,112.0,3,500,187,Jason Goldenberg|Jenna Schroeder|Kevin Scott,24
0022300650,2023,0,2024-01-27,GSW,LAL,144.0,145.0,5,701,255,Derek Richardson|John Goble|Mitchell Ervin,50
0022300651,2023,0,2024-01-27,DAL,SAC,115.0,120.0,3,586,202,Ashley Moyer-Gleich|Intae Hwang|Tony Brothers,39
0022300652,2023,0,2024-01-28,IND,MEM,116.0,110.0,3,544,195,Derrick Collins|James Capers|Phenizee Ransom,40
0022300653,2023,0,2024-01-28,ATL,TOR,126.0,125.0,3,593,207,Evan Scott|Marat Kogut|Pat Fraher,46
0022300654,2023,0,2024-01-28,DET,OKC,120.0,104.0,3,515,196,Brett Nansel|Scott Foster|Tom Washington,29
0022300655,2023,0,2024-01-28,ORL,PHX,113.0,98.0,3,550,198,CJ Washington|Marc Davis|Nate Green,36
0022300656,2023,0,2024-01-28,POR,CHI,96.0,104.0,3,519,190,Danielle Scott|Justin Van Duyne|Mitchell Ervin,37
0022300657,2023,0,2024-01-29,CHA,NYK,92.0,113.0,3,482,185,Robert Hussey|Sean Corbin|Sean Wright,24
0022300658,2023,0,2024-01-29,CLE,LAC,118.0,108.0,3,534,197,Matt Kallio|Natalie Sago|Scott Foster,38
0022300659,2023,0,2024-01-29,BOS,NOP,118.0,112.0,3,506,195,Aaron Smith|Jacyn Goble|Scott Wall,28
0022300660,2023,0,2024-01-29,BKN,UTA,147.0,114.0,3,575,210,Brian Forte|JB DeRosa|Michael Smith,35
0022300661,2023,0,2024-01-29,MIA,PHX,105.0,118.0,3,529,192,Gediminas Petraitis|JT Orr|Pat Fraher,30
0022300662,2023,0,2024-01-29,HOU,LAL,135.0,119.0,3,571,221,Curtis Blair|Eric Dalen|Suyash Mehta,29
0022300663,2023,0,2024-01-29,MEM,SAC,94.0,103.0,3,515,195,David Guthrie|Jason Goldenberg|Ray Acosta,30
0022300664,2023,0,2024-01-29,OKC,MIN,101.0,107.0,3,526,188,Karl Lane|Mark Lindsay|Matt Myers,35
0022300665,2023,0,2024-01-29,SAS,WAS,113.0,118.0,3,569,203,Ashley Moyer-Gleich|Dannica Mosher|Tyler Ford,28
0022300666,2023,0,2024-01-29,DAL,ORL,131.0,129.0,3,586,200,Jonathan Sterling|Kevin Scott|Nick Buchert,51
0022300667,2023,0,2024-01-29,DEN,MIL,113.0,107.0,2,558,201,Dedric Taylor|Mousa Dagher|Tony Brothers,40
0022300668,2023,0,2024-01-29,POR,PHI,130.0,104.0,3,553,195,John Butler|John Goble|Sha'Rae Mitchell,46
0022300669,2023,0,2024-01-30,ATL,LAL,138.0,122.0,2,557,217,CJ Washington|Marc Davis|Ray Acosta,31
0022300670,2023,0,2024-01-30,BOS,IND,129.0,124.0,3,537,202,JB DeRosa|Tom Washington|Zach Zarba,34
0022300671,2023,0,2024-01-30,NYK,UTA,118.0,103.0,2,498,184,Brandon Schwab|Brent Barnaky|James Williams,29
0022300672,2023,0,2024-01-30,CHI,TOR,107.0,118.0,3,534,202,Derrick Collins|Scott Twardoski|Sean Wright,34
0022300673,2023,0,2024-01-30,GSW,PHI,119.0,107.0,3,534,195,Brett Nansel|Justin Van Duyne|Tony Brothers,39
0022300674,2023,0,2024-01-31,CHA,CHI,110.0,117.0,3,526,193,CJ Washington|Kevin Scott|Suyash Mehta,30
0022300675,2023,0,2024-01-31,CLE,DET,128.0,121.0,3,513,198,David Guthrie|Gediminas Petraitis|Intae Hwang,31
0022300676,2023,0,2024-01-31,WAS,LAC,109.0,125.0,3,533,200,Aaron Smith|JT Orr|Scott Twardoski,33
0022300677,2023,0,2024-01-31,BKN,PHX,120.0,136.0,3,535,201,Brent Barnaky|Karl Lane|Scott Foster,33
0022300678,2023,0,2024-01-31,MIA,SAC,115.0,106.0,3,512,195,Brandon Adair|Dedric Taylor|Ed Malloy,33
0022300679,2023,0,2024-01-31,HOU,NOP,99.0,110.0,3,553,193,Mark Lindsay|Mousa Dagher|Sean Corbin,40
0022300680,2023,0,2024-01-31,MIN,DAL,121.0,87.0,3,543,190,John Butler|Mitchell Ervin|Tyler Ford,45
0022300681,2023,0,2024-01-31,SAS,ORL,98.0,108.0,3,558,204,Eric Dalen|James Capers|Marat Kogut,37
0022300682,2023,0,2024-01-31,OKC,DEN,105.0,100.0,3,581,194,Ashley Moyer-Gleich|Curtis Blair|Nick Buchert,34
0022300683,2023,0,2024-01-31,POR,MIL,119.0,116.0,3,520,198,Brett Nansel|Josh Tiven|Leon Wood,32
0022300684,2023,0,2024-02-01,BOS,LAL,105.0,114.0,3,554,199,Gediminas Petraitis|James Williams|Phenizee Ransom,27
0022300685,2023,0,2024-02-01,NYK,IND,109.0,105.0,2,567,200,Jason Goldenberg|Michael Smith|Pat Fraher,36
0022300686,2023,0,2024-02-01,UTA,PHI,124.0,127.0,3,542,196,Danielle Scott|Josh Tiven|Natalie Sago,34
0022300687,2023,0,2024-02-01,MEM,CLE,101.0,108.0,3,554,201,Brian Forte|Evan Scott|Tony Brothers,29
0022300688,2023,0,2024-02-02,DET,LAC,125.0,136.0,3,535,204,Ben Taylor|Eric Dalen|Jonathan Sterling,37
0022300689,2023,0,2024-02-02,WAS,MIA,102.0,110.0,3,566,200,John Butler|Robert Hussey|Scott Foster,40
0022300690,2023,0,2024-02-02,ATL,PHX,129.0,120.0,3,504,206,Mousa Dagher|Scott Twardoski|Zach Zarba,29
0022300691,2023,0,2024-02-02,IND,SAC,122.0,133.0,3,582,222,Aaron Smith|Che Flores|Marc Davis,34
0022300692,2023,0,2024-02-02,HOU,TOR,135.0,106.0,3,540,214,Jenna Schroeder|Mitchell Ervin|Ray Acosta,33
0022300693,2023,0,2024-02-02,MEM,GSW,101.0,121.0,3,561,201,Jacyn Goble|Sean Wright|Suyash Mehta,34
0022300694,2023,0,2024-02-02,MIN,ORL,106.0,108.0,3,517,202,Brandon Adair|Ed Malloy|JT Orr,34
0022300695,2023,0,2024-02-02,OKC,CHA,126.0,106.0,3,528,207,Dannica Mosher|John Goble|Justin Van Duyne,37
0022300696,2023,0,2024-02-02,SAS,NOP,113.0,114.0,3,584,198,Curtis Blair|John Conley|Nick Buchert,32
0022300697,2023,0,2024-02-02,DEN,POR,120.0,108.0,3,511,185,Marat Kogut|Natalie Sago|Tyler Ford,33
0022300698,2023,0,2024-02-03,PHI,BKN,121.0,136.0,3,561,205,Ashley Moyer-Gleich|Evan Scott|James Williams,35
0022300699,2023,0,2024-02-03,ATL,GSW,141.0,134.0,4,619,235,Intae Hwang|Kevin Scott|Sean Corbin,39
0022300700,2023,0,2024-02-03,CHI,SAC,115.0,123.0,3,564,213,Leon Wood|Mark Lindsay|Michael Smith,36
0022300701,2023,0,2024-02-03,NYK,LAL,105.0,113.0,3,503,189,JB DeRosa|James Capers|Scott Wall,36
0022300702,2023,0,2024-02-03,DAL,MIL,117.0,129.0,2,529,212,Brian Forte|CJ Washington|Curtis Blair,39
0022300703,2023,0,2024-02-03,SAS,CLE,101.0,117.0,3,584,203,Dedric Taylor|Josh Tiven|Nate Green,28
0022300704,2023,0,2024-02-04,DET,ORL,99.0,111.0,3,497,191,Che Flores|Phenizee Ransom|Zach Zarba,33
0022300705,2023,0,2024-02-04,WAS,PHX,112.0,140.0,3,543,216,Ben Taylor|Derrick Collins|Jason Goldenberg,29
0022300706,2023,0,2024-02-04,BOS,MEM,131.0,91.0,3,530,205,Pat Fraher|Scott Foster|Scott Twardoski,24
0022300707,2023,0,2024-02-04,CHA,IND,99.0,115.0,3,542,198,Jacyn Goble|John Conley|Mitchell Ervin,28
0022300708,2023,0,2024-02-04,MIA,LAC,95.0,103.0,3,482,192,Brett Nansel|John Goble|Ray Acosta,30
0022300709,2023,0,2024-02-04,MIN,HOU,111.0,90.0,3,631,206,Brent Barnaky|Gediminas Petraitis|Sean Wright,43
0022300710,2023,0,2024-02-04,OKC,TOR,135.0,127.0,5,614,216,Danielle Scott|JT Orr|Marc Davis,29
0022300711,2023,0,2024-02-04,UTA,MIL,123.0,108.0,2,516,201,Marat Kogut|Mousa Dagher|Tyler Ford,40
0022300712,2023,0,2024-02-04,DEN,POR,112.0,103.0,3,484,180,Ed Malloy|Jenna Schroeder|Justin Van Duyne,25
0022300713,2023,0,2024-02-05,CHA,LAL,118.0,124.0,3,499,214,Brian Forte|Sha'Rae Mitchell|Tony Brothers,25
0022300714,2023,0,2024-02-05,CLE,SAC,136.0,110.0,3,541,200,Ben Taylor|CJ Washington|Scott Wall,30
0022300715,2023,0,2024-02-05,PHI,DAL,102.0,118.0,3,551,193,David Guthrie|Ray Acosta|Suyash Mehta,31
0022300716,2023,0,2024-02-05,ATL,LAC,144.0,149.0,3,539,207,Aaron Smith|Brandon Schwab|Jacyn Goble,41
0022300717,2023,0,2024-02-05,BKN,GSW,98.0,109.0,3,582,197,Mark Lindsay|Nate Green|Nick Buchert,37
0022300718,2023,0,2024-02-05,NOP,TOR,138.0,100.0,3,499,197,Andy Nagy|Josh Tiven|Natalie Sago,23
0022300719,2023,0,2024-02-06,IND,HOU,132.0,129.0,3,543,202,Dedric Taylor|John Butler|Zach Zarba,32
0022300720,2023,0,2024-02-06,BKN,DAL,107.0,119.0,3,499,202,Eric Dalen|Jason Goldenberg|Marc Davis,24
0022300721,2023,0,2024-02-06,MIA,ORL,121.0,95.0,3,521,197,Karl Lane|Sean Corbin|Tom Washington,31
0022300722,2023,0,2024-02-06,NYK,MEM,123.0,113.0,3,481,192,Kevin Scott|Nick Buchert|Sha'Rae Mitchell,27
0022300723,2023,0,2024-02-06,CHI,MIN,129.0,123.0,4,630,210,CJ Washington|Che Flores|Tony Brothers,44
0022300724,2023,0,2024-02-06,UTA,OKC,124.0,117.0,3,551,197,Brent Barnaky|Ed Malloy|Gediminas Petraitis,28
0022300725,2023,0,2024-02-06,PHX,MIL,114.0,106.0,3,563,203,Jenna Schroeder|Mitchell Ervin|Sean Wright,40
0022300726,2023,0,2024-02-07,CHA,TOR,117.0,123.0,3,511,195,Karl Lane|Nate Green|Scott Foster,32
0022300727,2023,0,2024-02-07,PHI,GSW,104.0,127.0,3,561,208,Aaron Smith|Leon Wood|Tyler Ford,32
0022300728,2023,0,2024-02-07,WAS,CLE,106.0,114.0,3,589,206,David Guthrie|Jonathan Sterling|Marat Kogut,32
0022300729,2023,0,2024-02-07,BOS,ATL,125.0,117.0,3,520,213,Ashley Moyer-Gleich|Courtney Kirkland|Derrick Collins,24
0022300730,2023,0,2024-02-07,MIA,SAS,116.0,104.0,3,553,208,Brian Forte|Justin Van Duyne|Scott Wall,38
0022300731,2023,0,2024-02-07,LAC,NOP,106.0,117.0,3,529,201,Bill Kennedy|Brent Barnaky|JT Orr,31
0022300732,2023,0,2024-02-07,SAC,DET,120.0,133.0,3,505,206,Danielle Scott|Mitchell Ervin|Sean Wright,39
0022300733,2023,0,2024-02-08,IND,GSW,109.0,131.0,2,551,201,Curtis Blair|Marat Kogut|Mousa Dagher,31
0022300734,2023,0,2024-02-08,ORL,SAS,127.0,111.0,3,517,200,Intae Hwang|Jason Goldenberg|Scott Foster,33
0022300735,2023,0,2024-02-08,BKN,CLE,95.0,118.0,3,537,196,Andy Nagy|Brett Nansel|Kevin Scott,33
0022300736,2023,0,2024-02-08,NYK,DAL,108.0,122.0,2,501,191,Dedric Taylor|Natalie Sago|Zach Zarba,28
0022300737,2023,0,2024-02-08,MEM,CHI,110.0,118.0,3,535,191,Derek Richardson|JB DeRosa|Tom Washington,36
0022300738,2023,0,2024-02-08,MIL,MIN,105.0,129.0,3,476,181,Eric Dalen|Josh Tiven|Phenizee Ransom,27
0022300739,2023,0,2024-02-08,PHX,UTA,129.0,115.0,3,561,206,John Goble|Matt Myers|Scott Twardoski,34
0022300740,2023,0,2024-02-08,LAL,DEN,106.0,114.0,3,523,192,Evan Scott|Jacyn Goble|Pat Fraher,27
0022300741,2023,0,2024-02-08,POR,DET,122.0,128.0,3,592,211,Gediminas Petraitis|Matt Kallio|Ray Acosta,44
0022300742,2023,0,2024-02-09,PHI,ATL,121.0,127.0,3,572,201,Che Flores|Dedric Taylor|Ed Malloy,42
0022300743,2023,0,2024-02-09,BOS,WAS,133.0,129.0,2,539,221,Andy Nagy|CJ Washington|Mark Lindsay,40
0022300744,2023,0,2024-02-09,TOR,HOU,107.0,104.0,3,548,197,Brandon Schwab|Courtney Kirkland|Justin Van Duyne,33
0022300745,2023,0,2024-02-09,MIL,CHA,120.0,84.0,3,524,200,Aaron Smith|Nick Buchert|Robert Hussey,41
0022300746,2023,0,2024-02-09,SAC,DEN,135.0,106.0,3,535,209,Dannica Mosher|JT Orr|Marc Davis,34
0022300747,2023,0,2024-02-09,LAL,NOP,139.0,122.0,3,565,204,John Butler|Scott Twardoski|Sean Wright,39
0022300748,2023,0,2024-02-10,DAL,OKC,146.0,111.0,3,597,215,Derek Richardson|Karl Lane|Scott Foster,41
0022300749,2023,0,2024-02-10,LAC,DET,112.0,106.0,3,514,211,Derrick Collins|Matt Myers|Pat Fraher,29
0022300750,2023,0,2024-02-10,BKN,SAS,123.0,103.0,3,553,192,Bill Kennedy|Mousa Dagher|Natalie Sago,32
0022300751,2023,0,2024-02-10,CHA,MEM,115.0,106.0,3,491,197,Ashley Moyer-Gleich|Jason Goldenberg|John Goble,20
0022300752,2023,0,2024-02-10,ORL,CHI,114.0,108.0,4,563,191,Brett Nansel|Curtis Blair|Marat Kogut,38
0022300753,2023,0,2024-02-10,WAS,PHI,113.0,119.0,3,581,212,Eric Dalen|Scott Wall|Zach Zarba,38
0022300754,2023,0,2024-02-10,ATL,HOU,122.0,113.0,3,578,211,Jonathan Sterling|Tom Washington|Tyler Ford,39
0022300755,2023,0,2024-02-10,NYK,IND,111.0,125.0,2,472,199,Brian Forte|CJ Washington|Justin Van Duyne,31
0022300756,2023,0,2024-02-10,TOR,CLE,95.0,119.0,2,527,188,Leon Wood|Mark Lindsay|Mitchell Ervin,31
0022300757,2023,0,2024-02-10,GSW,PHX,113.0,112.0,3,589,212,Jacyn Goble|Marc Davis|Ray Acosta,27
0022300758,2023,0,2024-02-10,POR,NOP,84.0,93.0,3,491,174,David Guthrie|Evan Scott|JB DeRosa,26
0022300759,2023,0,2024-02-11,MIA,BOS,106.0,110.0,3,488,184,Aaron Smith|Brent Barnaky|Josh Tiven,25
0022300760,2023,0,2024-02-11,OKC,SAC,127.0,113.0,3,548,201,Kevin Scott|Matt Kallio|Scott Twardoski,35
0022300761,2023,0,2024-02-12,CHA,IND,111.0,102.0,3,479,203,Dedric Taylor|Intae Hwang|Josh Tiven,25
0022300762,2023,0,2024-02-12,CLE,PHI,121.0,123.0,3,561,194,Jenna Schroeder|Marat Kogut|Nick Buchert,36
0022300763,2023,0,2024-02-12,ATL,CHI,126.0,136.0,2,547,211,Brent Barnaky|Matt Myers|Sean Wright,41
0022300764,2023,0,2024-02-12,TOR,SAS,99.0,122.0,3,577,218,John Goble|Jonathan Sterling|Tom Washington,32
0022300765,2023,0,2024-02-12,HOU,NYK,105.0,103.0,2,533,186,Andy Nagy|Ed Malloy|Jacyn Goble,37
0022300766,2023,0,2024-02-12,MEM,NOP,87.0,96.0,3,532,193,Danielle Scott|Justin Van Duyne|Tyler Ford,29
0022300767,2023,0,2024-02-12,MIL,DEN,112.0,95.0,3,522,197,Brandon Schwab|Gediminas Petraitis|Scott Foster,30
0022300768,2023,0,2024-02-12,DAL,WAS,112.0,104.0,3,625,221,JT Orr|John Butler|Mitchell Ervin,36
0022300769,2023,0,2024-02-12,UTA,GSW,107.0,129.0,3,571,212,Dannica Mosher|David Guthrie|Pat Fraher,26
0022300770,2023,0,2024-02-12,LAC,MIN,100.0,121.0,3,509,195,Karl Lane|Marc Davis|Ray Acosta,32
0022300771,2023,0,2024-02-13,BKN,BOS,110.0,118.0,3,521,194,JB DeRosa|Robert Hussey|Sean Wright,41
0022300772,2023,0,2024-02-13,ORL,OKC,113.0,127.0,3,564,208,Aaron Smith|Bill Kennedy|Matt Myers,33
0022300773,2023,0,2024-02-13,MIL,MIA,97.0,123.0,3,492,203,Ashley Moyer-Gleich|Mark Lindsay|Matt Kallio,22
0022300774,2023,0,2024-02-13,PHX,SAC,130.0,125.0,3,590,212,Brian Forte|Curtis Blair|Derek Richardson,42
0022300775,2023,0,2024-02-13,POR,MIN,109.0,121.0,3,553,201,James Williams|Pat Fraher|Sha'Rae Mitchell,40
0022300776,2023,0,2024-02-13,LAL,DET,125.0,111.0,3,570,211,Brett Nansel|Che Flores|Kevin Scott,35
0022300777,2023,0,2024-02-14,CHA,ATL,122.0,99.0,3,551,197,Danielle Scott|JB DeRosa|Tyler Ford,35
0022300778,2023,0,2024-02-14,ORL,NYK,118.0,100.0,3,459,171,Gediminas Petraitis|Nick Buchert|Suyash Mehta,31
0022300779,2023,0,2024-02-14,PHI,MIA,104.0,109.0,3,495,194,Mitchell Ervin|Mousa Dagher|Scott Foster,33
0022300780,2023,0,2024-02-14,BOS,BKN,136.0,86.0,3,475,189,Dedric Taylor|Jenna Schroeder|John Goble,24
0022300781,2023,0,2024-02-14,CLE,CHI,108.0,105.0,3,512,191,Jacyn Goble|Josh Tiven|Michael Smith,33
0022300782,2023,0,2024-02-14,TOR,IND,125.0,127.0,3,584,211,Brent Barnaky|James Capers|Robert Hussey,39
0022300783,2023,0,2024-02-14,MEM,HOU,121.0,113.0,3,606,202,Dannica Mosher|Phenizee Ransom|Zach Zarba,45
0022300784,2023,0,2024-02-14,NOP,WAS,133.0,126.0,3,573,207,Ed Malloy|Intae Hwang|Marat Kogut,41
0022300785,2023,0,2024-02-14,DAL,SAS,116.0,93.0,3,526,208,Andy Nagy|Leon Wood|Marc Davis,21
0022300786,2023,0,2024-02-14,DEN,SAC,98.0,102.0,3,543,203,David Guthrie|Nate Green|Ray Acosta,33
0022300787,2023,0,2024-02-14,PHX,DET,116.0,100.0,3,658,222,JT Orr|Justin Van Duyne|Karl Lane,45
0022300788,2023,0,2024-02-14,UTA,LAL,122.0,138.0,3,538,205,CJ Washington|Curtis Blair|Natalie Sago,29
0022300789,2023,0,2024-02-14,GSW,LAC,125.0,130.0,3,587,209,James Williams|John Butler|Scott Twardoski,39
0022300790,2023,0,2024-02-15,MEM,MIL,113.0,110.0,3,534,202,Bill Kennedy|Brandon Adair|Eric Dalen,36
0022300791,2023,0,2024-02-15,POR,MIN,91.0,128.0,3,569,207,Brian Forte|Kevin Scott|Scott Twardoski,42
0022300792,2023,0,2024-02-22,CLE,ORL,109.0,116.0,3,503,187,Ashley Moyer-Gleich|Brandon Schwab|Scott Foster,35
0022300793,2023,0,2024-02-22,IND,DET,129.0,115.0,3,551,211,Eric Dalen|Evan Scott|Tyler Ford,32
0022300794,2023,0,2024-02-22,PHI,NYK,96.0,110.0,3,532,196,Jonathan Sterling|Justin Van Duyne|Pat Fraher,32
0022300795,2023,0,2024-02-22,TOR,BKN,121.0,93.0,3,574,207,Kevin Cutler|Scott Twardoski|Scott Wall,40
0022300796,2023,0,2024-02-22,DAL,PHX,123.0,113.0,3,574,195,Aaron Smith|Kevin Scott|Tom Washington,39
0022300797,2023,0,2024-02-22,CHI,BOS,112.0,129.0,3,534,200,Andy Nagy|Derek Richardson|Marc Davis,27
0022300798,2023,0,2024-02-22,NOP,HOU,127.0,105.0,3,577,213,Bill Kennedy|Matt Myers|Phenizee Ransom,37
0022300799,2023,0,2024-02-22,OKC,LAC,129.0,107.0,3,537,204,David Guthrie|Derrick Collins|Jacyn Goble,27
0022300800,2023,0,2024-02-22,DEN,WAS,130.0,110.0,3,597,216,Danielle Scott|Dedric Taylor|James Williams,30
0022300801,2023,0,2024-02-22,UTA,CHA,107.0,115.0,3,554,200,CJ Washington|Mark Lindsay|Robert Hussey,39
0022300802,2023,0,2024-02-22,GSW,LAL,128.0,110.0,2,581,202,Gediminas Petraitis|Marat Kogut|Zach Zarba,34
0022300803,2023,0,2024-02-22,SAC,SAS,127.0,122.0,3,521,204,Brett Nansel|John Butler|Josh Tiven,23
0022300804,2023,0,2024-02-23,ATL,TOR,121.0,123.0,3,573,203,Eric Dalen|Justin Van Duyne|Karl Lane,27
0022300805,2023,0,2024-02-23,PHI,CLE,104.0,97.0,3,554,198,Brandon Adair|Brent Barnaky|Tony Brothers,38
0022300806,2023,0,2024-02-23,HOU,PHX,114.0,110.0,3,660,206,Dedric Taylor|Michael Smith|Mitchell Ervin,43
0022300807,2023,0,2024-02-23,MEM,LAC,95.0,101.0,3,534,195,Brian Forte|Jenna Schroeder|Natalie Sago,34
0022300808,2023,0,2024-02-23,MIN,MIL,107.0,112.0,3,550,197,James Capers|Ray Acosta|Sha'Rae Mitchell,36
0022300809,2023,0,2024-02-23,OKC,WAS,147.0,106.0,3,584,224,JB DeRosa|Marc Davis|Suyash Mehta,35
0022300810,2023,0,2024-02-23,NOP,MIA,95.0,106.0,3,568,195,Curtis Blair|Matt Boland|Sean Corbin,30
0022300811,2023,0,2024-02-23,GSW,CHA,97.0,84.0,3,570,200,Brett Nansel|Che Flores|Josh Tiven,22
0022300812,2023,0,2024-02-23,POR,DEN,112.0,127.0,3,544,193,Gediminas Petraitis|Marat Kogut|Zach Zarba,34
0022300813,2023,0,2024-02-23,LAL,SAS,123.0,118.0,3,564,207,JT Orr|Mark Lindsay|Matt Kallio,31
0022300814,2023,0,2024-02-24,DET,ORL,109.0,112.0,3,516,187,Aaron Smith|Bill Kennedy|Derek Richardson,34
0022300815,2023,0,2024-02-24,MIN,BKN,101.0,86.0,3,594,204,Jacyn Goble|James Williams|Tom Washington,30
0022300816,2023,0,2024-02-24,NYK,BOS,102.0,116.0,3,456,168,Kevin Cutler|Scott Foster|Scott Twardoski,25
0022300817,2023,0,2024-02-25,PHI,MIL,98.0,119.0,3,530,194,David Guthrie|John Butler|Karl Lane,28
0022300818,2023,0,2024-02-25,PHX,LAL,123.0,113.0,3,525,200,Josh Tiven|Natalie Sago|Tyler Ford,26
0022300819,2023,0,2024-02-25,IND,DAL,133.0,111.0,3,534,212,Brent Barnaky|Mark Lindsay|Phenizee Ransom,27
0022300820,2023,0,2024-02-25,WAS,CLE,105.0,114.0,3,546,200,Eric Dalen|Kevin Scott|Michael Smith,37
0022300821,2023,0,2024-02-25,ATL,ORL,109.0,92.0,3,532,196,Curtis Blair|Derrick Collins|JB DeRosa,31
0022300822,2023,0,2024-02-25,HOU,OKC,110.0,123.0,3,597,209,Ashley Moyer-Gleich|CJ Washington|Gediminas Petraitis,32
0022300823,2023,0,2024-02-25,NOP,CHI,106.0,114.0,2,552,205,Evan Scott|Pat Fraher|Ray Acosta,29
0022300824,2023,0,2024-02-25,GSW,DEN,103.0,119.0,3,580,199,Justin Van Duyne|Mousa Dagher|Tony Brothers,35
0022300825,2023,0,2024-02-25,UTA,SAS,128.0,109.0,3,569,222,Brian Forte|Mitchell Ervin|Sha'Rae Mitchell,31
0022300826,2023,0,2024-02-25,POR,CHA,80.0,93.0,3,533,196,JT Orr|James Capers|Scott Wall,26
0022300827,2023,0,2024-02-25,LAC,SAC,107.0,123.0,3,514,189,Dedric Taylor|Marat Kogut|Zach Zarba,28
0022300828,2023,0,2024-02-26,NYK,DET,113.0,111.0,3,511,193,JB DeRosa|James Williams|Suyash Mehta,29
0022300829,2023,0,2024-02-26,IND,TOR,122.0,130.0,3,531,203,Bill Kennedy|Brandon Schwab|Jacyn Goble,33
0022300830,2023,0,2024-02-26,MEM,BKN,86.0,111.0,2,542,188,Aaron Smith|Ashley Moyer-Gleich|Curtis Blair,35
0022300831,2023,0,2024-02-26,SAC,MIA,110.0,121.0,3,505,196,Andy Nagy|Tony Brothers|Tyler Ford,30
0022300832,2023,0,2024-02-27,CLE,DAL,121.0,119.0,3,511,197,James Williams|Karl Lane|Matt Kallio,21
0022300833,2023,0,2024-02-27,ORL,BKN,108.0,81.0,3,525,192,Dedric Taylor|Michael Smith|Mitchell Ervin,35
0022300834,2023,0,2024-02-27,WAS,GSW,112.0,123.0,3,550,211,Intae Hwang|Kevin Cutler|Phenizee Ransom,19
0022300835,2023,0,2024-02-27,ATL,UTA,124.0,97.0,3,578,214,Dannica Mosher|Pat Fraher|Ray Acosta,25
0022300836,2023,0,2024-02-27,BOS,PHI,117.0,99.0,3,549,198,CJ Washington|Derrick Collins|Kevin Scott,37
0022300837,2023,0,2024-02-27,NYK,NOP,92.0,115.0,3,515,183,Brandon Schwab|John Butler|Mark Lindsay,35
0022300838,2023,0,2024-02-27,MIN,SAS,114.0,105.0,3,538,206,David Guthrie|Eric Dalen|Scott Wall,27
0022300839,2023,0,2024-02-27,CHI,DET,95.0,105.0,3,532,191,JT Orr|James Capers|Mousa Dagher,35
0022300840,2023,0,2024-02-27,MIL,CHA,123.0,85.0,3,492,192,Brian Forte|Nate Green|Nick Buchert,30
0022300841,2023,0,2024-02-27,OKC,HOU,112.0,95.0,3,599,207,John Conley|Josh Tiven|Natalie Sago,24
0022300842,2023,0,2024-02-27,POR,MIA,96.0,106.0,2,514,188,Brent Barnaky|Jonathan Sterling|Justin Van Duyne,37
0022300843,2023,0,2024-02-28,IND,NOP,123.0,114.0,2,544,204,JT Orr|John Goble|Robert Hussey,31
0022300844,2023,0,2024-02-28,TOR,DAL,125.0,136.0,3,581,216,CJ Washington|Matt Myers|Sean Wright,38
0022300845,2023,0,2024-02-28,MIN,MEM,110.0,101.0,3,535,199,Gediminas Petraitis|JB DeRosa|Scott Twardoski,38
0022300846,2023,0,2024-02-28,CHI,CLE,132.0,123.0,4,714,236,Ashley Moyer-Gleich|Matt Boland|Tyler Ford,39
0022300847,2023,0,2024-02-28,DEN,SAC,117.0,96.0,3,534,198,Aaron Smith|Brett Nansel|Curtis Blair,30
0022300848,2023,0,2024-02-28,LAC,LAL,112.0,116.0,3,499,199,Andy Nagy|Justin Van Duyne|Tony Brothers,27
0022300849,2023,0,2024-02-29,CHA,MIL,99.0,111.0,3,506,189,Ed Malloy|Jenna Schroeder|Michael Smith,35
0022300850,2023,0,2024-02-29,ORL,UTA,115.0,107.0,3,508,194,John Conley|Kevin Scott|Marat Kogut,41
0022300851,2023,0,2024-02-29,BKN,ATL,124.0,97.0,3,516,190,Eric Dalen|Matt Kallio|Zach Zarba,27
0022300852,2023,0,2024-02-29,NYK,GSW,99.0,110.0,3,578,200,James Capers|Karl Lane|Ray Acosta,31
0022300853,2023,0,2024-02-29,SAS,OKC,132.0,118.0,3,542,200,James Williams|John Butler|Mousa Dagher,31
0022300854,2023,0,2024-02-29,PHX,HOU,110.0,105.0,3,627,210,Bill Kennedy|Brett Nansel|Scott Wall,47
0022300855,2023,0,2024-02-29,DEN,MIA,103.0,97.0,3,551,201,David Guthrie|Kevin Cutler|Sha'Rae Mitchell,36
0022300856,2023,0,2024-02-29,LAL,WAS,134.0,131.0,4,579,227,Aaron Smith|Brent Barnaky|Jonathan Sterling,32
0022300857,2023,0,2024-03-01,DET,CLE,100.0,110.0,3,572,200,Dedric Taylor|Phenizee Ransom|Sean Wright,41
0022300858,2023,0,2024-03-01,PHI,CHA,121.0,114.0,3,497,176,Evan Scott|Scott Twardoski|Zach Zarba,29
0022300859,2023,0,2024-03-01,BOS,DAL,138.0,110.0,3,513,202,Brandon Adair|Nate Green|Ray Acosta,26
0022300860,2023,0,2024-03-01,TOR,GSW,105.0,120.0,3,591,211,Ashley Moyer-Gleich|Brian Forte|Derrick Collins,27
0022300861,2023,0,2024-03-01,MEM,POR,92.0,122.0,3,535,192,Andy Nagy|Nick Buchert|Robert Hussey,32
0022300862,2023,0,2024-03-01,MIN,SAC,120.0,124.0,4,593,207,CJ Washington|Derek Richardson|Mark Lindsay,49
0022300863,2023,0,2024-03-01,NOP,IND,129.0,102.0,3,573,207,Mousa Dagher|Natalie Sago|Tyler Ford,34
0022300864,2023,0,2024-03-01,CHI,MIL,97.0,113.0,3,529,190,JB DeRosa|Josh Tiven|Matt Myers,37
0022300865,2023,0,2024-03-01,LAC,WAS,140.0,115.0,3,526,206,Jacyn Goble|Pat Fraher|Sha'Rae Mitchell,29
0022300866,2023,0,2024-03-02,BKN,ATL,114.0,102.0,3,566,191,Karl Lane|Nate Green|Tony Brothers,35
0022300867,2023,0,2024-03-02,MIA,UTA,126.0,120.0,3,510,194,Curtis Blair|Matt Boland|Mitchell Ervin,38
0022300868,2023,0,2024-03-02,MEM,POR,100.0,107.0,4,620,221,Ed Malloy|Intae Hwang|Marat Kogut,35
0022300869,2023,0,2024-03-02,LAL,DEN,114.0,124.0,3,463,192,Bill Kennedy|Jacyn Goble|John Butler,17
0022300870,2023,0,2024-03-02,PHX,HOU,109.0,118.0,3,625,218,David Guthrie|JT Orr|Jenna Schroeder,35
0022300871,2023,0,2024-03-03,DAL,PHI,116.0,120.0,3,551,197,Dedric Taylor|Josh Tiven|Justin Van Duyne,36
0022300872,2023,0,2024-03-03,BOS,GSW,140.0,88.0,3,503,205,James Williams|Matt Myers|Nick Buchert,29
0022300873,2023,0,2024-03-03,MIN,LAC,88.0,89.0,3,493,185,Aaron Smith|Phenizee Ransom|Tyler Ford,24
0022300874,2023,0,2024-03-03,ORL,DET,113.0,91.0,3,498,197,Eric Dalen|Suyash Mehta|Zach Zarba,33
0022300875,2023,0,2024-03-03,TOR,CHA,111.0,106.0,2,543,209,Jonathan Sterling|Mark Lindsay|Natalie Sago,26
0022300876,2023,0,2024-03-03,CLE,NYK,98.0,107.0,3,471,184,Brent Barnaky|Brian Forte|Derrick Collins,24
0022300877,2023,0,2024-03-03,SAS,IND,117.0,105.0,3,538,201,Brandon Adair|Brett Nansel|Courtney Kirkland,29
0022300878,2023,0,2024-03-03,PHX,OKC,110.0,118.0,3,575,207,Danielle Scott|Gediminas Petraitis|Pat Fraher,26
0022300879,2023,0,2024-03-04,BKN,MEM,102.0,106.0,3,570,184,CJ Washington|James Williams|Mitchell Ervin,39
0022300880,2023,0,2024-03-04,MIL,LAC,113.0,106.0,3,512,197,Brent Barnaky|Curtis Blair|Matt Boland,39
0022300881,2023,0,2024-03-04,MIN,POR,119.0,114.0,3,533,190,Evan Scott|Kevin Scott|Michael Smith,39
0022300882,2023,0,2024-03-04,UTA,WAS,127.0,115.0,3,541,213,Ashley Moyer-Gleich|Kevin Cutler|Scott Twardoski,29
0022300883,2023,0,2024-03-04,SAC,CHI,109.0,113.0,3,555,188,Bill Kennedy|Gediminas Petraitis|Mousa Dagher,36
0022300884,2023,0,2024-03-04,LAL,OKC,116.0,104.0,3,571,200,JT Orr|James Capers|Jenna Schroeder,31
0022300885,2023,0,2024-03-05,CHA,ORL,89.0,101.0,3,468,184,Brett Nansel|Brian Forte|Dedric Taylor,24
0022300886,2023,0,2024-03-05,CLE,BOS,105.0,104.0,3,509,192,Aaron Smith|Nate Green|Zach Zarba,22
0022300887,2023,0,2024-03-05,BKN,PHI,112.0,107.0,3,568,192,Curtis Blair|JB DeRosa|Jonathan Sterling,37
0022300888,2023,0,2024-03-05,MIA,DET,118.0,110.0,2,497,191,Brandon Adair|Courtney Kirkland|Ray Acosta,29
0022300889,2023,0,2024-03-05,NYK,ATL,100.0,116.0,3,522,192,David Guthrie|Matt Myers|Natalie Sago,26
0022300890,2023,0,2024-03-05,TOR,NOP,98.0,139.0,3,562,209,Andy Nagy|Pat Fraher|Scott Wall,27
0022300891,2023,0,2024-03-05,HOU,SAS,114.0,101.0,3,534,203,Dannica Mosher|Eric Dalen|Josh Tiven,26
0022300892,2023,0,2024-03-05,DAL,IND,120.0,137.0,3,557,203,Danielle Scott|Marat Kogut|Tony Brothers,41
0022300893,2023,0,2024-03-05,DEN,PHX,107.0,117.0,4,561,207,Ed Malloy|Karl Lane|Phenizee Ransom,33
0022300894,2023,0,2024-03-06,WAS,ORL,109.0,119.0,3,517,193,JB DeRosa|John Conley|Mitchell Ervin,30
0022300895,2023,0,2024-03-06,ATL,CLE,112.0,101.0,2,506,193,John Butler|Marc Davis|Matt Kallio,29
0022300896,2023,0,2024-03-06,PHI,MEM,109.0,115.0,3,591,196,Jacyn Goble|Matt Boland|Scott Foster,33
0022300897,2023,0,2024-03-06,HOU,LAC,116.0,122.0,3,513,189,Nick Buchert|Sean Corbin|Tom Washington,37
0022300898,2023,0,2024-03-06,UTA,CHI,117.0,119.0,2,509,193,Evan Scott|Kevin Scott|Sean Wright,26
0022300899,2023,0,2024-03-06,GSW,MIL,125.0,90.0,3,530,203,Gediminas Petraitis|JT Orr|James Capers,20
0022300900,2023,0,2024-03-06,POR,OKC,120.0,128.0,3,544,210,Ashley Moyer-Gleich|Bill Kennedy|Robert Hussey,46
0022300901,2023,0,2024-03-06,LAL,SAC,120.0,130.0,3,530,209,Derrick Collins|Kevin Cutler|Scott Twardoski,30
0022300902,2023,0,2024-03-07,DET,BKN,118.0,112.0,3,533,206,Brent Barnaky|Ed Malloy|Scott Wall,32
0022300903,2023,0,2024-03-07,IND,MIN,111.0,113.0,3,580,200,Brian Forte|Josh Tiven|Matt Myers,38
0022300904,2023,0,2024-03-07,DAL,MIA,114.0,108.0,3,521,193,Aaron Smith|Andy Nagy|Zach Zarba,34
0022300905,2023,0,2024-03-07,PHX,TOR,120.0,113.0,3,520,198,Evan Scott|Justin Van Duyne|Sean Wright,31
0022300906,2023,0,2024-03-07,DEN,BOS,115.0,109.0,3,560,198,CJ Washington|Marat Kogut|Tony Brothers,36
0022300907,2023,0,2024-03-07,GSW,CHI,122.0,125.0,3,590,208,Mark Lindsay|Phenizee Ransom|Scott Twardoski,39
0022300908,2023,0,2024-03-07,SAC,SAS,131.0,129.0,3,561,207,Derek Richardson|James Williams|Karl Lane,33
0022300909,2023,0,2024-03-08,PHI,NOP,95.0,103.0,3,531,189,Courtney Kirkland|Eric Dalen|Ray Acosta,35
0022300910,2023,0,2024-03-08,WAS,CHA,112.0,100.0,3,541,199,David Guthrie|John Butler|Suyash Mehta,35
0022300911,2023,0,2024-03-08,CLE,MIN,113.0,104.0,4,610,206,Danielle Scott|Natalie Sago|Scott Foster,43
0022300912,2023,0,2024-03-08,NYK,ORL,98.0,74.0,3,495,174,Jacyn Goble|Marc Davis|Nate Green,22
0022300913,2023,0,2024-03-08,MEM,ATL,92.0,99.0,3,539,177,Dedric Taylor|Michael Smith|Pat Fraher,39
0022300914,2023,0,2024-03-08,OKC,MIA,107.0,100.0,3,529,192,Nick Buchert|Tom Washington|Tony Brothers,30
0022300915,2023,0,2024-03-08,LAL,MIL,123.0,122.0,3,495,198,Ashley Moyer-Gleich|Kevin Scott|Sha'Rae Mitchell,32
0022300916,2023,0,2024-03-08,POR,HOU,107.0,123.0,2,562,197,Brett Nansel|Derrick Collins|Gediminas Petraitis,31
0022300917,2023,0,2024-03-09,LAC,CHI,112.0,102.0,3,528,192,CJ Washington|Karl Lane|Tyler Ford,35
0022300918,2023,0,2024-03-09,CHA,BKN,110.0,99.0,3,524,189,Aaron Smith|Intae Hwang|Pat Fraher,30
0022300919,2023,0,2024-03-09,DET,DAL,124.0,142.0,3,613,222,Brandon Schwab|Jacyn Goble|Mitchell Ervin,40
0022300920,2023,0,2024-03-09,PHX,BOS,107.0,117.0,3,500,194,Brent Barnaky|James Williams|Sean Corbin,23
0022300921,2023,0,2024-03-09,GSW,SAS,113.0,126.0,3,597,203,Justin Van Duyne|Robert Hussey|Sean Wright,44
0022300922,2023,0,2024-03-09,DEN,UTA,142.0,121.0,3,519,199,Mark Lindsay|Mousa Dagher|Nick Buchert,35
0022300923,2023,0,2024-03-09,POR,TOR,128.0,118.0,3,565,215,Derek Richardson|Kevin Cutler|Scott Twardoski,33
0022300924,2023,0,2024-03-10,LAC,MIL,117.0,124.0,3,536,196,JB DeRosa|Matt Kallio|Scott Foster,34
0022300925,2023,0,2024-03-10,ATL,NOP,103.0,116.0,3,485,191,Che Flores|Tom Washington|Zach Zarba,24
0022300926,2023,0,2024-03-10,MIA,WAS,108.0,110.0,3,530,198,Brian Forte|Danielle Scott|Natalie Sago,34
0022300927,2023,0,2024-03-10,NYK,PHI,73.0,79.0,3,523,175,Bill Kennedy|John Butler|Marat Kogut,27
0022300928,2023,0,2024-03-10,ORL,IND,97.0,111.0,1,550,200,Gediminas Petraitis|Phenizee Ransom|Scott Wall,42
0022300929,2023,0,2024-03-10,SAC,HOU,104.0,112.0,3,541,206,Ashley Moyer-Gleich|Kevin Scott|Sha'Rae Mitchell,37
0022300930,2023,0,2024-03-10,CLE,BKN,101.0,120.0,3,493,186,Courtney Kirkland|JT Orr|Matt Boland,31
0022300931,2023,0,2024-03-10,OKC,MEM,124.0,93.0,3,507,195,Andy Nagy|Brandon Adair|Curtis Blair,27
0022300932,2023,0,2024-03-10,LAL,MIN,120.0,109.0,3,545,205,Brett Nansel|James Williams|Karl Lane,28
0022300933,2023,0,2024-03-11,DET,CHA,114.0,97.0,3,523,199,Derrick Collins|Matt Myers|Ray Acosta,33
0022300934,2023,0,2024-03-11,CLE,PHX,111.0,117.0,3,520,194,Brandon Schwab|Mitchell Ervin|Tony Brothers,33
0022300935,2023,0,2024-03-11,CHI,DAL,92.0,127.0,3,532,192,David Guthrie|Jenna Schroeder|Nick Buchert,29
0022300936,2023,0,2024-03-11,SAS,GSW,102.0,112.0,3,576,204,Ed Malloy|Intae Hwang|Michael Smith,29
0022300937,2023,0,2024-03-11,DEN,TOR,125.0,119.0,3,533,202,Brent Barnaky|Sean Corbin|Tyler Ford,30
0022300938,2023,0,2024-03-11,POR,BOS,99.0,121.0,3,509,184,Justin Van Duyne|Mark Lindsay|Mousa Dagher,21
0022300939,2023,0,2024-03-12,NYK,PHI,106.0,79.0,3,468,176,Brian Forte|JT Orr|Kevin Cutler,27
0022300940,2023,0,2024-03-12,MEM,WAS,109.0,97.0,3,545,196,Dannica Mosher|Eric Dalen|Josh Tiven,33
0022300941,2023,0,2024-03-12,OKC,IND,111.0,121.0,3,544,210,Brett Nansel|Jacyn Goble|Marc Davis,25
0022300942,2023,0,2024-03-12,SAS,HOU,101.0,103.0,3,560,187,John Conley|Natalie Sago|Zach Zarba,36
0022300943,2023,0,2024-03-12,UTA,BOS,107.0,123.0,3,506,185,JB DeRosa|Matt Kallio|Scott Foster,27
0022300944,2023,0,2024-03-12,LAC,MIN,100.0,118.0,3,532,188,Brandon Adair|Justin Van Duyne|Kevin Scott,34
0022300945,2023,0,2024-03-12,SAC,MIL,129.0,94.0,3,560,205,Curtis Blair|Pat Fraher|Phenizee Ransom,43
0022300946,2023,0,2024-03-13,DET,TOR,113.0,104.0,3,577,222,Andy Nagy|James Williams|Marat Kogut,37
0022300947,2023,0,2024-03-13,ORL,BKN,114.0,106.0,3,546,189,Ashley Moyer-Gleich|Jonathan Sterling|Tony Brothers,36
0022300948,2023,0,2024-03-13,IND,CHI,129.0,132.0,3,628,223,Aaron Smith|Mitchell Ervin|Sha'Rae Mitchell,42
0022300949,2023,0,2024-03-13,MIA,DEN,88.0,100.0,3,458,181,Gediminas Petraitis|Jason Goldenberg|Sean Wright,25
0022300950,2023,0,2024-03-13,MEM,CHA,98.0,110.0,3,522,198,Brent Barnaky|Karl Lane|Matt Boland,26
0022300951,2023,0,2024-03-13,NOP,CLE,95.0,116.0,3,512,199,David Guthrie|Dedric Taylor|Scott Twardoski,28
0022300952,2023,0,2024-03-13,DAL,GSW,109.0,99.0,3,582,197,Courtney Kirkland|Matt Myers|Sean Corbin,32
0022300953,2023,0,2024-03-13,POR,ATL,106.0,102.0,2,538,195,Curtis Blair|JB DeRosa|Suyash Mehta,33
0022300954,2023,0,2024-03-13,SAC,LAL,120.0,107.0,3,519,195,Mark Lindsay|Ray Acosta|Tyler Ford,28
0022300955,2023,0,2024-03-14,BOS,PHX,127.0,112.0,3,500,194,Brian Forte|Ed Malloy|Tom Washington,23
0022300956,2023,0,2024-03-14,CHI,LAC,111.0,126.0,3,480,188,Bill Kennedy|Kevin Cutler|Michael Smith,29
0022300957,2023,0,2024-03-14,HOU,WAS,135.0,119.0,3,565,218,Derek Richardson|Scott Foster|Scott Twardoski,33
0022300958,2023,0,2024-03-14,MIL,PHI,114.0,105.0,3,463,181,Derrick Collins|Jacyn Goble|James Williams,29
0022300959,2023,0,2024-03-14,OKC,DAL,126.0,119.0,3,572,204,Eric Dalen|Josh Tiven|Phenizee Ransom,38
0022300960,2023,0,2024-03-14,POR,NYK,93.0,105.0,2,514,192,Brandon Adair|Evan Scott|Pat Fraher,36
0022300961,2023,0,2024-03-15,CHA,PHX,96.0,107.0,3,543,192,Gediminas Petraitis|Natalie Sago|Sean Wright,34
0022300962,2023,0,2024-03-15,DET,MIA,95.0,108.0,2,520,197,Karl Lane|Kevin Scott|Nate Green,30
0022300963,2023,0,2024-03-15,TOR,ORL,103.0,113.0,3,520,197,Courtney Kirkland|Nick Buchert|Sha'Rae Mitchell,36
0022300964,2023,0,2024-03-15,NOP,LAC,112.0,104.0,3,501,192,CJ Washington|James Capers|Matt Boland,37
0022300965,2023,0,2024-03-15,SAS,DEN,106.0,117.0,3,521,199,Curtis Blair|Derek Richardson|Justin Van Duyne,32
0022300966,2023,0,2024-03-15,UTA,ATL,124.0,122.0,3,541,204,John Butler|Ray Acosta|Tyler Ford,35
0022300967,2023,0,2024-03-16,HOU,CLE,117.0,103.0,2,541,202,Brian Forte|JB DeRosa|Phenizee Ransom,29
0022300968,2023,0,2024-03-16,IND,BKN,121.0,100.0,3,600,203,Bill Kennedy|Evan Scott|Kevin Cutler,39
0022300969,2023,0,2024-03-16,PHI,CHA,109.0,98.0,3,523,191,John Goble|Scott Wall|Sean Corbin,38
0022300970,2023,0,2024-03-16,NOP,POR,126.0,107.0,3,495,197,Dannica Mosher|Marc Davis|Michael Smith,24
0022300971,2023,0,2024-03-16,CHI,WAS,127.0,98.0,3,570,204,Derrick Collins|Jacyn Goble|James Williams,36
0022300972,2023,0,2024-03-16,MEM,OKC,112.0,118.0,3,555,199,JT Orr|Mousa Dagher|Zach Zarba,36
0022300973,2023,0,2024-03-16,LAL,GSW,121.0,128.0,3,528,193,David Guthrie|Marat Kogut|Mitchell Ervin,30
0022300974,2023,0,2024-03-16,UTA,MIN,100.0,119.0,3,530,204,Andy Nagy|Ed Malloy|Pat Fraher,28
0022300975,2023,0,2024-03-16,SAC,NYK,91.0,98.0,3,550,194,Aaron Smith|Che Flores|Josh Tiven,38
0022300976,2023,0,2024-03-17,MIL,PHX,140.0,129.0,3,476,206,Brandon Adair|James Capers|Karl Lane,27
0022300977,2023,0,2024-03-17,DET,MIA,101.0,104.0,3,483,191,JB DeRosa|John Conley|Nick Buchert,27
0022300978,2023,0,2024-03-17,DAL,DEN,107.0,105.0,3,571,194,Kevin Scott|Natalie Sago|Tyler Ford,35
0022300979,2023,0,2024-03-17,ORL,TOR,111.0,96.0,3,530,197,Dedric Taylor|Eric Dalen|Scott Foster,30
0022300980,2023,0,2024-03-17,WAS,BOS,104.0,130.0,3,528,199,Courtney Kirkland|Justin Van Duyne|Robert Hussey,30
0022300981,2023,0,2024-03-17,SAS,BKN,122.0,115.0,4,617,224,Brandon Schwab|Gediminas Petraitis|Ray Acosta,33
0022300982,2023,0,2024-03-17,LAC,ATL,93.0,110.0,3,519,185,Josh Tiven|Marat Kogut|Mitchell Ervin,31
0022300983,2023,0,2024-03-18,IND,CLE,103.0,108.0,3,560,187,Brandon Adair|CJ Washington|John Goble,42
0022300984,2023,0,2024-03-18,BOS,DET,119.0,94.0,3,490,193,Curtis Blair|Evan Scott|John Butler,22
0022300985,2023,0,2024-03-18,PHI,MIA,98.0,91.0,3,514,192,Bill Kennedy|Matt Myers|Sean Wright,26
0022300986,2023,0,2024-03-18,CHI,POR,110.0,107.0,3,575,196,Karl Lane|Scott Wall|Sean Corbin,42
0022300987,2023,0,2024-03-18,UTA,MIN,104.0,114.0,3,504,188,Aaron Smith|David Guthrie|Derrick Collins,28
0022300988,2023,0,2024-03-18,GSW,NYK,112.0,119.0,3,519,194,Andy Nagy|Brett Nansel|Zach Zarba,31
0022300989,2023,0,2024-03-18,SAC,MEM,121.0,111.0,3,644,220,Jenna Schroeder|Kevin Cutler|Scott Twardoski,45
0022300990,2023,0,2024-03-18,LAL,ATL,136.0,105.0,3,522,205,Ed Malloy|Intae Hwang|JT Orr,29
0022300991,2023,0,2024-03-19,ORL,CHA,112.0,92.0,3,455,189,Jacyn Goble|James Williams|Robert Hussey,21
0022300992,2023,0,2024-03-19,WAS,HOU,114.0,137.0,3,564,200,Kevin Scott|Pat Fraher|Tom Washington,40
0022300993,2023,0,2024-03-19,BKN,NOP,91.0,104.0,3,532,181,Brent Barnaky|Courtney Kirkland|Mousa Dagher,28
0022300994,2023,0,2024-03-19,SAS,DAL,107.0,113.0,3,557,209,Marat Kogut|Matt Kallio|Tony Brothers,30
0022300995,2023,0,2024-03-19,MIN,DEN,112.0,115.0,3,524,197,Dedric Taylor|Josh Tiven|Ray Acosta,31
0022300996,2023,0,2024-03-20,CLE,MIA,104.0,107.0,3,499,180,James Capers|Jason Goldenberg|John Butler,38
0022300997,2023,0,2024-03-20,DET,IND,103.0,122.0,2,548,206,Che Flores|Justin Van Duyne|Sean Wright,29
0022300998,2023,0,2024-03-20,BOS,MIL,122.0,119.0,3,518,192,Matt Boland|Pat Fraher|Scott Foster,37
0022300999,2023,0,2024-03-20,TOR,SAC,89.0,123.0,3,542,199,JB DeRosa|Marc Davis|Nate Green,30
0022301000,2023,0,2024-03-20,OKC,UTA,119.0,107.0,3,550,202,CJ Washington|Karl Lane|Natalie Sago,36
0022301001,2023,0,2024-03-20,GSW,MEM,137.0,116.0,3,523,194,Derrick Collins|Ed Malloy|Phenizee Ransom,29
0022301002,2023,0,2024-03-20,PHX,PHI,115.0,102.0,3,556,205,Aaron Smith|David Guthrie|Jenna Schroeder,27
0022301003,2023,0,2024-03-20,POR,LAC,103.0,116.0,3,475,194,Andy Nagy|Nick Buchert|Zach Zarba,27
0022301004,2023,0,2024-03-21,ORL,NOP,121.0,106.0,3,507,202,Kevin Scott|Scott Twardoski|Tom Washington,29
0022301005,2023,0,2024-03-21,WAS,SAC,109.0,102.0,3,567,200,John Conley|Michael Smith|Sean Wright,35
0022301006,2023,0,2024-03-21,HOU,CHI,127.0,117.0,3,556,206,Brandon Schwab|Brent Barnaky|Curtis Blair,35
0022301007,2023,0,2024-03-21,MIL,BKN,115.0,108.0,3,509,195,Brian Forte|Dedric Taylor|Mark Lindsay,28
0022301008,2023,0,2024-03-21,DAL,UTA,113.0,97.0,3,556,205,James Williams|Jonathan Sterling|Kevin Cutler,40
0022301009,2023,0,2024-03-21,DEN,NYK,113.0,100.0,3,479,182,Bill Kennedy|Dannica Mosher|Mitchell Ervin,30
0022301010,2023,0,2024-03-21,PHX,ATL,128.0,115.0,3,541,191,Eric Dalen|Sha'Rae Mitchell|Tony Brothers,37
0022301011,2023,0,2024-03-22,DET,BOS,102.0,129.0,3,532,198,David Guthrie|Dedric Taylor|Mousa Dagher,34
0022301012,2023,0,2024-03-22,TOR,OKC,103.0,123.0,3,565,209,Evan Scott|James Capers|Tyler Ford,36
0022301013,2023,0,2024-03-22,MIA,NOP,88.0,111.0,3,464,181,Brandon Adair|Jacyn Goble|Scott Foster,21
0022301014,2023,0,2024-03-22,MIN,CLE,104.0,91.0,3,507,181,Ashley Moyer-Gleich|Justin Van Duyne|Marc Davis,25
0022301015,2023,0,2024-03-22,SAS,MEM,97.0,99.0,3,599,213,Aaron Smith|JB DeRosa|Suyash Mehta,38
0022301016,2023,0,2024-03-22,GSW,IND,111.0,123.0,3,590,213,Derek Richardson|Nick Buchert|Tony Brothers,26
0022301017,2023,0,2024-03-22,POR,LAC,117.0,125.0,3,517,197,Ed Malloy|Gediminas Petraitis|Phenizee Ransom,38
0022301018,2023,0,2024-03-22,LAL,PHI,101.0,94.0,3,552,201,Andy Nagy|Eric Dalen|Zach Zarba,37
0022301019,2023,0,2024-03-23,NYK,BKN,105.0,93.0,3,491,183,Josh Tiven|Karl Lane|Nate Green,28
0022301020,2023,0,2024-03-23,ORL,SAC,107.0,109.0,3,524,192,Brandon Adair|Curtis Blair|Pat Fraher,38
0022301021,2023,0,2024-03-23,ATL,CHA,132.0,91.0,3,498,187,Brett Nansel|David Guthrie|John Conley,22
0022301022,2023,0,2024-03-23,WAS,TOR,112.0,109.0,3,581,203,James Williams|Jenna Schroeder|Ray Acosta,36
0022301023,2023,0,2024-03-23,CHI,BOS,113.0,124.0,3,469,182,Brian Forte|Intae Hwang|Natalie Sago,27
0022301024,2023,0,2024-03-23,HOU,UTA,147.0,119.0,3,512,203,John Butler|Mark Lindsay|Robert Hussey,33
0022301025,2023,0,2024-03-23,SAS,PHX,106.0,131.0,3,500,201,Dannica Mosher|Kevin Cutler|Mitchell Ervin,26
0022301026,2023,0,2024-03-23,POR,DEN,111.0,114.0,3,576,198,Courtney Kirkland|Danielle Scott|JT Orr,37
0022301027,2023,0,2024-03-24,DET,NOP,101.0,114.0,3,555,196,Brandon Schwab|CJ Washington|Tyler Ford,41
0022301028,2023,0,2024-03-24,LAC,PHI,107.0,121.0,2,478,181,Ashley Moyer-Gleich|Jonathan Sterling|Tony Brothers,26
0022301029,2023,0,2024-03-24,MIA,CLE,121.0,84.0,3,482,189,Curtis Blair|Derrick Collins|JB DeRosa,31
0022301030,2023,0,2024-03-24,MIL,OKC,118.0,93.0,3,554,199,John Goble|Marat Kogut|Nick Buchert,37
0022301031,2023,0,2024-03-24,MIN,GSW,114.0,110.0,3,570,202,Bill Kennedy|Eric Dalen|Matt Boland,34
0022301032,2023,0,2024-03-24,LAL,IND,150.0,145.0,3,581,220,Gediminas Petraitis|Marc Davis|Matt Myers,39
0022301033,2023,0,2024-03-25,CLE,CHA,115.0,92.0,3,502,187,James Williams|Ray Acosta|Tom Washington,25
0022301034,2023,0,2024-03-25,ATL,BOS,120.0,118.0,3,517,191,Evan Scott|Josh Tiven|Marat Kogut,32
0022301035,2023,0,2024-03-25,NYK,DET,124.0,99.0,3,526,202,Mark Lindsay|Scott Twardoski|Sha'Rae Mitchell,36
0022301036,2023,0,2024-03-25,TOR,BKN,88.0,96.0,3,516,182,Brandon Adair|Kevin Scott|Michael Smith,27
0022301037,2023,0,2024-03-25,CHI,WAS,105.0,107.0,3,592,201,Che Flores|Ed Malloy|Phenizee Ransom,33
0022301038,2023,0,2024-03-25,HOU,POR,110.0,92.0,3,541,199,Natalie Sago|Scott Foster|Suyash Mehta,37
0022301039,2023,0,2024-03-25,SAS,PHX,104.0,102.0,3,506,197,Brett Nansel|Dedric Taylor|Pat Fraher,28
0022301040,2023,0,2024-03-25,DEN,MEM,128.0,103.0,3,573,199,Jacyn Goble|Scott Wall|Sean Wright,35
0022301041,2023,0,2024-03-25,UTA,DAL,105.0,115.0,3,550,197,Brian Forte|Justin Van Duyne|Matt Myers,30
0022301042,2023,0,2024-03-25,SAC,PHI,108.0,96.0,3,556,179,Brent Barnaky|Courtney Kirkland|Mousa Dagher,38
0022301043,2023,0,2024-03-25,LAC,IND,116.0,133.0,3,507,191,JT Orr|James Capers|Kevin Cutler,36
0022301044,2023,0,2024-03-26,MIA,GSW,92.0,113.0,3,514,187,Andy Nagy|Jenna Schroeder|Josh Tiven,26
0022301045,2023,0,2024-03-26,MIL,LAL,124.0,128.0,5,689,250,Aaron Smith|CJ Washington|Tony Brothers,35
0022301046,2023,0,2024-03-26,NOP,OKC,112.0,119.0,3,510,200,Bill Kennedy|Derrick Collins|Gediminas Petraitis,31
0022301047,2023,0,2024-03-26,SAC,DAL,96.0,132.0,3,547,204,Ashley Moyer-Gleich|JT Orr|Marc Davis,31
0022301048,2023,0,2024-03-27,CHA,CLE,118.0,111.0,3,504,187,Danielle Scott|Karl Lane|Nick Buchert,33
0022301049,2023,0,2024-03-27,ORL,GSW,93.0,101.0,3,542,188,Mitchell Ervin|Phenizee Ransom|Ray Acosta,28
0022301050,2023,0,2024-03-27,WAS,BKN,119.0,122.0,4,568,211,Dannica Mosher|Mark Lindsay|Sean Corbin,34
0022301051,2023,0,2024-03-27,ATL,POR,120.0,106.0,2,519,199,Curtis Blair|Robert Hussey|Scott Twardoski,28
0022301052,2023,0,2024-03-27,PHI,LAC,107.0,108.0,3,513,190,Brandon Adair|JB DeRosa|Kevin Scott,32
0022301053,2023,0,2024-03-27,TOR,NYK,101.0,145.0,3,488,188,Jonathan Sterling|Marat Kogut|Zach Zarba,31
0022301054,2023,0,2024-03-27,CHI,IND,125.0,99.0,3,571,195,CJ Washington|Eric Dalen|John Goble,39
0022301055,2023,0,2024-03-27,MEM,LAL,124.0,136.0,3,572,214,John Butler|Michael Smith|Scott Foster,40
0022301056,2023,0,2024-03-27,MIN,DET,106.0,91.0,3,502,185,Natalie Sago|Pat Fraher|Suyash Mehta,31
0022301057,2023,0,2024-03-27,OKC,HOU,126.0,132.0,4,641,228,Brian Forte|John Conley|Sean Wright,39
0022301058,2023,0,2024-03-27,UTA,SAS,111.0,118.0,3,539,215,Courtney Kirkland|Jacyn Goble|Scott Wall,35
0022301059,2023,0,2024-03-27,DEN,PHX,97.0,104.0,3,489,186,Brent Barnaky|James Capers|Justin Van Duyne,24
0022301060,2023,0,2024-03-28,ATL,BOS,123.0,122.0,4,555,208,Dannica Mosher|Ed Malloy|Ray Acosta,28
0022301061,2023,0,2024-03-28,NOP,MIL,107.0,100.0,3,547,198,Andy Nagy|Josh Tiven|Phenizee Ransom,40
0022301062,2023,0,2024-03-29,CHA,GSW,97.0,115.0,3,517,192,Derek Richardson|Mark Lindsay|Sean Corbin,27
0022301063,2023,0,2024-03-29,IND,LAL,109.0,90.0,3,514,200,Derrick Collins|James Williams|Tyler Ford,25
0022301064,2023,0,2024-03-29,ORL,LAC,97.0,100.0,3,528,188,Gediminas Petraitis|Marc Davis|Matt Myers,24
0022301065,2023,0,2024-03-29,WAS,DET,87.0,96.0,3,514,202,Ashley Moyer-Gleich|Curtis Blair|Nate Green,30
0022301066,2023,0,2024-03-29,BKN,CHI,125.0,108.0,2,528,190,Matt Boland|Mitchell Ervin|Tom Washington,39
0022301067,2023,0,2024-03-29,CLE,PHI,117.0,114.0,3,556,184,Dedric Taylor|Pat Fraher|Robert Hussey,32
0022301068,2023,0,2024-03-29,MIA,POR,142.0,82.0,3,488,207,Brent Barnaky|Sha'Rae Mitchell|Zach Zarba,29
0022301069,2023,0,2024-03-29,OKC,PHX,128.0,103.0,3,531,194,John Butler|Mousa Dagher|Scott Foster,24
0022301070,2023,0,2024-03-29,SAS,NYK,130.0,126.0,4,569,217,John Conley|Nick Buchert|Sean Wright,36
0022301071,2023,0,2024-03-29,DEN,MIN,98.0,111.0,3,571,193,John Goble|Karl Lane|Scott Twardoski,43
0022301072,2023,0,2024-03-29,UTA,HOU,100.0,101.0,3,548,191,Brandon Schwab|Eric Dalen|James Capers,36
0022301073,2023,0,2024-03-29,SAC,DAL,103.0,107.0,3,543,191,Bill Kennedy|Brett Nansel|Jacyn Goble,32
0022301074,2023,0,2024-03-30,NOP,BOS,92.0,104.0,3,489,186,Brandon Adair|Kevin Cutler|Tony Brothers,24
0022301075,2023,0,2024-03-30,ORL,MEM,118.0,88.0,3,506,202,Aaron Smith|Ed Malloy|Sha'Rae Mitchell,32
0022301076,2023,0,2024-03-30,ATL,MIL,113.0,122.0,3,528,198,Jason Goldenberg|Scott Wall|Zach Zarba,38
0022301077,2023,0,2024-03-31,DEN,CLE,130.0,101.0,3,509,197,Derek Richardson|Eric Dalen|Scott Foster,27
0022301078,2023,0,2024-03-31,BKN,LAL,104.0,116.0,3,541,208,Kevin Scott|Marat Kogut|Natalie Sago,30
0022301079,2023,0,2024-03-31,CHA,LAC,118.0,130.0,3,482,188,Courtney Kirkland|Dedric Taylor|Michael Smith,39
0022301080,2023,0,2024-03-31,TOR,PHI,120.0,135.0,3,521,198,Derrick Collins|Josh Tiven|Tom Washington,27
0022301081,2023,0,2024-03-31,WAS,MIA,107.0,119.0,3,555,208,Justin Van Duyne|Matt Myers|Ray Acosta,39
0022301082,2023,0,2024-03-31,NYK,OKC,112.0,113.0,3,585,195,James Williams|Sean Corbin|Suyash Mehta,38
0022301083,2023,0,2024-03-31,HOU,DAL,107.0,125.0,3,537,197,David Guthrie|Gediminas Petraitis|Mousa Dagher,28
0022301084,2023,0,2024-03-31,MIN,CHI,101.0,109.0,3,504,190,Andy Nagy|JB DeRosa|Tyler Ford,27
0022301085,2023,0,2024-03-31,SAS,GSW,113.0,117.0,3,579,200,JT Orr|John Butler|Marc Davis,24
0022301086,2023,0,2024-03-31,SAC,UTA,127.0,106.0,3,550,187,John Goble|Karl Lane|Matt Boland,40
0022301087,2023,0,2024-04-01,CHA,BOS,104.0,118.0,3,495,191,Bill Kennedy|Brandon Schwab|Pat Fraher,27
0022301088,2023,0,2024-04-01,DET,MEM,108.0,110.0,3,525,190,Brent Barnaky|Dannica Mosher|Kevin Cutler,33
0022301089,2023,0,2024-04-01,IND,BKN,133.0,111.0,3,575,208,Ed Malloy|Jacyn Goble|Scott Wall,34
0022301090,2023,0,2024-04-01,ORL,POR,104.0,103.0,3,500,193,Brian Forte|Matt Kallio|Sean Wright,35
0022301091,2023,0,2024-04-01,CHI,ATL,101.0,113.0,3,548,195,Ashley Moyer-Gleich|Brandon Adair|James Capers,35
0022301092,2023,0,2024-04-01,NOP,PHX,111.0,124.0,3,523,190,Jenna Schroeder|Nick Buchert|Zach Zarba,38
0022301093,2023,0,2024-04-02,PHI,OKC,109.0,105.0,3,571,199,Jason Goldenberg|Marat Kogut|Tony Brothers,34
0022301094,2023,0,2024-04-02,TOR,LAL,111.0,128.0,3,557,212,Curtis Blair|Justin Van Duyne|Suyash Mehta,32
0022301095,2023,0,2024-04-02,WAS,MIL,117.0,113.0,3,547,211,Brandon Schwab|JT Orr|Marc Davis,36
0022301096,2023,0,2024-04-02,MIA,NYK,109.0,99.0,3,470,186,Courtney Kirkland|Gediminas Petraitis|Natalie Sago,32
0022301097,2023,0,2024-04-05,DAL,GSW,108.0,106.0,3,586,207,Brian Forte|Che Flores|Kevin Scott,34
0022301098,2023,0,2024-04-02,MIN,HOU,113.0,106.0,3,532,193,Dedric Taylor|Mitchell Ervin|Nate Green,39
0022301099,2023,0,2024-04-02,DEN,SAS,110.0,105.0,3,574,203,Andy Nagy|JB DeRosa|Mark Lindsay,32
0022301100,2023,0,2024-04-02,UTA,CLE,113.0,129.0,3,521,201,CJ Washington|Scott Twardoski|Tyler Ford,32
0022301101,2023,0,2024-04-02,SAC,LAC,109.0,95.0,3,547,190,Che Flores|John Butler|Scott Foster,37
0022301102,2023,0,2024-04-03,CHA,POR,86.0,89.0,3,526,191,Evan Scott|Jacyn Goble|Kevin Cutler,32
0022301103,2023,0,2024-04-03,WAS,LAL,120.0,125.0,3,567,218,Bill Kennedy|Intae Hwang|Nick Buchert,29
0022301104,2023,0,2024-04-03,ATL,DET,121.0,113.0,3,538,208,Brian Forte|Kevin Scott|Tom Washington,26
0022301105,2023,0,2024-04-03,BOS,OKC,135.0,100.0,3,552,199,Phenizee Ransom|Sean Wright|Zach Zarba,29
0022301106,2023,0,2024-04-03,BKN,IND,115.0,111.0,3,602,194,Ashley Moyer-Gleich|Curtis Blair|Robert Hussey,32
0022301107,2023,0,2024-04-03,MIL,MEM,101.0,111.0,3,526,188,Brett Nansel|Eric Dalen|Karl Lane,24
0022301108,2023,0,2024-04-03,MIN,TOR,133.0,85.0,3,544,211,Brent Barnaky|David Guthrie|Matt Kallio,23
0022301109,2023,0,2024-04-03,NOP,ORL,108.0,117.0,3,532,190,James Capers|John Conley|Sean Corbin,43
0022301110,2023,0,2024-04-03,PHX,CLE,122.0,101.0,3,516,201,Derrick Collins|Mark Lindsay|Ray Acosta,31
0022301111,2023,0,2024-04-04,MIA,PHI,105.0,109.0,3,521,198,JT Orr|Jacyn Goble|Marc Davis,23
0022301112,2023,0,2024-04-04,NYK,SAC,120.0,109.0,3,542,191,Justin Van Duyne|Michael Smith|Tony Brothers,37
0022301113,2023,0,2024-04-04,HOU,GSW,110.0,133.0,3,552,201,Natalie Sago|Scott Twardoski|Tyler Ford,39
0022301114,2023,0,2024-04-04,LAC,DEN,102.0,100.0,3,547,202,Aaron Smith|CJ Washington|Josh Tiven,39
0022301115,2023,0,2024-04-05,CHA,ORL,124.0,115.0,3,510,194,Eric Dalen|Mitchell Ervin|Tom Washington,37
0022301116,2023,0,2024-04-05,IND,OKC,126.0,112.0,3,550,206,David Guthrie|Justin Van Duyne|Matt Myers,34
0022301117,2023,0,2024-04-05,WAS,POR,102.0,108.0,3,567,198,Gediminas Petraitis|Jonathan Sterling|Sean Wright,42
0022301118,2023,0,2024-04-05,BOS,SAC,101.0,100.0,3,521,189,James Capers|John Conley|Kevin Cutler,26
0022301119,2023,0,2024-04-05,CHI,NYK,108.0,100.0,3,532,201,Brett Nansel|Marat Kogut|Scott Foster,30
0022301120,2023,0,2024-04-05,HOU,MIA,104.0,119.0,3,541,199,Brent Barnaky|Ed Malloy|Evan Scott,31
0022301121,2023,0,2024-04-05,MEM,DET,108.0,90.0,3,531,196,Andy Nagy|Brandon Schwab|JB DeRosa,27
0022301122,2023,0,2024-04-05,MIL,TOR,111.0,117.0,3,559,210,Ashley Moyer-Gleich|Bill Kennedy|Matt Boland,40
0022301123,2023,0,2024-04-05,NOP,SAS,109.0,111.0,3,507,198,Danielle Scott|Dedric Taylor|Tyler Ford,26
0022301124,2023,0,2024-04-04,DAL,ATL,109.0,95.0,3,579,210,Courtney Kirkland|Dannica Mosher|JB DeRosa,32
0022301125,2023,0,2024-04-05,PHX,MIN,97.0,87.0,3,551,204,Brandon Adair|John Goble|Sean Corbin,36
0022301126,2023,0,2024-04-05,LAC,UTA,131.0,102.0,3,531,211,Jenna Schroeder|Mark Lindsay|Ray Acosta,37
0022301127,2023,0,2024-04-06,LAL,CLE,116.0,97.0,3,532,203,Aaron Smith|John Butler|Josh Tiven,22
0022301128,2023,0,2024-04-06,BKN,DET,113.0,103.0,3,503,193,Michael Smith|Nick Buchert|Tony Brothers,31
0022301129,2023,0,2024-04-06,MEM,PHI,96.0,116.0,3,536,200,Courtney Kirkland|Intae Hwang|Natalie Sago,37
0022301130,2023,0,2024-04-06,DEN,ATL,142.0,110.0,3,540,212,Derrick Collins|Pat Fraher|Scott Twardoski,35
0022301131,2023,0,2024-04-07,DAL,HOU,147.0,136.0,4,667,228,CJ Washington|Curtis Blair|Eric Dalen,53
0022301132,2023,0,2024-04-07,LAC,CLE,120.0,118.0,3,554,200,Brandon Adair|Sean Corbin|Zach Zarba,37
0022301133,2023,0,2024-04-07,IND,MIA,117.0,115.0,3,546,191,Danielle Scott|Marat Kogut|Scott Foster,44
0022301134,2023,0,2024-04-07,BOS,POR,124.0,107.0,3,502,201,Bill Kennedy|Mitchell Ervin|Nate Green,22
0022301135,2023,0,2024-04-07,CHA,OKC,118.0,121.0,3,556,195,Andy Nagy|Marc Davis|Robert Hussey,26
0022301136,2023,0,2024-04-07,ORL,CHI,113.0,98.0,3,525,192,Dedric Taylor|Kevin Scott|Matt Boland,33
0022301137,2023,0,2024-04-07,TOR,WAS,130.0,122.0,3,600,220,Brett Nansel|James Capers|John Conley,48
0022301138,2023,0,2024-04-07,PHX,NOP,105.0,113.0,3,529,198,Brian Forte|Jason Goldenberg|Josh Tiven,31
0022301139,2023,0,2024-04-07,MIL,NYK,109.0,122.0,3,521,186,Che Flores|David Guthrie|JB DeRosa,37
0022301140,2023,0,2024-04-07,SAS,PHI,126.0,133.0,4,649,247,Brent Barnaky|Jenna Schroeder|Karl Lane,34
0022301141,2023,0,2024-04-07,BKN,SAC,77.0,107.0,3,543,200,John Goble|Sean Wright|Sha'Rae Mitchell,30
0022301142,2023,0,2024-04-07,GSW,UTA,118.0,110.0,3,500,193,JT Orr|Jacyn Goble|Matt Kallio,27
0022301143,2023,0,2024-04-07,LAL,MIN,117.0,127.0,3,555,207,Ed Malloy|Phenizee Ransom|Ray Acosta,31
0022301144,2023,0,2024-04-09,CHA,DAL,104.0,130.0,3,553,203,Derrick Collins|Gediminas Petraitis|Suyash Mehta,33
0022301145,2023,0,2024-04-09,PHI,DET,120.0,102.0,3,560,203,Aaron Smith|James Capers|Scott Wall,34
0022301146,2023,0,2024-04-09,TOR,IND,123.0,140.0,3,595,208,Courtney Kirkland|Dannica Mosher|Dedric Taylor,39
0022301147,2023,0,2024-04-09,ATL,MIA,111.0,117.0,4,582,223,Karl Lane|Matt Boland|Sean Wright,38
0022301148,2023,0,2024-04-09,MIL,BOS,104.0,91.0,3,442,184,Ben Taylor|Danielle Scott|Marc Davis,10
0022301149,2023,0,2024-04-09,CHI,NYK,117.0,128.0,3,470,192,Andy Nagy|Derek Richardson|Mark Lindsay,32
0022301150,2023,0,2024-04-09,HOU,ORL,118.0,106.0,3,539,201,Brett Nansel|Brian Forte|Marat Kogut,33
0022301151,2023,0,2024-04-09,MEM,SAS,87.0,102.0,3,536,197,Curtis Blair|Robert Hussey|Tom Washington,23
0022301152,2023,0,2024-04-09,MIN,WAS,130.0,121.0,3,563,202,Jacyn Goble|John Butler|Matt Myers,35
0022301153,2023,0,2024-04-09,OKC,SAC,112.0,105.0,3,610,205,Bill Kennedy|Evan Scott|Sean Corbin,34
0022301154,2023,0,2024-04-09,UTA,DEN,95.0,111.0,3,503,190,Josh Tiven|Mousa Dagher|Natalie Sago,19
0022301155,2023,0,2024-04-09,LAL,GSW,120.0,134.0,3,551,203,Jason Goldenberg|Justin Van Duyne|Zach Zarba,28
0022301156,2023,0,2024-04-09,PHX,LAC,92.0,105.0,3,545,208,Kevin Cutler|Phenizee Ransom|Tony Brothers,34
0022301157,2023,0,2024-04-09,POR,NOP,100.0,110.0,3,511,197,Che Flores|Ed Malloy|Ray Acosta,27
0022301158,2023,0,2024-04-10,CLE,MEM,110.0,98.0,3,565,195,Brent Barnaky|Kevin Scott|Nate Green,33
0022301159,2023,0,2024-04-10,ATL,CHA,114.0,115.0,3,501,197,Jenna Schroeder|John Goble|Michael Smith,33
0022301160,2023,0,2024-04-10,BKN,TOR,106.0,102.0,3,580,192,Brandon Schwab|Eric Dalen|Karl Lane,36
0022301161,2023,0,2024-04-10,MIA,DAL,92.0,111.0,3,505,184,Brandon Adair|James Williams|Pat Fraher,26
0022301162,2023,0,2024-04-10,MIL,ORL,117.0,99.0,3,517,192,JT Orr|Matt Myers|Scott Foster,33
0022301163,2023,0,2024-04-10,OKC,SAS,127.0,89.0,3,581,228,Derek Richardson|JB DeRosa|Mitchell Ervin,29
0022301164,2023,0,2024-04-10,DEN,MIN,116.0,107.0,3,547,185,Ashley Moyer-Gleich|CJ Washington|Tony Brothers,41
0022301165,2023,0,2024-04-10,LAC,PHX,108.0,124.0,3,514,207,David Guthrie|Nick Buchert|Scott Twardoski,25
0022301166,2023,0,2024-04-11,DET,CHI,105.0,127.0,3,526,197,Ben Taylor|Courtney Kirkland|Intae Hwang,25
0022301167,2023,0,2024-04-11,BOS,NYK,109.0,118.0,3,492,195,Curtis Blair|Derrick Collins|Sean Corbin,24
0022301168,2023,0,2024-04-11,UTA,HOU,124.0,121.0,3,548,194,Andy Nagy|Che Flores|Ray Acosta,36
0022301169,2023,0,2024-04-11,POR,GSW,92.0,100.0,3,531,185,Mousa Dagher|Natalie Sago|Tyler Ford,34
0022301170,2023,0,2024-04-11,SAC,NOP,123.0,135.0,3,516,204,Nick Buchert|Phenizee Ransom|Zach Zarba,29
0022301171,2023,0,2024-04-12,PHI,ORL,125.0,113.0,3,570,210,Ed Malloy|Evan Scott|Tom Washington,40
0022301172,2023,0,2024-04-12,WAS,CHI,127.0,129.0,3,584,213,Brent Barnaky|Karl Lane|Marat Kogut,43
0022301173,2023,0,2024-04-12,BOS,CHA,131.0,98.0,3,511,202,JT Orr|Mark Lindsay|Matt Myers,31
0022301174,2023,0,2024-04-12,CLE,IND,129.0,120.0,3,535,206,Gediminas Petraitis|James Williams|Jenna Schroeder,31
0022301175,2023,0,2024-04-12,NYK,BKN,111.0,107.0,3,477,181,Brandon Adair|Brian Forte|James Capers,33
0022301176,2023,0,2024-04-12,MIA,TOR,125.0,103.0,2,489,196,JB DeRosa|Josh Tiven|Michael Smith,36
0022301177,2023,0,2024-04-12,MEM,LAL,120.0,123.0,3,563,206,Scott Twardoski|Scott Wall|Sean Wright,38
0022301178,2023,0,2024-04-12,MIN,ATL,109.0,106.0,3,576,205,Aaron Smith|Jason Goldenberg|Scott Foster,42
0022301179,2023,0,2024-04-12,OKC,MIL,125.0,107.0,3,527,204,CJ Washington|Pat Fraher|Tony Brothers,25
0022301180,2023,0,2024-04-12,SAS,DEN,121.0,120.0,3,525,200,Eric Dalen|John Goble|Jonathan Sterling,28
0022301181,2023,0,2024-04-12,DAL,DET,89.0,107.0,3,497,201,Ashley Moyer-Gleich|Derek Richardson|Marc Davis,19
0022301182,2023,0,2024-04-12,GSW,NOP,109.0,114.0,3,540,204,Brett Nansel|David Guthrie|John Butler,28
0022301183,2023,0,2024-04-12,POR,HOU,107.0,116.0,3,525,197,Kevin Cutler|Kevin Scott|Matt Kallio,34
0022301184,2023,0,2024-04-12,LAC,UTA,109.0,110.0,3,519,196,Bill Kennedy|Justin Van Duyne|Sha'Rae Mitchell,28
0022301185,2023,0,2024-04-12,SAC,PHX,107.0,108.0,3,502,190,Dedric Taylor|Mitchell Ervin|Tyler Ford,32
0022301186,2023,0,2024-04-14,BOS,WAS,132.0,122.0,3,536,212,Aaron Smith|Ed Malloy|Tom Washington,26
0022301187,2023,0,2024-04-14,CLE,CHA,110.0,120.0,3,473,194,Curtis Blair|Jason Goldenberg|Sean Corbin,19
0022301188,2023,0,2024-04-14,IND,ATL,157.0,115.0,3,535,217,Brian Forte|Derrick Collins|Tony Brothers,31
0022301189,2023,0,2024-04-14,MIA,TOR,118.0,103.0,3,524,203,Ben Taylor|Jonathan Sterling|Mark Lindsay,34
0022301190,2023,0,2024-04-14,NYK,CHI,120.0,119.0,4,575,212,JT Orr|Matt Myers|Zach Zarba,37
0022301191,2023,0,2024-04-14,ORL,MIL,113.0,88.0,3,503,192,Brent Barnaky|James Williams|Ray Acosta,35
0022301192,2023,0,2024-04-14,PHI,BKN,107.0,86.0,3,509,203,Andy Nagy|Gediminas Petraitis|Josh Tiven,28
0022301193,2023,0,2024-04-14,MEM,DEN,111.0,126.0,3,527,209,Marc Davis|Michael Smith|Phenizee Ransom,32
0022301194,2023,0,2024-04-14,MIN,PHX,106.0,125.0,3,540,188,Courtney Kirkland|Marat Kogut|Sean Wright,37
0022301195,2023,0,2024-04-14,NOP,LAL,108.0,124.0,3,545,206,Ashley Moyer-Gleich|John Goble|Pat Fraher,30
0022301196,2023,0,2024-04-14,OKC,DAL,135.0,86.0,3,556,212,Karl Lane|Natalie Sago|Scott Foster,28
0022301197,2023,0,2024-04-14,SAS,DET,123.0,95.0,3,518,204,Bill Kennedy|CJ Washington|Scott Twardoski,26
0022301198,2023,0,2024-04-14,GSW,UTA,123.0,116.0,3,517,201,Dedric Taylor|Kevin Cutler|Kevin Scott,30
0022301199,2023,0,2024-04-14,LAC,HOU,105.0,116.0,3,563,215,John Butler|Mitchell Ervin|Tyler Ford,26
0022301200,2023,0,2024-04-14,SAC,POR,121.0,82.0,3,569,202,Danielle Scott|David Guthrie|Justin Van Duyne,35
0022301201,2023,0,2023-12-05,MIL,NYK,146.0,122.0,3,556,207,Karl Lane|Natalie Sago|Zach Zarba,39
0022301202,2023,0,2023-12-04,IND,BOS,122.0,112.0,3,534,205,Justin Van Duyne|Marc Davis|Pat Fraher,29
0022301203,2023,0,2023-12-05,LAL,PHX,106.0,103.0,3,573,196,Eric Dalen|Josh Tiven|Tom Washington,38
0022301204,2023,0,2023-12-04,SAC,NOP,117.0,127.0,3,571,201,John Butler|Sean Wright|Tony Brothers,39
0022301205,2023,0,2023-12-06,CLE,ORL,121.0,111.0,3,559,205,Evan Scott|Jacyn Goble|Tyler Ford,42
0022301206,2023,0,2023-12-06,DET,MEM,102.0,116.0,3,533,204,Courtney Kirkland|Jason Goldenberg|Jenna Schroeder,20
0022301207,2023,0,2023-12-06,TOR,MIA,103.0,112.0,3,498,197,Ed Malloy|Jonathan Sterling|Sean Corbin,30
0022301208,2023,0,2023-12-06,WAS,PHI,126.0,131.0,3,511,211,David Guthrie|Michael Smith|Robert Hussey,34
0022301209,2023,0,2023-12-06,ATL,BKN,113.0,114.0,3,569,208,Dedric Taylor|Matt Myers|Mitchell Ervin,40
0022301210,2023,0,2023-12-06,MIN,SAS,102.0,94.0,3,556,201,Bill Kennedy|Brandon Adair|Brett Nansel,30
0022301211,2023,0,2023-12-06,CHI,CHA,111.0,100.0,3,572,201,Curtis Blair|John Conley|Phenizee Ransom,32
0022301212,2023,0,2023-12-06,HOU,OKC,110.0,101.0,3,606,200,Kevin Scott|Scott Twardoski|Sha'Rae Mitchell,37
0022301213,2023,0,2023-12-06,DAL,UTA,147.0,97.0,3,528,208,Andy Nagy|Brian Forte|Matt Boland,29
0022301214,2023,0,2023-12-06,GSW,POR,110.0,106.0,2,564,200,Aaron Smith|Danielle Scott|Rodney Mott,43
0022301215,2023,0,2023-12-06,LAC,DEN,111.0,102.0,3,544,194,Derek Richardson|Ray Acosta|Sean Wright,32
0022301216,2023,0,2023-12-08,CHA,TOR,119.0,116.0,3,505,199,Brandon Schwab|Brent Barnaky|Courtney Kirkland,34
0022301217,2023,0,2023-12-08,ORL,DET,123.0,91.0,3,512,201,Dannica Mosher|Ed Malloy|Lauren Holtkamp,33
0022301218,2023,0,2023-12-08,PHI,ATL,125.0,114.0,3,573,201,Marc Davis|Nate Green|Nick Buchert,35
0022301219,2023,0,2023-12-08,BKN,WAS,124.0,97.0,3,567,202,Intae Hwang|Jacyn Goble|Zach Zarba,33
0022301220,2023,0,2023-12-08,MIA,CLE,99.0,111.0,3,559,204,Karl Lane|Matt Myers|Tom Washington,35
0022301221,2023,0,2023-12-08,MEM,MIN,103.0,127.0,3,539,191,CJ Washington|Marat Kogut|Pat Fraher,36
0022301222,2023,0,2023-12-08,OKC,GSW,138.0,136.0,4,688,232,Curtis Blair|Matt Kallio|Ray Acosta,40
0022301223,2023,0,2023-12-08,SAS,CHI,112.0,121.0,3,560,193,Brian Forte|Danielle Scott|Tre Maddox,37
0022301224,2023,0,2023-12-08,DEN,HOU,106.0,114.0,2,588,195,Aaron Smith|JT Orr|Rodney Mott,42
0022301225,2023,0,2023-12-08,UTA,LAC,103.0,117.0,3,533,199,Che Flores|Kevin Scott|Scott Twardoski,33
0022301226,2023,0,2023-12-08,POR,DAL,112.0,125.0,3,575,207,Bill Kennedy|Justin Van Duyne|Suyash Mehta,40
0022301227,2023,0,2023-12-08,BOS,NYK,133.0,123.0,3,532,200,Jason Goldenberg|Mark Lindsay|Sean Corbin,38
0022301228,2023,0,2023-12-08,PHX,SAC,106.0,114.0,3,550,197,Ben Taylor|Derrick Collins|Natalie Sago,37
0022301229,2023,0,2023-12-07,MIL,IND,119.0,128.0,3,581,213,Gediminas Petraitis|JB DeRosa|James Williams,37
0022301230,2023,0,2023-12-07,LAL,NOP,133.0,89.0,3,544,208,Ashley Moyer-Gleich|Kevin Cutler|Scott Foster,33
