game_id,year,postseason,date,home,away,home_score,away_score,period_splits,raw_events,possessions,crew,foul_drawn_ids
0022000001,2020,0,2020-12-22,BKN,GSW,125.0,99.0,3,610,224,Nick Buchert|Scott Twardoski|Zach Zarba,38
0022000002,2020,0,2020-12-22,LAL,LAC,109.0,116.0,3,602,211,Eric Dalen|Kane Fitzgerald|Michael Smith,40
0022000003,2020,0,2020-12-23,BOS,MIL,122.0,121.0,3,582,202,Jason Goldenberg|Josh Tiven|Nick Buchert,31
0022000004,2020,0,2020-12-23,PHX,DAL,106.0,102.0,3,571,206,Eric Dalen|Kane Fitzgerald|Michael Smith,43
0022000005,2020,0,2020-12-25,MIA,NOP,111.0,98.0,3,568,194,Brent Barnaky|James Williams|John Goble,41
0022000006,2020,0,2020-12-25,MIL,GSW,138.0,99.0,3,606,221,JT Orr|Marc Davis|Mark Ayotte,33
0022000007,2020,0,2020-12-25,BOS,BKN,95.0,123.0,3,610,197,Curtis Blair|Josh Tiven|Mitchell Ervin,44
0022000008,2020,0,2020-12-25,LAL,DAL,138.0,115.0,3,572,207,Brandon Adair|Kevin Cutler|Scott Foster,44
0022000009,2020,0,2020-12-25,DEN,LAC,108.0,121.0,3,588,194,Derrick Collins|Justin Van Duyne|Kane Fitzgerald,46
0022000010,2020,0,2020-12-23,CLE,CHA,121.0,114.0,3,577,204,Andy Nagy|David Guthrie|JB DeRosa,34
0022000011,2020,0,2020-12-23,IND,NYK,121.0,107.0,3,580,214,Curtis Blair|Natalie Sago|Scott Twardoski,43
0022000012,2020,0,2020-12-23,ORL,MIA,113.0,107.0,3,576,215,Brandon Schwab|Eric Lewis|Scott Wall,37
0022000013,2020,0,2020-12-23,PHI,WAS,113.0,107.0,3,590,218,Evan Scott|James Williams|Mitchell Ervin,41
0022000014,2020,0,2020-12-23,TOR,NOP,99.0,113.0,3,573,210,Brent Barnaky|Dannica Mosher|John Goble,28
0022000015,2020,0,2020-12-23,CHI,ATL,104.0,124.0,3,599,216,Marat Kogut|Marc Davis|Simone Jelks,42
0022000016,2020,0,2020-12-23,HOU,OKC,112.0,114.0,2,539,203,CJ Washington|JT Orr|Scott Foster,37
0022000017,2020,0,2020-12-23,MEM,SAS,119.0,131.0,3,574,220,Jacyn Goble|James Capers|Robert Hussey,36
0022000018,2020,0,2020-12-23,MIN,DET,111.0,101.0,3,547,203,Justin Van Duyne|Mark Ayotte|Tyler Ford,31
0022000019,2020,0,2020-12-23,DEN,SAC,122.0,124.0,4,653,229,Derrick Collins|John Butler|Tony Brown,46
0022000020,2020,0,2020-12-23,POR,UTA,100.0,120.0,3,555,201,Bill Spooner|Ken Mauer|Mousa Dagher,32
0022000021,2020,0,2020-12-26,MEM,ATL,112.0,122.0,3,634,212,James Capers|Michael Smith|Robert Hussey,42
0022000022,2020,0,2020-12-26,CHA,OKC,107.0,109.0,3,645,213,Dannica Mosher|David Guthrie|Gediminas Petraitis,41
0022000023,2020,0,2020-12-26,DET,CLE,119.0,128.0,5,700,251,Ashley Moyer-Gleich|Brian Forte|Courtney Kirkland,40
0022000024,2020,0,2020-12-26,WAS,ORL,120.0,130.0,3,603,221,Ben Taylor|Evan Scott|Rodney Mott,41
0022000025,2020,0,2020-12-26,NYK,PHI,89.0,109.0,3,566,190,John Conley|Scott Wall|Zach Zarba,41
0022000026,2020,0,2020-12-26,CHI,IND,106.0,125.0,2,597,216,Andy Nagy|Dedric Taylor|Tony Brothers,40
0022000027,2020,0,2020-12-26,SAS,TOR,119.0,114.0,3,593,212,CJ Washington|Eric Lewis|Marat Kogut,38
0022000028,2020,0,2020-12-26,UTA,MIN,111.0,116.0,3,682,210,Leon Wood|Matt Myers|Tony Brown,43
0022000029,2020,0,2020-12-26,POR,HOU,128.0,126.0,4,606,219,Bill Spooner|John Butler|Ken Mauer,39
0022000030,2020,0,2020-12-26,SAC,PHX,106.0,103.0,3,622,211,Bill Kennedy|Derek Richardson|Nick Buchert,39
0022000031,2020,0,2020-12-27,LAC,DAL,73.0,124.0,3,493,191,Derrick Collins|Marc Davis|Nate Green,33
0022000032,2020,0,2020-12-27,CHA,BKN,106.0,104.0,3,592,210,JT Orr|Jason Goldenberg|Sean Wright,33
0022000033,2020,0,2020-12-27,WAS,ORL,113.0,120.0,3,548,204,Ben Taylor|Haywoode Workman|Rodney Mott,35
0022000034,2020,0,2020-12-27,NOP,SAS,98.0,95.0,3,560,204,Aaron Smith|Curtis Blair|Jonathan Sterling,35
0022000035,2020,0,2020-12-27,CLE,PHI,118.0,94.0,3,585,202,Ed Malloy|Natalie Sago|Scott Twardoski,35
0022000036,2020,0,2020-12-27,NYK,MIL,130.0,110.0,3,606,201,Evan Scott|Scott Wall|Zach Zarba,38
0022000037,2020,0,2020-12-27,IND,BOS,108.0,107.0,3,536,206,Ashley Moyer-Gleich|Kane Fitzgerald|Mark Ayotte,35
0022000038,2020,0,2020-12-27,CHI,GSW,128.0,129.0,3,635,231,Dedric Taylor|Suyash Mehta|Tony Brothers,39
0022000039,2020,0,2020-12-27,SAC,PHX,100.0,116.0,3,563,200,Brandon Adair|Nick Buchert|Tony Brown,36
0022000040,2020,0,2020-12-27,LAL,MIN,127.0,91.0,3,601,214,Kevin Cutler|Mousa Dagher|Scott Foster,33
0022000041,2020,0,2020-12-28,ATL,DET,128.0,120.0,3,572,204,CJ Washington|Curtis Blair|Eric Lewis,42
0022000042,2020,0,2020-12-28,BKN,MEM,111.0,116.0,4,658,224,Courtney Kirkland|Gediminas Petraitis|Jenna Schroeder,32
0022000043,2020,0,2020-12-28,OKC,UTA,109.0,110.0,3,530,202,Brian Forte|James Capers|Matt Myers,30
0022000044,2020,0,2020-12-28,DEN,HOU,124.0,111.0,3,584,208,Bill Spooner|Derek Richardson|Ken Mauer,39
0022000045,2020,0,2020-12-28,LAL,POR,107.0,115.0,2,516,199,Derrick Collins|Marc Davis|Nate Green,28
0022000046,2020,0,2020-12-29,CLE,NYK,86.0,95.0,3,566,200,Ashley Moyer-Gleich|Ed Malloy|Scott Twardoski,32
0022000047,2020,0,2020-12-29,DET,GSW,106.0,116.0,3,636,200,Ben Taylor|Lauren Holtkamp|Rodney Mott,49
0022000048,2020,0,2020-12-29,IND,BOS,111.0,116.0,3,552,203,Karl Lane|Suyash Mehta|Zach Zarba,38
0022000049,2020,0,2020-12-29,PHI,TOR,100.0,93.0,3,624,211,Gediminas Petraitis|Simone Jelks|Tony Brothers,36
0022000050,2020,0,2020-12-29,WAS,CHI,107.0,115.0,3,621,218,Haywoode Workman|Kevin Scott|Mitchell Ervin,44
0022000051,2020,0,2020-12-29,MIA,MIL,97.0,144.0,3,556,208,David Guthrie|Justin Van Duyne|Marat Kogut,33
0022000052,2020,0,2020-12-29,OKC,ORL,107.0,118.0,3,560,209,Brian Forte|Jonathan Sterling|Tyler Ford,35
0022000053,2020,0,2020-12-29,PHX,NOP,111.0,86.0,2,511,187,Mark Ayotte|Mousa Dagher|Sean Wright,30
0022000054,2020,0,2020-12-29,LAC,MIN,124.0,101.0,3,541,197,Brandon Adair|Kevin Cutler|Scott Foster,32
0022000055,2020,0,2020-12-29,SAC,DEN,125.0,115.0,3,539,205,Bill Kennedy|Leon Wood|Phenizee Ransom,34
0022000056,2020,0,2020-12-30,BOS,MEM,126.0,107.0,3,586,209,Aaron Smith|Eric Lewis|Natalie Sago,33
0022000057,2020,0,2020-12-30,BKN,ATL,145.0,141.0,3,605,217,James Capers|Jason Goldenberg|Scott Wall,42
0022000058,2020,0,2020-12-30,MIA,MIL,119.0,108.0,3,614,214,David Guthrie|Marat Kogut|Matt Myers,36
0022000059,2020,0,2020-12-30,DAL,CHA,99.0,118.0,3,633,206,Ken Mauer|Matt Boland|Mousa Dagher,35
0022000060,2020,0,2020-12-30,SAS,LAL,107.0,121.0,3,534,205,Curtis Blair|Derek Richardson|Tony Brown,37
0022000061,2020,0,2020-12-30,LAC,POR,128.0,105.0,3,547,207,Nick Buchert|Phenizee Ransom|Scott Foster,39
0022000062,2020,0,2020-12-31,IND,CLE,119.0,99.0,3,589,199,Jacyn Goble|Josh Tiven|Suyash Mehta,38
0022000063,2020,0,2020-12-31,WAS,CHI,130.0,133.0,3,611,208,Simone Jelks|Tyler Ford|Zach Zarba,50
0022000064,2020,0,2020-12-31,ORL,PHI,92.0,116.0,3,547,207,Kevin Scott|Matt Myers|Scott Twardoski,31
0022000065,2020,0,2020-12-31,HOU,SAC,122.0,119.0,3,580,214,Danielle Scott|Marc Davis|Mitchell Ervin,33
0022000066,2020,0,2020-12-31,TOR,NYK,100.0,83.0,3,545,204,Ashley Moyer-Gleich|Justin Van Duyne|Rodney Mott,37
0022000067,2020,0,2020-12-31,OKC,NOP,80.0,113.0,3,559,196,Brandon Adair|John Goble|Jonathan Sterling,31
0022000068,2020,0,2020-12-31,UTA,PHX,95.0,106.0,3,528,196,Bill Kennedy|Karl Lane|Nate Green,29
0022000069,2020,0,2021-01-01,CHA,MEM,93.0,108.0,3,590,203,Aaron Smith|Ashley Moyer-Gleich|Brian Forte,26
0022000070,2020,0,2021-01-01,DET,BOS,96.0,93.0,3,564,206,James Capers|Scott Wall|Suyash Mehta,28
0022000071,2020,0,2021-01-01,DAL,MIA,93.0,83.0,3,557,198,Derek Richardson|Ken Mauer|Matt Boland,46
0022000072,2020,0,2021-01-01,BKN,ATL,96.0,114.0,3,568,201,Curtis Blair|Jenna Schroeder|Tyler Ford,33
0022000073,2020,0,2021-01-01,MIL,CHI,126.0,96.0,3,598,221,Ben Taylor|Leon Wood|Natalie Sago,36
0022000074,2020,0,2021-01-01,MIN,WAS,109.0,130.0,3,560,210,Eric Dalen|Lauren Holtkamp|Tony Brothers,36
0022000075,2020,0,2021-01-01,SAS,LAL,103.0,109.0,3,584,203,Brandon Adair|John Goble|Leroy Richardson,34
0022000076,2020,0,2021-01-01,DEN,PHX,103.0,106.0,3,535,187,James Williams|Phenizee Ransom|Sean Wright,35
0022000077,2020,0,2021-01-01,UTA,LAC,106.0,100.0,3,547,183,Bill Kennedy|Karl Lane|Mousa Dagher,32
0022000078,2020,0,2021-01-01,GSW,POR,98.0,123.0,3,605,209,Mark Ayotte|Nate Green|Scott Foster,47
0022000079,2020,0,2021-01-02,HOU,SAC,102.0,94.0,3,562,195,John Butler|Marc Davis|Mitchell Ervin,40
0022000080,2020,0,2021-01-02,IND,NYK,102.0,106.0,3,503,188,Jacyn Goble|Josh Tiven|Simone Jelks,34
0022000081,2020,0,2021-01-02,ORL,OKC,99.0,108.0,3,548,202,John Conley|Kevin Scott|Scott Twardoski,33
0022000082,2020,0,2021-01-02,PHI,CHA,127.0,112.0,3,570,209,Curtis Blair|Eric Lewis|Evan Scott,35
0022000083,2020,0,2021-01-02,ATL,CLE,91.0,96.0,3,588,193,Aaron Smith|Courtney Kirkland|Danielle Scott,35
0022000084,2020,0,2021-01-02,NOP,TOR,120.0,116.0,2,590,199,Jonathan Sterling|Leroy Richardson|Rodney Mott,42
0022000085,2020,0,2021-01-03,DET,BOS,120.0,122.0,3,537,192,Andy Nagy|James Capers|Scott Wall,34
0022000086,2020,0,2021-01-03,BKN,WAS,122.0,123.0,3,611,219,Evan Scott|Gediminas Petraitis|Josh Tiven,42
0022000087,2020,0,2021-01-03,MEM,LAL,94.0,108.0,3,578,192,Brian Forte|JB DeRosa|Lauren Holtkamp,31
0022000088,2020,0,2021-01-03,MIN,DEN,109.0,124.0,3,531,196,Eric Dalen|Natalie Sago|Tony Brothers,24
0022000089,2020,0,2021-01-03,SAS,UTA,109.0,130.0,3,578,214,Dedric Taylor|John Goble|Phenizee Ransom,33
0022000090,2020,0,2021-01-03,CHI,DAL,118.0,108.0,3,606,204,Ben Taylor|Jacyn Goble|Leon Wood,46
0022000091,2020,0,2021-01-03,PHX,LAC,107.0,112.0,3,501,189,Derek Richardson|Derrick Collins|James Williams,39
0022000092,2020,0,2021-01-03,GSW,POR,137.0,122.0,3,619,215,Bill Kennedy|Mark Ayotte|Mousa Dagher,46
0022000093,2020,0,2021-01-04,ORL,CLE,103.0,83.0,3,556,189,Gediminas Petraitis|Haywoode Workman|Sean Corbin,24
0022000094,2020,0,2021-01-04,PHI,CHA,118.0,101.0,3,568,206,Ed Malloy|Jason Goldenberg|Marat Kogut,40
0022000095,2020,0,2021-01-04,ATL,NYK,108.0,113.0,3,531,200,Brian Forte|JB DeRosa|Phenizee Ransom,37
0022000096,2020,0,2021-01-04,MIA,OKC,118.0,90.0,2,513,203,Aaron Smith|Brandon Schwab|Kane Fitzgerald,33
0022000097,2020,0,2021-01-04,TOR,BOS,114.0,126.0,3,611,212,Jenna Schroeder|Kevin Scott|Mitchell Ervin,50
0022000098,2020,0,2021-01-04,HOU,DAL,100.0,113.0,3,570,191,Dedric Taylor|John Goble|Jonathan Sterling,41
0022000099,2020,0,2021-01-04,MIL,DET,125.0,115.0,3,561,206,Ben Taylor|Matt Boland|Nate Green,31
0022000100,2020,0,2021-01-04,NOP,IND,116.0,118.0,4,609,219,Courtney Kirkland|John Butler|Tyler Ford,37
0022000101,2020,0,2021-01-04,GSW,SAC,137.0,106.0,3,596,221,Karl Lane|Leroy Richardson|Sean Wright,43
0022000102,2020,0,2021-01-05,BKN,UTA,130.0,96.0,3,549,208,Evan Scott|Leon Wood|Tony Brown,39
0022000103,2020,0,2021-01-05,MEM,LAL,92.0,94.0,3,586,194,Jacyn Goble|Jonathan Sterling|Tony Brothers,26
0022000104,2020,0,2021-01-05,DEN,MIN,123.0,116.0,3,618,212,Nick Buchert|Robert Hussey|Tre Maddox,52
0022000105,2020,0,2021-01-05,LAC,SAS,113.0,116.0,3,525,199,Danielle Scott|Mark Ayotte|Michael Smith,27
0022000106,2020,0,2021-01-05,POR,CHI,108.0,111.0,3,568,203,Derrick Collins|James Williams|Mousa Dagher,31
0022000107,2020,0,2021-01-06,IND,HOU,114.0,107.0,3,551,203,Aaron Smith|Ben Taylor|Matt Myers,40
0022000108,2020,0,2021-01-06,ORL,CLE,105.0,94.0,3,555,189,Haywoode Workman|Mitchell Ervin|Sean Corbin,35
0022000109,2020,0,2021-01-06,PHI,WAS,141.0,136.0,3,581,222,Ed Malloy|Marat Kogut|Suyash Mehta,47
0022000110,2020,0,2021-01-06,ATL,CHA,94.0,102.0,3,611,207,JB DeRosa|John Butler|Kevin Scott,37
0022000111,2020,0,2021-01-06,MIA,BOS,105.0,107.0,2,539,189,Brandon Adair|Brian Forte|Gediminas Petraitis,37
0022000112,2020,0,2021-01-06,NYK,UTA,112.0,100.0,3,514,198,Brandon Schwab|Eric Dalen|Josh Tiven,28
0022000113,2020,0,2021-01-06,MIL,DET,130.0,115.0,3,592,206,Courtney Kirkland|Matt Boland|Nate Green,40
0022000114,2020,0,2021-01-06,NOP,OKC,110.0,111.0,3,521,208,Dedric Taylor|James Capers|Jenna Schroeder,32
0022000115,2020,0,2021-01-06,PHX,TOR,123.0,115.0,3,520,196,David Guthrie|Karl Lane|Robert Hussey,39
0022000116,2020,0,2021-01-06,GSW,LAC,101.0,108.0,3,558,199,Leroy Richardson|Nick Buchert|Sean Wright,40
0022000117,2020,0,2021-01-06,SAC,CHI,128.0,124.0,3,549,200,Justin Van Duyne|Mark Ayotte|Mousa Dagher,37
0022000118,2020,0,2021-01-07,BKN,PHI,122.0,109.0,2,590,222,Aaron Smith|Leon Wood|Scott Foster,37
0022000119,2020,0,2021-01-07,MEM,CLE,90.0,94.0,3,557,189,John Butler|Mitchell Ervin|Tony Brothers,28
0022000120,2020,0,2021-01-07,DEN,DAL,117.0,124.0,4,618,219,Ashley Moyer-Gleich|John Goble|Tre Maddox,46
0022000121,2020,0,2021-01-07,LAL,SAS,109.0,118.0,3,534,200,Danielle Scott|Michael Smith|Zach Zarba,29
0022000122,2020,0,2021-01-07,POR,MIN,135.0,117.0,3,567,217,Brett Nansel|Derrick Collins|James Williams,40
0022000123,2020,0,2021-01-08,DET,PHX,110.0,105.0,3,598,218,Gediminas Petraitis|John Conley|Marc Davis,36
0022000124,2020,0,2021-01-08,BOS,WAS,116.0,107.0,3,576,212,Eric Dalen|Matt Myers|Scott Foster,38
0022000125,2020,0,2021-01-08,NYK,OKC,89.0,101.0,3,538,193,Andy Nagy|JB DeRosa|Tony Brown,35
0022000126,2020,0,2021-01-08,NOP,CHA,110.0,118.0,3,564,195,Brandon Adair|Eric Lewis|Sean Corbin,35
0022000127,2020,0,2021-01-08,HOU,ORL,132.0,90.0,3,502,196,Robert Hussey|Scott Twardoski|Sean Wright,28
0022000128,2020,0,2021-01-08,MEM,BKN,115.0,110.0,3,583,207,Jacyn Goble|Mousa Dagher|Rodney Mott,29
0022000129,2020,0,2021-01-08,MIL,UTA,118.0,131.0,3,607,209,Courtney Kirkland|Dedric Taylor|Haywoode Workman,33
0022000130,2020,0,2021-01-08,GSW,LAC,115.0,105.0,3,532,194,David Guthrie|Justin Van Duyne|Nick Buchert,29
0022000131,2020,0,2021-01-08,LAL,CHI,117.0,115.0,3,531,196,Danielle Scott|Karl Lane|Zach Zarba,35
0022000132,2020,0,2021-01-08,SAC,TOR,123.0,144.0,3,572,202,Derrick Collins|Leroy Richardson|Mark Ayotte,36
0022000133,2020,0,2021-01-09,PHI,DEN,103.0,115.0,3,534,198,Aaron Smith|Brandon Schwab|James Capers,29
0022000134,2020,0,2021-01-09,CHA,ATL,113.0,105.0,3,577,194,Jacyn Goble|Suyash Mehta|Tre Maddox,37
0022000135,2020,0,2021-01-09,IND,PHX,117.0,125.0,3,517,199,Andy Nagy|Marc Davis|Scott Wall,34
0022000136,2020,0,2021-01-09,WAS,MIA,124.0,128.0,3,593,222,JB DeRosa|John Butler|Ken Mauer,43
0022000137,2020,0,2021-01-09,MIL,CLE,100.0,90.0,3,549,190,Bill Kennedy|Dedric Taylor|Derek Richardson,31
0022000138,2020,0,2021-01-09,MIN,SAS,122.0,125.0,4,604,218,Ashley Moyer-Gleich|Eric Lewis|Matt Boland,38
0022000139,2020,0,2021-01-09,DAL,ORL,112.0,98.0,3,540,200,Brandon Adair|Brian Forte|Scott Twardoski,30
0022000140,2020,0,2021-01-09,SAC,POR,99.0,125.0,3,605,215,Brett Nansel|David Guthrie|Michael Smith,44
0022000141,2020,0,2021-01-10,DET,UTA,86.0,96.0,3,555,185,Curtis Blair|Gediminas Petraitis|Haywoode Workman,38
0022000142,2020,0,2021-01-10,LAC,CHI,130.0,127.0,3,558,206,Karl Lane|Leroy Richardson|Zach Zarba,35
0022000143,2020,0,2021-01-10,BKN,OKC,116.0,129.0,3,526,211,Jonathan Sterling|Robert Hussey|Sean Corbin,33
0022000144,2020,0,2021-01-10,NYK,DEN,89.0,114.0,3,503,184,Mousa Dagher|Natalie Sago|Tony Brown,34
0022000145,2020,0,2021-01-10,BOS,MIA,124.0,130.0,3,511,202,Eric Dalen|Scott Foster|Suyash Mehta,39
0022000146,2020,0,2021-01-10,HOU,LAL,102.0,120.0,3,620,215,Brian Forte|John Conley|Rodney Mott,38
0022000147,2020,0,2021-01-10,MIN,SAS,96.0,88.0,3,560,197,Ashley Moyer-Gleich|Courtney Kirkland|Matt Boland,30
0022000148,2020,0,2021-01-10,GSW,TOR,106.0,105.0,3,596,201,James Williams|Justin Van Duyne|Mark Ayotte,37
0022000149,2020,0,2021-01-11,CHA,NYK,109.0,88.0,3,550,184,Jason Goldenberg|Natalie Sago|Tre Maddox,33
0022000150,2020,0,2021-01-11,CLE,MEM,91.0,101.0,3,570,193,Curtis Blair|Derek Richardson|Gediminas Petraitis,35
0022000151,2020,0,2021-01-11,ORL,MIL,99.0,121.0,3,576,201,James Capers|Phenizee Ransom|Scott Wall,28
0022000152,2020,0,2021-01-11,WAS,PHX,128.0,107.0,3,562,194,Dedric Taylor|John Butler|Ken Mauer,42
0022000153,2020,0,2021-01-11,ATL,PHI,112.0,94.0,3,552,200,Bill Kennedy|Eric Dalen|John Conley,29
0022000154,2020,0,2021-01-11,DAL,NOP,125.0,107.0,3,571,205,Brett Nansel|Scott Twardoski|Sean Wright,41
0022000155,2020,0,2021-01-11,POR,TOR,112.0,111.0,3,504,197,Eric Lewis|Nick Buchert|Simone Jelks,32
0022000156,2020,0,2021-01-11,SAC,IND,127.0,122.0,3,562,210,David Guthrie|Justin Van Duyne|Michael Smith,32
0022000157,2020,0,2021-01-12,PHI,MIA,137.0,134.0,4,628,234,Haywoode Workman|JB DeRosa|Marc Davis,39
0022000158,2020,0,2021-01-12,BKN,DEN,122.0,116.0,3,519,196,Jonathan Sterling|Scott Foster|Sean Corbin,34
0022000159,2020,0,2021-01-12,CLE,UTA,87.0,117.0,3,517,193,Marat Kogut|Matt Myers|Zach Zarba,26
0022000160,2020,0,2021-01-12,CHI,BOS,121.0,99.0,3,573,199,Ashley Moyer-Gleich|Brandon Adair|Kevin Scott,34
0022000161,2020,0,2021-01-12,HOU,LAL,100.0,117.0,3,568,211,Ben Taylor|Danielle Scott|Rodney Mott,36
0022000162,2020,0,2021-01-12,OKC,SAS,102.0,112.0,2,549,204,Andy Nagy|Ed Malloy|Lauren Holtkamp,38
0022000163,2020,0,2021-01-12,GSW,IND,95.0,104.0,3,595,205,Brian Forte|James Williams|Jenna Schroeder,34
0022000164,2020,0,2021-01-13,CHA,DAL,93.0,104.0,3,617,194,Dedric Taylor|Kevin Scott|Phenizee Ransom,30
0022000165,2020,0,2021-01-13,DET,MIL,101.0,110.0,3,571,196,Derek Richardson|Marat Kogut|Zach Zarba,34
0022000166,2020,0,2021-01-13,WAS,UTA,131.0,122.0,3,611,219,Brandon Adair|John Goble|Tom Washington,47
0022000167,2020,0,2021-01-13,BOS,ORL,112.0,96.0,3,543,186,Jason Goldenberg|Ken Mauer|Natalie Sago,32
0022000168,2020,0,2021-01-13,NYK,BKN,109.0,116.0,3,525,186,Bill Kennedy|Nate Green|Tony Brothers,27
0022000169,2020,0,2021-01-13,MIN,MEM,107.0,118.0,3,603,204,Eric Dalen|Scott Wall|Tre Maddox,38
0022000170,2020,0,2021-01-13,OKC,LAL,99.0,128.0,3,541,199,Brett Nansel|Curtis Blair|Nick Buchert,32
0022000171,2020,0,2021-01-13,PHX,ATL,117.0,110.0,3,522,193,David Guthrie|Michael Smith|Mitchell Ervin,30
0022000172,2020,0,2021-01-13,LAC,NOP,111.0,106.0,3,488,187,Eric Lewis|James Williams|Leroy Richardson,34
0022000173,2020,0,2021-01-13,SAC,POR,126.0,132.0,3,550,196,Josh Tiven|Leon Wood|Simone Jelks,38
0022000174,2020,0,2021-01-14,PHI,MIA,125.0,108.0,3,529,214,Ashley Moyer-Gleich|Scott Foster|Sean Corbin,35
0022000175,2020,0,2021-01-14,TOR,CHA,111.0,108.0,3,546,198,Danielle Scott|Derrick Collins|John Goble,25
0022000176,2020,0,2021-01-14,SAS,HOU,105.0,109.0,1,543,199,Evan Scott|Marc Davis|Nick Buchert,32
0022000177,2020,0,2021-01-14,DEN,GSW,114.0,104.0,3,571,211,Ben Taylor|Ed Malloy|Justin Van Duyne,42
0022000178,2020,0,2021-01-14,POR,IND,87.0,111.0,3,542,194,Brian Forte|Jenna Schroeder|Scott Twardoski,31
0022000179,2020,0,2021-01-15,DET,WAS,120.0,91.0,3,559,212,Derek Richardson|Jason Goldenberg|Zach Zarba,34
0022000180,2020,0,2021-01-15,BOS,ORL,124.0,97.0,3,537,199,Brent Barnaky|Kevin Scott|Natalie Sago,32
0022000181,2020,0,2021-01-15,CLE,NYK,106.0,103.0,3,544,192,Eric Dalen|Ken Mauer|Phenizee Ransom,37
0022000182,2020,0,2021-01-15,MIL,DAL,112.0,109.0,3,594,201,Brandon Adair|Tom Washington|Tony Brothers,36
0022000183,2020,0,2021-01-15,MIN,MEM,135.0,139.0,3,610,209,Mousa Dagher|Scott Wall|Tre Maddox,40
0022000184,2020,0,2021-01-15,OKC,CHI,127.0,125.0,4,643,234,Brett Nansel|Marat Kogut|Rodney Mott,37
0022000185,2020,0,2021-01-15,PHX,GSW,120.0,98.0,3,520,210,Eric Lewis|Michael Smith|Mitchell Ervin,25
0022000186,2020,0,2021-01-15,UTA,ATL,116.0,92.0,2,578,206,Ed Malloy|James Williams|Justin Van Duyne,30
0022000187,2020,0,2021-01-15,LAL,NOP,112.0,95.0,3,568,193,David Guthrie|Jacyn Goble|Tyler Ford,33
0022000188,2020,0,2021-01-15,SAC,LAC,100.0,138.0,3,515,196,Josh Tiven|Leon Wood|Simone Jelks,31
0022000189,2020,0,2021-01-16,SAS,HOU,103.0,91.0,2,608,204,Dannica Mosher|Karl Lane|Marc Davis,37
0022000190,2020,0,2021-01-16,BKN,ORL,122.0,115.0,3,540,206,Bill Kennedy|Derek Richardson|Phenizee Ransom,32
0022000191,2020,0,2021-01-16,TOR,CHA,116.0,113.0,3,609,205,Derrick Collins|John Goble|Suyash Mehta,39
0022000192,2020,0,2021-01-16,MIA,DET,100.0,120.0,3,544,195,Danielle Scott|Sean Corbin|Tony Brown,41
0022000193,2020,0,2021-01-16,MEM,PHI,106.0,104.0,3,612,206,Aaron Smith|Andy Nagy|Courtney Kirkland,39
0022000194,2020,0,2021-01-16,PHX,IND,111.0,122.0,3,526,211,Ben Taylor|Eric Lewis|Matt Kallio,31
0022000195,2020,0,2021-01-16,POR,ATL,112.0,106.0,3,593,208,Brian Forte|Evan Scott|Scott Twardoski,38
0022000196,2020,0,2021-01-17,BOS,NYK,75.0,105.0,3,597,197,Brent Barnaky|Nate Green|Sean Wright,45
0022000197,2020,0,2021-01-17,WAS,CLE,119.0,110.0,3,570,197,Kevin Scott|Matt Myers|Natalie Sago,43
0022000198,2020,0,2021-01-17,DAL,CHI,101.0,117.0,3,592,213,Brett Nansel|Ed Malloy|Matt Boland,44
0022000199,2020,0,2021-01-17,OKC,PHI,93.0,117.0,3,535,203,Jason Goldenberg|Marat Kogut|Rodney Mott,34
0022000200,2020,0,2021-01-17,DEN,UTA,105.0,109.0,3,574,189,Leon Wood|Simone Jelks|Tony Brothers,42
0022000201,2020,0,2021-01-17,SAC,NOP,123.0,128.0,3,551,204,Brian Forte|Jenna Schroeder|Mitchell Ervin,35
0022000202,2020,0,2021-01-17,LAC,IND,129.0,96.0,3,558,209,Jacyn Goble|Josh Tiven|Tyler Ford,35
0022000203,2020,0,2021-01-18,NYK,ORL,91.0,84.0,3,569,195,Brent Barnaky|Matt Myers|Sean Wright,38
0022000204,2020,0,2021-01-18,WAS,CLE,120.0,105.0,3,575,203,Courtney Kirkland|Nate Green|Sean Corbin,39
0022000205,2020,0,2021-01-18,ATL,MIN,108.0,97.0,3,605,212,Ed Malloy|Karl Lane|Suyash Mehta,34
0022000206,2020,0,2021-01-18,MIA,DET,113.0,107.0,3,560,194,Natalie Sago|Tom Washington|Tony Brown,45
0022000207,2020,0,2021-01-18,POR,SAS,104.0,125.0,3,535,197,Ben Taylor|James Capers|Matt Kallio,28
0022000208,2020,0,2021-01-18,MEM,PHX,108.0,104.0,3,594,198,Ken Mauer|Matt Boland|Michael Smith,33
0022000209,2020,0,2021-01-18,BKN,MIL,125.0,123.0,3,558,213,Derrick Collins|JB DeRosa|Marc Davis,32
0022000210,2020,0,2021-01-18,TOR,DAL,116.0,93.0,3,588,202,Aaron Smith|CJ Washington|Kevin Scott,36
0022000211,2020,0,2021-01-18,CHI,HOU,125.0,120.0,3,558,216,Bill Kennedy|Brandon Adair|Scott Wall,33
0022000212,2020,0,2021-01-18,LAL,GSW,113.0,115.0,3,565,206,Gediminas Petraitis|Jacyn Goble|Josh Tiven,43
0022000213,2020,0,2021-01-19,DEN,OKC,119.0,101.0,3,575,209,Jason Goldenberg|Leon Wood|Tony Brothers,32
0022000214,2020,0,2021-01-19,UTA,NOP,118.0,102.0,3,542,197,Eric Lewis|Evan Scott|Tyler Ford,29
0022000215,2020,0,2021-01-20,CHA,WAS,119.0,97.0,3,610,205,Dannica Mosher|Matt Boland|Tony Brown,39
0022000216,2020,0,2021-01-20,CLE,BKN,147.0,135.0,4,659,241,Aaron Smith|Sean Wright|Suyash Mehta,41
0022000217,2020,0,2021-01-20,IND,DAL,112.0,124.0,3,562,205,Bill Kennedy|JB DeRosa|Tom Washington,34
0022000218,2020,0,2021-01-20,PHI,BOS,117.0,109.0,3,571,196,Courtney Kirkland|Derek Richardson|Derrick Collins,45
0022000219,2020,0,2021-01-20,ATL,DET,123.0,115.0,4,632,217,CJ Washington|Kevin Cutler|Zach Zarba,42
0022000220,2020,0,2021-01-20,TOR,MIA,102.0,111.0,3,525,193,Karl Lane|Kevin Scott|Ray Acosta,34
0022000221,2020,0,2021-01-20,MIN,ORL,96.0,97.0,2,579,194,John Conley|Ken Mauer|Marat Kogut,33
0022000222,2020,0,2021-01-20,HOU,PHX,103.0,109.0,3,587,211,Josh Tiven|Leroy Richardson|Nick Buchert,35
0022000223,2020,0,2021-01-20,GSW,SAS,121.0,99.0,3,575,209,Ben Taylor|Dedric Taylor|Mitchell Ervin,35
0022000224,2020,0,2021-01-20,LAC,SAC,115.0,96.0,3,542,209,Curtis Blair|Danielle Scott|Gediminas Petraitis,28
0022000225,2020,0,2021-01-20,POR,MEM,128.0,130.0,3,582,213,Jacyn Goble|James Capers|Matt Kallio,39
0022000226,2020,0,2021-01-21,MIL,LAL,106.0,113.0,3,541,203,Eric Dalen|James Williams|Scott Foster,26
0022000227,2020,0,2021-01-21,UTA,NOP,129.0,118.0,1,581,208,Evan Scott|Tony Brown|Tyler Ford,40
0022000228,2020,0,2021-01-21,GSW,NYK,104.0,119.0,3,621,202,Ben Taylor|Dedric Taylor|John Butler,53
0022000229,2020,0,2021-01-22,CHA,CHI,110.0,123.0,3,558,206,Dannica Mosher|Michael Smith|Tom Washington,29
0022000230,2020,0,2021-01-22,DET,HOU,102.0,103.0,3,609,203,Bill Kennedy|Brandon Schwab|Marat Kogut,40
0022000231,2020,0,2021-01-22,IND,ORL,120.0,118.0,4,583,208,Matt Boland|Sean Corbin|Suyash Mehta,31
0022000232,2020,0,2021-01-22,CLE,BKN,125.0,113.0,3,572,202,CJ Washington|Scott Twardoski|Sean Wright,36
0022000233,2020,0,2021-01-22,PHI,BOS,122.0,110.0,3,561,200,David Guthrie|Derrick Collins|Leroy Richardson,39
0022000234,2020,0,2021-01-22,TOR,MIA,101.0,81.0,3,530,194,Courtney Kirkland|Kevin Cutler|Ray Acosta,23
0022000235,2020,0,2021-01-22,MIL,WAS,135.0,134.0,3,639,216,Brent Barnaky|James Williams|Robert Hussey,47
0022000236,2020,0,2021-01-22,MIN,ATL,98.0,116.0,3,588,201,Aaron Smith|Andy Nagy|Ken Mauer,34
0022000237,2020,0,2021-01-22,SAS,DAL,117.0,122.0,3,563,205,Derek Richardson|John Conley|Josh Tiven,36
0022000238,2020,0,2021-01-22,PHX,DEN,126.0,130.0,2,555,216,Danielle Scott|Gediminas Petraitis|James Capers,36
0022000239,2020,0,2021-01-22,LAC,OKC,120.0,106.0,3,521,199,Eric Lewis|Justin Van Duyne|Matt Kallio,38
0022000240,2020,0,2021-01-22,POR,MEM,113.0,120.0,3,622,217,Jason Goldenberg|Mitchell Ervin|Tony Brothers,43
0022000241,2020,0,2021-01-22,SAC,NYK,103.0,94.0,3,571,192,Jacyn Goble|John Butler|Tre Maddox,42
0022000242,2020,0,2021-01-23,UTA,GSW,127.0,108.0,3,560,210,Eric Dalen|Leon Wood|Tony Brown,34
0022000243,2020,0,2021-01-23,DET,PHI,110.0,114.0,3,608,211,Bill Kennedy|Brandon Schwab|Marat Kogut,46
0022000244,2020,0,2021-01-23,BKN,MIA,128.0,124.0,3,575,212,JB DeRosa|Kane Fitzgerald|Nate Green,44
0022000245,2020,0,2021-01-23,CHI,LAL,90.0,101.0,3,564,210,Brent Barnaky|Rodney Mott|Simone Jelks,38
0022000246,2020,0,2021-01-23,MIN,NOP,120.0,110.0,2,603,219,Aaron Smith|Andy Nagy|Zach Zarba,43
0022000247,2020,0,2021-01-23,DAL,HOU,108.0,133.0,3,583,204,Curtis Blair|Mousa Dagher|Tyler Ford,44
0022000248,2020,0,2021-01-23,PHX,DEN,112.0,120.0,4,654,232,Danielle Scott|Dedric Taylor|Scott Foster,44
0022000249,2020,0,2021-01-24,IND,TOR,102.0,107.0,3,603,201,Matt Boland|Robert Hussey|Sean Corbin,36
0022000250,2020,0,2021-01-24,BOS,CLE,141.0,103.0,3,612,218,Leroy Richardson|Mark Ayotte|Scott Wall,45
0022000251,2020,0,2021-01-24,LAC,OKC,108.0,100.0,3,545,200,James Capers|John Butler|Justin Van Duyne,27
0022000252,2020,0,2021-01-24,ORL,CHA,104.0,107.0,3,555,194,Courtney Kirkland|Jenna Schroeder|Michael Smith,31
0022000253,2020,0,2021-01-24,SAS,WAS,121.0,101.0,3,546,207,Dannica Mosher|Derek Richardson|Josh Tiven,26
0022000254,2020,0,2021-01-24,MIL,ATL,129.0,115.0,3,544,198,Ben Taylor|Brett Nansel|Ray Acosta,35
0022000255,2020,0,2021-01-24,MEM,SAC,116.0,110.0,3,562,196,Brandon Adair|Brian Forte|Nate Green,29
0022000256,2020,0,2021-01-24,POR,NYK,116.0,113.0,3,526,195,Gediminas Petraitis|Jason Goldenberg|Tony Brothers,35
0022000257,2020,0,2021-01-25,DET,PHI,119.0,104.0,3,580,194,Andy Nagy|JB DeRosa|Rodney Mott,42
0022000258,2020,0,2021-01-25,IND,TOR,129.0,114.0,3,597,205,CJ Washington|Dedric Taylor|Kane Fitzgerald,48
0022000259,2020,0,2021-01-25,ORL,CHA,117.0,108.0,3,584,207,Jenna Schroeder|Natalie Sago|Sean Wright,35
0022000260,2020,0,2021-01-25,BKN,MIA,98.0,85.0,2,541,191,David Guthrie|Marat Kogut|Nate Green,37
0022000261,2020,0,2021-01-25,CLE,LAL,108.0,115.0,2,575,197,Matt Myers|Tre Maddox|Tyler Ford,42
0022000262,2020,0,2021-01-25,CHI,BOS,103.0,119.0,3,535,203,Brent Barnaky|Brett Nansel|Curtis Blair,28
0022000263,2020,0,2021-05-14,MEM,SAC,107.0,106.0,3,566,210,Ben Taylor|Ken Mauer|Simone Jelks,41
0022000264,2020,0,2021-01-25,NOP,SAS,108.0,110.0,3,624,216,Eric Dalen|James Williams|Mousa Dagher,41
0022000265,2020,0,2021-01-25,DAL,DEN,113.0,117.0,3,538,197,Aaron Smith|Haywoode Workman|Zach Zarba,40
0022000266,2020,0,2021-01-25,GSW,MIN,130.0,108.0,3,634,211,Leon Wood|Scott Foster|Scott Twardoski,42
0022000267,2020,0,2021-01-25,POR,OKC,122.0,125.0,3,564,203,Brandon Schwab|Ed Malloy|Gediminas Petraitis,41
0022000268,2020,0,2021-01-26,ATL,LAC,108.0,99.0,3,556,196,John Goble|Scott Wall|Sean Corbin,35
0022000269,2020,0,2021-01-26,HOU,WAS,107.0,88.0,3,597,209,James Capers|Michael Smith|Robert Hussey,36
0022000270,2020,0,2021-01-26,UTA,NYK,108.0,94.0,3,561,185,Brian Forte|Derek Richardson|Marc Davis,33
0022000271,2020,0,2021-01-27,CHA,IND,106.0,116.0,3,520,194,Brett Nansel|JB DeRosa|Mark Ayotte,29
0022000272,2020,0,2021-01-27,CLE,DET,122.0,107.0,3,584,208,Haywoode Workman|James Williams|Matt Boland,41
0022000273,2020,0,2021-01-27,ORL,SAC,107.0,121.0,3,594,198,Kane Fitzgerald|Mousa Dagher|Natalie Sago,37
0022000274,2020,0,2021-01-27,ATL,BKN,128.0,132.0,4,593,211,John Conley|John Goble|Marat Kogut,40
0022000275,2020,0,2021-01-27,MIA,DEN,82.0,109.0,3,500,192,Dedric Taylor|Jenna Schroeder|Zach Zarba,24
0022000276,2020,0,2021-01-27,PHI,LAL,107.0,106.0,2,564,191,David Guthrie|Mitchell Ervin|Ray Acosta,41
0022000277,2020,0,2021-01-27,TOR,MIL,108.0,115.0,3,589,201,Evan Scott|Karl Lane|Rodney Mott,29
0022000278,2020,0,2021-04-12,MEM,CHI,101.0,90.0,3,549,202,Kevin Cutler|Mitchell Ervin|Nate Green,28
0022000279,2020,0,2021-01-27,NOP,WAS,124.0,106.0,2,554,198,Brandon Adair|CJ Washington|Curtis Blair,35
0022000280,2020,0,2021-01-27,SAS,BOS,110.0,106.0,3,547,201,Aaron Smith|Kevin Scott|Nate Green,27
0022000281,2020,0,2021-01-27,PHX,OKC,97.0,102.0,3,548,202,Brandon Schwab|Ed Malloy|Leon Wood,30
0022000282,2020,0,2021-01-27,UTA,DAL,116.0,104.0,2,548,193,Gediminas Petraitis|Marc Davis|Phenizee Ransom,26
0022000283,2020,0,2021-01-27,GSW,MIN,123.0,111.0,3,615,216,Justin Van Duyne|Scott Foster|Scott Twardoski,42
0022000284,2020,0,2021-01-28,DET,LAL,107.0,92.0,3,521,185,Brian Forte|Eric Dalen|Robert Hussey,30
0022000285,2020,0,2021-01-28,MIA,LAC,105.0,109.0,3,554,199,Brent Barnaky|Jenna Schroeder|Zach Zarba,35
0022000286,2020,0,2021-01-28,PHX,GSW,114.0,93.0,3,546,209,Derek Richardson|Ed Malloy|Kevin Cutler,29
0022000287,2020,0,2021-01-28,HOU,POR,104.0,101.0,3,537,199,James Capers|Scott Wall|Sean Corbin,24
0022000288,2020,0,2021-01-29,CHA,IND,108.0,105.0,3,524,199,David Guthrie|Haywoode Workman|Karl Lane,23
0022000289,2020,0,2021-01-29,ORL,LAC,90.0,116.0,3,543,200,Aaron Smith|James Williams|Simone Jelks,26
0022000290,2020,0,2021-01-29,WAS,ATL,100.0,116.0,2,654,203,Brett Nansel|Jacyn Goble|Mark Ayotte,49
0022000291,2020,0,2021-01-29,NYK,CLE,102.0,81.0,3,527,183,Bill Kennedy|Evan Scott|Ray Acosta,38
0022000292,2020,0,2021-01-29,TOR,SAC,124.0,126.0,3,601,205,Mitchell Ervin|Natalie Sago|Rodney Mott,46
0022000293,2020,0,2021-01-29,NOP,MIL,131.0,126.0,3,578,212,Marc Davis|Michael Smith|Nate Green,34
0022000294,2020,0,2021-01-29,MIN,PHI,94.0,118.0,2,562,205,Brandon Adair|Curtis Blair|Suyash Mehta,43
0022000295,2020,0,2021-01-29,OKC,BKN,125.0,147.0,3,565,213,Andy Nagy|Dedric Taylor|Tony Brown,36
0022000296,2020,0,2021-01-29,SAS,DEN,119.0,109.0,3,508,196,JB DeRosa|Justin Van Duyne|Kevin Scott,31
0022000297,2020,0,2021-01-29,UTA,DAL,120.0,101.0,2,586,197,Phenizee Ransom|Scott Foster|Tom Washington,44
0022000298,2020,0,2021-01-30,CHI,POR,122.0,123.0,3,504,192,Dannica Mosher|Eric Dalen|John Goble,29
0022000299,2020,0,2021-01-30,CHA,MIL,126.0,114.0,3,590,203,David Guthrie|Karl Lane|Sean Corbin,37
0022000300,2020,0,2021-01-30,NOP,HOU,112.0,126.0,2,578,215,Marc Davis|Matt Boland|Nate Green,34
0022000301,2020,0,2021-01-30,MIA,SAC,105.0,104.0,2,536,190,Brent Barnaky|Robert Hussey|Tony Brothers,31
0022000302,2020,0,2021-01-30,BOS,LAL,95.0,96.0,3,513,187,Brian Forte|Jason Goldenberg|Josh Tiven,29
0022000303,2020,0,2021-01-30,DAL,PHX,105.0,111.0,3,540,196,Ben Taylor|James Capers|John Conley,39
0022000304,2020,0,2021-01-30,SAS,MEM,112.0,129.0,3,566,200,Courtney Kirkland|JB DeRosa|Justin Van Duyne,35
0022000305,2020,0,2021-01-30,GSW,DET,118.0,91.0,3,524,198,Brandon Schwab|Ed Malloy|Kevin Cutler,30
0022000306,2020,0,2021-01-31,DEN,UTA,128.0,117.0,3,559,200,Brett Nansel|Derrick Collins|Tony Brown,46
0022000307,2020,0,2021-01-31,IND,PHI,110.0,119.0,3,584,202,Michael Smith|Phenizee Ransom|Ray Acosta,41
0022000308,2020,0,2021-01-31,NYK,LAC,115.0,129.0,2,512,186,Bill Kennedy|CJ Washington|Scott Wall,32
0022000309,2020,0,2021-01-31,TOR,ORL,115.0,102.0,3,575,196,Dedric Taylor|Matt Kallio|Zach Zarba,39
0022000310,2020,0,2021-01-31,WAS,BKN,149.0,146.0,3,609,228,Evan Scott|Gediminas Petraitis|Jacyn Goble,44
0022000311,2020,0,2021-01-31,MIN,CLE,109.0,104.0,2,541,203,Curtis Blair|John Butler|Rodney Mott,33
0022000312,2020,0,2021-02-01,CLE,MIN,100.0,98.0,3,577,196,Brian Forte|Dannica Mosher|Josh Tiven,31
0022000313,2020,0,2021-02-01,ATL,LAL,99.0,107.0,3,531,190,David Guthrie|Mitchell Ervin|Mousa Dagher,38
0022000314,2020,0,2021-02-01,MIA,CHA,121.0,129.0,4,650,216,James Williams|Simone Jelks|Tony Brothers,43
0022000315,2020,0,2021-02-01,CHI,NYK,110.0,102.0,3,544,197,Eric Dalen|Jason Goldenberg|John Goble,36
0022000316,2020,0,2021-02-01,MIL,POR,134.0,106.0,3,541,211,Danielle Scott|Karl Lane|Kevin Scott,20
0022000317,2020,0,2021-02-01,NOP,SAC,109.0,118.0,3,596,206,James Capers|John Conley|Matt Boland,36
0022000318,2020,0,2021-02-01,OKC,HOU,106.0,136.0,3,555,213,Andy Nagy|Kevin Cutler|Mark Ayotte,28
0022000319,2020,0,2021-02-01,DAL,PHX,108.0,109.0,3,557,201,Courtney Kirkland|Leroy Richardson|Sean Corbin,35
0022000320,2020,0,2021-02-01,SAS,MEM,102.0,133.0,3,586,204,Brandon Schwab|Marat Kogut|Marc Davis,29
0022000321,2020,0,2021-02-01,DEN,DET,134.0,119.0,3,478,195,Brett Nansel|Justin Van Duyne|Tom Washington,31
0022000322,2020,0,2021-02-02,IND,MEM,134.0,116.0,3,589,210,Ben Taylor|Evan Scott|Rodney Mott,38
0022000323,2020,0,2021-02-02,ORL,TOR,108.0,123.0,3,554,200,Gediminas Petraitis|Matt Kallio|Michael Smith,36
0022000324,2020,0,2021-02-02,BKN,LAC,124.0,120.0,3,536,202,Bill Kennedy|Brandon Adair|Jacyn Goble,31
0022000325,2020,0,2021-02-02,UTA,DET,117.0,105.0,3,553,201,Ed Malloy|John Butler|Leon Wood,35
0022000326,2020,0,2021-02-02,GSW,BOS,107.0,111.0,3,574,198,Derrick Collins|JB DeRosa|Tony Brown,41
0022000327,2020,0,2021-02-03,CHA,PHI,111.0,118.0,3,573,206,Brandon Schwab|Eric Dalen|Tony Brothers,39
0022000328,2020,0,2021-02-03,CLE,LAC,99.0,121.0,3,518,192,Brian Forte|Dannica Mosher|Josh Tiven,32
0022000329,2020,0,2021-02-03,MIL,IND,130.0,110.0,3,546,215,Andy Nagy|James Capers|Karl Lane,24
0022000330,2020,0,2021-02-03,ATL,DAL,116.0,122.0,3,583,203,Bennie Adams|David Guthrie|Lauren Holtkamp,35
0022000331,2020,0,2021-02-03,MIA,WAS,100.0,103.0,3,546,197,Eric Lewis|Matt Boland|Simone Jelks,34
0022000332,2020,0,2021-02-03,CHI,NYK,103.0,107.0,3,519,199,Kevin Scott|Leroy Richardson|Mitchell Ervin,30
0022000333,2020,0,2021-02-03,OKC,HOU,104.0,87.0,2,543,218,Courtney Kirkland|Danielle Scott|Kevin Cutler,27
0022000334,2020,0,2021-02-03,SAS,MIN,111.0,108.0,3,562,203,John Conley|Jonathan Sterling|Marc Davis,32
0022000335,2020,0,2021-02-03,NOP,PHX,123.0,101.0,2,549,189,Jason Goldenberg|John Goble|Tom Washington,34
0022000336,2020,0,2021-02-03,SAC,BOS,116.0,111.0,3,565,205,Derrick Collins|Justin Van Duyne|Mark Ayotte,40
0022000337,2020,0,2021-02-04,PHI,POR,105.0,121.0,3,546,203,Dedric Taylor|Mousa Dagher|Tre Maddox,28
0022000338,2020,0,2021-02-04,ATL,UTA,91.0,112.0,3,567,196,Bill Kennedy|James Williams|Jenna Schroeder,34
0022000339,2020,0,2021-02-04,DAL,GSW,116.0,147.0,3,557,206,Gediminas Petraitis|Ken Mauer|Suyash Mehta,40
0022000340,2020,0,2021-02-04,MEM,HOU,103.0,115.0,3,557,198,Ben Taylor|John Butler|Rodney Mott,34
0022000341,2020,0,2021-02-04,LAL,DEN,114.0,93.0,3,565,195,JB DeRosa|Marat Kogut|Tony Brown,37
0022000342,2020,0,2021-02-05,CHA,UTA,121.0,138.0,3,563,208,Brandon Schwab|Kevin Scott|Tom Washington,33
0022000343,2020,0,2021-02-05,IND,NOP,113.0,114.0,2,543,194,John Conley|Leon Wood|Scott Foster,29
0022000344,2020,0,2021-02-05,ORL,CHI,123.0,119.0,3,566,205,Eric Lewis|Evan Scott|Jacyn Goble,42
0022000345,2020,0,2021-02-05,BKN,TOR,117.0,123.0,3,562,201,Josh Tiven|Karl Lane|Natalie Sago,37
0022000346,2020,0,2021-02-05,CLE,MIL,105.0,123.0,3,598,208,Bennie Adams|Kevin Cutler|Tony Brothers,33
0022000347,2020,0,2021-02-05,MIA,WAS,122.0,95.0,2,567,202,Ashley Moyer-Gleich|Brian Forte|Lauren Holtkamp,33
0022000348,2020,0,2021-02-05,OKC,MIN,103.0,106.0,3,540,202,Aaron Smith|Dannica Mosher|John Goble,22
0022000349,2020,0,2021-02-05,PHX,DET,109.0,92.0,3,585,197,Courtney Kirkland|Matt Myers|Ray Acosta,34
0022000350,2020,0,2021-02-05,LAC,BOS,115.0,119.0,3,546,192,Derrick Collins|Justin Van Duyne|Kane Fitzgerald,31
0022000351,2020,0,2021-02-06,NYK,POR,110.0,99.0,3,532,191,Eric Dalen|Phenizee Ransom|Sean Corbin,31
0022000352,2020,0,2021-02-06,SAC,DEN,119.0,114.0,3,545,198,Ken Mauer|Matt Kallio|Scott Wall,28
0022000353,2020,0,2021-02-06,ORL,CHI,92.0,118.0,3,547,194,Evan Scott|Jacyn Goble|Marc Davis,19
0022000354,2020,0,2021-02-06,PHI,BKN,124.0,108.0,3,536,206,Karl Lane|Nate Green|Tre Maddox,26
0022000355,2020,0,2021-02-06,NOP,MEM,118.0,109.0,3,540,197,Bill Kennedy|Brent Barnaky|Robert Hussey,29
0022000356,2020,0,2021-02-06,ATL,TOR,132.0,121.0,3,582,204,Dedric Taylor|James Williams|Jenna Schroeder,48
0022000357,2020,0,2021-02-06,CLE,MIL,99.0,124.0,3,559,199,Andy Nagy|Ben Taylor|Kevin Cutler,37
0022000358,2020,0,2021-02-06,HOU,SAS,106.0,111.0,3,590,206,David Guthrie|Mitchell Ervin|Suyash Mehta,41
0022000359,2020,0,2021-02-06,OKC,MIN,120.0,118.0,3,561,206,Aaron Smith|John Butler|John Goble,32
0022000360,2020,0,2021-02-06,DAL,GSW,134.0,132.0,3,579,214,Gediminas Petraitis|Jason Goldenberg|Zach Zarba,39
0022000361,2020,0,2021-02-06,LAL,DET,135.0,129.0,5,627,235,Jonathan Sterling|Marat Kogut|Tony Brown,47
0022000362,2020,0,2021-04-18,CHA,POR,109.0,101.0,3,572,193,Dedric Taylor|Haywoode Workman|John Goble,37
0022000363,2020,0,2021-02-07,IND,UTA,95.0,103.0,3,566,196,Bennie Adams|Leon Wood|Scott Foster,37
0022000364,2020,0,2021-02-07,NYK,MIA,103.0,109.0,3,519,190,Curtis Blair|Natalie Sago|Tony Brothers,34
0022000365,2020,0,2021-02-07,PHX,BOS,100.0,91.0,3,494,176,Courtney Kirkland|Matt Myers|Ray Acosta,25
0022000366,2020,0,2021-02-07,LAC,SAC,110.0,113.0,2,560,207,Danielle Scott|Derrick Collins|Kane Fitzgerald,32
0022000367,2020,0,2021-02-08,CHA,HOU,119.0,94.0,3,548,197,Brent Barnaky|Marc Davis|Nate Green,29
0022000368,2020,0,2021-02-08,CHI,WAS,101.0,105.0,3,584,206,Andy Nagy|Ben Taylor|Tre Maddox,40
0022000369,2020,0,2021-02-08,MEM,TOR,113.0,128.0,3,545,194,Brett Nansel|Josh Tiven|Kevin Cutler,38
0022000370,2020,0,2021-02-08,DAL,MIN,127.0,122.0,3,606,210,Ed Malloy|Jason Goldenberg|Karl Lane,45
0022000371,2020,0,2021-02-08,SAS,GSW,105.0,100.0,3,563,209,Bill Kennedy|Jenna Schroeder|Mitchell Ervin,30
0022000372,2020,0,2021-02-08,PHX,CLE,119.0,113.0,3,544,191,Eric Lewis|Jonathan Sterling|Marat Kogut,37
0022000373,2020,0,2021-02-08,DEN,MIL,112.0,125.0,3,555,197,Danielle Scott|Gediminas Petraitis|Sean Wright,33
0022000374,2020,0,2021-02-08,LAL,OKC,119.0,112.0,3,637,226,Kane Fitzgerald|Matt Myers|Scott Wall,38
0022000375,2020,0,2021-02-09,DET,BKN,122.0,111.0,3,534,193,Leon Wood|Robert Hussey|Sean Corbin,34
0022000376,2020,0,2021-02-09,MIA,NYK,98.0,96.0,3,542,186,Evan Scott|Lauren Holtkamp|Tom Washington,39
0022000377,2020,0,2021-02-09,NOP,HOU,130.0,101.0,3,580,198,Aaron Smith|Natalie Sago|Zach Zarba,39
0022000378,2020,0,2021-02-09,SAS,GSW,91.0,114.0,3,565,198,Dannica Mosher|Mitchell Ervin|Tony Brothers,33
0022000379,2020,0,2021-02-09,UTA,BOS,122.0,108.0,2,538,182,Leroy Richardson|Mark Ayotte|Tony Brown,44
0022000380,2020,0,2021-02-09,POR,ORL,106.0,97.0,3,538,197,Ken Mauer|Matt Kallio|Ray Acosta,27
0022000381,2020,0,2021-02-09,SAC,PHI,111.0,119.0,3,581,216,CJ Washington|Courtney Kirkland|Michael Smith,43
0022000382,2020,0,2021-02-10,WAS,TOR,115.0,137.0,3,548,214,Brent Barnaky|Ed Malloy|Jason Goldenberg,32
0022000383,2020,0,2021-02-10,BKN,IND,104.0,94.0,3,560,191,Brett Nansel|Curtis Blair|Gediminas Petraitis,39
0022000384,2020,0,2021-02-10,DAL,ATL,118.0,117.0,3,554,197,Brandon Adair|Josh Tiven|Sean Wright,38
0022000385,2020,0,2021-02-10,CHI,NOP,129.0,116.0,3,496,196,Haywoode Workman|Karl Lane|Tre Maddox,29
0022000386,2020,0,2021-02-10,MEM,CHA,130.0,114.0,3,548,200,Derek Richardson|Jenna Schroeder|Scott Foster,28
0022000387,2020,0,2021-02-10,MIN,LAC,112.0,119.0,3,584,196,Marat Kogut|Nate Green|Rodney Mott,41
0022000388,2020,0,2021-02-10,DEN,CLE,133.0,95.0,3,576,201,Bill Kennedy|Danielle Scott|Kevin Cutler,34
0022000389,2020,0,2021-02-10,PHX,MIL,125.0,124.0,3,560,198,Derrick Collins|Eric Lewis|Jonathan Sterling,37
0022000390,2020,0,2021-02-10,LAL,OKC,114.0,113.0,3,585,218,Kane Fitzgerald|Matt Myers|Scott Wall,34
0022000391,2020,0,2021-02-11,DET,IND,95.0,111.0,3,495,183,Kevin Scott|Lauren Holtkamp|Robert Hussey,29
0022000392,2020,0,2021-02-11,HOU,MIA,94.0,101.0,3,527,198,Aaron Smith|Evan Scott|Tony Brothers,36
0022000393,2020,0,2021-02-11,GSW,ORL,111.0,105.0,3,545,201,CJ Washington|Courtney Kirkland|Michael Smith,31
0022000394,2020,0,2021-02-11,POR,PHI,118.0,114.0,3,550,190,Ken Mauer|Mark Ayotte|Ray Acosta,40
0022000395,2020,0,2021-02-12,CHA,MIN,120.0,114.0,2,573,209,Brandon Adair|Jenna Schroeder|Sean Wright,32
0022000396,2020,0,2021-02-12,WAS,NYK,91.0,109.0,3,576,205,Ed Malloy|Eric Dalen|Phenizee Ransom,35
0022000397,2020,0,2021-02-12,ATL,SAS,114.0,125.0,3,577,211,Curtis Blair|Derek Richardson|Gediminas Petraitis,40
0022000398,2020,0,2021-02-11,BOS,TOR,120.0,106.0,3,588,205,Ashley Moyer-Gleich|JB DeRosa|Zach Zarba,43
0022000399,2020,0,2021-02-12,DAL,NOP,143.0,130.0,2,519,198,Justin Van Duyne|Scott Foster|Scott Wall,37
0022000400,2020,0,2021-02-12,CHI,LAC,106.0,125.0,3,498,196,John Conley|Nick Buchert|Rodney Mott,25
0022000401,2020,0,2021-02-12,DEN,OKC,97.0,95.0,3,540,194,Jacyn Goble|James Williams|Nate Green,30
0022000402,2020,0,2021-02-12,UTA,MIL,129.0,115.0,3,585,209,Bill Kennedy|Brian Forte|Jonathan Sterling,46
0022000403,2020,0,2021-02-12,LAL,MEM,115.0,105.0,3,596,204,Dedric Taylor|Eric Lewis|Leroy Richardson,35
0022000404,2020,0,2021-02-12,POR,CLE,129.0,110.0,3,566,205,James Capers|Mark Ayotte|Matt Myers,46
0022000405,2020,0,2021-02-12,SAC,ORL,112.0,123.0,3,503,201,Brent Barnaky|Derrick Collins|Mousa Dagher,30
0022000406,2020,0,2021-02-13,PHX,PHI,120.0,111.0,3,499,195,Aaron Smith|CJ Washington|Ken Mauer,35
0022000407,2020,0,2021-02-13,ATL,IND,113.0,125.0,3,551,205,Ashley Moyer-Gleich|Curtis Blair|Gediminas Petraitis,42
0022000408,2020,0,2021-02-13,NYK,HOU,121.0,99.0,2,533,196,Haywoode Workman|Scott Twardoski|Tre Maddox,36
0022000409,2020,0,2021-02-13,GSW,BKN,117.0,134.0,3,554,213,John Goble|Michael Smith|Ray Acosta,29
0022000410,2020,0,2021-02-13,UTA,MIA,112.0,94.0,3,573,207,Brian Forte|Courtney Kirkland|Jonathan Sterling,39
0022000411,2020,0,2021-02-14,DAL,POR,118.0,121.0,3,555,190,John Butler|Scott Foster|Scott Wall,36
0022000412,2020,0,2021-02-12,BOS,DET,102.0,108.0,2,568,197,JB DeRosa|Suyash Mehta|Zach Zarba,40
0022000413,2020,0,2021-02-14,TOR,MIN,112.0,116.0,3,589,205,Ben Taylor|Justin Van Duyne|Suyash Mehta,44
0022000414,2020,0,2021-02-14,CHA,SAS,110.0,122.0,3,554,204,Brandon Adair|Robert Hussey|Sean Wright,30
0022000415,2020,0,2021-02-14,OKC,MIL,114.0,109.0,2,548,206,Derrick Collins|JB DeRosa|Jenna Schroeder,26
0022000416,2020,0,2021-02-14,DEN,LAL,122.0,105.0,2,586,201,Jacyn Goble|James Williams|Mark Ayotte,47
0022000417,2020,0,2021-02-14,PHX,ORL,109.0,90.0,3,525,198,CJ Washington|James Capers|Nick Buchert,27
0022000418,2020,0,2021-02-14,SAC,MEM,110.0,124.0,3,560,205,Brent Barnaky|Kevin Scott|Matt Myers,36
0022000419,2020,0,2021-02-14,LAC,CLE,128.0,111.0,3,601,206,Dedric Taylor|Eric Lewis|Leroy Richardson,45
0022000420,2020,0,2021-02-15,IND,CHI,112.0,120.0,4,649,234,Brian Forte|Dannica Mosher|Tony Brown,39
0022000421,2020,0,2021-02-15,WAS,HOU,131.0,119.0,3,604,225,Brandon Schwab|Marc Davis|Mitchell Ervin,44
0022000422,2020,0,2021-02-15,NYK,ATL,123.0,112.0,3,536,192,Brett Nansel|Lauren Holtkamp|Rodney Mott,41
0022000423,2020,0,2021-02-15,UTA,PHI,134.0,123.0,3,550,207,John Goble|Michael Smith|Simone Jelks,38
0022000424,2020,0,2021-02-15,GSW,CLE,129.0,98.0,3,566,209,Brent Barnaky|Jonathan Sterling|Kevin Scott,43
0022000425,2020,0,2021-02-15,LAC,MIA,125.0,118.0,3,522,195,Dedric Taylor|Ken Mauer|Nate Green,41
0022000426,2020,0,2021-02-15,SAC,BKN,125.0,136.0,3,507,198,Aaron Smith|Mousa Dagher|Tre Maddox,26
0022000427,2020,0,2021-02-16,BOS,DEN,112.0,99.0,3,530,198,Derek Richardson|Ed Malloy|Gediminas Petraitis,37
0022000428,2020,0,2021-02-16,DET,SAS,99.0,109.0,2,515,192,Haywoode Workman|Scott Twardoski|Tom Washington,27
0022000429,2020,0,2021-02-16,MEM,NOP,113.0,144.0,3,542,211,CJ Washington|Eric Lewis|Evan Scott,36
0022000430,2020,0,2021-02-16,MIL,TOR,113.0,124.0,3,563,215,Eric Dalen|Robert Hussey|Scott Foster,28
0022000431,2020,0,2021-02-16,MIN,LAL,104.0,112.0,2,532,196,Andy Nagy|Scott Wall|Sean Corbin,32
0022000432,2020,0,2021-02-16,OKC,POR,104.0,115.0,3,554,199,Leroy Richardson|Natalie Sago|Sean Wright,36
0022000433,2020,0,2021-02-16,PHX,BKN,124.0,128.0,3,460,194,James Capers|Kevin Cutler|Ray Acosta,22
0022000434,2020,0,2021-05-06,CHA,CHI,99.0,120.0,3,590,201,Jenna Schroeder|John Goble|Karl Lane,34
0022000435,2020,0,2021-03-19,CLE,SAS,110.0,116.0,3,588,200,Pat Fraher|Suyash Mehta|Tyler Ford,46
0022000436,2020,0,2021-02-17,ORL,NYK,107.0,89.0,3,543,202,David Guthrie|John Conley|Lauren Holtkamp,27
0022000437,2020,0,2021-02-17,WAS,DEN,130.0,128.0,2,553,207,Dannica Mosher|JB DeRosa|Marc Davis,41
0022000438,2020,0,2021-02-17,BOS,ATL,114.0,122.0,3,576,199,Brian Forte|Derek Richardson|Gediminas Petraitis,43
0022000439,2020,0,2021-02-17,PHI,HOU,118.0,113.0,3,570,218,Ashley Moyer-Gleich|Kane Fitzgerald|Karl Lane,39
0022000440,2020,0,2021-02-17,MIN,IND,128.0,134.0,4,628,223,Aaron Smith|Mark Ayotte|Simone Jelks,38
0022000441,2020,0,2021-02-17,NOP,POR,124.0,126.0,3,551,190,Dedric Taylor|Nate Green|Tony Brown,33
0022000442,2020,0,2021-04-21,DAL,DET,127.0,117.0,3,553,193,Brent Barnaky|Marc Davis|Phenizee Ransom,43
0022000443,2020,0,2021-02-17,GSW,MIA,120.0,112.0,3,579,219,Jason Goldenberg|Kevin Scott|Nick Buchert,36
0022000444,2020,0,2021-02-17,LAC,UTA,96.0,114.0,2,547,207,Brent Barnaky|James Williams|Ken Mauer,30
0022000445,2020,0,2021-02-18,MIL,TOR,96.0,110.0,3,578,195,Scott Foster|Scott Wall|Tom Washington,40
0022000446,2020,0,2021-02-18,LAL,BKN,98.0,109.0,3,526,191,Eric Dalen|John Goble|Kevin Cutler,31
0022000447,2020,0,2021-02-18,SAC,MIA,110.0,118.0,3,538,203,Andy Nagy|James Capers|Sean Corbin,30
0022000448,2020,0,2021-05-11,CHA,DEN,112.0,117.0,3,559,207,Dedric Taylor|James Williams|Jenna Schroeder,31
0022000449,2020,0,2021-02-19,ORL,GSW,124.0,120.0,2,554,212,Brett Nansel|Matt Boland|Tony Brown,33
0022000450,2020,0,2021-02-19,PHI,CHI,112.0,105.0,3,561,194,JB DeRosa|Kane Fitzgerald|Marat Kogut,34
0022000451,2020,0,2021-02-19,BOS,ATL,121.0,109.0,2,565,203,Brian Forte|Karl Lane|Leroy Richardson,33
0022000452,2020,0,2021-02-19,MEM,DET,109.0,95.0,3,571,198,Dannica Mosher|Dedric Taylor|Ken Mauer,33
0022000453,2020,0,2021-02-19,MIL,OKC,98.0,85.0,3,577,196,Haywoode Workman|Natalie Sago|Rodney Mott,38
0022000454,2020,0,2021-02-19,MIN,TOR,81.0,86.0,3,567,186,Mark Ayotte|Nick Buchert|Simone Jelks,35
0022000455,2020,0,2021-02-19,NOP,PHX,114.0,132.0,3,520,205,Curtis Blair|Jenna Schroeder|Josh Tiven,31
0022000456,2020,0,2021-04-07,HOU,DAL,102.0,93.0,3,531,187,Dedric Taylor|Mousa Dagher|Tre Maddox,30
0022000457,2020,0,2021-02-19,LAC,UTA,116.0,112.0,3,569,202,James Williams|Jason Goldenberg|Kevin Scott,36
0022000458,2020,0,2021-05-13,NYK,SAS,102.0,98.0,3,550,191,Gediminas Petraitis|JB DeRosa|Zach Zarba,34
0022000459,2020,0,2021-02-20,CHA,GSW,102.0,100.0,3,537,199,John Conley|Marc Davis|Mark Lindsay,28
0022000460,2020,0,2021-02-20,CHI,SAC,122.0,114.0,3,542,199,Brandon Schwab|Scott Foster|Scott Wall,38
0022000461,2020,0,2021-04-14,HOU,IND,124.0,132.0,3,577,216,CJ Washington|Josh Tiven|Lauren Holtkamp,31
0022000462,2020,0,2021-02-20,MEM,PHX,97.0,128.0,3,518,196,Dedric Taylor|Suyash Mehta|Tom Washington,24
0022000463,2020,0,2021-02-20,LAL,MIA,94.0,96.0,3,534,193,Eric Dalen|James Capers|James Williams,30
0022000464,2020,0,2021-02-20,POR,WAS,111.0,118.0,3,625,214,Andy Nagy|John Goble|Kevin Cutler,37
0022000465,2020,0,2021-02-21,NOP,BOS,120.0,115.0,4,690,220,JB DeRosa|Josh Tiven|Mark Ayotte,50
0022000466,2020,0,2021-02-21,CLE,OKC,101.0,117.0,3,514,195,Brian Forte|Marat Kogut|Mousa Dagher,30
0022000467,2020,0,2021-02-21,ORL,DET,105.0,96.0,3,559,205,Brett Nansel|Curtis Blair|Karl Lane,37
0022000468,2020,0,2021-02-21,TOR,PHI,110.0,103.0,3,558,193,Haywoode Workman|Nick Buchert|Tony Brown,42
0022000469,2020,0,2021-02-21,NYK,MIN,103.0,99.0,3,556,191,Ashley Moyer-Gleich|Ben Taylor|Jacyn Goble,45
0022000470,2020,0,2021-02-21,ATL,DEN,123.0,115.0,3,541,199,Ken Mauer|Leroy Richardson|Matt Boland,44
0022000471,2020,0,2021-02-21,MIL,SAC,128.0,115.0,3,631,213,Kane Fitzgerald|Mitchell Ervin|Natalie Sago,36
0022000472,2020,0,2021-02-21,LAC,BKN,108.0,112.0,3,546,199,Jason Goldenberg|Sean Corbin|Tre Maddox,33
0022000473,2020,0,2021-04-19,IND,SAS,94.0,109.0,3,630,208,Jenna Schroeder|Kane Fitzgerald|Natalie Sago,46
0022000474,2020,0,2021-02-22,HOU,CHI,100.0,120.0,2,532,200,Dedric Taylor|Evan Scott|Kevin Scott,30
0022000475,2020,0,2021-02-22,OKC,MIA,94.0,108.0,3,511,191,Brent Barnaky|Ray Acosta|Tom Washington,39
0022000476,2020,0,2021-02-22,DAL,MEM,102.0,92.0,3,582,203,John Goble|Phenizee Ransom|Sean Wright,36
0022000477,2020,0,2021-02-22,PHX,POR,132.0,100.0,3,518,194,David Guthrie|Eric Dalen|James Williams,27
0022000478,2020,0,2021-02-22,UTA,CHA,132.0,110.0,3,576,213,Matt Kallio|Rodney Mott|Tyler Ford,32
0022000479,2020,0,2021-02-22,LAL,WAS,124.0,127.0,3,668,231,James Capers|Jason Goldenberg|Scott Twardoski,45
0022000480,2020,0,2021-02-23,CLE,ATL,112.0,111.0,3,539,193,JB DeRosa|John Butler|Marc Davis,34
0022000481,2020,0,2021-02-23,ORL,DET,93.0,105.0,3,559,204,Curtis Blair|Derek Richardson|Karl Lane,33
0022000482,2020,0,2021-02-23,BKN,SAC,127.0,118.0,3,540,206,Ashley Moyer-Gleich|Brian Forte|Eric Lewis,31
0022000483,2020,0,2021-02-23,NYK,GSW,106.0,114.0,3,579,203,CJ Washington|Josh Tiven|Mitchell Ervin,38
0022000484,2020,0,2021-02-23,TOR,PHI,102.0,109.0,3,565,198,Aaron Smith|Lauren Holtkamp|Tony Brown,32
0022000485,2020,0,2021-02-23,DAL,BOS,110.0,107.0,3,539,192,John Goble|Jonathan Sterling|Sean Wright,34
0022000486,2020,0,2021-02-23,MIL,MIN,139.0,112.0,3,567,214,Derrick Collins|Matt Boland|Mousa Dagher,28
0022000487,2020,0,2021-02-23,DEN,POR,111.0,106.0,3,497,185,Justin Van Duyne|Mark Ayotte|Tre Maddox,28
0022000488,2020,0,2021-02-23,LAC,WAS,135.0,116.0,3,511,202,Andy Nagy|Kevin Cutler|Sean Corbin,35
0022000489,2020,0,2021-02-24,IND,GSW,107.0,111.0,3,573,216,Matt Myers|Natalie Sago|Tony Brothers,42
0022000490,2020,0,2021-02-24,ATL,BOS,127.0,112.0,3,557,194,Eric Dalen|Kevin Scott|Phenizee Ransom,37
0022000491,2020,0,2021-02-24,CLE,HOU,112.0,96.0,2,510,191,JB DeRosa|Marc Davis|Matt Kallio,31
0022000492,2020,0,2021-02-24,MIA,TOR,116.0,108.0,3,528,188,Brett Nansel|Gediminas Petraitis|Kane Fitzgerald,41
0022000493,2020,0,2021-02-24,CHI,MIN,133.0,126.0,4,608,228,James Capers|John Conley|Marat Kogut,33
0022000494,2020,0,2021-02-24,NOP,DET,128.0,118.0,3,539,200,Bennie Adams|Bill Kennedy|Dedric Taylor,32
0022000495,2020,0,2021-02-24,OKC,SAS,102.0,99.0,2,515,200,Jacyn Goble|Ray Acosta|Zach Zarba,26
0022000496,2020,0,2021-02-24,PHX,CHA,121.0,124.0,3,616,210,David Guthrie|James Williams|Scott Twardoski,44
0022000497,2020,0,2021-02-24,UTA,LAL,114.0,89.0,3,541,186,Brandon Adair|Rodney Mott|Tyler Ford,28
0022000498,2020,0,2021-02-25,PHI,DAL,111.0,97.0,3,551,200,Derrick Collins|Josh Tiven|Karl Lane,37
0022000499,2020,0,2021-02-25,BKN,ORL,129.0,92.0,3,531,210,Aaron Smith|Ashley Moyer-Gleich|Tony Brown,24
0022000500,2020,0,2021-02-25,NYK,SAC,140.0,121.0,3,542,210,Michael Smith|Mousa Dagher|Sean Wright,41
0022000501,2020,0,2021-02-25,MEM,LAC,122.0,94.0,3,515,200,Ben Taylor|John Goble|Jonathan Sterling,29
0022000502,2020,0,2021-02-25,DEN,WAS,110.0,112.0,2,527,201,John Butler|Sean Corbin|Tre Maddox,34
0022000503,2020,0,2021-02-25,MIL,NOP,129.0,125.0,3,557,208,Brian Forte|Courtney Kirkland|Leon Wood,27
0022000504,2020,0,2021-02-26,DET,SAC,107.0,110.0,3,603,201,Jacyn Goble|Matt Kallio|Tony Brothers,49
0022000505,2020,0,2021-02-26,BOS,IND,118.0,112.0,3,555,201,Aaron Smith|Eric Lewis|Mark Lindsay,40
0022000506,2020,0,2021-02-26,TOR,HOU,122.0,111.0,3,569,202,Bill Kennedy|Natalie Sago|Nate Green,39
0022000507,2020,0,2021-02-26,MIA,UTA,124.0,116.0,3,550,204,Mitchell Ervin|Phenizee Ransom|Tony Brown,38
0022000508,2020,0,2021-02-26,CHI,PHX,97.0,106.0,3,503,193,Danielle Scott|Marat Kogut|Marc Davis,24
0022000509,2020,0,2021-02-26,MEM,LAC,99.0,119.0,3,550,203,Ben Taylor|Brandon Adair|Matt Boland,31
0022000510,2020,0,2021-02-26,OKC,ATL,118.0,109.0,3,527,195,Bennie Adams|Curtis Blair|Nick Buchert,28
0022000511,2020,0,2021-02-26,GSW,CHA,130.0,121.0,3,567,225,Justin Van Duyne|Scott Twardoski|Zach Zarba,41
0022000512,2020,0,2021-02-26,LAL,POR,102.0,93.0,3,569,191,Lauren Holtkamp|Rodney Mott|Tyler Ford,39
0022000513,2020,0,2021-02-27,PHI,CLE,109.0,112.0,4,659,222,Ashley Moyer-Gleich|John Conley|John Goble,46
0022000514,2020,0,2021-02-27,SAS,NOP,117.0,114.0,3,581,195,Haywoode Workman|Karl Lane|Tre Maddox,39
0022000515,2020,0,2021-02-27,NYK,IND,110.0,107.0,3,545,205,Brandon Schwab|Jonathan Sterling|Sean Wright,36
0022000516,2020,0,2021-02-27,ORL,UTA,109.0,124.0,3,551,194,Bill Kennedy|Natalie Sago|Nate Green,29
0022000517,2020,0,2021-02-27,WAS,MIN,128.0,112.0,3,644,227,CJ Washington|Derrick Collins|Leroy Richardson,42
0022000518,2020,0,2021-02-27,OKC,DEN,96.0,126.0,2,496,205,Curtis Blair|John Butler|Nick Buchert,30
0022000519,2020,0,2021-02-27,BKN,DAL,98.0,115.0,3,536,191,Michael Smith|Ray Acosta|Scott Foster,30
0022000520,2020,0,2021-02-28,MIL,LAC,105.0,100.0,3,569,194,Aaron Smith|Marc Davis|Mark Lindsay,27
0022000521,2020,0,2021-02-28,DET,NYK,90.0,109.0,3,495,193,Danielle Scott|Marat Kogut|Tony Brothers,35
0022000522,2020,0,2021-02-28,MIA,ATL,109.0,99.0,3,562,194,Jacyn Goble|Josh Tiven|Robert Hussey,38
0022000523,2020,0,2021-02-28,TOR,CHI,113.0,122.0,2,532,199,Ken Mauer|Mitchell Ervin|Suyash Mehta,33
0022000524,2020,0,2021-02-28,BOS,WAS,111.0,110.0,2,586,205,Eric Lewis|Matt Kallio|Scott Wall,43
0022000525,2020,0,2021-02-28,HOU,MEM,84.0,133.0,3,642,222,Bennie Adams|Scott Twardoski|Tony Brown,52
0022000526,2020,0,2021-02-28,MIN,PHX,99.0,118.0,3,595,214,Ben Taylor|Brandon Adair|Phenizee Ransom,38
0022000527,2020,0,2021-02-28,LAL,GSW,117.0,91.0,3,624,216,Justin Van Duyne|Matt Boland|Sean Corbin,42
0022000528,2020,0,2021-02-28,SAC,CHA,126.0,127.0,3,571,200,Lauren Holtkamp|Tyler Ford|Zach Zarba,35
0022000529,2020,0,2021-03-01,ORL,DAL,124.0,130.0,3,537,206,Ken Mauer|Mitchell Ervin|Mousa Dagher,29
0022000530,2020,0,2021-03-01,PHI,IND,130.0,114.0,2,525,215,John Goble|Leroy Richardson|Michael Smith,34
0022000531,2020,0,2021-03-01,CHI,DEN,112.0,118.0,2,554,199,CJ Washington|Jenna Schroeder|Sean Wright,35
0022000532,2020,0,2021-03-01,HOU,CLE,90.0,101.0,3,534,195,Andy Nagy|Curtis Blair|Jonathan Sterling,33
0022000533,2020,0,2021-03-01,NOP,UTA,129.0,124.0,2,571,211,Derrick Collins|Haywoode Workman|Tom Washington,36
0022000534,2020,0,2021-03-01,SAS,BKN,113.0,124.0,4,555,204,Karl Lane|Nate Green|Tre Maddox,27
0022000535,2020,0,2021-03-01,POR,CHA,123.0,111.0,3,531,199,Derek Richardson|John Butler|Mark Ayotte,28
0022000536,2020,0,2021-03-02,WAS,MEM,111.0,125.0,3,581,221,Brent Barnaky|Natalie Sago|Tony Brothers,35
0022000537,2020,0,2021-03-02,BOS,LAC,117.0,112.0,3,508,181,Ben Taylor|JB DeRosa|Scott Foster,29
0022000538,2020,0,2021-03-02,MIA,ATL,80.0,94.0,3,525,174,Jason Goldenberg|Josh Tiven|Scott Wall,29
0022000539,2020,0,2021-03-03,TOR,DET,105.0,129.0,3,555,194,Eric Lewis|Marat Kogut|Mitchell Ervin,45
0022000540,2020,0,2021-03-02,MIL,DEN,97.0,128.0,3,551,196,Aaron Smith|Mark Lindsay|Sean Wright,36
0022000541,2020,0,2021-03-02,SAS,NYK,119.0,93.0,3,518,188,James Capers|Nick Buchert|Simone Jelks,26
0022000542,2020,0,2021-03-02,LAL,PHX,104.0,114.0,3,522,190,Justin Van Duyne|Marc Davis|Tyler Ford,35
0022000543,2020,0,2021-03-03,CLE,IND,111.0,114.0,3,517,204,Andy Nagy|Jonathan Sterling|Tony Brown,31
0022000544,2020,0,2021-03-03,ORL,ATL,112.0,115.0,3,549,198,Karl Lane|Ken Mauer|Ray Acosta,36
0022000545,2020,0,2021-03-03,PHI,UTA,131.0,123.0,4,596,226,Brandon Adair|Michael Smith|Sean Corbin,38
0022000546,2020,0,2021-03-03,HOU,BKN,114.0,132.0,3,545,204,Gediminas Petraitis|James Williams|Lauren Holtkamp,41
0022000547,2020,0,2021-03-03,MIN,CHA,102.0,135.0,3,582,223,Dedric Taylor|Kane Fitzgerald|Suyash Mehta,32
0022000548,2020,0,2021-03-03,NOP,CHI,124.0,128.0,3,564,209,CJ Washington|Kevin Scott|Tom Washington,39
0022000549,2020,0,2021-03-03,DAL,OKC,87.0,78.0,3,560,192,Derrick Collins|Matt Kallio|Tre Maddox,29
0022000550,2020,0,2021-03-03,POR,GSW,108.0,106.0,3,543,194,Derek Richardson|Mark Ayotte|Zach Zarba,37
0022000551,2020,0,2021-03-03,SAC,LAL,123.0,120.0,3,514,194,Curtis Blair|Jenna Schroeder|Matt Boland,33
0022000552,2020,0,2021-03-04,BOS,TOR,132.0,125.0,3,542,202,Ben Taylor|Brent Barnaky|Scott Foster,41
0022000553,2020,0,2021-03-04,IND,DEN,103.0,113.0,3,512,195,Eric Lewis|JB DeRosa|Mark Lindsay,29
0022000554,2020,0,2021-03-04,WAS,LAC,119.0,117.0,2,622,205,Aaron Smith|Jason Goldenberg|Tony Brothers,48
0022000555,2020,0,2021-03-04,MEM,MIL,111.0,112.0,3,631,213,Haywoode Workman|Josh Tiven|Marat Kogut,38
0022000556,2020,0,2021-03-04,SAS,OKC,102.0,107.0,3,553,210,James Capers|Nick Buchert|Simone Jelks,33
0022000557,2020,0,2021-03-04,NOP,MIA,93.0,103.0,2,507,182,CJ Washington|Kevin Scott|Mitchell Ervin,36
0022000558,2020,0,2021-03-04,POR,SAC,123.0,119.0,2,549,195,Justin Van Duyne|Tyler Ford|Zach Zarba,32
0022000559,2020,0,2021-02-02,WAS,POR,121.0,132.0,3,536,199,CJ Washington|Dedric Taylor|Kane Fitzgerald,32
0022000560,2020,0,2021-02-14,WAS,BOS,104.0,91.0,3,621,214,Eric Dalen|John Conley|Tony Brothers,46
0022000561,2020,0,2021-02-14,DET,NOP,123.0,112.0,3,531,187,Andy Nagy|Derek Richardson|Ed Malloy,35
0022000562,2020,0,2021-02-17,MEM,OKC,122.0,113.0,3,567,206,Eric Lewis|Evan Scott|Jacyn Goble,42
0022000563,2020,0,2021-02-19,CLE,DEN,103.0,120.0,2,506,194,Ben Taylor|Mitchell Ervin|Phenizee Ransom,31
0022000564,2020,0,2021-02-17,CHI,DET,105.0,102.0,3,570,201,Ben Taylor|Brett Nansel|Mitchell Ervin,39
0022000565,2020,0,2021-03-04,NYK,DET,114.0,104.0,3,477,183,John Conley|John Goble|Natalie Sago,26
0022000566,2020,0,2021-03-10,MEM,WAS,127.0,112.0,3,628,219,Ashley Moyer-Gleich|Karl Lane|Rodney Mott,45
0022000567,2020,0,2021-03-10,DAL,SAS,115.0,104.0,3,538,191,Eric Dalen|Mark Ayotte|Tre Maddox,34
0022000568,2020,0,2021-03-11,CHA,DET,105.0,102.0,3,564,193,Jason Goldenberg|Matt Boland|Tony Brothers,34
0022000569,2020,0,2021-03-11,BKN,BOS,121.0,109.0,3,586,195,Brent Barnaky|Marc Davis|Suyash Mehta,33
0022000570,2020,0,2021-03-11,TOR,ATL,120.0,121.0,3,636,216,Leroy Richardson|Scott Foster|Scott Wall,46
0022000571,2020,0,2021-03-11,MIA,ORL,111.0,103.0,3,568,200,CJ Washington|Ken Mauer|Marat Kogut,33
0022000572,2020,0,2021-03-11,CHI,PHI,105.0,127.0,3,540,205,Jonathan Sterling|Natalie Sago|Sean Corbin,30
0022000573,2020,0,2021-03-11,MIL,NYK,134.0,101.0,3,540,203,Jacyn Goble|Jenna Schroeder|Tyler Ford,30
0022000574,2020,0,2021-03-11,NOP,MIN,105.0,135.0,2,583,205,Kevin Cutler|Mitchell Ervin|Scott Twardoski,32
0022000575,2020,0,2021-03-11,OKC,DAL,116.0,108.0,2,550,188,Ben Taylor|Mark Lindsay|Phenizee Ransom,41
0022000576,2020,0,2021-03-11,LAC,GSW,130.0,104.0,3,568,221,Gediminas Petraitis|Ray Acosta|Sean Wright,44
0022000577,2020,0,2021-03-11,POR,PHX,121.0,127.0,3,534,196,Ed Malloy|Michael Smith|Mousa Dagher,35
0022000578,2020,0,2021-03-11,SAC,HOU,125.0,105.0,2,591,215,Bill Kennedy|Derek Richardson|Leon Wood,39
0022000579,2020,0,2021-03-12,WAS,PHI,101.0,127.0,1,528,208,Brandon Adair|Lauren Holtkamp|Tony Brown,32
0022000580,2020,0,2021-03-12,MEM,DEN,102.0,103.0,3,522,197,Justin Van Duyne|Mark Ayotte|Rodney Mott,25
0022000581,2020,0,2021-03-12,NOP,CLE,116.0,82.0,3,577,197,Ashley Moyer-Gleich|James Capers|Kevin Cutler,33
0022000582,2020,0,2021-03-12,CHI,MIA,90.0,101.0,3,525,197,Haywoode Workman|Karl Lane|Zach Zarba,26
0022000583,2020,0,2021-03-12,SAS,ORL,104.0,77.0,3,523,195,Courtney Kirkland|John Butler|Tom Washington,26
0022000584,2020,0,2021-03-12,UTA,HOU,114.0,99.0,3,592,211,Brett Nansel|Nick Buchert|Tre Maddox,32
0022000585,2020,0,2021-03-12,LAL,IND,105.0,100.0,3,575,203,Eric Dalen|Gediminas Petraitis|Sean Wright,43
0022000586,2020,0,2021-03-13,OKC,NYK,97.0,119.0,3,523,199,Josh Tiven|Leon Wood|Scott Twardoski,34
0022000587,2020,0,2021-03-13,BKN,DET,100.0,95.0,3,548,194,Aaron Smith|Jason Goldenberg|Marc Davis,30
0022000588,2020,0,2021-03-13,CHA,TOR,114.0,104.0,3,582,215,Matt Boland|Nate Green|Tony Brothers,32
0022000589,2020,0,2021-03-13,WAS,MIL,119.0,125.0,3,596,227,Brandon Adair|Leroy Richardson|Tyler Ford,33
0022000590,2020,0,2021-03-13,ATL,SAC,121.0,106.0,3,576,191,Marat Kogut|Scott Foster|Scott Wall,39
0022000591,2020,0,2021-03-13,MIN,POR,121.0,125.0,3,552,201,Jacyn Goble|Mark Lindsay|Sean Corbin,38
0022000592,2020,0,2021-03-13,DEN,DAL,103.0,116.0,3,531,181,Bill Kennedy|Jonathan Sterling|Michael Smith,36
0022000593,2020,0,2021-03-14,OKC,MEM,128.0,122.0,3,570,206,Dedric Taylor|John Butler|Josh Tiven,40
0022000594,2020,0,2021-03-14,GSW,UTA,131.0,119.0,3,554,212,Derrick Collins|Eric Dalen|Zach Zarba,40
0022000595,2020,0,2021-03-14,PHI,SAS,134.0,99.0,3,541,201,Brett Nansel|Mitchell Ervin|Rodney Mott,39
0022000596,2020,0,2021-03-14,ORL,MIA,97.0,102.0,3,533,198,CJ Washington|Curtis Blair|Kevin Cutler,29
0022000597,2020,0,2021-03-14,ATL,CLE,100.0,82.0,3,544,177,Eric Lewis|Evan Scott|Marat Kogut,37
0022000598,2020,0,2021-03-14,HOU,BOS,107.0,134.0,3,563,213,Ashley Moyer-Gleich|Justin Van Duyne|Tom Washington,37
0022000599,2020,0,2021-03-14,MIN,POR,114.0,112.0,3,549,200,Nick Buchert|Phenizee Ransom|Tre Maddox,45
0022000600,2020,0,2021-03-14,CHI,TOR,118.0,95.0,3,605,208,Karl Lane|Ken Mauer|Mousa Dagher,39
0022000601,2020,0,2021-03-14,NOP,LAC,135.0,115.0,3,502,208,James Capers|Mark Ayotte|Simone Jelks,32
0022000602,2020,0,2021-03-15,CHA,SAC,122.0,116.0,3,585,206,Mark Lindsay|Nate Green|Sean Corbin,33
0022000603,2020,0,2021-03-15,WAS,MIL,122.0,133.0,2,537,222,Jacyn Goble|Sean Wright|Suyash Mehta,32
0022000604,2020,0,2021-03-15,BKN,NYK,117.0,112.0,3,522,198,Brent Barnaky|Matt Myers|Scott Foster,39
0022000605,2020,0,2021-03-15,DAL,LAC,99.0,109.0,3,463,186,Courtney Kirkland|Leon Wood|Scott Twardoski,26
0022000606,2020,0,2021-03-15,DEN,IND,121.0,106.0,3,557,191,Bill Kennedy|Jonathan Sterling|Michael Smith,25
0022000607,2020,0,2021-03-15,PHX,MEM,122.0,99.0,3,542,200,Ed Malloy|Gediminas Petraitis|Ray Acosta,34
0022000608,2020,0,2021-03-15,GSW,LAL,97.0,128.0,3,526,206,Ben Taylor|Haywoode Workman|Zach Zarba,35
0022000609,2020,0,2021-03-16,BOS,UTA,109.0,117.0,3,538,192,JB DeRosa|Kevin Cutler|Tre Maddox,30
0022000610,2020,0,2021-03-16,MIA,CLE,113.0,98.0,3,531,187,Mousa Dagher|Rodney Mott|Tom Washington,34
0022000611,2020,0,2021-03-16,PHI,NYK,99.0,96.0,3,571,192,Ken Mauer|Marat Kogut|Simone Jelks,43
0022000612,2020,0,2021-03-16,CHI,OKC,123.0,102.0,3,541,196,Curtis Blair|Justin Van Duyne|Nick Buchert,30
0022000613,2020,0,2021-03-16,HOU,ATL,107.0,119.0,3,505,185,James Capers|Jenna Schroeder|Mark Ayotte,34
0022000614,2020,0,2021-03-16,POR,NOP,125.0,124.0,3,537,205,Derrick Collins|Eric Dalen|Josh Tiven,38
0022000615,2020,0,2021-03-16,LAL,MIN,137.0,121.0,3,550,208,Dedric Taylor|Eric Lewis|John Butler,32
0022000616,2020,0,2021-03-17,DET,TOR,116.0,112.0,3,582,200,Brandon Adair|Jacyn Goble|Tony Brown,50
0022000617,2020,0,2021-03-17,IND,BKN,115.0,124.0,2,566,215,Matt Myers|Mitchell Ervin|Tyler Ford,46
0022000618,2020,0,2021-03-17,PHI,MIL,105.0,109.0,4,686,242,Jason Goldenberg|Mark Lindsay|Scott Foster,26
0022000619,2020,0,2021-03-17,WAS,SAC,119.0,121.0,3,617,220,Brent Barnaky|CJ Washington|Sean Wright,48
0022000620,2020,0,2021-03-17,CLE,BOS,117.0,110.0,2,561,194,Natalie Sago|Sean Corbin|Suyash Mehta,41
0022000621,2020,0,2021-03-17,CHI,SAS,99.0,106.0,2,549,196,Evan Scott|Nick Buchert|Pat Fraher,28
0022000622,2020,0,2021-03-17,HOU,GSW,94.0,108.0,3,564,204,John Conley|Kevin Scott|Leon Wood,39
0022000623,2020,0,2021-03-17,MEM,MIA,89.0,85.0,2,566,191,Andy Nagy|Courtney Kirkland|Michael Smith,35
0022000624,2020,0,2021-03-17,DEN,CHA,129.0,104.0,2,528,207,Ben Taylor|Ray Acosta|Zach Zarba,36
0022000625,2020,0,2021-03-17,DAL,LAC,105.0,89.0,3,534,193,Ashley Moyer-Gleich|John Goble|Scott Twardoski,27
0022000626,2020,0,2021-03-18,ATL,OKC,116.0,93.0,3,517,195,JB DeRosa|James Capers|Mousa Dagher,28
0022000627,2020,0,2021-03-18,NYK,ORL,94.0,93.0,3,501,184,James Williams|Justin Van Duyne|Kevin Cutler,26
0022000628,2020,0,2021-03-18,PHX,MIN,119.0,123.0,3,595,211,Dedric Taylor|Jonathan Sterling|Kane Fitzgerald,44
0022000629,2020,0,2021-03-18,POR,NOP,101.0,93.0,3,563,191,Bennie Adams|Derrick Collins|Eric Lewis,35
0022000630,2020,0,2021-03-18,LAL,CHA,116.0,105.0,3,564,206,Haywoode Workman|Josh Tiven|Mark Ayotte,32
0022000631,2020,0,2021-03-19,BOS,SAC,96.0,107.0,3,529,192,Ashley Moyer-Gleich|Ken Mauer|Lauren Holtkamp,31
0022000632,2020,0,2021-03-19,MIA,IND,110.0,137.0,2,544,202,Brett Nansel|Kevin Scott|Leon Wood,31
0022000633,2020,0,2021-03-19,ORL,BKN,121.0,113.0,3,539,200,Evan Scott|Mitchell Ervin|Sean Wright,32
0022000634,2020,0,2021-03-19,TOR,UTA,112.0,115.0,3,525,192,CJ Washington|James Williams|Mark Lindsay,41
0022000635,2020,0,2021-03-19,HOU,DET,100.0,113.0,2,548,198,John Conley|Nick Buchert|Zach Zarba,29
0022000636,2020,0,2021-03-19,MEM,GSW,103.0,116.0,3,558,210,Jacyn Goble|Matt Boland|Sean Corbin,32
0022000637,2020,0,2021-03-19,DEN,CHI,131.0,127.0,2,574,217,Ben Taylor|John Goble|Natalie Sago,39
0022000638,2020,0,2021-03-19,PHX,MIN,113.0,101.0,3,543,205,Jonathan Sterling|Kane Fitzgerald|Scott Twardoski,30
0022000639,2020,0,2021-03-19,POR,DAL,125.0,119.0,3,502,191,Aaron Smith|Brandon Adair|Eric Lewis,28
0022000640,2020,0,2021-03-20,LAL,ATL,94.0,99.0,3,560,191,Bennie Adams|Josh Tiven|Mark Ayotte,34
0022000641,2020,0,2021-03-20,PHI,SAC,129.0,105.0,3,568,198,Andy Nagy|James Capers|Karl Lane,41
0022000642,2020,0,2021-03-20,MEM,GSW,111.0,103.0,3,625,215,JB DeRosa|Jacyn Goble|Tre Maddox,44
0022000643,2020,0,2021-03-20,MIL,SAS,120.0,113.0,3,539,209,Brent Barnaky|Phenizee Ransom|Tony Brown,21
0022000644,2020,0,2021-03-20,LAC,CHA,125.0,98.0,3,567,191,Dedric Taylor|Haywoode Workman|Rodney Mott,42
0022000645,2020,0,2021-03-21,MIA,IND,106.0,109.0,4,615,208,Brett Nansel|Lauren Holtkamp|Zach Zarba,37
0022000646,2020,0,2021-03-21,DEN,NOP,108.0,113.0,2,557,198,John Goble|Jonathan Sterling|Natalie Sago,32
0022000647,2020,0,2021-03-21,BKN,WAS,113.0,106.0,3,531,193,Kevin Cutler|Pat Fraher|Suyash Mehta,35
0022000648,2020,0,2021-03-21,CLE,TOR,116.0,105.0,3,567,216,Danielle Scott|Derrick Collins|Nick Buchert,41
0022000649,2020,0,2021-03-21,DET,CHI,86.0,100.0,2,543,197,Ashley Moyer-Gleich|Bill Kennedy|CJ Washington,34
0022000650,2020,0,2021-03-21,NYK,PHI,100.0,101.0,3,604,202,Courtney Kirkland|Dannica Mosher|Leon Wood,35
0022000651,2020,0,2021-03-21,PHX,LAL,111.0,94.0,3,573,202,Eric Lewis|Scott Twardoski|Tyler Ford,38
0022000652,2020,0,2021-03-21,POR,DAL,92.0,132.0,3,522,190,Aaron Smith|Brandon Adair|Kane Fitzgerald,34
0022000653,2020,0,2021-03-22,CLE,SAC,105.0,119.0,3,548,204,Danielle Scott|David Guthrie|Eric Dalen,27
0022000654,2020,0,2021-03-22,MIN,OKC,103.0,112.0,3,540,197,Ed Malloy|Jenna Schroeder|Matt Boland,30
0022000655,2020,0,2021-03-22,SAS,CHA,97.0,100.0,3,551,189,Curtis Blair|John Butler|Marat Kogut,31
0022000656,2020,0,2021-03-22,CHI,UTA,95.0,120.0,3,550,198,Andy Nagy|Ben Taylor|Brent Barnaky,29
0022000657,2020,0,2021-03-22,HOU,TOR,117.0,99.0,3,553,199,James Williams|Mitchell Ervin|Simone Jelks,38
0022000658,2020,0,2021-03-22,MEM,BOS,132.0,126.0,4,594,216,Haywoode Workman|JB DeRosa|James Capers,34
0022000659,2020,0,2021-03-22,MIL,IND,140.0,113.0,3,577,213,Karl Lane|Kevin Scott|Phenizee Ransom,30
0022000660,2020,0,2021-03-22,LAC,ATL,119.0,110.0,3,510,186,Bennie Adams|Dedric Taylor|Josh Tiven,33
0022000661,2020,0,2021-03-23,ORL,DEN,99.0,110.0,3,525,193,Brett Nansel|Derrick Collins|Zach Zarba,23
0022000662,2020,0,2021-03-23,NYK,WAS,131.0,113.0,3,553,203,Brian Forte|Courtney Kirkland|Justin Van Duyne,45
0022000663,2020,0,2021-03-23,NOP,LAL,128.0,111.0,3,575,208,Lauren Holtkamp|Scott Foster|Sean Corbin,38
0022000664,2020,0,2021-03-23,MIA,PHX,100.0,110.0,3,498,184,Bill Kennedy|Nate Green|Nick Buchert,25
0022000665,2020,0,2021-03-23,GSW,PHI,98.0,108.0,3,574,199,Aaron Smith|Natalie Sago|Tyler Ford,43
0022000666,2020,0,2021-03-23,POR,BKN,112.0,116.0,3,565,195,Kane Fitzgerald|Scott Twardoski|Tom Washington,35
0022000667,2020,0,2021-03-24,IND,DET,116.0,111.0,2,560,199,Ben Taylor|Leon Wood|Phenizee Ransom,38
0022000668,2020,0,2021-03-24,TOR,DEN,135.0,111.0,3,528,195,Curtis Blair|Eric Dalen|JB DeRosa,37
0022000669,2020,0,2021-03-24,MIL,BOS,121.0,119.0,3,563,201,Brandon Adair|Kevin Cutler|Marc Davis,27
0022000670,2020,0,2021-03-24,ORL,PHX,112.0,111.0,3,539,199,Derrick Collins|John Butler|Karl Lane,31
0022000671,2020,0,2021-03-24,CHI,CLE,94.0,103.0,3,519,192,Brent Barnaky|Kevin Scott|Leroy Richardson,27
0022000672,2020,0,2021-03-24,HOU,CHA,97.0,122.0,3,524,188,Bennie Adams|James Williams|Scott Wall,36
0022000673,2020,0,2021-03-24,MIN,DAL,108.0,128.0,3,566,207,Danielle Scott|Ed Malloy|Gediminas Petraitis,43
0022000674,2020,0,2021-03-24,OKC,MEM,107.0,116.0,3,562,216,Ashley Moyer-Gleich|David Guthrie|Mitchell Ervin,20
0022000675,2020,0,2021-03-24,SAS,LAC,101.0,134.0,3,551,204,Eric Lewis|Marat Kogut|Matt Myers,40
0022000676,2020,0,2021-03-24,UTA,BKN,118.0,88.0,3,539,197,Dedric Taylor|Josh Tiven|Matt Boland,25
0022000677,2020,0,2021-03-24,SAC,ATL,110.0,108.0,3,544,198,Aaron Smith|Jason Goldenberg|Tony Brothers,33
0022000678,2020,0,2021-03-25,MIA,POR,122.0,125.0,3,524,195,Bill Kennedy|Brian Forte|Nate Green,27
0022000679,2020,0,2021-03-25,NYK,WAS,106.0,102.0,3,610,209,James Capers|Nick Buchert|Ray Acosta,55
0022000680,2020,0,2021-03-25,SAS,LAC,85.0,98.0,3,504,185,Lauren Holtkamp|Scott Foster|Sean Corbin,24
0022000681,2020,0,2021-03-25,LAL,PHI,101.0,109.0,3,587,203,Kane Fitzgerald|Scott Twardoski|Tom Washington,39
0022000682,2020,0,2021-03-25,SAC,GSW,141.0,119.0,2,482,196,Natalie Sago|Tony Brothers|Tyler Ford,31
0022000683,2020,0,2021-03-26,DET,BKN,111.0,113.0,3,585,187,Gediminas Petraitis|James Williams|Matt Myers,55
0022000684,2020,0,2021-03-26,TOR,PHX,100.0,104.0,3,508,198,Curtis Blair|JB DeRosa|Marat Kogut,27
0022000685,2020,0,2021-03-26,MIL,BOS,114.0,122.0,3,559,203,Ed Malloy|Kevin Cutler|Scott Wall,29
0022000686,2020,0,2021-03-26,CHA,MIA,110.0,105.0,3,573,189,Leroy Richardson|Mitchell Ervin|Pat Fraher,30
0022000687,2020,0,2021-03-26,ORL,POR,105.0,112.0,3,579,197,Karl Lane|Phenizee Ransom|Rodney Mott,29
0022000688,2020,0,2021-03-26,MIN,HOU,107.0,101.0,3,570,208,Brent Barnaky|Justin Van Duyne|Marc Davis,29
0022000689,2020,0,2021-03-26,NOP,DEN,108.0,113.0,3,491,184,Eric Lewis|John Butler|Leon Wood,26
0022000690,2020,0,2021-03-26,DAL,IND,94.0,109.0,3,566,197,Bennie Adams|Derrick Collins|Eric Dalen,31
0022000691,2020,0,2021-03-26,UTA,MEM,117.0,114.0,3,553,199,Aaron Smith|Brett Nansel|Kevin Scott,28
0022000692,2020,0,2021-03-26,GSW,ATL,108.0,124.0,3,535,194,Ashley Moyer-Gleich|Dedric Taylor|Tre Maddox,43
0022000693,2020,0,2021-03-26,LAL,CLE,100.0,86.0,2,590,206,Kane Fitzgerald|Mousa Dagher|Scott Twardoski,39
0022000694,2020,0,2021-03-27,WAS,DET,106.0,92.0,2,533,212,James Capers|Jenna Schroeder|Lauren Holtkamp,29
0022000695,2020,0,2021-03-27,MIL,NYK,96.0,102.0,3,573,191,Ed Malloy|Scott Wall|Simone Jelks,25
0022000696,2020,0,2021-03-27,MIN,HOU,107.0,129.0,2,538,196,Brent Barnaky|Ken Mauer|Matt Kallio,35
0022000697,2020,0,2021-03-27,SAS,CHI,120.0,104.0,3,564,205,Brian Forte|Derek Richardson|Josh Tiven,37
0022000698,2020,0,2021-03-27,NOP,DAL,112.0,103.0,3,520,185,John Butler|Jonathan Sterling|Scott Foster,36
0022000699,2020,0,2021-03-27,OKC,BOS,94.0,111.0,3,549,206,Natalie Sago|Nate Green|Sean Corbin,27
0022000700,2020,0,2021-03-27,UTA,MEM,126.0,110.0,3,601,220,Aaron Smith|Brett Nansel|Kevin Scott,35
0022000701,2020,0,2021-03-27,LAC,PHI,122.0,112.0,3,553,195,Jason Goldenberg|Tony Brothers|Tyler Ford,43
0022000702,2020,0,2021-03-27,SAC,CLE,100.0,98.0,3,541,194,Ashley Moyer-Gleich|Bill Kennedy|Tom Washington,32
0022000703,2020,0,2021-03-28,CHA,PHX,97.0,101.0,4,618,198,Andy Nagy|Curtis Blair|Eric Lewis,36
0022000704,2020,0,2021-03-28,TOR,POR,117.0,122.0,3,607,198,Haywoode Workman|Marat Kogut|Rodney Mott,42
0022000705,2020,0,2021-03-28,DEN,ATL,126.0,102.0,3,483,189,Dannica Mosher|Kevin Cutler|Marc Davis,29
0022000706,2020,0,2021-03-28,LAL,ORL,96.0,93.0,3,546,193,Jason Goldenberg|Tre Maddox|Tyler Ford,32
0022000707,2020,0,2021-03-29,WAS,IND,132.0,124.0,3,594,227,Gediminas Petraitis|Lauren Holtkamp|Pat Fraher,39
0022000708,2020,0,2021-03-29,BOS,NOP,109.0,115.0,3,572,202,CJ Washington|Josh Tiven|Mitchell Ervin,38
0022000709,2020,0,2021-03-29,BKN,MIN,112.0,107.0,3,603,211,Brandon Schwab|David Guthrie|Nick Buchert,41
0022000710,2020,0,2021-03-29,NYK,MIA,88.0,98.0,3,529,186,Karl Lane|Robert Hussey|Scott Foster,32
0022000711,2020,0,2021-03-29,DET,TOR,118.0,104.0,3,576,200,Brian Forte|Courtney Kirkland|John Butler,43
0022000712,2020,0,2021-03-29,HOU,MEM,110.0,120.0,3,557,204,Jonathan Sterling|Kane Fitzgerald|Natalie Sago,33
0022000713,2020,0,2021-03-29,OKC,DAL,106.0,127.0,3,547,209,Brent Barnaky|Jenna Schroeder|John Goble,32
0022000714,2020,0,2021-03-29,SAS,SAC,115.0,132.0,3,536,198,Derek Richardson|Scott Wall|Zach Zarba,32
0022000715,2020,0,2021-03-29,UTA,CLE,114.0,75.0,2,513,193,Ken Mauer|Scott Twardoski|Suyash Mehta,31
0022000716,2020,0,2021-03-29,GSW,CHI,116.0,102.0,3,544,199,Bennie Adams|Kevin Scott|Tom Washington,26
0022000717,2020,0,2021-03-29,LAC,MIL,129.0,105.0,3,525,199,Aaron Smith|Leroy Richardson|Tony Brothers,25
0022000718,2020,0,2021-03-30,WAS,CHA,104.0,114.0,3,576,204,Brandon Adair|Gediminas Petraitis|Rodney Mott,32
0022000719,2020,0,2021-03-30,DEN,PHI,104.0,95.0,3,508,196,Haywoode Workman|Kevin Cutler|Marc Davis,32
0022000720,2020,0,2021-03-30,LAC,ORL,96.0,103.0,3,559,194,Bill Kennedy|Mark Lindsay|Matt Kallio,32
0022000721,2020,0,2021-03-31,DET,POR,101.0,124.0,3,563,200,John Conley|Nick Buchert|Scott Foster,40
0022000722,2020,0,2021-03-31,IND,MIA,87.0,92.0,2,533,190,Andy Nagy|Courtney Kirkland|Lauren Holtkamp,34
0022000723,2020,0,2021-03-31,BOS,DAL,108.0,113.0,3,547,205,Brian Forte|Ray Acosta|Tony Brown,33
0022000724,2020,0,2021-03-31,BKN,HOU,120.0,108.0,3,528,192,Ben Taylor|CJ Washington|Mitchell Ervin,39
0022000725,2020,0,2021-03-31,MEM,UTA,107.0,111.0,3,565,203,David Guthrie|Jenna Schroeder|Mark Ayotte,40
0022000726,2020,0,2021-03-31,MIN,NYK,102.0,101.0,3,529,194,Natalie Sago|Robert Hussey|Sean Wright,29
0022000727,2020,0,2021-03-31,OKC,TOR,113.0,103.0,3,569,199,Brent Barnaky|Jonathan Sterling|Ken Mauer,38
0022000728,2020,0,2021-03-31,SAS,SAC,120.0,106.0,3,596,209,John Butler|John Goble|Scott Wall,33
0022000729,2020,0,2021-03-31,LAL,MIL,97.0,112.0,3,592,210,Suyash Mehta|Tom Washington|Tony Brothers,29
0022000730,2020,0,2021-03-31,PHX,CHI,121.0,116.0,3,533,194,Leroy Richardson|Michael Smith|Zach Zarba,41
0022000731,2020,0,2021-04-01,CLE,PHI,94.0,114.0,3,560,205,Gediminas Petraitis|Haywoode Workman|Tyler Ford,37
0022000732,2020,0,2021-04-01,BKN,CHA,111.0,89.0,3,521,193,Brian Forte|Matt Myers|Rodney Mott,26
0022000733,2020,0,2021-04-01,MIA,GSW,116.0,109.0,3,590,199,Derek Richardson|Pat Fraher|Phenizee Ransom,44
0022000734,2020,0,2021-04-01,NOP,ORL,110.0,115.0,3,618,229,Curtis Blair|Eric Dalen|Jason Goldenberg,38
0022000735,2020,0,2021-04-01,SAS,ATL,129.0,134.0,5,677,233,Danielle Scott|Dedric Taylor|Tre Maddox,40
0022000736,2020,0,2021-04-01,LAC,DEN,94.0,101.0,3,516,181,Bill Kennedy|Justin Van Duyne|Mark Lindsay,33
0022000737,2020,0,2021-04-02,TOR,GSW,130.0,77.0,3,546,205,Courtney Kirkland|Jenna Schroeder|Nick Buchert,31
0022000738,2020,0,2021-04-02,BOS,HOU,118.0,102.0,2,536,197,Ashley Moyer-Gleich|Ray Acosta|Tony Brown,32
0022000739,2020,0,2021-04-02,NYK,DAL,86.0,99.0,3,501,188,Ben Taylor|Matt Boland|Natalie Sago,26
0022000740,2020,0,2021-04-02,IND,CHA,97.0,114.0,3,600,208,John Conley|Karl Lane|Ken Mauer,35
0022000741,2020,0,2021-04-02,MEM,MIN,120.0,108.0,2,588,200,Brandon Schwab|David Guthrie|Lauren Holtkamp,38
0022000742,2020,0,2021-04-02,NOP,ATL,103.0,126.0,3,564,209,Andy Nagy|Curtis Blair|Scott Wall,37
0022000743,2020,0,2021-04-02,UTA,CHI,113.0,106.0,3,519,196,Marc Davis|Mark Ayotte|Matt Kallio,36
0022000744,2020,0,2021-04-02,PHX,OKC,140.0,103.0,3,540,207,John Butler|Michael Smith|Zach Zarba,34
0022000745,2020,0,2021-04-02,POR,MIL,109.0,127.0,3,602,217,JB DeRosa|Sean Wright|Suyash Mehta,34
0022000746,2020,0,2021-04-02,SAC,LAL,94.0,115.0,3,559,201,James Williams|Leon Wood|Leroy Richardson,31
0022000747,2020,0,2021-04-03,WAS,DAL,87.0,109.0,3,561,191,Brian Forte|Robert Hussey|Scott Foster,39
0022000748,2020,0,2021-04-03,DET,NYK,81.0,125.0,3,537,182,Ed Malloy|Jacyn Goble|Simone Jelks,38
0022000749,2020,0,2021-04-03,MIA,CLE,115.0,101.0,3,518,193,Dannica Mosher|Derek Richardson|Eric Lewis,32
0022000750,2020,0,2021-04-03,PHI,MIN,122.0,113.0,3,579,203,Aaron Smith|Phenizee Ransom|Rodney Mott,45
0022000751,2020,0,2021-04-03,SAS,IND,133.0,139.0,4,600,224,Dedric Taylor|Eric Dalen|Tre Maddox,42
0022000752,2020,0,2021-04-03,UTA,ORL,137.0,91.0,3,539,203,Marc Davis|Matt Kallio|Tom Washington,39
0022000753,2020,0,2021-04-03,POR,OKC,133.0,85.0,3,550,208,Brett Nansel|JB DeRosa|Sean Wright,36
0022000754,2020,0,2021-04-03,SAC,MIL,128.0,129.0,3,573,207,James Williams|Mark Lindsay|Mousa Dagher,31
0022000755,2020,0,2021-04-04,CHI,BKN,115.0,107.0,2,491,192,Curtis Blair|Danielle Scott|Leon Wood,27
0022000756,2020,0,2021-04-04,LAC,LAL,104.0,86.0,3,542,196,Justin Van Duyne|Michael Smith|Zach Zarba,30
0022000757,2020,0,2021-04-04,BOS,CHA,116.0,86.0,3,546,182,Ben Taylor|Matt Boland|Nate Green,32
0022000758,2020,0,2021-04-04,PHI,MEM,100.0,116.0,2,567,197,Andy Nagy|Ashley Moyer-Gleich|Tony Brown,38
0022000759,2020,0,2021-04-04,ATL,GSW,117.0,111.0,3,611,214,Courtney Kirkland|Evan Scott|Scott Twardoski,43
0022000760,2020,0,2021-04-04,HOU,NOP,115.0,122.0,3,597,213,Haywoode Workman|John Goble|Marat Kogut,47
0022000761,2020,0,2021-04-04,DEN,ORL,119.0,109.0,3,541,195,Brandon Schwab|David Guthrie|Mark Ayotte,37
0022000762,2020,0,2021-04-05,BKN,NYK,114.0,112.0,3,579,202,Aaron Smith|Josh Tiven|Ray Acosta,38
0022000763,2020,0,2021-04-05,TOR,WAS,103.0,101.0,3,568,207,Brian Forte|Derek Richardson|Kevin Scott,32
0022000764,2020,0,2021-04-05,DAL,UTA,111.0,103.0,3,520,181,Eric Lewis|Phenizee Ransom|Scott Wall,30
0022000765,2020,0,2021-04-05,MIN,SAC,116.0,106.0,3,584,207,Dedric Taylor|Eric Dalen|Kevin Cutler,34
0022000766,2020,0,2021-04-05,OKC,DET,108.0,132.0,3,586,215,Mark Lindsay|Suyash Mehta|Tre Maddox,37
0022000767,2020,0,2021-04-05,SAS,CLE,101.0,125.0,3,543,199,Ed Malloy|Jacyn Goble|Mousa Dagher,43
0022000768,2020,0,2021-04-05,HOU,PHX,130.0,133.0,3,561,213,John Goble|Marat Kogut|Simone Jelks,45
0022000769,2020,0,2021-04-06,IND,CHI,97.0,113.0,3,566,204,David Guthrie|Matt Boland|Nate Green,27
0022000770,2020,0,2021-04-06,ATL,NOP,123.0,107.0,3,563,201,Brett Nansel|Leon Wood|Tony Brown,35
0022000771,2020,0,2021-04-06,BOS,PHI,96.0,106.0,3,551,189,Ben Taylor|CJ Washington|Tony Brothers,39
0022000772,2020,0,2021-04-06,TOR,LAL,101.0,110.0,3,591,200,Brandon Schwab|Brian Forte|Kevin Scott,39
0022000773,2020,0,2021-04-06,MIA,MEM,112.0,124.0,3,530,192,Curtis Blair|Haywoode Workman|Scott Twardoski,28
0022000774,2020,0,2021-04-06,GSW,MIL,122.0,121.0,3,539,205,Ashley Moyer-Gleich|Marc Davis|Mark Ayotte,30
0022000775,2020,0,2021-04-06,LAC,POR,133.0,116.0,3,572,204,Bennie Adams|James Williams|Michael Smith,46
0022000776,2020,0,2021-04-07,IND,MIN,141.0,137.0,3,587,215,Danielle Scott|Josh Tiven|Scott Wall,42
0022000777,2020,0,2021-04-07,ORL,WAS,116.0,131.0,3,550,197,Curtis Blair|Derek Richardson|Mark Lindsay,32
0022000778,2020,0,2021-04-07,BOS,NYK,101.0,99.0,3,556,195,Dannica Mosher|Sean Corbin|Tony Brothers,32
0022000779,2020,0,2021-04-07,BKN,NOP,139.0,111.0,3,607,211,James Capers|Kevin Cutler|Ray Acosta,42
0022000780,2020,0,2021-04-07,ATL,MEM,113.0,131.0,3,543,202,Brett Nansel|Ed Malloy|Gediminas Petraitis,34
0022000781,2020,0,2021-04-07,OKC,CHA,102.0,113.0,3,564,205,Eric Dalen|Marat Kogut|Zach Zarba,23
0022000782,2020,0,2021-04-07,DEN,SAS,106.0,96.0,3,591,206,JB DeRosa|Justin Van Duyne|Sean Wright,36
0022000783,2020,0,2021-04-07,PHX,UTA,117.0,113.0,4,627,221,Derrick Collins|Eric Lewis|Jonathan Sterling,38
0022000784,2020,0,2021-04-08,MIA,LAL,110.0,104.0,2,586,199,Mitchell Ervin|Scott Twardoski|Tony Brown,41
0022000785,2020,0,2021-04-08,OKC,CLE,102.0,129.0,3,535,205,Eric Dalen|Leon Wood|Rodney Mott,29
0022000786,2020,0,2021-04-08,DAL,MIL,116.0,101.0,3,597,203,Haywoode Workman|Ken Mauer|Natalie Sago,34
0022000787,2020,0,2021-04-08,UTA,POR,122.0,103.0,3,581,200,John Butler|Michael Smith|Pat Fraher,34
0022000788,2020,0,2021-04-08,LAC,PHX,113.0,103.0,3,517,183,Ashley Moyer-Gleich|Karl Lane|Marc Davis,38
0022000789,2020,0,2021-04-08,SAC,DET,101.0,113.0,3,543,206,Bennie Adams|Courtney Kirkland|Nick Buchert,43
0022000790,2020,0,2021-04-09,ORL,IND,106.0,111.0,3,627,212,Kevin Scott|Mark Lindsay|Mousa Dagher,41
0022000791,2020,0,2021-04-09,ATL,CHI,120.0,108.0,3,481,198,Dannica Mosher|Ed Malloy|Scott Wall,29
0022000792,2020,0,2021-04-09,BOS,MIN,145.0,136.0,4,621,227,Jenna Schroeder|Scott Twardoski|Sean Corbin,46
0022000793,2020,0,2021-04-09,NYK,MEM,133.0,129.0,4,628,221,CJ Washington|Gediminas Petraitis|James Capers,47
0022000794,2020,0,2021-04-10,CLE,TOR,115.0,135.0,3,566,213,Brett Nansel|Marc Davis|Matt Boland,31
0022000795,2020,0,2021-04-09,NOP,PHI,101.0,94.0,2,585,215,Bill Kennedy|Dedric Taylor|Derek Richardson,39
0022000796,2020,0,2021-04-09,MIL,CHA,119.0,127.0,3,610,220,Evan Scott|Jacyn Goble|James Williams,30
0022000797,2020,0,2021-04-09,DEN,SAS,121.0,119.0,3,555,201,Eric Lewis|Marat Kogut|Nate Green,40
0022000798,2020,0,2021-04-09,GSW,WAS,107.0,110.0,3,562,207,Derrick Collins|Josh Tiven|Matt Myers,35
0022000799,2020,0,2021-04-09,LAC,HOU,126.0,109.0,3,542,193,Jonathan Sterling|Mark Ayotte|Sean Wright,36
0022000800,2020,0,2021-04-10,BKN,LAL,101.0,126.0,3,575,205,Jason Goldenberg|Tyler Ford|Zach Zarba,38
0022000801,2020,0,2021-04-10,UTA,SAC,128.0,112.0,3,580,206,Michael Smith|Mitchell Ervin|Pat Fraher,39
0022000802,2020,0,2021-04-10,GSW,HOU,125.0,109.0,3,539,209,Derrick Collins|JB DeRosa|Josh Tiven,34
0022000803,2020,0,2021-04-10,PHX,WAS,134.0,106.0,2,522,213,Natalie Sago|Nick Buchert|Rodney Mott,29
0022000804,2020,0,2021-04-10,POR,DET,118.0,103.0,3,562,200,Courtney Kirkland|Justin Van Duyne|Karl Lane,40
0022000805,2020,0,2021-04-11,CHA,ATL,101.0,105.0,3,507,183,Brent Barnaky|James Capers|Phenizee Ransom,22
0022000806,2020,0,2021-04-11,DEN,BOS,87.0,105.0,2,563,187,Bennie Adams|Eric Lewis|Marat Kogut,35
0022000807,2020,0,2021-04-11,CLE,NOP,109.0,116.0,3,542,202,Dedric Taylor|Evan Scott|Kevin Scott,31
0022000808,2020,0,2021-04-11,ORL,MIL,87.0,124.0,3,541,202,Bill Kennedy|Leon Wood|Mousa Dagher,26
0022000809,2020,0,2021-04-11,NYK,TOR,102.0,96.0,3,575,196,Scott Twardoski|Tyler Ford|Zach Zarba,39
0022000810,2020,0,2021-04-11,DAL,SAS,117.0,119.0,3,551,195,Ashley Moyer-Gleich|Mark Lindsay|Tony Brown,38
0022000811,2020,0,2021-04-11,MEM,IND,125.0,132.0,3,575,209,Ed Malloy|Nate Green|Sean Corbin,28
0022000812,2020,0,2021-04-11,MIN,CHI,121.0,117.0,3,570,198,Jacyn Goble|James Williams|Jenna Schroeder,32
0022000813,2020,0,2021-04-11,LAC,DET,131.0,124.0,3,532,194,Jonathan Sterling|Mark Ayotte|Sean Wright,39
0022000814,2020,0,2021-04-11,POR,MIA,98.0,107.0,3,519,191,Courtney Kirkland|Karl Lane|Matt Myers,30
0022000815,2020,0,2021-04-12,NYK,LAL,111.0,96.0,3,578,201,Brian Forte|David Guthrie|Leroy Richardson,33
0022000816,2020,0,2021-04-12,ORL,SAS,97.0,120.0,2,560,196,Andy Nagy|Bill Kennedy|Lauren Holtkamp,39
0022000817,2020,0,2021-04-12,MIN,BKN,97.0,127.0,3,595,213,Brett Nansel|Jacyn Goble|Pat Fraher,41
0022000818,2020,0,2021-04-12,DAL,PHI,95.0,113.0,3,566,194,Ben Taylor|Brandon Adair|Mark Lindsay,40
0022000819,2020,0,2021-04-12,NOP,SAC,117.0,110.0,3,610,217,Aaron Smith|John Butler|Josh Tiven,48
0022000820,2020,0,2021-04-12,UTA,WAS,121.0,125.0,3,597,209,JB DeRosa|Justin Van Duyne|Rodney Mott,43
0022000821,2020,0,2021-04-12,GSW,DEN,116.0,107.0,3,568,207,Derek Richardson|Ken Mauer|Michael Smith,42
0022000822,2020,0,2021-04-12,PHX,HOU,126.0,120.0,3,546,208,Kane Fitzgerald|Natalie Sago|Nick Buchert,31
0022000823,2020,0,2021-04-13,IND,LAC,115.0,126.0,3,560,218,Ashley Moyer-Gleich|Dedric Taylor|Tony Brown,36
0022000824,2020,0,2021-04-13,TOR,ATL,103.0,108.0,3,516,199,John Goble|Mousa Dagher|Tyler Ford,34
0022000825,2020,0,2021-04-13,CHA,LAL,93.0,101.0,3,540,185,Bennie Adams|James Capers|Leon Wood,30
0022000826,2020,0,2021-04-13,UTA,OKC,106.0,96.0,3,575,197,Gediminas Petraitis|Justin Van Duyne|Sean Corbin,35
0022000827,2020,0,2021-04-13,PHX,MIA,106.0,86.0,3,554,198,Jonathan Sterling|Kane Fitzgerald|Karl Lane,33
0022000828,2020,0,2021-04-13,POR,BOS,115.0,116.0,3,558,201,Derrick Collins|Eric Lewis|Ray Acosta,38
0022000829,2020,0,2021-04-14,CHA,CLE,90.0,103.0,3,539,185,Bill Kennedy|Brent Barnaky|Jenna Schroeder,28
0022000830,2020,0,2021-04-14,PHI,BKN,123.0,117.0,3,547,206,Brian Forte|David Guthrie|Haywoode Workman,39
0022000831,2020,0,2021-04-14,TOR,SAS,117.0,112.0,3,571,203,John Goble|Mark Lindsay|Mousa Dagher,37
0022000832,2020,0,2021-04-14,DET,LAC,98.0,100.0,3,563,194,Eric Dalen|Leroy Richardson|Tony Brothers,35
0022000833,2020,0,2021-04-14,CHI,ORL,106.0,115.0,3,529,183,Ashley Moyer-Gleich|Courtney Kirkland|Simone Jelks,30
0022000834,2020,0,2021-04-14,MIN,MIL,105.0,130.0,3,632,226,Brett Nansel|JB DeRosa|Kevin Scott,36
0022000835,2020,0,2021-04-14,NOP,NYK,106.0,116.0,3,508,193,Brandon Adair|James Williams|Mitchell Ervin,28
0022000836,2020,0,2021-04-14,OKC,GSW,109.0,147.0,3,582,215,Aaron Smith|Ben Taylor|Nate Green,36
0022000837,2020,0,2021-04-14,MEM,DAL,113.0,114.0,3,520,194,Evan Scott|Kevin Cutler|Tre Maddox,33
0022000838,2020,0,2021-04-14,DEN,MIA,123.0,106.0,3,493,182,Matt Myers|Nick Buchert|Pat Fraher,30
0022000839,2020,0,2021-04-14,SAC,WAS,111.0,123.0,3,598,226,Ken Mauer|Michael Smith|Natalie Sago,35
0022000840,2020,0,2021-04-15,ATL,MIL,109.0,120.0,3,548,196,James Capers|Scott Wall|Tyler Ford,29
0022000841,2020,0,2021-04-15,CLE,GSW,101.0,119.0,3,557,201,Bennie Adams|Leon Wood|Zach Zarba,41
0022000842,2020,0,2021-04-15,LAL,BOS,113.0,121.0,3,551,204,Karl Lane|Ray Acosta|Scott Foster,29
0022000843,2020,0,2021-04-15,PHX,SAC,122.0,114.0,3,496,191,Gediminas Petraitis|Justin Van Duyne|Sean Corbin,28
0022000844,2020,0,2021-04-16,UTA,IND,119.0,111.0,3,576,215,Natalie Sago|Nick Buchert|Pat Fraher,35
0022000845,2020,0,2021-04-16,DET,OKC,110.0,104.0,3,638,220,Brett Nansel|Dedric Taylor|Kevin Scott,42
0022000846,2020,0,2021-04-16,PHI,LAC,106.0,103.0,3,581,192,Curtis Blair|John Goble|Scott Twardoski,39
0022000847,2020,0,2021-04-16,WAS,NOP,117.0,115.0,4,631,233,Leroy Richardson|Marc Davis|Mark Lindsay,45
0022000848,2020,0,2021-04-16,BKN,CHA,130.0,115.0,3,540,205,Bill Kennedy|Lauren Holtkamp|Tom Washington,33
0022000849,2020,0,2021-04-16,TOR,ORL,113.0,102.0,1,539,194,Brent Barnaky|Haywoode Workman|Tre Maddox,36
0022000850,2020,0,2021-04-16,CHI,MEM,115.0,126.0,3,557,197,Brian Forte|Eric Dalen|Kane Fitzgerald,35
0022000851,2020,0,2021-04-16,HOU,DEN,99.0,128.0,3,534,199,Aaron Smith|Brandon Adair|Ken Mauer,33
0022000852,2020,0,2021-04-16,MIN,MIA,119.0,111.0,3,574,198,JB DeRosa|Mitchell Ervin|Tony Brothers,46
0022000853,2020,0,2021-04-16,SAS,POR,106.0,107.0,3,528,193,Eric Lewis|Jonathan Sterling|Michael Smith,23
0022000854,2020,0,2021-04-16,DAL,NYK,109.0,117.0,3,554,194,Derrick Collins|Jacyn Goble|Josh Tiven,37
0022000855,2020,0,2021-04-17,LAL,UTA,127.0,115.0,4,599,216,Karl Lane|Matt Boland|Scott Foster,31
0022000856,2020,0,2021-04-17,WAS,DET,121.0,100.0,3,581,208,Ed Malloy|Jenna Schroeder|Leon Wood,37
0022000857,2020,0,2021-04-17,CHI,CLE,106.0,96.0,3,471,184,Brian Forte|Eric Dalen|Kane Fitzgerald,21
0022000858,2020,0,2021-04-17,BOS,GSW,119.0,114.0,3,557,197,James Capers|Scott Wall|Tyler Ford,35
0022000859,2020,0,2021-04-17,MIL,MEM,115.0,128.0,3,571,207,Bennie Adams|David Guthrie|Marat Kogut,24
0022000860,2020,0,2021-04-17,PHX,SAS,85.0,111.0,3,547,194,Gediminas Petraitis|Ray Acosta|Sean Corbin,29
0022000861,2020,0,2021-04-18,ATL,IND,129.0,117.0,3,559,210,Lauren Holtkamp|Michael Smith|Tony Brothers,45
0022000862,2020,0,2021-04-18,NYK,NOP,122.0,112.0,4,627,214,Bill Kennedy|Curtis Blair|JB DeRosa,39
0022000863,2020,0,2021-04-18,MIA,BKN,109.0,107.0,3,531,193,CJ Washington|Derrick Collins|Marc Davis,30
0022000864,2020,0,2021-04-18,ORL,HOU,110.0,114.0,3,555,202,Brent Barnaky|Eric Lewis|Leroy Richardson,39
0022000865,2020,0,2021-04-18,TOR,OKC,112.0,106.0,1,566,204,Jonathan Sterling|Tom Washington|Tre Maddox,29
0022000866,2020,0,2021-04-18,DAL,SAC,107.0,121.0,3,555,199,Josh Tiven|Mark Ayotte|Scott Twardoski,35
0022000867,2020,0,2021-04-18,LAC,MIN,124.0,105.0,3,558,204,Derek Richardson|Nick Buchert|Pat Fraher,42
0022000868,2020,0,2021-04-19,DET,CLE,109.0,105.0,3,570,202,Karl Lane|Kevin Scott|Scott Wall,39
0022000869,2020,0,2021-04-19,BOS,CHI,96.0,102.0,2,533,193,Andy Nagy|James Capers|Tyler Ford,24
0022000870,2020,0,2021-04-19,PHI,GSW,96.0,107.0,3,572,201,Brandon Adair|Courtney Kirkland|Mitchell Ervin,36
0022000871,2020,0,2021-04-19,MIA,HOU,113.0,91.0,3,513,196,Derrick Collins|Evan Scott|Marc Davis,23
0022000872,2020,0,2021-04-19,WAS,OKC,119.0,107.0,3,591,212,Eric Dalen|John Butler|Sean Wright,39
0022000873,2020,0,2021-04-19,MIL,PHX,127.0,128.0,4,607,227,Ashley Moyer-Gleich|Curtis Blair|Rodney Mott,29
0022000874,2020,0,2021-04-19,DEN,MEM,139.0,137.0,5,654,246,Brian Forte|Phenizee Ransom|Sean Corbin,38
0022000875,2020,0,2021-04-19,LAL,UTA,97.0,111.0,2,500,188,Ed Malloy|Gediminas Petraitis|Ray Acosta,30
0022000876,2020,0,2021-04-20,ATL,ORL,112.0,96.0,3,597,204,CJ Washington|Lauren Holtkamp|Tre Maddox,40
0022000877,2020,0,2021-04-20,NYK,CHA,109.0,97.0,3,472,179,Bill Kennedy|Brandon Adair|Mark Ayotte,20
0022000878,2020,0,2021-04-20,NOP,BKN,129.0,134.0,2,578,211,Dedric Taylor|John Goble|Leroy Richardson,41
0022000879,2020,0,2021-04-20,POR,LAC,112.0,113.0,3,535,190,Matt Boland|Nick Buchert|Scott Foster,30
0022000880,2020,0,2021-04-20,SAC,MIN,120.0,134.0,2,558,208,Aaron Smith|Derek Richardson|Ed Malloy,31
0022000881,2020,0,2021-04-21,CLE,CHI,121.0,105.0,3,565,199,Jonathan Sterling|Nate Green|Sean Wright,38
0022000882,2020,0,2021-04-21,IND,OKC,122.0,116.0,3,592,214,Curtis Blair|Haywoode Workman|Rodney Mott,32
0022000883,2020,0,2021-04-21,PHI,PHX,113.0,116.0,3,545,182,James Capers|Jenna Schroeder|Tyler Ford,38
0022000884,2020,0,2021-04-21,TOR,BKN,114.0,103.0,2,555,203,Andy Nagy|Courtney Kirkland|Mitchell Ervin,34
0022000885,2020,0,2021-04-21,WAS,GSW,118.0,114.0,3,642,231,Eric Dalen|Evan Scott|Kane Fitzgerald,36
0022000886,2020,0,2021-04-21,NYK,ATL,137.0,127.0,4,584,219,Josh Tiven|Mark Ayotte|Matt Myers,35
0022000887,2020,0,2021-04-21,HOU,UTA,89.0,112.0,3,552,206,Derrick Collins|Karl Lane|Mousa Dagher,33
0022000888,2020,0,2021-04-21,SAS,MIA,87.0,107.0,3,532,183,Ben Taylor|Justin Van Duyne|Natalie Sago,31
0022000889,2020,0,2021-04-21,LAC,MEM,117.0,105.0,3,578,190,Gediminas Petraitis|Kevin Cutler|Ray Acosta,40
0022000890,2020,0,2021-04-21,POR,DEN,105.0,106.0,2,512,185,Brian Forte|Matt Boland|Nick Buchert,28
0022000891,2020,0,2021-04-21,SAC,MIN,128.0,125.0,3,527,202,Aaron Smith|Ashley Moyer-Gleich|Sean Corbin,39
0022000892,2020,0,2021-04-22,BOS,PHX,99.0,86.0,3,542,197,Bill Kennedy|Brandon Adair|Jacyn Goble,28
0022000893,2020,0,2021-04-22,ORL,NOP,100.0,135.0,3,532,203,Andy Nagy|Courtney Kirkland|Scott Wall,32
0022000894,2020,0,2021-04-22,MIL,PHI,124.0,117.0,3,547,204,Brett Nansel|Kevin Scott|Mark Lindsay,32
0022000895,2020,0,2021-04-22,SAS,DET,106.0,91.0,3,533,188,Ben Taylor|John Goble|Justin Van Duyne,37
0022000896,2020,0,2021-04-22,CHI,CHA,108.0,91.0,3,510,192,Josh Tiven|Leroy Richardson|Mitchell Ervin,29
0022000897,2020,0,2021-04-22,DAL,LAL,115.0,110.0,3,581,200,Derek Richardson|Derrick Collins|Ken Mauer,38
0022000898,2020,0,2021-04-23,ATL,MIA,118.0,103.0,3,508,186,Curtis Blair|Mousa Dagher|Rodney Mott,31
0022000899,2020,0,2021-04-23,BKN,BOS,109.0,104.0,3,628,208,Brent Barnaky|Kane Fitzgerald|Mark Ayotte,34
0022000900,2020,0,2021-04-23,CHA,CLE,108.0,102.0,3,531,181,Eric Dalen|Matt Myers|Tony Brown,34
0022000901,2020,0,2021-04-23,HOU,LAC,104.0,109.0,3,566,210,Kevin Cutler|Marc Davis|Simone Jelks,35
0022000902,2020,0,2021-04-23,OKC,WAS,109.0,129.0,3,610,213,Gediminas Petraitis|Phenizee Ransom|Sean Wright,33
0022000903,2020,0,2021-04-23,GSW,DEN,118.0,97.0,3,551,198,Aaron Smith|Matt Boland|Zach Zarba,29
0022000904,2020,0,2021-04-24,NYK,TOR,120.0,103.0,3,476,192,James Capers|Justin Van Duyne|Michael Smith,33
0022000905,2020,0,2021-04-24,MIL,PHI,132.0,94.0,3,622,208,Jacyn Goble|Mark Lindsay|Tony Brothers,44
0022000906,2020,0,2021-04-24,IND,DET,115.0,109.0,3,624,212,James Williams|Nate Green|Ray Acosta,45
0022000907,2020,0,2021-04-24,MIA,CHI,106.0,101.0,2,516,194,Courtney Kirkland|Jenna Schroeder|Mitchell Ervin,30
0022000908,2020,0,2021-04-24,DAL,LAL,108.0,93.0,3,542,192,Ben Taylor|JB DeRosa|John Goble,35
0022000909,2020,0,2021-04-24,UTA,MIN,96.0,101.0,2,579,199,Bill Kennedy|Derek Richardson|Scott Twardoski,36
0022000910,2020,0,2021-04-24,DEN,HOU,129.0,116.0,3,498,210,Brett Nansel|Eric Lewis|Leon Wood,35
0022000911,2020,0,2021-04-25,CHA,BOS,125.0,104.0,3,580,199,Eric Dalen|Matt Myers|Sean Corbin,30
0022000912,2020,0,2021-04-25,BKN,PHX,128.0,119.0,3,546,196,Brent Barnaky|Kane Fitzgerald|Kevin Cutler,39
0022000913,2020,0,2021-04-25,ATL,MIL,111.0,104.0,3,544,201,Curtis Blair|Rodney Mott|Simone Jelks,36
0022000914,2020,0,2021-04-25,ORL,IND,112.0,131.0,3,571,210,Andy Nagy|Marc Davis|Mark Ayotte,32
0022000915,2020,0,2021-04-25,GSW,SAC,117.0,113.0,3,552,203,Brian Forte|Matt Boland|Zach Zarba,27
0022000916,2020,0,2021-04-26,DET,ATL,100.0,86.0,3,529,198,Ben Taylor|Brett Nansel|Ray Acosta,28
0022000917,2020,0,2021-04-26,ORL,LAL,103.0,114.0,3,504,186,Marc Davis|Natalie Sago|Robert Hussey,34
0022000918,2020,0,2021-04-26,PHI,OKC,121.0,90.0,3,582,208,Dannica Mosher|Gediminas Petraitis|Ken Mauer,31
0022000919,2020,0,2021-04-26,WAS,SAS,143.0,146.0,4,621,219,Jacyn Goble|James Williams|John Conley,41
0022000920,2020,0,2021-04-26,NYK,PHX,110.0,118.0,3,475,189,Justin Van Duyne|Kevin Cutler|Sean Wright,31
0022000921,2020,0,2021-04-26,TOR,CLE,112.0,96.0,3,492,192,Brandon Schwab|Courtney Kirkland|JB DeRosa,31
0022000922,2020,0,2021-04-26,MIA,CHI,102.0,110.0,3,537,191,Andy Nagy|Pat Fraher|Tom Washington,37
0022000923,2020,0,2021-04-26,MIN,UTA,105.0,104.0,3,580,197,Danielle Scott|Mark Lindsay|Tony Brothers,38
0022000924,2020,0,2021-04-26,NOP,LAC,120.0,103.0,3,545,205,Jason Goldenberg|John Goble|Marat Kogut,40
0022000925,2020,0,2021-04-26,DEN,MEM,120.0,96.0,3,574,211,Eric Lewis|Leon Wood|Nate Green,40
0022000926,2020,0,2021-04-26,SAC,DAL,113.0,106.0,3,510,193,Derek Richardson|Scott Twardoski|Zach Zarba,26
0022000927,2020,0,2021-04-27,BOS,OKC,115.0,119.0,3,666,227,Eric Dalen|James Williams|Phenizee Ransom,44
0022000928,2020,0,2021-04-27,CHA,MIL,104.0,114.0,3,602,211,Jonathan Sterling|Mark Ayotte|Sean Wright,36
0022000929,2020,0,2021-04-27,IND,POR,112.0,133.0,3,567,213,Brent Barnaky|Curtis Blair|Mousa Dagher,35
0022000930,2020,0,2021-04-27,TOR,BKN,103.0,116.0,3,547,193,Karl Lane|Robert Hussey|Rodney Mott,37
0022000931,2020,0,2021-04-27,HOU,MIN,107.0,114.0,2,567,213,Haywoode Workman|Matt Boland|Michael Smith,37
0022000932,2020,0,2021-04-27,GSW,DAL,103.0,133.0,3,539,210,Ashley Moyer-Gleich|Brian Forte|Ed Malloy,35
0022000933,2020,0,2021-04-28,CLE,ORL,104.0,109.0,3,554,203,Dannica Mosher|Marat Kogut|Mark Lindsay,35
0022000934,2020,0,2021-04-28,PHI,ATL,127.0,83.0,3,551,185,Jacyn Goble|John Conley|Marc Davis,39
0022000935,2020,0,2021-04-28,WAS,LAL,116.0,107.0,2,560,206,Matt Myers|Pat Fraher|Scott Wall,37
0022000936,2020,0,2021-04-28,BOS,CHA,120.0,111.0,3,583,196,Ben Taylor|Brett Nansel|JB DeRosa,40
0022000937,2020,0,2021-04-28,NYK,CHI,113.0,94.0,3,517,188,Courtney Kirkland|John Butler|Kevin Cutler,27
0022000938,2020,0,2021-04-28,MIA,SAS,116.0,111.0,3,535,198,Dedric Taylor|Kevin Scott|Ray Acosta,39
0022000939,2020,0,2021-04-28,MEM,POR,109.0,130.0,3,572,209,John Goble|Matt Kallio|Tom Washington,40
0022000940,2020,0,2021-04-28,DEN,NOP,114.0,112.0,3,573,219,Nate Green|Scott Twardoski|Tony Brothers,39
0022000941,2020,0,2021-04-28,PHX,LAC,109.0,101.0,3,498,183,Derrick Collins|Jason Goldenberg|Zach Zarba,24
0022000942,2020,0,2021-04-28,SAC,UTA,105.0,154.0,3,531,205,Danielle Scott|Josh Tiven|Leon Wood,31
0022000943,2020,0,2021-04-29,DET,DAL,105.0,115.0,3,548,201,Eric Lewis|Mousa Dagher|Nick Buchert,39
0022000944,2020,0,2021-04-29,IND,BKN,113.0,130.0,3,548,209,Brandon Adair|Curtis Blair|Phenizee Ransom,40
0022000945,2020,0,2021-04-29,HOU,MIL,143.0,136.0,3,594,221,Ed Malloy|Haywoode Workman|Karl Lane,38
0022000946,2020,0,2021-04-29,MIN,GSW,126.0,114.0,3,564,202,Eric Dalen|Jonathan Sterling|Ken Mauer,40
0022000947,2020,0,2021-04-29,OKC,NOP,95.0,109.0,3,590,214,James Williams|Leroy Richardson|Mark Ayotte,36
0022000948,2020,0,2021-04-29,DEN,TOR,121.0,111.0,3,551,198,Ashley Moyer-Gleich|Michael Smith|Tony Brothers,32
0022000949,2020,0,2021-04-30,PHI,ATL,126.0,104.0,3,577,202,Dedric Taylor|John Goble|Matt Myers,42
0022000950,2020,0,2021-04-30,BOS,SAS,143.0,140.0,4,659,223,John Butler|Rodney Mott|Scott Wall,50
0022000951,2020,0,2021-04-30,CLE,WAS,93.0,122.0,3,599,212,CJ Washington|Jacyn Goble|Marc Davis,35
0022000952,2020,0,2021-04-30,BKN,POR,109.0,128.0,2,543,203,Pat Fraher|Ray Acosta|Tyler Ford,31
0022000953,2020,0,2021-04-30,MEM,ORL,92.0,75.0,3,603,201,James Capers|Matt Kallio|Scott Twardoski,30
0022000954,2020,0,2021-04-30,CHI,MIL,98.0,108.0,3,594,205,Brett Nansel|Matt Boland|Sean Wright,35
0022000955,2020,0,2021-04-30,PHX,UTA,121.0,100.0,3,520,193,Jason Goldenberg|Leon Wood|Zach Zarba,30
0022000956,2020,0,2021-04-30,LAL,SAC,106.0,110.0,3,546,200,Derrick Collins|Josh Tiven|Nate Green,30
0022000957,2020,0,2021-05-01,CHA,DET,107.0,94.0,3,566,191,Curtis Blair|Natalie Sago|Phenizee Ransom,29
0022000958,2020,0,2021-05-01,HOU,GSW,87.0,113.0,3,550,216,Aaron Smith|Brandon Adair|Courtney Kirkland,32
0022000959,2020,0,2021-05-01,ATL,CHI,108.0,97.0,3,540,195,Dannica Mosher|Kane Fitzgerald|Kevin Cutler,39
0022000960,2020,0,2021-05-01,CLE,MIA,107.0,124.0,2,485,186,Eric Dalen|Ken Mauer|Mousa Dagher,28
0022000961,2020,0,2021-05-01,ORL,MEM,112.0,111.0,3,589,203,Ed Malloy|Evan Scott|Lauren Holtkamp,35
0022000962,2020,0,2021-05-01,MIN,NOP,136.0,140.0,4,667,242,Ashley Moyer-Gleich|JB DeRosa|James Williams,48
0022000963,2020,0,2021-05-01,OKC,IND,95.0,152.0,3,574,221,Eric Lewis|Haywoode Workman|Karl Lane,34
0022000964,2020,0,2021-05-01,DAL,WAS,125.0,124.0,3,563,199,Jonathan Sterling|Kevin Scott|Nick Buchert,43
0022000965,2020,0,2021-05-01,UTA,TOR,106.0,102.0,3,516,196,Bennie Adams|Michael Smith|Tony Brothers,28
0022000966,2020,0,2021-05-01,LAC,DEN,104.0,110.0,3,522,179,Josh Tiven|Justin Van Duyne|Mark Ayotte,40
0022000967,2020,0,2021-05-02,MIL,BKN,117.0,114.0,3,572,206,Derek Richardson|John Goble|Sean Corbin,26
0022000968,2020,0,2021-05-02,BOS,POR,119.0,129.0,3,541,204,Andy Nagy|Gediminas Petraitis|Sean Wright,33
0022000969,2020,0,2021-05-02,CHA,MIA,111.0,121.0,3,556,196,Ed Malloy|Phenizee Ransom|Scott Twardoski,40
0022000970,2020,0,2021-05-02,DAL,SAC,99.0,111.0,3,566,194,CJ Washington|Matt Boland|Rodney Mott,36
0022000971,2020,0,2021-05-02,HOU,NYK,97.0,122.0,3,508,201,Aaron Smith|Brandon Adair|Courtney Kirkland,33
0022000972,2020,0,2021-05-02,OKC,PHX,120.0,123.0,3,557,202,Karl Lane|Nate Green|Pat Fraher,36
0022000973,2020,0,2021-05-02,SAS,PHI,111.0,113.0,4,604,210,Brett Nansel|James Capers|Scott Wall,40
0022000974,2020,0,2021-05-02,LAL,TOR,114.0,121.0,3,605,207,Derrick Collins|Jason Goldenberg|Zach Zarba,45
0022000975,2020,0,2021-05-03,DET,ORL,112.0,119.0,2,519,199,Brent Barnaky|Haywoode Workman|James Williams,34
0022000976,2020,0,2021-05-03,WAS,IND,154.0,141.0,3,598,240,JB DeRosa|Ken Mauer|Suyash Mehta,33
0022000977,2020,0,2021-05-03,NOP,GSW,108.0,123.0,3,570,214,Eric Lewis|Justin Van Duyne|Tyler Ford,30
0022000978,2020,0,2021-05-03,ATL,POR,123.0,114.0,3,517,198,Kane Fitzgerald|Lauren Holtkamp|Nick Buchert,32
0022000979,2020,0,2021-05-03,CHI,PHI,94.0,106.0,2,508,192,Dedric Taylor|Evan Scott|Marc Davis,27
0022000980,2020,0,2021-05-03,MEM,NYK,104.0,118.0,3,549,196,Leon Wood|Leroy Richardson|Tony Brothers,34
0022000981,2020,0,2021-05-03,UTA,SAS,110.0,99.0,2,555,195,Ashley Moyer-Gleich|Josh Tiven|Michael Smith,22
0022000982,2020,0,2021-05-03,LAL,DEN,93.0,89.0,3,538,190,Jason Goldenberg|Mark Ayotte|Zach Zarba,40
0022000983,2020,0,2021-05-04,CLE,PHX,118.0,134.0,4,586,212,JB DeRosa|Kevin Scott|Scott Twardoski,36
0022000984,2020,0,2021-05-04,DET,CHA,99.0,102.0,3,616,189,Brandon Adair|Derek Richardson|Mark Lindsay,41
0022000985,2020,0,2021-05-04,MIL,BKN,124.0,118.0,3,614,207,John Goble|Scott Wall|Tom Washington,42
0022000986,2020,0,2021-05-04,MIA,DAL,113.0,127.0,3,535,193,Brian Forte|Ed Malloy|Suyash Mehta,31
0022000987,2020,0,2021-05-04,NOP,GSW,108.0,103.0,3,570,211,Gediminas Petraitis|Jenna Schroeder|Rodney Mott,23
0022000988,2020,0,2021-05-04,OKC,SAC,99.0,103.0,3,584,203,Aaron Smith|Jonathan Sterling|Pat Fraher,30
0022000989,2020,0,2021-05-04,LAC,TOR,105.0,100.0,3,499,194,CJ Washington|Derrick Collins|James Capers,27
0022000990,2020,0,2021-05-05,ORL,BOS,96.0,132.0,3,543,208,Kane Fitzgerald|Leroy Richardson|Nick Buchert,31
0022000991,2020,0,2021-05-05,CLE,POR,105.0,141.0,3,557,203,John Butler|Scott Twardoski|Sean Corbin,38
0022000992,2020,0,2021-05-05,ATL,PHX,135.0,103.0,3,504,191,Ken Mauer|Ray Acosta|Simone Jelks,35
0022000993,2020,0,2021-05-05,IND,SAC,93.0,104.0,3,554,204,Brent Barnaky|James Williams|Lauren Holtkamp,25
0022000994,2020,0,2021-05-05,HOU,PHI,115.0,135.0,3,514,205,Justin Van Duyne|Leon Wood|Zach Zarba,31
0022000995,2020,0,2021-05-05,DEN,NYK,113.0,97.0,3,620,208,Ashley Moyer-Gleich|Josh Tiven|Michael Smith,46
0022000996,2020,0,2021-05-05,UTA,SAS,126.0,94.0,3,535,200,Eric Lewis|Jason Goldenberg|Tyler Ford,32
0022000997,2020,0,2021-05-06,TOR,WAS,129.0,131.0,4,700,222,Gediminas Petraitis|Kane Fitzgerald|Matt Myers,48
0022000998,2020,0,2021-05-06,DAL,BKN,113.0,109.0,3,583,211,Brandon Adair|Brian Forte|Ed Malloy,32
0022000999,2020,0,2021-05-06,DET,MEM,111.0,97.0,3,508,191,Aaron Smith|Scott Wall|Tom Washington,30
0022001000,2020,0,2021-05-06,IND,ATL,133.0,126.0,3,521,207,Derek Richardson|James Williams|Suyash Mehta,34
0022001001,2020,0,2021-05-06,GSW,OKC,118.0,97.0,3,519,202,CJ Washington|Derrick Collins|Kevin Scott,32
0022001002,2020,0,2021-05-06,LAC,LAL,118.0,94.0,2,557,197,James Capers|Jonathan Sterling|Mark Lindsay,41
0022001003,2020,0,2021-05-07,PHI,NOP,109.0,107.0,3,575,204,Lauren Holtkamp|Scott Foster|Scott Twardoski,37
0022001004,2020,0,2021-05-07,CHA,ORL,122.0,112.0,3,588,206,Brent Barnaky|Simone Jelks|Zach Zarba,44
0022001005,2020,0,2021-05-07,MIA,MIN,121.0,112.0,3,575,206,Justin Van Duyne|Nick Buchert|Sean Corbin,41
0022001006,2020,0,2021-05-07,MIL,HOU,141.0,133.0,3,574,226,Dedric Taylor|Evan Scott|Josh Tiven,29
0022001007,2020,0,2021-05-07,DAL,CLE,110.0,90.0,2,532,190,Brandon Adair|Marat Kogut|Pat Fraher,38
0022001008,2020,0,2021-05-07,UTA,DEN,127.0,120.0,3,558,197,Marc Davis|Natalie Sago|Tyler Ford,36
0022001009,2020,0,2021-05-07,PHX,NYK,128.0,105.0,3,546,205,Brett Nansel|Eric Lewis|Kevin Cutler,39
0022001010,2020,0,2021-05-07,POR,LAL,106.0,101.0,3,547,200,Curtis Blair|Ray Acosta|Rodney Mott,36
0022001011,2020,0,2021-05-07,SAC,SAS,104.0,113.0,3,538,206,Ashley Moyer-Gleich|Derrick Collins|Eric Dalen,29
0022001012,2020,0,2021-05-08,IND,WAS,132.0,133.0,4,674,244,Derek Richardson|Haywoode Workman|Tom Washington,43
0022001013,2020,0,2021-05-08,PHI,DET,118.0,104.0,3,526,199,Aaron Smith|Ed Malloy|Matt Boland,38
0022001014,2020,0,2021-05-08,TOR,MEM,99.0,109.0,3,570,202,Gediminas Petraitis|Kane Fitzgerald|Suyash Mehta,40
0022001015,2020,0,2021-05-08,DEN,BKN,119.0,125.0,3,547,200,Brian Forte|Mousa Dagher|Sean Wright,44
0022001016,2020,0,2021-05-08,UTA,HOU,124.0,116.0,3,546,210,Andy Nagy|Jonathan Sterling|Marc Davis,25
0022001017,2020,0,2021-05-08,GSW,OKC,136.0,97.0,3,506,211,John Butler|Kevin Scott|Mark Lindsay,28
0022001018,2020,0,2021-05-08,POR,SAS,124.0,102.0,3,583,202,CJ Washington|Curtis Blair|James Capers,38
0022001019,2020,0,2021-05-09,LAC,NYK,100.0,106.0,3,468,194,Eric Lewis|Kevin Cutler|Ray Acosta,27
0022001020,2020,0,2021-05-09,CHA,NOP,110.0,112.0,3,633,208,Brent Barnaky|Justin Van Duyne|Zach Zarba,33
0022001021,2020,0,2021-05-09,CLE,DAL,97.0,124.0,3,558,198,Bennie Adams|David Guthrie|Michael Smith,33
0022001022,2020,0,2021-05-09,ORL,MIN,96.0,128.0,3,561,206,Marat Kogut|Matt Myers|Sean Corbin,34
0022001023,2020,0,2021-05-09,DET,CHI,96.0,108.0,3,505,193,Josh Tiven|Nate Green|Nick Buchert,32
0022001024,2020,0,2021-05-09,LAL,PHX,123.0,110.0,3,566,199,Natalie Sago|Pat Fraher|Tyler Ford,49
0022001025,2020,0,2021-05-09,SAC,OKC,126.0,98.0,3,568,204,Courtney Kirkland|Eric Dalen|Mitchell Ervin,37
0022001026,2020,0,2021-05-10,ATL,WAS,125.0,124.0,3,556,214,Gediminas Petraitis|Simone Jelks|Tom Washington,34
0022001027,2020,0,2021-05-10,CLE,IND,102.0,111.0,3,546,197,Andy Nagy|Brian Forte|Mark Ayotte,32
0022001028,2020,0,2021-05-10,MEM,NOP,115.0,110.0,3,603,200,Brandon Adair|CJ Washington|Marc Davis,34
0022001029,2020,0,2021-05-10,SAS,MIL,146.0,125.0,3,557,212,Derek Richardson|Matt Boland|Sean Wright,28
0022001030,2020,0,2021-05-10,GSW,UTA,119.0,116.0,3,581,203,Curtis Blair|James Capers|Mark Lindsay,38
0022001031,2020,0,2021-05-10,POR,HOU,140.0,129.0,3,558,212,Derrick Collins|Jonathan Sterling|Kevin Scott,41
0022001032,2020,0,2021-05-11,BOS,MIA,121.0,129.0,3,520,202,Brent Barnaky|David Guthrie|Marat Kogut,36
0022001033,2020,0,2021-05-11,DET,MIN,100.0,119.0,2,580,217,Haywoode Workman|JB DeRosa|Ken Mauer,39
0022001034,2020,0,2021-05-11,TOR,LAC,96.0,115.0,3,541,194,Aaron Smith|Suyash Mehta|Tony Brothers,38
0022001035,2020,0,2021-05-11,IND,PHI,103.0,94.0,2,509,188,Josh Tiven|Michael Smith|Nate Green,30
0022001036,2020,0,2021-05-11,CHI,BKN,107.0,115.0,3,581,192,Justin Van Duyne|Kane Fitzgerald|Scott Twardoski,38
0022001037,2020,0,2021-05-11,MEM,DAL,133.0,104.0,3,527,191,Bennie Adams|Kevin Cutler|Pat Fraher,31
0022001038,2020,0,2021-05-11,MIL,ORL,114.0,102.0,3,594,210,Nick Buchert|Phenizee Ransom|Sean Corbin,31
0022001039,2020,0,2021-05-11,GSW,PHX,122.0,116.0,3,514,187,Eric Lewis|Mitchell Ervin|Ray Acosta,37
0022001040,2020,0,2021-05-11,SAC,OKC,122.0,106.0,3,573,208,John Butler|Natalie Sago|Tyler Ford,37
0022001041,2020,0,2021-05-11,LAL,NYK,101.0,99.0,4,559,207,Courtney Kirkland|Eric Dalen|Leon Wood,37
0022001042,2020,0,2021-05-12,ATL,WAS,120.0,116.0,3,564,215,Brandon Adair|Karl Lane|Marc Davis,39
0022001043,2020,0,2021-05-12,BKN,SAS,128.0,116.0,3,580,201,Jacyn Goble|Scott Foster|Tom Washington,36
0022001044,2020,0,2021-05-12,CLE,BOS,102.0,94.0,3,574,200,Brian Forte|Jason Goldenberg|Mark Ayotte,34
0022001045,2020,0,2021-05-12,UTA,POR,98.0,105.0,3,561,184,James Capers|Mark Lindsay|Mousa Dagher,38
0022001046,2020,0,2021-05-12,LAL,HOU,124.0,122.0,3,555,203,Curtis Blair|Eric Dalen|John Goble,37
0022001047,2020,0,2021-05-13,CHA,LAC,90.0,113.0,3,510,190,Bennie Adams|Dedric Taylor|Pat Fraher,30
0022001048,2020,0,2021-05-13,IND,MIL,133.0,142.0,3,567,220,Ashley Moyer-Gleich|Kane Fitzgerald|Marat Kogut,31
0022001049,2020,0,2021-05-13,ATL,ORL,116.0,93.0,2,539,196,Aaron Smith|Brandon Adair|Kevin Cutler,30
0022001050,2020,0,2021-05-13,MIA,PHI,106.0,94.0,2,494,180,Lauren Holtkamp|Sean Corbin|Tony Brothers,27
0022001051,2020,0,2021-05-13,CHI,TOR,114.0,102.0,3,501,199,James Williams|Justin Van Duyne|Scott Twardoski,27
0022001052,2020,0,2021-05-13,MIN,DEN,103.0,114.0,2,545,199,Brent Barnaky|Haywoode Workman|Kevin Scott,35
0022001053,2020,0,2021-05-13,PHX,POR,118.0,117.0,3,519,200,Courtney Kirkland|Derek Richardson|Tyler Ford,32
0022001054,2020,0,2021-05-14,DET,DEN,91.0,104.0,3,493,188,Jacyn Goble|Marc Davis|Mark Ayotte,29
0022001055,2020,0,2021-05-14,PHI,ORL,122.0,97.0,2,544,193,Brian Forte|David Guthrie|Nate Green,38
0022001056,2020,0,2021-05-14,OKC,UTA,93.0,109.0,3,556,202,Leon Wood|Matt Boland|Rodney Mott,35
0022001057,2020,0,2021-05-14,DAL,TOR,114.0,110.0,3,538,198,Curtis Blair|James Capers|Mousa Dagher,32
0022001058,2020,0,2021-05-14,HOU,LAC,122.0,115.0,3,525,207,Jason Goldenberg|Scott Foster|Tom Washington,30
0022001059,2020,0,2021-05-14,GSW,NOP,125.0,122.0,3,572,211,Eric Dalen|John Goble|Mitchell Ervin,43
0022001060,2020,0,2021-05-15,BKN,CHI,105.0,91.0,2,560,191,Ashley Moyer-Gleich|Scott Wall|Zach Zarba,28
0022001061,2020,0,2021-05-15,IND,LAL,115.0,122.0,3,568,203,Dedric Taylor|Gediminas Petraitis|Sean Corbin,37
0022001062,2020,0,2021-05-15,MIL,MIA,122.0,108.0,3,572,204,Aaron Smith|Pat Fraher|Ray Acosta,31
0022001063,2020,0,2021-05-15,MIN,BOS,108.0,124.0,3,587,207,Andy Nagy|James Williams|Nick Buchert,40
0022001064,2020,0,2021-05-15,NYK,CHA,118.0,109.0,4,580,199,Ed Malloy|Marat Kogut|Phenizee Ransom,36
0022001065,2020,0,2021-05-15,SAS,PHX,103.0,140.0,3,525,214,Lauren Holtkamp|Mark Lindsay|Tony Brothers,30
0022001066,2020,0,2021-05-16,ATL,HOU,124.0,95.0,3,552,205,Ben Taylor|Bennie Adams|Eric Lewis,33
0022001067,2020,0,2021-05-16,BKN,CLE,123.0,109.0,2,512,200,Marat Kogut|Nate Green|Zach Zarba,33
0022001068,2020,0,2021-05-16,CHI,MIL,118.0,112.0,3,587,212,Marc Davis|Mark Ayotte|Matt Boland,36
0022001069,2020,0,2021-05-16,DET,MIA,107.0,120.0,3,507,197,Jacyn Goble|James Capers|Jenna Schroeder,34
0022001070,2020,0,2021-05-16,GSW,MEM,113.0,101.0,3,551,200,Bill Kennedy|Derek Richardson|Tyler Ford,37
0022001071,2020,0,2021-05-16,MIN,DAL,136.0,121.0,3,568,201,Andy Nagy|Brent Barnaky|Kevin Scott,36
0022001072,2020,0,2021-05-16,NOP,LAL,98.0,110.0,3,535,201,Derrick Collins|Mousa Dagher|Scott Foster,30
0022001073,2020,0,2021-05-16,NYK,BOS,96.0,92.0,3,525,187,Brian Forte|Jonathan Sterling|Kane Fitzgerald,35
0022001074,2020,0,2021-05-16,OKC,LAC,117.0,112.0,3,526,201,CJ Washington|Courtney Kirkland|Leon Wood,23
0022001075,2020,0,2021-05-16,PHI,ORL,128.0,117.0,3,554,211,Karl Lane|Matt Myers|Sean Wright,43
0022001076,2020,0,2021-05-16,POR,DEN,132.0,116.0,3,517,197,Eric Dalen|John Goble|Mitchell Ervin,34
0022001077,2020,0,2021-05-16,SAC,UTA,99.0,121.0,3,546,206,Justin Van Duyne|Kevin Cutler|Tre Maddox,34
0022001078,2020,0,2021-05-16,SAS,PHX,121.0,123.0,3,491,208,Curtis Blair|Jason Goldenberg|Rodney Mott,20
0022001079,2020,0,2021-05-16,TOR,IND,113.0,125.0,3,537,212,Evan Scott|Ken Mauer|Tom Washington,30
0022001080,2020,0,2021-05-16,WAS,CHA,115.0,110.0,3,588,208,David Guthrie|JB DeRosa|Leroy Richardson,31
