game_id,year,postseason,date,home,away,home_score,away_score,period_splits,raw_events,possessions,crew,foul_drawn_ids
0022400001,2024,0,2024-11-12,BOS,ATL,116.0,117.0,3,538,201,Courtney Kirkland|Derrick Collins|Ray Acosta,25
0022400002,2024,0,2024-11-12,DET,MIA,123.0,121.0,3,596,215,Eric Dalen|Robert Hussey|Tyler Ford,40
0022400003,2024,0,2024-11-12,ORL,CHA,114.0,89.0,3,563,202,CJ Washington|Ed Malloy|Tom Washington,33
0022400004,2024,0,2024-11-12,PHI,NYK,99.0,111.0,3,556,201,Dedric Taylor|Kevin Scott|Pat Fraher,31
0022400005,2024,0,2024-11-12,MIL,TOR,99.0,85.0,2,585,199,James Williams|Mousa Dagher|Rodney Mott,25
0022400006,2024,0,2024-11-12,UTA,PHX,112.0,120.0,3,536,191,John Conley|Josh Tiven|Kevin Cutler,27
0022400007,2024,0,2024-11-12,GSW,DAL,120.0,117.0,3,593,209,Jonathan Sterling|Scott Foster|Scott Twardoski,38
0022400008,2024,0,2024-11-12,POR,MIN,122.0,108.0,3,530,204,Derek Richardson|John Butler|Tony Brothers,39
0022400009,2024,0,2024-11-15,IND,MIA,111.0,124.0,3,507,203,Brandon Adair|Brent Barnaky|James Williams,26
0022400010,2024,0,2024-11-15,ORL,PHI,98.0,86.0,2,546,187,JB DeRosa|Nick Buchert|Phenizee Ransom,40
0022400011,2024,0,2024-11-15,TOR,DET,95.0,99.0,3,601,206,Jacyn Goble|Scott Foster|Tyler Ricks,28
0022400012,2024,0,2024-11-15,ATL,WAS,129.0,117.0,3,627,225,CJ Washington|JD Ralls|John Goble,39
0022400013,2024,0,2024-11-15,CLE,CHI,144.0,126.0,3,583,219,Evan Scott|Marat Kogut|Zach Zarba,35
0022400014,2024,0,2024-11-15,NYK,BKN,124.0,122.0,3,530,200,Courtney Kirkland|Gediminas Petraitis|John Conley,41
0022400015,2024,0,2024-11-15,SAS,LAL,115.0,120.0,3,534,196,Mark Lindsay|Matt Kallio|Tyler Ford,29
0022400016,2024,0,2024-11-15,HOU,LAC,125.0,104.0,3,559,211,James Capers|Michael Smith|Natalie Sago,37
0022400017,2024,0,2024-11-15,NOP,DEN,101.0,94.0,3,503,188,Ben Taylor|Jenna Schroeder|Karl Lane,28
0022400018,2024,0,2024-11-15,OKC,PHX,99.0,83.0,3,597,195,Dedric Taylor|Matt Myers|Mitchell Ervin,39
0022400019,2024,0,2024-11-15,GSW,MEM,123.0,118.0,3,701,223,Andy Nagy|Bill Kennedy|Brian Forte,39
0022400020,2024,0,2024-11-15,SAC,MIN,126.0,130.0,4,569,216,Intae Hwang|Jason Goldenberg|Josh Tiven,35
0022400021,2024,0,2024-11-19,BOS,CLE,120.0,117.0,3,479,193,Danielle Scott|Gediminas Petraitis|Tony Brothers,30
0022400022,2024,0,2024-11-19,BKN,CHA,116.0,115.0,3,577,197,James Williams|Jason Goldenberg|PAT OConnell,31
0022400023,2024,0,2024-11-19,MEM,DEN,110.0,122.0,3,698,226,CJ Washington|Courtney Kirkland|Tre Maddox,46
0022400024,2024,0,2024-11-19,DAL,NOP,132.0,91.0,3,553,205,Eric Dalen|JB DeRosa|Jacyn Goble,35
0022400025,2024,0,2024-11-19,SAS,OKC,110.0,104.0,3,560,201,John Goble|Ray Acosta|ShaRae Mitchell,29
0022400026,2024,0,2024-11-19,LAL,UTA,124.0,118.0,3,543,200,Brent Barnaky|Brett Nansel|Pat Fraher,38
0022400027,2024,0,2024-11-22,PHI,BKN,113.0,98.0,3,517,186,James Capers|Jonathan Sterling|Kevin Cutler,30
0022400028,2024,0,2024-11-22,WAS,BOS,96.0,108.0,3,596,208,Ed Malloy|Marat Kogut|Tyler Ricks,42
0022400029,2024,0,2024-11-22,MIL,IND,129.0,117.0,3,566,214,Jacyn Goble|Josh Tiven|Suyash Mehta,33
0022400030,2024,0,2024-11-22,CHI,ATL,136.0,122.0,3,557,218,Bill Kennedy|JT Orr|Robert Hussey,31
0022400031,2024,0,2024-11-22,HOU,POR,116.0,88.0,3,592,206,Aaron Smith|Matt Myers|Mitchell Ervin,38
0022400032,2024,0,2024-11-22,NOP,GSW,108.0,112.0,3,620,202,Kevin Scott|Sean Wright|Simone Jelks,42
0022400033,2024,0,2024-11-22,DEN,DAL,120.0,123.0,3,614,203,Brent Barnaky|Marc Davis|Scott Twardoski,40
0022400034,2024,0,2024-11-22,LAC,SAC,104.0,88.0,3,544,201,Karl Lane|Phenizee Ransom|Sean Corbin,31
0022400035,2024,0,2024-11-26,WAS,CHI,108.0,127.0,3,593,217,Karl Lane|Matt Boland|Tony Brothers,38
0022400036,2024,0,2024-11-26,MIA,MIL,103.0,106.0,3,504,180,James Capers|Jason Goldenberg|Tom Washington,31
0022400037,2024,0,2024-11-26,MIN,HOU,111.0,117.0,4,565,216,Josh Tiven|Marat Kogut|Robert Hussey,34
0022400038,2024,0,2024-11-26,UTA,SAS,115.0,128.0,3,559,202,Derek Richardson|Mark Lindsay|Scott Twardoski,34
0022400039,2024,0,2024-11-26,PHX,LAL,127.0,100.0,3,542,206,Gediminas Petraitis|JT Orr|James Williams,27
0022400040,2024,0,2024-11-29,CHA,NYK,98.0,99.0,3,535,188,Andy Nagy|Jenna Schroeder|Pat Fraher,31
0022400041,2024,0,2024-11-29,ATL,CLE,117.0,101.0,3,564,208,Ben Taylor|Gediminas Petraitis|Michael Smith,36
0022400042,2024,0,2024-11-29,MEM,NOP,120.0,109.0,3,601,209,Jonathan Sterling|Karl Lane|Zach Zarba,37
0022400043,2024,0,2024-11-29,BKN,ORL,100.0,123.0,3,533,199,Brett Nansel|James Capers|Sean Wright,34
0022400044,2024,0,2024-11-29,MIN,LAC,93.0,92.0,3,499,189,Ed Malloy|JT Orr|Tom Washington,28
0022400045,2024,0,2024-11-29,IND,DET,106.0,130.0,3,539,206,Courtney Kirkland|Evan Scott|Jacyn Goble,29
0022400046,2024,0,2024-11-29,MIA,TOR,121.0,111.0,3,506,193,Brandon Schwab|Marat Kogut|Tre Maddox,32
0022400047,2024,0,2024-11-29,CHI,BOS,129.0,138.0,3,526,211,Brandon Adair|Kevin Scott|Mitchell Ervin,30
0022400048,2024,0,2024-11-29,LAL,OKC,93.0,101.0,3,543,187,Eric Dalen|John Butler|John Goble,32
0022400049,2024,0,2024-11-29,POR,SAC,115.0,106.0,3,522,197,James Williams|Justin Van Duyne|Natalie Sago,33
0022400050,2024,0,2024-12-03,CHA,PHI,104.0,110.0,3,536,189,CJ Washington|James Capers|Matt Boland,35
0022400051,2024,0,2024-12-03,CLE,WAS,118.0,87.0,3,563,209,Eric Dalen|JD Ralls|Sean Wright,38
0022400052,2024,0,2024-12-03,DET,MIL,107.0,128.0,3,570,205,Danielle Scott|Kevin Cutler|Kevin Scott,34
0022400053,2024,0,2024-12-03,NYK,ORL,121.0,106.0,2,530,206,Ed Malloy|JT Orr|Mousa Dagher,39
0022400054,2024,0,2024-12-03,TOR,IND,122.0,111.0,3,573,216,Michael Smith|Pat Fraher|Ray Acosta,41
0022400055,2024,0,2024-12-03,OKC,UTA,133.0,106.0,3,509,195,Derrick Collins|JB DeRosa|Mitchell Ervin,34
0022400056,2024,0,2024-12-03,DAL,MEM,121.0,116.0,3,655,216,Ben Taylor|Jenna Schroeder|Sean Corbin,43
0022400057,2024,0,2024-12-03,PHX,SAS,104.0,93.0,3,574,200,Brandon Schwab|Courtney Kirkland|Nick Buchert,32
0022400058,2024,0,2024-12-03,DEN,GSW,119.0,115.0,3,583,216,Justin Van Duyne|Matt Myers|Tyler Ford,37
0022400059,2024,0,2024-12-03,SAC,HOU,120.0,111.0,3,580,191,John Goble|Jonathan Sterling|Marat Kogut,36
0022400060,2024,0,2024-12-03,LAC,POR,127.0,105.0,3,497,188,Jason Goldenberg|ShaRae Mitchell|Tony Brothers,27
0022400061,2024,0,2024-10-22,BOS,NYK,132.0,109.0,2,453,184,Brandon Schwab|Mark Lindsay|Zach Zarba,26
0022400062,2024,0,2024-10-22,LAL,MIN,110.0,103.0,3,564,191,JT Orr|James Williams|Nick Buchert,42
0022400063,2024,0,2024-10-23,DET,IND,109.0,115.0,3,586,203,Brent Barnaky|Tony Brothers|Tyler Ricks,38
0022400064,2024,0,2024-10-23,ATL,BKN,120.0,116.0,3,612,210,Andy Nagy|David Guthrie|Sean Corbin,50
0022400065,2024,0,2024-10-23,MIA,ORL,97.0,116.0,3,562,199,CJ Washington|Curtis Blair|John Butler,38
0022400066,2024,0,2024-10-23,PHI,MIL,109.0,124.0,3,591,203,Brian Forte|Marat Kogut|Scott Foster,45
0022400067,2024,0,2024-10-23,TOR,CLE,106.0,136.0,3,568,205,JD Ralls|Marc Davis|Sean Wright,43
0022400068,2024,0,2024-10-23,HOU,CHA,105.0,110.0,3,623,194,Ben Taylor|Eric Dalen|Robert Hussey,38
0022400069,2024,0,2024-10-23,NOP,CHI,123.0,111.0,3,586,217,Bill Kennedy|Gediminas Petraitis|Nate Green,31
0022400070,2024,0,2024-10-23,UTA,MEM,124.0,126.0,3,652,210,James Williams|John Conley|Kevin Cutler,55
0022400071,2024,0,2024-10-23,LAC,PHX,113.0,116.0,4,659,230,John Goble|Nick Buchert|Scott Twardoski,47
0022400072,2024,0,2024-10-23,POR,GSW,104.0,139.0,3,633,219,Derrick Collins|Tre Maddox|Tyler Ford,44
0022400073,2024,0,2024-10-24,WAS,BOS,102.0,122.0,3,574,208,James Capers|Jenna Reneau|Marat Kogut,36
0022400074,2024,0,2024-10-24,DAL,SAS,120.0,109.0,3,605,212,Jason Goldenberg|Josh Tiven|Rodney Mott,37
0022400075,2024,0,2024-10-24,DEN,OKC,87.0,102.0,3,600,202,Danielle Scott|JT Orr|Kevin Scott,27
0022400076,2024,0,2024-10-24,SAC,MIN,115.0,117.0,3,552,206,Justin Van Duyne|Suyash Mehta|Tyler Ford,37
0022400077,2024,0,2024-10-25,ORL,BKN,116.0,101.0,3,560,199,Gediminas Petraitis|Jonathan Sterling|Mitchell Ervin,46
0022400078,2024,0,2024-10-25,TOR,PHI,115.0,107.0,3,682,205,Pat Fraher|Tony Brothers|Tyler Mirkovich,63
0022400079,2024,0,2024-10-25,ATL,CHA,125.0,120.0,3,662,209,Brian Forte|Mousa Dagher|Zach Zarba,51
0022400080,2024,0,2024-10-25,CLE,DET,113.0,101.0,3,560,200,Che Flores|Dedric Taylor|Ed Malloy,34
0022400081,2024,0,2024-10-25,NYK,IND,123.0,98.0,3,536,197,Bill Kennedy|JB DeRosa|John Butler,38
0022400082,2024,0,2024-10-25,HOU,MEM,128.0,108.0,3,688,218,David Guthrie|Nate Green|Sean Corbin,51
0022400083,2024,0,2024-10-25,MIL,CHI,122.0,133.0,3,562,217,JD Ralls|Marc Davis|Tre Maddox,31
0022400084,2024,0,2024-10-25,UTA,GSW,86.0,127.0,3,604,208,Ashley Moyer-Gleich|John Goble|Tom Washington,33
0022400085,2024,0,2024-10-25,LAL,PHX,123.0,116.0,3,535,205,Courtney Kirkland|Derrick Collins|Jacyn Goble,39
0022400086,2024,0,2024-10-25,POR,NOP,103.0,105.0,3,602,204,James Williams|John Conley|Nick Buchert,39
0022400087,2024,0,2024-10-26,DEN,LAC,104.0,109.0,3,534,194,Agon Abazi|Ben Taylor|Justin Van Duyne,42
0022400088,2024,0,2024-10-26,CHA,MIA,106.0,114.0,3,583,199,Karl Lane|Ray Acosta|ShaRae Mitchell,37
0022400089,2024,0,2024-10-26,DET,BOS,118.0,124.0,3,545,197,Pat Fraher|Rodney Mott|Simone Jelks,34
0022400090,2024,0,2024-10-26,WAS,CLE,116.0,135.0,3,620,213,Aaron Smith|Kevin Cutler|Matt Boland,50
0022400091,2024,0,2024-10-26,CHI,OKC,95.0,114.0,3,632,232,Andy Nagy|Intae Hwang|Josh Tiven,35
0022400092,2024,0,2024-10-26,MEM,ORL,124.0,111.0,3,608,212,James Capers|Natalie Sago|Robert Hussey,41
0022400093,2024,0,2024-10-26,MIN,TOR,112.0,101.0,3,538,201,Curtis Blair|Danielle Scott|Marat Kogut,34
0022400094,2024,0,2024-10-26,SAS,HOU,109.0,106.0,3,577,193,Brent Barnaky|Brent Haskill|Sean Wright,40
0022400095,2024,0,2024-10-26,PHX,DAL,114.0,102.0,3,600,197,JT Orr|Suyash Mehta|Tyler Ford,40
0022400096,2024,0,2024-10-26,LAL,SAC,131.0,127.0,3,565,214,Derek Richardson|Kevin Scott|Scott Twardoski,34
0022400097,2024,0,2024-10-27,IND,PHI,114.0,118.0,4,655,217,Jonathan Sterling|Mitchell Ervin|Tre Maddox,43
0022400098,2024,0,2024-10-27,BKN,MIL,115.0,102.0,3,547,199,Jason Goldenberg|Mousa Dagher|Zach Zarba,40
0022400099,2024,0,2024-10-27,POR,NOP,125.0,103.0,3,593,196,Ashley Moyer-Gleich|John Goble|Tom Washington,41
0022400100,2024,0,2024-10-27,OKC,ATL,128.0,104.0,3,640,205,Che Flores|Dedric Taylor|Ed Malloy,43
0022400101,2024,0,2024-10-27,GSW,LAC,104.0,112.0,3,587,208,Brandon Schwab|Courtney Kirkland|Jacyn Goble,38
0022400102,2024,0,2024-10-28,ORL,IND,119.0,115.0,3,598,203,Brian Forte|Nate Green|Phenizee Ransom,48
0022400103,2024,0,2024-10-28,ATL,WAS,119.0,121.0,3,582,213,Intae Hwang|Josh Tiven|Mitchell Ervin,43
0022400104,2024,0,2024-10-28,BOS,MIL,119.0,108.0,3,548,205,CJ Washington|JB DeRosa|Tony Brothers,36
0022400105,2024,0,2024-10-28,MIA,DET,106.0,98.0,3,535,195,Gediminas Petraitis|Kevin Cutler|Marat Kogut,32
0022400106,2024,0,2024-10-28,NYK,CLE,104.0,110.0,3,570,197,Robert Hussey|Rodney Mott|Sean Corbin,34
0022400107,2024,0,2024-10-28,TOR,DEN,125.0,127.0,4,625,229,Aaron Smith|James Capers|ShaRae Mitchell,41
0022400108,2024,0,2024-10-28,MEM,CHI,123.0,126.0,3,616,211,Brent Barnaky|Sean Wright|Simone Jelks,35
0022400109,2024,0,2024-10-28,SAS,HOU,101.0,106.0,3,564,189,Andy Nagy|JT Orr|James Williams,40
0022400110,2024,0,2024-10-28,DAL,UTA,110.0,102.0,3,606,202,Brett Nansel|Karl Lane|Marc Davis,35
0022400111,2024,0,2024-10-28,PHX,LAL,109.0,105.0,3,581,195,Ben Taylor|Eric Dalen|Michael Smith,36
0022400112,2024,0,2024-10-28,SAC,POR,111.0,98.0,3,581,200,Jacyn Goble|Jenna Schroeder|Mark Lindsay,43
0022400113,2024,0,2024-10-29,BKN,DEN,139.0,144.0,3,595,212,Bill Kennedy|Robert Hussey|Scott Twardoski,51
0022400114,2024,0,2024-10-29,MIN,DAL,114.0,120.0,3,540,196,Ashley Moyer-Gleich|Derrick Collins|Kevin Scott,38
0022400115,2024,0,2024-10-29,UTA,SAC,96.0,113.0,3,530,196,Brandon Schwab|Courtney Kirkland|Dedric Taylor,30
0022400116,2024,0,2024-10-29,GSW,NOP,124.0,106.0,3,551,195,Jenna Schroeder|Mark Lindsay|Ray Acosta,29
0022400117,2024,0,2024-10-30,CHA,TOR,138.0,133.0,3,615,208,Nick Buchert|PAT OConnell|Tyler Ford,43
0022400118,2024,0,2024-10-30,CLE,LAL,134.0,110.0,3,514,213,CJ Washington|James Capers|ShaRae Mitchell,31
0022400119,2024,0,2024-10-30,IND,BOS,135.0,132.0,4,664,241,Ed Malloy|Kevin Cutler|Matt Myers,40
0022400120,2024,0,2024-10-30,PHI,DET,95.0,105.0,3,561,185,James Williams|John Conley|Justin Van Duyne,38
0022400121,2024,0,2024-10-30,WAS,ATL,133.0,120.0,3,579,215,Gediminas Petraitis|Sean Wright|Simone Jelks,36
0022400122,2024,0,2024-10-30,MIA,NYK,107.0,116.0,3,488,192,Pat Fraher|Scott Foster|Tyler Ricks,30
0022400123,2024,0,2024-10-30,CHI,ORL,102.0,99.0,3,576,204,Evan Scott|Rodney Mott|Zach Zarba,33
0022400124,2024,0,2024-10-30,MEM,BKN,106.0,119.0,3,620,202,Aaron Smith|Brett Nansel|Brian Forte,40
0022400125,2024,0,2024-10-30,OKC,SAS,105.0,93.0,3,536,201,Jacyn Goble|Marc Davis|Tom Washington,20
0022400126,2024,0,2024-10-30,GSW,NOP,104.0,89.0,3,572,188,Ben Taylor|Dedric Taylor|Matt Kallio,33
0022400127,2024,0,2024-10-30,LAC,POR,105.0,106.0,1,535,191,Curtis Blair|Eric Dalen|Michael Smith,35
0022400128,2024,0,2024-10-31,MEM,MIL,122.0,99.0,3,589,207,Danielle Scott|John Goble|Sean Corbin,45
0022400129,2024,0,2024-10-31,DAL,HOU,102.0,108.0,3,579,189,Bill Kennedy|Marat Kogut|Robert Hussey,41
0022400130,2024,0,2024-10-31,UTA,SAS,88.0,106.0,3,582,203,Brandon Adair|Curtis Blair|Tre Maddox,33
0022400131,2024,0,2024-10-31,LAC,PHX,119.0,125.0,3,561,202,Mark Lindsay|Matt Kallio|Ray Acosta,40
0022400132,2024,0,2024-11-01,CHA,BOS,109.0,124.0,3,571,198,Ashley Moyer-Gleich|James Williams|John Conley,34
0022400133,2024,0,2024-11-01,CLE,ORL,120.0,109.0,3,558,206,Pat Fraher|Suyash Mehta|Tyler Ford,36
0022400134,2024,0,2024-11-01,DET,NYK,98.0,128.0,2,504,199,JD Ralls|Natalie Sago|Sean Wright,24
0022400135,2024,0,2024-11-01,ATL,SAC,115.0,123.0,3,555,211,JB DeRosa|Scott Foster|Tyler Ricks,38
0022400136,2024,0,2024-11-01,BKN,CHI,120.0,112.0,3,540,206,Jenna Reneau|Josh Tiven|Justin Van Duyne,30
0022400137,2024,0,2024-11-01,TOR,LAL,125.0,131.0,3,608,206,Jenna Schroeder|Karl Lane|Rodney Mott,42
0022400138,2024,0,2024-11-01,NOP,IND,125.0,118.0,3,539,199,Eric Dalen|Evan Scott|Zach Zarba,31
0022400139,2024,0,2024-11-01,MIN,DEN,119.0,116.0,3,546,203,Brett Nansel|Marc Davis|Nick Buchert,33
0022400140,2024,0,2024-11-01,POR,OKC,114.0,137.0,3,588,203,Ben Taylor|JT Orr|Mousa Dagher,42
0022400141,2024,0,2024-11-02,CHA,BOS,103.0,113.0,3,540,196,Jason Goldenberg|John Butler|Kevin Scott,36
0022400142,2024,0,2024-11-02,PHI,MEM,107.0,124.0,3,567,203,Derek Richardson|Josh Tiven|Scott Twardoski,37
0022400143,2024,0,2024-11-02,TOR,SAC,131.0,128.0,3,656,234,Brian Forte|Che Flores|Justin Van Duyne,45
0022400144,2024,0,2024-11-02,HOU,GSW,121.0,127.0,4,653,215,CJ Washington|Curtis Blair|Intae Hwang,52
0022400145,2024,0,2024-11-02,MIL,CLE,113.0,114.0,3,523,194,Brent Barnaky|Brent Haskill|Courtney Kirkland,32
0022400146,2024,0,2024-11-02,SAS,MIN,113.0,103.0,3,518,192,Danielle Scott|John Goble|Ray Acosta,30
0022400147,2024,0,2024-11-02,WAS,MIA,98.0,118.0,3,633,206,Andy Nagy|Sean Corbin|Tony Brothers,37
0022400148,2024,0,2024-11-02,DEN,UTA,129.0,103.0,3,583,213,Gediminas Petraitis|Mark Lindsay|Matt Kallio,42
0022400149,2024,0,2024-11-02,PHX,POR,103.0,97.0,3,599,208,Brandon Adair|James Capers|Mitchell Ervin,27
0022400150,2024,0,2024-11-02,LAC,OKC,92.0,105.0,3,556,202,Agon Abazi|Ed Malloy|Kevin Cutler,36
0022400151,2024,0,2024-11-03,BKN,DET,92.0,106.0,3,573,189,Dedric Taylor|Jenna Schroeder|Karl Lane,43
0022400152,2024,0,2024-11-03,NOP,ATL,111.0,126.0,3,545,197,Phenizee Ransom|Suyash Mehta|Tyler Ford,27
0022400153,2024,0,2024-11-03,DAL,ORL,108.0,85.0,3,584,202,Aaron Smith|Ben Taylor|PAT OConnell,41
0022400154,2024,0,2024-11-04,CLE,MIL,116.0,114.0,3,523,204,Jason Goldenberg|Marc Davis|Nick Buchert,29
0022400155,2024,0,2024-11-04,WAS,GSW,112.0,125.0,3,609,209,Brent Barnaky|Che Flores|Tre Maddox,41
0022400156,2024,0,2024-11-04,DET,LAL,115.0,103.0,3,561,198,Brian Forte|Jonathan Sterling|Sean Corbin,37
0022400157,2024,0,2024-11-04,ATL,BOS,93.0,123.0,3,539,214,Curtis Blair|Derek Richardson|Eric Dalen,26
0022400158,2024,0,2024-11-04,BKN,MEM,106.0,104.0,3,556,188,Ashley Moyer-Gleich|Evan Scott|Jacyn Goble,32
0022400159,2024,0,2024-11-04,MIA,SAC,110.0,111.0,3,570,186,John Goble|Scott Twardoski|Tyler Mirkovich,37
0022400160,2024,0,2024-11-04,CHI,UTA,126.0,135.0,3,576,208,John Butler|Kevin Scott|Pat Fraher,39
0022400161,2024,0,2024-11-04,HOU,NYK,109.0,97.0,3,513,185,Aaron Smith|Brandon Adair|Tyler Ford,34
0022400162,2024,0,2024-11-04,MIN,CHA,114.0,93.0,3,549,199,Brandon Schwab|Courtney Kirkland|Gediminas Petraitis,38
0022400163,2024,0,2024-11-04,OKC,ORL,102.0,86.0,3,564,204,Andy Nagy|Bill Kennedy|Danielle Scott,34
0022400164,2024,0,2024-11-04,NOP,POR,100.0,118.0,3,518,187,Brent Haskill|Justin Van Duyne|Tony Brothers,31
0022400165,2024,0,2024-11-04,DAL,IND,127.0,134.0,3,542,212,Matt Boland|Ray Acosta|Scott Foster,32
0022400166,2024,0,2024-11-04,DEN,TOR,121.0,119.0,3,609,207,Marat Kogut|Matt Myers|Mitchell Ervin,44
0022400167,2024,0,2024-11-04,PHX,PHI,118.0,116.0,3,547,203,CJ Washington|Ed Malloy|JB DeRosa,34
0022400168,2024,0,2024-11-04,LAC,SAS,113.0,104.0,3,531,185,James Capers|Natalie Sago|ShaRae Mitchell,36
0022400169,2024,0,2024-11-06,CHA,DET,108.0,107.0,3,555,205,Aaron Smith|Derrick Collins|Tre Maddox,30
0022400170,2024,0,2024-11-06,IND,ORL,118.0,111.0,1,522,193,Brandon Schwab|Courtney Kirkland|Dedric Taylor,41
0022400171,2024,0,2024-11-06,ATL,NYK,121.0,116.0,3,526,201,Ben Taylor|JT Orr|Jenna Reneau,31
0022400172,2024,0,2024-11-06,BOS,GSW,112.0,118.0,3,556,194,Brian Forte|Marc Davis|Matt Kallio,35
0022400173,2024,0,2024-11-06,HOU,SAS,127.0,100.0,3,521,207,Bill Kennedy|Rodney Mott|Suyash Mehta,25
0022400174,2024,0,2024-11-06,MEM,LAL,131.0,114.0,3,565,208,Biniam Maru|Gediminas Petraitis|Kevin Scott,32
0022400175,2024,0,2024-11-06,NOP,CLE,122.0,131.0,3,560,200,Intae Hwang|Josh Tiven|Scott Twardoski,33
0022400176,2024,0,2024-11-06,DAL,CHI,119.0,99.0,3,571,216,Kevin Cutler|Mitchell Ervin|Tom Washington,33
0022400177,2024,0,2024-11-06,DEN,OKC,124.0,122.0,3,614,219,JB DeRosa|James Capers|ShaRae Mitchell,46
0022400178,2024,0,2024-11-06,PHX,MIA,115.0,112.0,3,558,199,Danielle Scott|Marat Kogut|Scott Foster,29
0022400179,2024,0,2024-11-06,LAC,PHI,110.0,98.0,3,481,183,James Williams|Justin Van Duyne|Matt Myers,37
0022400180,2024,0,2024-11-06,SAC,TOR,122.0,107.0,3,566,189,CJ Washington|Ed Malloy|Natalie Sago,34
0022400181,2024,0,2024-11-07,CHI,MIN,119.0,135.0,3,525,196,Ashley Moyer-Gleich|Brandon Adair|Curtis Blair,33
0022400182,2024,0,2024-11-07,MIL,UTA,123.0,100.0,3,521,196,Jacyn Goble|Jonathan Sterling|Karl Lane,34
0022400183,2024,0,2024-11-07,SAS,POR,118.0,105.0,3,542,193,Brett Nansel|Nick Buchert|Sean Corbin,27
0022400184,2024,0,2024-11-08,CHA,IND,103.0,83.0,3,564,189,Andy Nagy|Intae Hwang|Josh Tiven,27
0022400185,2024,0,2024-11-08,DET,ATL,122.0,121.0,3,603,214,Ashley Moyer-Gleich|James Capers|Nate Green,35
0022400186,2024,0,2024-11-08,ORL,NOP,115.0,88.0,3,528,195,Derrick Collins|Pat Fraher|Ray Acosta,30
0022400187,2024,0,2024-11-08,BOS,BKN,108.0,104.0,4,556,205,JT Orr|Mark Lindsay|Phenizee Ransom,37
0022400188,2024,0,2024-11-08,CLE,GSW,136.0,117.0,3,560,218,Ben Taylor|John Conley|Rodney Mott,33
0022400189,2024,0,2024-11-08,NYK,MIL,116.0,94.0,3,504,190,John Goble|Matt Kallio|Tre Maddox,33
0022400190,2024,0,2024-11-08,DAL,PHX,113.0,114.0,3,534,186,Brent Barnaky|Mousa Dagher|Tony Brothers,34
0022400191,2024,0,2024-11-08,MEM,WAS,128.0,104.0,3,625,214,Bill Kennedy|Dedric Taylor|Michael Smith,42
0022400192,2024,0,2024-11-08,OKC,HOU,126.0,107.0,3,549,208,Evan Scott|Kevin Cutler|Kevin Scott,36
0022400193,2024,0,2024-11-08,MIN,POR,127.0,102.0,3,566,209,JB DeRosa|James Williams|Jenna Schroeder,33
0022400194,2024,0,2024-11-08,DEN,MIA,135.0,122.0,3,512,208,Brian Forte|Natalie Sago|Simone Jelks,29
0022400195,2024,0,2024-11-08,LAL,PHI,116.0,106.0,3,547,196,Che Flores|Marat Kogut|Zach Zarba,29
0022400196,2024,0,2024-11-08,SAC,LAC,98.0,107.0,3,510,198,Danielle Scott|John Butler|Scott Foster,36
0022400197,2024,0,2024-11-09,SAS,UTA,110.0,111.0,3,604,211,Jason Goldenberg|Mitchell Ervin|Tom Washington,42
0022400198,2024,0,2024-11-09,ATL,CHI,113.0,125.0,3,573,212,Andy Nagy|Brandon Schwab|Marc Davis,35
0022400199,2024,0,2024-11-09,CLE,BKN,105.0,100.0,3,505,187,Brandon Adair|Curtis Blair|Karl Lane,31
0022400200,2024,0,2024-11-09,LAC,TOR,105.0,103.0,3,570,196,Derek Richardson|Nick Buchert|Zach Zarba,40
0022400201,2024,0,2024-11-10,DET,HOU,99.0,101.0,3,596,192,Ed Malloy|John Conley|Phenizee Ransom,37
0022400202,2024,0,2024-11-10,MIL,BOS,107.0,113.0,3,514,197,Eric Dalen|Natalie Sago|Tyler Ford,32
0022400203,2024,0,2024-11-10,IND,NYK,132.0,121.0,3,538,200,JB DeRosa|Nate Green|Rodney Mott,39
0022400204,2024,0,2024-11-10,ORL,WAS,121.0,94.0,3,522,190,Brent Barnaky|Gediminas Petraitis|Matt Kallio,41
0022400205,2024,0,2024-11-10,PHI,CHA,107.0,105.0,4,608,217,Courtney Kirkland|Evan Scott|JT Orr,40
0022400206,2024,0,2024-11-10,MIN,MIA,94.0,95.0,3,581,199,Kevin Cutler|Mark Lindsay|Mousa Dagher,36
0022400207,2024,0,2024-11-10,OKC,GSW,116.0,127.0,3,579,199,Intae Hwang|Justin Van Duyne|Pat Fraher,39
0022400208,2024,0,2024-11-10,DEN,DAL,122.0,120.0,3,529,200,Brett Nansel|James Williams|Tre Maddox,32
0022400209,2024,0,2024-11-10,PHX,SAC,118.0,127.0,4,610,229,Bill Kennedy|Che Flores|Nick Buchert,36
0022400210,2024,0,2024-11-10,POR,MEM,89.0,134.0,3,609,222,Jonathan Sterling|Marat Kogut|Scott Foster,33
0022400211,2024,0,2024-11-10,LAL,TOR,123.0,103.0,3,551,186,John Butler|Simone Jelks|Tony Brothers,37
0022400212,2024,0,2024-11-11,CHI,CLE,113.0,119.0,3,559,208,James Capers|Matt Myers|Phenizee Ransom,30
0022400213,2024,0,2024-11-11,HOU,WAS,107.0,92.0,3,571,206,Brian Forte|Justin Van Duyne|Tyler Ricks,32
0022400214,2024,0,2024-11-11,NOP,BKN,105.0,107.0,3,552,190,Brandon Schwab|Jacyn Goble|Sean Corbin,28
0022400215,2024,0,2024-11-11,OKC,LAC,134.0,128.0,3,562,206,Aaron Smith|Curtis Blair|Jason Goldenberg,39
0022400216,2024,0,2024-11-11,SAS,SAC,116.0,96.0,3,525,194,Ashley Moyer-Gleich|Brandon Adair|Zach Zarba,21
0022400217,2024,0,2024-11-13,ORL,IND,94.0,90.0,3,547,195,Ashley Moyer-Gleich|Curtis Blair|Matt Boland,34
0022400218,2024,0,2024-11-13,BKN,BOS,114.0,139.0,3,509,197,Brent Barnaky|JD Ralls|Marc Davis,35
0022400219,2024,0,2024-11-13,NYK,CHI,123.0,124.0,3,544,208,Mark Lindsay|Ray Acosta|Suyash Mehta,30
0022400220,2024,0,2024-11-13,PHI,CLE,106.0,114.0,3,505,196,Eric Dalen|John Goble|Sean Corbin,26
0022400221,2024,0,2024-11-13,OKC,NOP,106.0,88.0,3,558,188,James Capers|Michael Smith|Nick Buchert,27
0022400222,2024,0,2024-11-13,HOU,LAC,111.0,103.0,3,553,200,JB DeRosa|Jenna Schroeder|Karl Lane,31
0022400223,2024,0,2024-11-13,MIL,DET,127.0,120.0,4,585,218,Gediminas Petraitis|Matt Myers|Mitchell Ervin,30
0022400224,2024,0,2024-11-13,SAS,WAS,139.0,130.0,3,565,216,Aaron Smith|Ben Taylor|Simone Jelks,36
0022400225,2024,0,2024-11-13,LAL,MEM,128.0,123.0,3,597,213,Jason Goldenberg|Josh Tiven|Scott Twardoski,45
0022400226,2024,0,2024-11-13,POR,MIN,106.0,98.0,3,561,205,Andy Nagy|Bill Kennedy|Matt Kallio,35
0022400227,2024,0,2024-11-13,SAC,PHX,127.0,104.0,2,543,196,Brett Nansel|Brian Forte|Tre Maddox,30
0022400228,2024,0,2024-11-14,UTA,DAL,115.0,113.0,3,555,194,JT Orr|Mousa Dagher|Tony Brothers,34
0022400229,2024,0,2024-11-16,CHA,MIL,115.0,114.0,3,564,195,Brandon Schwab|Curtis Blair|Eric Dalen,33
0022400230,2024,0,2024-11-16,BOS,TOR,126.0,123.0,4,563,199,Justin Van Duyne|Kevin Scott|Simone Jelks,36
0022400231,2024,0,2024-11-16,NOP,LAL,99.0,104.0,2,540,182,Ed Malloy|John Butler|Jonathan Sterling,30
0022400232,2024,0,2024-11-16,DAL,SAS,110.0,93.0,3,597,202,Pat Fraher|Sean Corbin|Suyash Mehta,35
0022400233,2024,0,2024-11-16,SAC,UTA,121.0,117.0,3,581,194,Andy Nagy|Marc Davis|ShaRae Mitchell,47
0022400234,2024,0,2024-11-17,MIN,PHX,120.0,117.0,3,554,196,Karl Lane|Michael Smith|Ray Acosta,30
0022400235,2024,0,2024-11-17,IND,MIA,119.0,110.0,3,495,187,CJ Washington|Jenna Schroeder|John Goble,28
0022400236,2024,0,2024-11-17,CLE,CHA,128.0,114.0,3,568,202,Natalie Sago|Scott Foster|Tyler Ricks,36
0022400237,2024,0,2024-11-17,WAS,DET,104.0,124.0,3,540,205,Evan Scott|Phenizee Ransom|Zach Zarba,33
0022400238,2024,0,2024-11-17,MEM,DEN,105.0,90.0,3,568,196,John Conley|Mitchell Ervin|Nick Buchert,27
0022400239,2024,0,2024-11-17,POR,ATL,114.0,110.0,3,605,206,Brian Forte|Josh Tiven|Scott Twardoski,36
0022400240,2024,0,2024-11-17,NYK,BKN,114.0,104.0,2,511,177,Marat Kogut|Nate Green|Tony Brothers,39
0022400241,2024,0,2024-11-17,CHI,HOU,107.0,143.0,3,617,227,Dedric Taylor|JD Ralls|Jacyn Goble,39
0022400242,2024,0,2024-11-17,OKC,DAL,119.0,121.0,3,609,199,Mark Lindsay|Matt Kallio|Tre Maddox,45
0022400243,2024,0,2024-11-17,LAC,UTA,116.0,105.0,3,481,193,Aaron Smith|Intae Hwang|Tyler Ford,21
0022400244,2024,0,2024-11-18,DET,CHI,112.0,122.0,3,551,195,Curtis Blair|Justin Van Duyne|Matt Boland,34
0022400245,2024,0,2024-11-18,MIA,PHI,106.0,89.0,3,530,205,Ed Malloy|Mitchell Ervin|Suyash Mehta,28
0022400246,2024,0,2024-11-18,NYK,WAS,134.0,106.0,3,487,191,Kevin Cutler|Kevin Scott|Tom Washington,29
0022400247,2024,0,2024-11-18,TOR,IND,130.0,119.0,3,589,212,James Capers|Natalie Sago|Robert Hussey,39
0022400248,2024,0,2024-11-18,MIL,HOU,101.0,100.0,3,543,199,Ben Taylor|Brandon Adair|Nick Buchert,29
0022400249,2024,0,2024-11-18,PHX,ORL,99.0,109.0,3,532,181,John Butler|Sean Corbin|Tyler Ford,37
0022400250,2024,0,2024-11-18,SAC,ATL,108.0,109.0,3,554,199,Aaron Smith|Derrick Collins|Pat Fraher,31
0022400251,2024,0,2024-11-18,LAC,GSW,102.0,99.0,3,539,207,JT Orr|Marc Davis|Mousa Dagher,24
0022400252,2024,0,2024-11-20,CLE,NOP,128.0,100.0,3,521,190,Bill Kennedy|Justin Van Duyne|Robert Hussey,27
0022400253,2024,0,2024-11-20,MIL,CHI,122.0,106.0,3,528,194,Andy Nagy|Ed Malloy|Jenna Schroeder,32
0022400254,2024,0,2024-11-20,HOU,IND,130.0,113.0,3,599,228,Eric Dalen|Sean Wright|Simone Jelks,42
0022400255,2024,0,2024-11-20,MEM,PHI,117.0,111.0,3,560,200,Brandon Schwab|JT Orr|Scott Foster,34
0022400256,2024,0,2024-11-20,OKC,POR,109.0,99.0,3,593,198,Ben Taylor|Derek Richardson|Natalie Sago,34
0022400257,2024,0,2024-11-20,PHX,NYK,122.0,138.0,3,525,206,Aaron Smith|Marc Davis|Phenizee Ransom,29
0022400258,2024,0,2024-11-20,GSW,ATL,120.0,97.0,3,629,225,Brett Nansel|Sean Corbin|Tyler Ford,32
0022400259,2024,0,2024-11-20,LAC,ORL,104.0,93.0,2,529,192,Brent Barnaky|Derrick Collins|Ray Acosta,34
0022400260,2024,0,2024-11-21,CHA,DET,123.0,121.0,4,641,212,Danielle Scott|John Goble|Marat Kogut,42
0022400261,2024,0,2024-11-21,TOR,MIN,110.0,105.0,3,569,199,Jason Goldenberg|Mark Lindsay|ShaRae Mitchell,47
0022400262,2024,0,2024-11-21,SAS,UTA,126.0,118.0,3,620,218,Brian Forte|Courtney Kirkland|Matt Myers,44
0022400263,2024,0,2024-11-21,LAL,ORL,118.0,119.0,2,570,197,JB DeRosa|Karl Lane|Matt Boland,37
0022400264,2024,0,2024-11-23,UTA,NYK,121.0,106.0,3,528,208,Gediminas Petraitis|JB DeRosa|Matt Boland,32
0022400265,2024,0,2024-11-23,ORL,DET,111.0,100.0,3,545,185,Brian Forte|Jason Goldenberg|Natalie Sago,36
0022400266,2024,0,2024-11-23,CHI,MEM,131.0,142.0,3,572,207,James Williams|Mark Lindsay|ShaRae Mitchell,32
0022400267,2024,0,2024-11-23,HOU,POR,98.0,104.0,3,612,199,Courtney Kirkland|John Butler|John Conley,41
0022400268,2024,0,2024-11-23,MIL,CHA,125.0,119.0,3,569,210,Che Flores|Ray Acosta|Zach Zarba,37
0022400269,2024,0,2024-11-23,SAS,GSW,104.0,94.0,3,573,185,Curtis Blair|Nate Green|Tre Maddox,35
0022400270,2024,0,2024-11-23,LAL,DEN,102.0,127.0,3,519,206,Ben Taylor|Mousa Dagher|Phenizee Ransom,32
0022400271,2024,0,2024-11-24,BOS,MIN,107.0,105.0,3,498,182,Bill Kennedy|Michael Smith|Nick Buchert,36
0022400272,2024,0,2024-11-24,IND,WAS,115.0,103.0,3,554,203,Andy Nagy|Derrick Collins|Pat Fraher,34
0022400273,2024,0,2024-11-24,MIA,DAL,123.0,118.0,4,679,226,Jonathan Sterling|Natalie Sago|Tyler Ford,43
0022400274,2024,0,2024-11-24,PHI,LAC,99.0,125.0,3,533,196,Evan Scott|Marat Kogut|Tony Brothers,35
0022400275,2024,0,2024-11-24,CLE,TOR,122.0,108.0,3,607,207,Brandon Adair|Josh Tiven|Mitchell Ervin,38
0022400276,2024,0,2024-11-24,SAC,BKN,103.0,108.0,3,566,192,Gediminas Petraitis|Matt Kallio|Scott Twardoski,39
0022400277,2024,0,2024-11-25,CHA,ORL,84.0,95.0,3,554,189,John Butler|Kevin Scott|Nate Green,35
0022400278,2024,0,2024-11-25,DET,TOR,102.0,100.0,3,602,187,JD Ralls|Jenna Schroeder|Marc Davis,40
0022400279,2024,0,2024-11-25,IND,NOP,114.0,110.0,2,552,209,Matt Myers|Nick Buchert|Scott Foster,27
0022400280,2024,0,2024-11-25,ATL,DAL,119.0,129.0,3,547,225,Aaron Smith|Biniam Maru|Sean Wright,26
0022400281,2024,0,2024-11-25,BOS,LAC,126.0,94.0,3,502,199,Jacyn Goble|Suyash Mehta|Zach Zarba,23
0022400282,2024,0,2024-11-25,MEM,POR,123.0,98.0,3,638,211,Brent Barnaky|Che Flores|Ed Malloy,40
0022400283,2024,0,2024-11-25,DEN,NYK,118.0,145.0,3,520,202,CJ Washington|John Goble|Ray Acosta,36
0022400284,2024,0,2024-11-25,GSW,BKN,120.0,128.0,3,552,200,JT Orr|Mark Lindsay|Phenizee Ransom,37
0022400285,2024,0,2024-11-25,SAC,OKC,109.0,130.0,2,547,197,Curtis Blair|JB DeRosa|Mousa Dagher,34
0022400286,2024,0,2024-11-27,CHA,MIA,94.0,98.0,3,535,187,Bill Kennedy|Brent Barnaky|Evan Scott,26
0022400287,2024,0,2024-11-27,CLE,ATL,124.0,135.0,3,589,213,John Butler|Kevin Scott|Nate Green,41
0022400288,2024,0,2024-11-27,IND,POR,121.0,114.0,3,538,189,JD Ralls|Karl Lane|Marc Davis,34
0022400289,2024,0,2024-11-27,ORL,CHI,133.0,119.0,3,567,211,Jacyn Goble|Matt Myers|Scott Foster,38
0022400290,2024,0,2024-11-27,PHI,HOU,115.0,122.0,4,635,226,Andy Nagy|ShaRae Mitchell|Tyler Ford,43
0022400291,2024,0,2024-11-27,WAS,LAC,96.0,121.0,3,558,205,Brett Nansel|Nick Buchert|Tre Maddox,34
0022400292,2024,0,2024-11-27,DAL,NYK,129.0,114.0,3,515,196,Derrick Collins|Mitchell Ervin|Zach Zarba,41
0022400293,2024,0,2024-11-27,MEM,DET,131.0,111.0,3,577,214,Aaron Smith|Ben Taylor|Intae Hwang,35
0022400294,2024,0,2024-11-27,MIN,SAC,104.0,115.0,3,564,200,Courtney Kirkland|Jenna Schroeder|Phenizee Ransom,35
0022400295,2024,0,2024-11-27,NOP,TOR,93.0,119.0,3,574,204,Danielle Scott|Pat Fraher|Sean Corbin,29
0022400296,2024,0,2024-11-27,SAS,LAL,101.0,119.0,3,512,194,Che Flores|Ed Malloy|Kevin Cutler,27
0022400297,2024,0,2024-11-27,PHX,BKN,117.0,127.0,3,552,208,JB DeRosa|John Goble|Mousa Dagher,45
0022400298,2024,0,2024-11-27,UTA,DEN,103.0,122.0,3,524,192,Curtis Blair|Eric Dalen|Natalie Sago,29
0022400299,2024,0,2024-11-27,GSW,OKC,101.0,105.0,3,623,203,CJ Washington|James Williams|Ray Acosta,37
0022400300,2024,0,2024-11-30,CHA,ATL,104.0,107.0,3,590,199,Mark Lindsay|Ray Acosta|Simone Jelks,35
0022400301,2024,0,2024-11-30,DET,PHI,96.0,111.0,3,573,197,Josh Tiven|Nate Green|Rodney Mott,37
0022400302,2024,0,2024-11-30,MIL,WAS,124.0,114.0,3,527,208,Phenizee Ransom|Scott Foster|Scott Twardoski,41
0022400303,2024,0,2024-11-30,PHX,GSW,113.0,105.0,3,538,200,Che Flores|Eric Dalen|Tony Brothers,24
0022400304,2024,0,2024-11-30,UTA,DAL,94.0,106.0,3,575,197,Bill Kennedy|Danielle Scott|Kevin Cutler,32
0022400305,2024,0,2024-12-01,BKN,ORL,92.0,100.0,3,596,198,John Conley|Pat Fraher|Tre Maddox,47
0022400306,2024,0,2024-12-01,MEM,IND,136.0,121.0,3,611,219,Brent Haskill|Curtis Blair|JB DeRosa,40
0022400307,2024,0,2024-12-01,CLE,BOS,115.0,111.0,3,602,207,Derrick Collins|Ed Malloy|Jacyn Goble,38
0022400308,2024,0,2024-12-01,NYK,NOP,118.0,85.0,2,547,201,James Capers|PAT OConnell|Sean Wright,32
0022400309,2024,0,2024-12-01,TOR,MIA,119.0,116.0,3,558,203,JT Orr|Kevin Scott|Mousa Dagher,36
0022400310,2024,0,2024-12-01,HOU,OKC,119.0,116.0,3,627,202,Ben Taylor|CJ Washington|Dedric Taylor,42
0022400311,2024,0,2024-12-01,UTA,LAL,104.0,105.0,3,521,186,Justin Van Duyne|Tom Washington|Tyler Ford,37
0022400312,2024,0,2024-12-01,POR,DAL,131.0,137.0,3,519,205,John Goble|Matt Kallio|Nick Buchert,37
0022400313,2024,0,2024-12-01,SAC,SAS,125.0,127.0,3,577,202,Jason Goldenberg|Matt Myers|Tony Brothers,37
0022400314,2024,0,2024-12-01,LAC,DEN,126.0,122.0,2,523,207,James Williams|John Butler|Jonathan Sterling,32
0022400315,2024,0,2024-12-02,ATL,NOP,124.0,112.0,3,574,214,Brett Nansel|Curtis Blair|Phenizee Ransom,33
0022400316,2024,0,2024-12-02,BOS,MIA,108.0,89.0,3,540,196,Intae Hwang|Josh Tiven|Rodney Mott,28
0022400317,2024,0,2024-12-02,CHI,BKN,128.0,102.0,3,562,207,Karl Lane|Marc Davis|Simone Jelks,32
0022400318,2024,0,2024-12-02,MIN,LAL,109.0,80.0,3,510,196,Natalie Sago|Scott Twardoski|Zach Zarba,28
0022400319,2024,0,2024-12-04,BOS,DET,130.0,120.0,3,564,206,Mark Lindsay|Matt Kallio|Scott Foster,32
0022400320,2024,0,2024-12-04,BKN,IND,99.0,90.0,3,546,193,Intae Hwang|Josh Tiven|Scott Twardoski,34
0022400321,2024,0,2024-12-04,MIA,LAL,134.0,93.0,3,498,193,Brent Barnaky|Brett Nansel|Brian Forte,22
0022400322,2024,0,2024-12-04,PHI,ORL,102.0,106.0,3,530,179,Aaron Smith|Gediminas Petraitis|Robert Hussey,36
0022400323,2024,0,2024-12-04,MIL,ATL,104.0,119.0,2,593,209,Bill Kennedy|Evan Scott|Natalie Sago,46
0022400324,2024,0,2024-12-04,LAC,MIN,80.0,108.0,3,520,202,Che Flores|Marat Kogut|Nick Buchert,30
0022400325,2024,0,2024-12-05,CLE,DEN,126.0,114.0,3,534,222,Aaron Smith|Marc Davis|Simone Jelks,30
0022400326,2024,0,2024-12-05,WAS,DAL,101.0,137.0,3,573,210,Brandon Adair|Josh Tiven|Ray Acosta,34
0022400327,2024,0,2024-12-05,NYK,CHA,125.0,101.0,3,484,187,Kevin Cutler|Scott Foster|Tom Washington,32
0022400328,2024,0,2024-12-05,TOR,OKC,92.0,129.0,3,580,211,Curtis Blair|Nate Green|Tre Maddox,30
0022400329,2024,0,2024-12-05,MEM,SAC,115.0,110.0,3,605,215,Derek Richardson|John Butler|Pat Fraher,41
0022400330,2024,0,2024-12-05,NOP,PHX,126.0,124.0,3,589,209,Derrick Collins|JB DeRosa|Mitchell Ervin,38
0022400331,2024,0,2024-12-05,SAS,CHI,124.0,139.0,3,623,212,Dedric Taylor|Suyash Mehta|Tyler Ford,43
0022400332,2024,0,2024-12-05,GSW,HOU,99.0,93.0,3,607,195,Brandon Schwab|Courtney Kirkland|Jason Goldenberg,35
0022400333,2024,0,2024-12-06,PHI,ORL,102.0,94.0,3,534,192,Brian Forte|Mark Lindsay|Matt Kallio,39
0022400334,2024,0,2024-12-06,ATL,LAL,134.0,132.0,4,616,230,Eric Dalen|Kevin Scott|Matt Myers,42
0022400335,2024,0,2024-12-06,BOS,MIL,111.0,105.0,3,493,190,Ben Taylor|Brent Barnaky|Scott Twardoski,32
0022400336,2024,0,2024-12-06,CHI,IND,123.0,132.0,3,514,211,JD Ralls|Natalie Sago|Sean Wright,23
0022400337,2024,0,2024-12-06,SAS,SAC,113.0,140.0,3,576,208,Bill Kennedy|Michael Smith|Sean Corbin,38
0022400338,2024,0,2024-12-06,GSW,MIN,90.0,107.0,3,592,200,Jacyn Goble|Jenna Schroeder|Karl Lane,23
0022400339,2024,0,2024-12-06,POR,UTA,99.0,141.0,3,533,210,Andy Nagy|Marat Kogut|Zach Zarba,36
0022400340,2024,0,2024-12-07,CHA,CLE,102.0,116.0,3,547,185,JB DeRosa|Jonathan Sterling|Tony Brothers,42
0022400341,2024,0,2024-12-07,WAS,DEN,122.0,113.0,3,586,210,Gediminas Petraitis|Scott Foster|Tom Washington,42
0022400342,2024,0,2024-12-07,NOP,OKC,109.0,119.0,3,555,203,Courtney Kirkland|Derek Richardson|John Butler,41
0022400343,2024,0,2024-12-07,NYK,DET,111.0,120.0,3,522,203,CJ Washington|Josh Tiven|Ray Acosta,29
0022400344,2024,0,2024-12-07,TOR,DAL,118.0,125.0,3,572,213,Aaron Smith|James Capers|Phenizee Ransom,35
0022400345,2024,0,2024-12-07,BOS,MEM,121.0,127.0,3,618,218,Curtis Blair|Kevin Cutler|Mousa Dagher,40
0022400346,2024,0,2024-12-07,MIA,PHX,121.0,111.0,3,521,191,Brandon Adair|Dedric Taylor|John Goble,38
0022400347,2024,0,2024-12-08,CHI,PHI,100.0,108.0,3,534,208,Eric Dalen|James Williams|Michael Smith,29
0022400348,2024,0,2024-12-08,BKN,MIL,113.0,118.0,3,521,184,Ed Malloy|Matt Boland|Nick Buchert,39
0022400349,2024,0,2024-12-08,IND,CHA,109.0,113.0,3,565,204,Robert Hussey|Scott Twardoski|Tyler Ford,30
0022400350,2024,0,2024-12-08,ATL,DEN,111.0,141.0,3,594,217,Brian Forte|Intae Hwang|Mark Lindsay,41
0022400351,2024,0,2024-12-08,MIA,CLE,122.0,113.0,3,514,197,Evan Scott|Mitchell Ervin|Sean Corbin,32
0022400352,2024,0,2024-12-08,ORL,PHX,115.0,110.0,3,571,200,Ben Taylor|Pat Fraher|Suyash Mehta,39
0022400353,2024,0,2024-12-08,WAS,MEM,112.0,140.0,3,617,220,Brent Barnaky|Marc Davis|Matt Myers,42
0022400354,2024,0,2024-12-08,SAS,NOP,121.0,116.0,3,602,206,Marat Kogut|Nate Green|Sean Wright,38
0022400355,2024,0,2024-12-08,GSW,MIN,114.0,106.0,3,543,194,Andy Nagy|Danielle Scott|Zach Zarba,35
0022400356,2024,0,2024-12-08,LAC,HOU,106.0,117.0,3,503,191,Jenna Schroeder|Justin Van Duyne|Karl Lane,37
0022400357,2024,0,2024-12-08,SAC,UTA,141.0,97.0,3,512,201,Jacyn Goble|ShaRae Mitchell|Tre Maddox,30
0022400358,2024,0,2024-12-08,LAL,POR,107.0,98.0,3,538,196,Bill Kennedy|Brandon Schwab|JT Orr,35
0022400359,2024,0,2024-12-09,TOR,NYK,108.0,113.0,3,523,197,Gediminas Petraitis|Simone Jelks|Tony Brothers,27
0022400360,2024,0,2024-12-19,DET,UTA,119.0,126.0,3,608,221,Brent Barnaky|Marc Davis|Simone Jelks,39
0022400361,2024,0,2024-12-19,ORL,OKC,99.0,105.0,3,528,193,John Goble|Natalie Sago|PAT O'Connell,34
0022400362,2024,0,2024-12-19,WAS,CHA,123.0,114.0,3,603,203,Curtis Blair|Jenna Schroeder|Nick Buchert,37
0022400363,2024,0,2024-12-19,BOS,CHI,108.0,117.0,3,533,197,Intae Hwang|Justin Van Duyne|Tony Brothers,29
0022400364,2024,0,2024-12-19,TOR,BKN,94.0,101.0,3,559,186,Ben Taylor|Derek Richardson|Eric Dalen,40
0022400365,2024,0,2024-12-19,HOU,NOP,133.0,113.0,3,556,202,Aaron Smith|Scott Foster|Tyler Ricks,41
0022400366,2024,0,2024-12-19,MEM,GSW,144.0,93.0,3,590,212,Brett Nansel|Brian Forte|Karl Lane,31
0022400367,2024,0,2024-12-19,MIN,NYK,107.0,133.0,3,502,207,Derrick Collins|Jacyn Goble|Pat Fraher,22
0022400368,2024,0,2024-12-19,DAL,LAC,95.0,118.0,3,541,197,Courtney Kirkland|Scott Twardoski|Sean Corbin,31
0022400369,2024,0,2024-12-19,PHX,IND,111.0,120.0,3,555,207,JT Orr|Matt Kallio|Rodney Mott,41
0022400370,2024,0,2024-12-19,SAS,ATL,133.0,126.0,4,652,233,Kevin Cutler|Mitchell Ervin|Phenizee Ransom,36
0022400371,2024,0,2024-12-19,POR,DEN,126.0,124.0,3,522,202,CJ Washington|Kevin Scott|Sha'Rae Mitchell,36
0022400372,2024,0,2024-12-19,SAC,LAL,100.0,113.0,3,575,213,Bill Kennedy|Gediminas Petraitis|Robert Hussey,33
0022400373,2024,0,2024-12-20,PHI,CHA,108.0,98.0,3,529,186,Evan Scott|Natalie Sago|Zach Zarba,34
0022400374,2024,0,2024-12-20,CLE,MIL,124.0,101.0,3,520,213,Brent Barnaky|Curtis Blair|Jason Goldenberg,23
0022400375,2024,0,2024-12-20,MIA,OKC,97.0,104.0,3,543,197,James Williams|John Conley|Mark Lindsay,28
0022400376,2024,0,2024-12-21,SAC,LAL,99.0,103.0,3,537,196,CJ Washington|Kevin Scott|Rodney Mott,34
0022400377,2024,0,2024-12-21,ORL,MIA,121.0,114.0,3,577,201,David Guthrie|Marat Kogut|Nate Green,46
0022400378,2024,0,2024-12-21,ATL,MEM,112.0,128.0,3,572,222,Che Flores|Ed Malloy|Justin Van Duyne,32
0022400379,2024,0,2024-12-21,BKN,UTA,94.0,105.0,3,542,204,Evan Scott|Tom Washington|Zach Zarba,28
0022400380,2024,0,2024-12-21,CLE,PHI,126.0,99.0,3,550,195,Derrick Collins|Karl Lane|Tony Brothers,32
0022400381,2024,0,2024-12-21,CHI,BOS,98.0,123.0,3,545,206,Aaron Smith|Brett Nansel|Brian Forte,26
0022400382,2024,0,2024-12-21,MIL,WAS,112.0,101.0,2,503,204,Ben Taylor|Eric Dalen|Intae Hwang,20
0022400383,2024,0,2024-12-21,MIN,GSW,103.0,113.0,3,569,194,Sean Corbin|Sean Wright|Simone Jelks,38
0022400384,2024,0,2024-12-21,NOP,NYK,93.0,104.0,3,533,190,Danielle Scott|JT Orr|John Goble,35
0022400385,2024,0,2024-12-21,DAL,LAC,113.0,97.0,3,545,194,Pat Fraher|Ray Acosta|Tyler Ricks,31
0022400386,2024,0,2024-12-21,SAS,POR,114.0,94.0,3,542,196,Courtney Kirkland|Mousa Dagher|Scott Twardoski,27
0022400387,2024,0,2024-12-21,PHX,DET,125.0,133.0,3,536,207,Bill Kennedy|Gediminas Petraitis|Robert Hussey,34
0022400388,2024,0,2024-12-22,TOR,HOU,110.0,114.0,2,607,213,Jacyn Goble|Josh Tiven|Matt Myers,33
0022400389,2024,0,2024-12-22,SAC,IND,95.0,122.0,3,518,196,Brandon Adair|Kevin Cutler|Mitchell Ervin,22
0022400390,2024,0,2024-12-22,NOP,DEN,129.0,132.0,4,654,243,Andy Nagy|James Williams|John Conley,37
0022400391,2024,0,2024-12-23,CHA,HOU,101.0,114.0,3,568,197,Courtney Kirkland|Derek Richardson|Eric Dalen,30
0022400392,2024,0,2024-12-23,CLE,UTA,124.0,113.0,3,573,198,Ben Taylor|Nick Buchert|Tyler Ricks,40
0022400393,2024,0,2024-12-23,ORL,BOS,108.0,104.0,3,558,211,Brent Barnaky|Jenna Reneau|Marc Davis,36
0022400394,2024,0,2024-12-23,PHI,SAS,111.0,106.0,3,538,204,Curtis Blair|JT Orr|Jenna Schroeder,35
0022400395,2024,0,2024-12-23,ATL,MIN,117.0,104.0,3,558,204,Brian Forte|Ray Acosta|Tom Washington,29
0022400396,2024,0,2024-12-23,MIA,BKN,110.0,95.0,3,537,190,Che Flores|Ed Malloy|Sean Corbin,32
0022400397,2024,0,2024-12-23,NYK,TOR,139.0,125.0,3,547,213,JD Ralls|Marat Kogut|Mark Lindsay,49
0022400398,2024,0,2024-12-23,CHI,MIL,91.0,112.0,3,524,204,Danielle Scott|Karl Lane|Natalie Sago,28
0022400399,2024,0,2024-12-23,MEM,LAC,110.0,114.0,3,632,216,David Guthrie|Nate Green|Phenizee Ransom,41
0022400400,2024,0,2024-12-23,OKC,WAS,123.0,105.0,3,615,214,Derrick Collins|Gediminas Petraitis|Mousa Dagher,33
0022400401,2024,0,2024-12-23,DAL,POR,132.0,108.0,3,569,203,Andy Nagy|Sean Wright|Simone Jelks,43
0022400402,2024,0,2024-12-23,DEN,PHX,117.0,90.0,3,513,189,Intae Hwang|John Butler|Kevin Cutler,26
0022400403,2024,0,2024-12-23,GSW,IND,105.0,111.0,3,559,199,CJ Washington|Kevin Scott|Robert Hussey,28
0022400404,2024,0,2024-12-23,LAL,DET,114.0,117.0,3,527,199,Brandon Adair|Jason Goldenberg|Mitchell Ervin,27
0022400405,2024,0,2024-12-25,NYK,SAS,117.0,114.0,3,501,193,Dedric Taylor|Sean Corbin|Tony Brothers,28
0022400406,2024,0,2024-12-25,DAL,MIN,99.0,105.0,3,519,185,David Guthrie|Kevin Cutler|Natalie Sago,24
0022400407,2024,0,2024-12-25,BOS,PHI,114.0,118.0,3,512,195,Josh Tiven|Marat Kogut|Ray Acosta,34
0022400408,2024,0,2024-12-25,GSW,LAL,113.0,115.0,3,534,191,John Butler|Justin Van Duyne|Scott Foster,27
0022400409,2024,0,2024-12-25,PHX,DEN,110.0,100.0,3,502,187,Jacyn Goble|Jason Goldenberg|Sean Wright,33
0022400410,2024,0,2024-12-26,IND,OKC,114.0,120.0,3,530,200,Andy Nagy|Jenna Schroeder|Tyler Ford,36
0022400411,2024,0,2024-12-26,ORL,MIA,88.0,89.0,3,516,195,Karl Lane|Kevin Scott|Tyler Ricks,31
0022400412,2024,0,2024-12-26,WAS,CHA,113.0,110.0,3,595,212,John Conley|Ray Acosta|Tony Brothers,38
0022400413,2024,0,2024-12-26,ATL,CHI,141.0,133.0,3,536,212,Courtney Kirkland|Gediminas Petraitis|Jonathan Sterling,35
0022400414,2024,0,2024-12-26,MEM,TOR,155.0,126.0,3,619,229,JT Orr|Mitchell Ervin|Tom Washington,36
0022400415,2024,0,2024-12-26,MIL,BKN,105.0,111.0,3,531,200,Marc Davis|Nick Buchert|Suyash Mehta,22
0022400416,2024,0,2024-12-26,NOP,HOU,111.0,128.0,2,565,208,Brent Barnaky|Brian Forte|JD Ralls,30
0022400417,2024,0,2024-12-26,POR,UTA,122.0,120.0,3,542,202,Derrick Collins|James Williams|Matt Kallio,36
0022400418,2024,0,2024-12-26,SAC,DET,113.0,114.0,3,595,201,Brett Nansel|Phenizee Ransom|Scott Foster,40
0022400419,2024,0,2024-12-27,ORL,NYK,85.0,108.0,3,538,193,Ben Taylor|Evan Scott|Scott Twardoski,39
0022400420,2024,0,2024-12-27,BOS,IND,142.0,105.0,3,550,197,Curtis Blair|Matt Boland|Nick Buchert,37
0022400421,2024,0,2024-12-27,BKN,SAS,87.0,96.0,3,543,188,CJ Washington|Josh Tiven|Michael Smith,31
0022400422,2024,0,2024-12-27,HOU,MIN,112.0,113.0,3,522,192,Gediminas Petraitis|Mousa Dagher|Sha'Rae Mitchell,32
0022400423,2024,0,2024-12-27,NOP,MEM,124.0,132.0,3,622,220,Jacyn Goble|Marat Kogut|Simone Jelks,42
0022400424,2024,0,2024-12-27,DEN,CLE,135.0,149.0,3,554,213,Matt Myers|Mitchell Ervin|Natalie Sago,36
0022400425,2024,0,2024-12-27,PHX,DAL,89.0,98.0,3,574,186,Justin Van Duyne|Mark Lindsay|Nate Green,29
0022400426,2024,0,2024-12-27,LAC,GSW,102.0,92.0,3,529,197,Danielle Scott|Jason Goldenberg|Sean Wright,30
0022400427,2024,0,2024-12-28,ATL,MIA,120.0,110.0,3,531,200,Brandon Adair|Brent Barnaky|David Guthrie,34
0022400428,2024,0,2024-12-28,CHA,OKC,94.0,106.0,3,543,202,Evan Scott|Kevin Scott|Tom Washington,30
0022400429,2024,0,2024-12-28,WAS,NYK,132.0,136.0,4,557,225,Josh Tiven|Karl Lane|Tyler Ricks,33
0022400430,2024,0,2024-12-28,CHI,MIL,116.0,111.0,3,545,208,Andy Nagy|Brandon Schwab|Tyler Ford,32
0022400431,2024,0,2024-12-28,GSW,PHX,109.0,105.0,3,578,197,Brett Nansel|Brian Forte|James Williams,29
0022400432,2024,0,2024-12-28,DEN,DET,134.0,121.0,3,553,206,Derrick Collins|JT Orr|Tre Maddox,40
0022400433,2024,0,2024-12-28,UTA,PHI,111.0,114.0,3,594,197,JD Ralls|Kevin Cutler|Natalie Sago,45
0022400434,2024,0,2024-12-28,POR,DAL,126.0,122.0,3,579,209,Che Flores|Ed Malloy|Phenizee Ransom,36
0022400435,2024,0,2024-12-28,LAL,SAC,132.0,122.0,3,522,200,Mark Lindsay|Matt Myers|Nate Green,38
0022400436,2024,0,2024-12-29,ORL,BKN,102.0,101.0,3,544,177,Courtney Kirkland|Jenna Schroeder|John Butler,38
0022400437,2024,0,2024-12-29,BOS,IND,114.0,123.0,3,534,197,Gediminas Petraitis|Michael Smith|Scott Twardoski,38
0022400438,2024,0,2024-12-29,TOR,ATL,107.0,136.0,3,638,224,Karl Lane|Mousa Dagher|Ray Acosta,41
0022400439,2024,0,2024-12-29,HOU,MIA,100.0,104.0,3,566,192,Jason Goldenberg|Marc Davis|Tyler Mirkovich,30
0022400440,2024,0,2024-12-29,OKC,MEM,130.0,106.0,3,592,214,Sean Corbin|Sean Wright|Sha'Rae Mitchell,33
0022400441,2024,0,2024-12-29,MIN,SAS,112.0,110.0,3,554,196,Andy Nagy|Nick Buchert|Robert Hussey,39
0022400442,2024,0,2024-12-30,CHA,CHI,108.0,115.0,4,669,230,Jacyn Goble|Jenna Reneau|Justin Van Duyne,33
0022400443,2024,0,2024-12-30,WAS,NYK,106.0,126.0,3,562,203,Scott Foster|Scott Twardoski|Simone Jelks,38
0022400444,2024,0,2024-12-30,NOP,LAC,113.0,116.0,3,527,199,Brandon Schwab|Mitchell Ervin|Natalie Sago,34
0022400445,2024,0,2024-12-30,UTA,DEN,121.0,132.0,3,521,203,Ben Taylor|Brian Forte|Che Flores,34
0022400446,2024,0,2024-12-30,GSW,CLE,95.0,113.0,3,610,210,Derrick Collins|Ed Malloy|Phenizee Ransom,32
0022400447,2024,0,2024-12-30,POR,PHI,103.0,125.0,3,551,197,Danielle Scott|Mark Lindsay|Tre Maddox,43
0022400448,2024,0,2024-12-30,SAC,DAL,110.0,100.0,3,612,209,CJ Washington|Derek Richardson|James Williams,40
0022400449,2024,0,2024-12-31,BOS,TOR,125.0,71.0,3,530,194,Evan Scott|John Butler|Kevin Scott,24
0022400450,2024,0,2024-12-31,IND,MIL,112.0,120.0,3,576,220,Karl Lane|Ray Acosta|Sha'Rae Mitchell,38
0022400451,2024,0,2024-12-31,SAS,LAC,122.0,86.0,3,522,198,Gediminas Petraitis|Sean Corbin|Tyler Mirkovich,28
0022400452,2024,0,2024-12-31,OKC,MIN,113.0,105.0,3,519,204,Courtney Kirkland|Jason Goldenberg|John Conley,27
0022400453,2024,0,2024-12-31,PHX,MEM,112.0,117.0,3,653,213,JD Ralls|Marc Davis|Phenizee Ransom,49
0022400454,2024,0,2024-12-31,LAL,CLE,110.0,122.0,3,524,203,CJ Washington|Suyash Mehta|Tyler Ford,26
0022400455,2024,0,2025-01-01,DET,ORL,105.0,96.0,2,552,197,Brandon Schwab|Jacyn Goble|Justin Van Duyne,34
0022400456,2024,0,2025-01-01,WAS,CHI,125.0,107.0,2,564,217,Kevin Cutler|Mousa Dagher|Zach Zarba,25
0022400457,2024,0,2025-01-01,MIA,NOP,119.0,108.0,3,478,191,Brent Haskill|John Goble|Scott Twardoski,29
0022400458,2024,0,2025-01-01,NYK,UTA,119.0,103.0,2,520,203,John Butler|Matt Myers|Sean Wright,35
0022400459,2024,0,2025-01-01,TOR,BKN,130.0,113.0,3,552,196,Curtis Blair|Matt Boland|Nate Green,35
0022400460,2024,0,2025-01-01,HOU,DAL,110.0,99.0,3,553,200,Ben Taylor|Jonathan Sterling|Rodney Mott,37
0022400461,2024,0,2025-01-01,DEN,ATL,139.0,120.0,3,548,219,Brett Nansel|James Williams|Jenna Schroeder,31
0022400462,2024,0,2025-01-01,SAC,PHI,113.0,107.0,3,540,199,Brian Forte|Ed Malloy|Tom Washington,34
0022400463,2024,0,2025-01-02,MIA,IND,115.0,128.0,3,495,196,Andy Nagy|Courtney Kirkland|Derek Richardson,28
0022400464,2024,0,2025-01-02,MIN,BOS,115.0,118.0,3,461,174,CJ Washington|Matt Kallio|Zach Zarba,24
0022400465,2024,0,2025-01-02,MIL,BKN,110.0,113.0,3,580,200,Che Flores|Kevin Scott|Mousa Dagher,39
0022400466,2024,0,2025-01-02,OKC,LAC,116.0,98.0,3,514,200,Danielle Scott|Eric Dalen|James Williams,29
0022400467,2024,0,2025-01-02,GSW,PHI,139.0,105.0,3,520,199,Sean Corbin|Suyash Mehta|Tyler Ford,36
0022400468,2024,0,2025-01-02,LAL,POR,114.0,106.0,3,510,195,JD Ralls|Marc Davis|Nick Buchert,25
0022400469,2024,0,2025-01-03,DET,CHA,98.0,94.0,3,615,198,Che Flores|Nate Green|Sean Wright,34
0022400470,2024,0,2025-01-03,TOR,ORL,97.0,106.0,2,472,180,John Conley|Kevin Cutler|Pat Fraher,24
0022400471,2024,0,2025-01-03,HOU,BOS,86.0,109.0,3,516,176,Brandon Adair|John Goble|Natalie Sago,31
0022400472,2024,0,2025-01-03,NOP,WAS,132.0,120.0,3,574,205,Jonathan Sterling|Justin Van Duyne|Phenizee Ransom,38
0022400473,2024,0,2025-01-03,OKC,NYK,117.0,107.0,3,507,200,Ben Taylor|Mitchell Ervin|Tyler Ricks,33
0022400474,2024,0,2025-01-03,DAL,CLE,122.0,134.0,3,596,208,Evan Scott|Jacyn Goble|Mark Lindsay,35
0022400475,2024,0,2025-01-03,DEN,SAS,110.0,113.0,3,539,201,Ray Acosta|Rodney Mott|Tom Washington,27
0022400476,2024,0,2025-01-03,SAC,MEM,138.0,133.0,3,606,218,JT Orr|Suyash Mehta|Tyler Ford,42
0022400477,2024,0,2025-01-03,LAL,ATL,119.0,102.0,3,587,197,Ed Malloy|Michael Smith|Tre Maddox,38
0022400478,2024,0,2025-01-04,BKN,PHI,94.0,123.0,3,535,213,Andy Nagy|Brandon Schwab|Kevin Cutler,36
0022400479,2024,0,2025-01-04,DET,MIN,119.0,105.0,3,546,201,Brett Nansel|Eric Dalen|Karl Lane,37
0022400480,2024,0,2025-01-04,IND,PHX,126.0,108.0,3,526,197,Curtis Blair|John Butler|John Conley,27
0022400481,2024,0,2025-01-04,MIA,UTA,100.0,136.0,3,533,209,Jenna Schroeder|Kevin Scott|Robert Hussey,35
0022400482,2024,0,2025-01-04,CHI,NYK,139.0,126.0,2,531,212,Derek Richardson|Jason Goldenberg|Pat Fraher,32
0022400483,2024,0,2025-01-04,MIL,POR,102.0,105.0,2,493,203,Matt Boland|Sean Corbin|Zach Zarba,20
0022400484,2024,0,2025-01-04,SAS,DEN,111.0,122.0,4,618,221,Brandon Adair|Danielle Scott|Mark Lindsay,36
0022400485,2024,0,2025-01-04,GSW,MEM,121.0,113.0,3,547,201,Gediminas Petraitis|Nick Buchert|Sha'Rae Mitchell,32
0022400486,2024,0,2025-01-04,LAC,ATL,131.0,105.0,3,541,224,JT Orr|Marc Davis|Matt Myers,28
0022400487,2024,0,2025-01-05,OKC,BOS,105.0,92.0,3,530,196,Mousa Dagher|Scott Foster|Tom Washington,32
0022400488,2024,0,2025-01-05,CLE,CHA,115.0,105.0,3,570,202,Brandon Schwab|Brian Forte|Phenizee Ransom,32
0022400489,2024,0,2025-01-05,WAS,NOP,98.0,110.0,3,520,200,James Williams|Matt Boland|Nate Green,29
0022400490,2024,0,2025-01-05,ORL,UTA,92.0,105.0,2,526,195,Andy Nagy|JD Ralls|Mitchell Ervin,33
0022400491,2024,0,2025-01-05,HOU,LAL,119.0,115.0,3,544,187,Jenna Schroeder|Ray Acosta|Sean Wright,41
0022400492,2024,0,2025-01-05,GSW,SAC,99.0,129.0,3,550,200,Courtney Kirkland|Michael Smith|Rodney Mott,34
0022400493,2024,0,2025-01-06,DET,POR,118.0,115.0,3,517,196,Danielle Scott|Ed Malloy|Kevin Cutler,28
0022400494,2024,0,2025-01-06,PHI,PHX,99.0,109.0,3,518,193,Jacyn Goble|James Williams|PAT O'Connell,35
0022400495,2024,0,2025-01-06,BKN,IND,99.0,113.0,3,537,191,Derrick Collins|Mitchell Ervin|Natalie Sago,35
0022400496,2024,0,2025-01-06,NYK,ORL,94.0,103.0,3,482,183,Brandon Adair|CJ Washington|Tre Maddox,33
0022400497,2024,0,2025-01-06,TOR,MIL,104.0,128.0,3,538,206,Brett Nansel|Jason Goldenberg|Tyler Ford,30
0022400498,2024,0,2025-01-06,CHI,SAS,114.0,110.0,2,567,207,Ben Taylor|John Butler|Jonathan Sterling,25
0022400499,2024,0,2025-01-06,MEM,DAL,119.0,104.0,3,642,212,Justin Van Duyne|Kevin Scott|Simone Jelks,38
0022400500,2024,0,2025-01-06,MIN,LAC,108.0,106.0,3,571,193,Derek Richardson|John Goble|Sean Corbin,34
0022400501,2024,0,2025-01-06,SAC,MIA,123.0,118.0,5,646,235,Marc Davis|Matt Myers|Nick Buchert,37
0022400502,2024,0,2025-01-07,CHA,PHX,115.0,104.0,3,582,205,Jonathan Sterling|Ray Acosta|Zach Zarba,38
0022400503,2024,0,2025-01-07,WAS,HOU,112.0,135.0,3,548,200,Natalie Sago|Robert Hussey|Tyler Ford,31
0022400504,2024,0,2025-01-07,DAL,LAL,118.0,97.0,3,507,188,Brandon Schwab|John Butler|Scott Foster,27
0022400505,2024,0,2025-01-07,NOP,MIN,97.0,104.0,3,604,198,Evan Scott|Jenna Schroeder|Pat Fraher,34
0022400506,2024,0,2025-01-07,UTA,ATL,121.0,124.0,2,578,203,Courtney Kirkland|Rodney Mott|Tyler Ricks,35
0022400507,2024,0,2025-01-07,DEN,BOS,106.0,118.0,3,518,192,Che Flores|Gediminas Petraitis|Sean Wright,29
0022400508,2024,0,2025-01-07,GSW,MIA,98.0,114.0,3,532,193,Brian Forte|JT Orr|Mousa Dagher,24
0022400509,2024,0,2025-01-08,CLE,OKC,129.0,122.0,3,553,202,John Goble|Ray Acosta|Robert Hussey,42
0022400510,2024,0,2025-01-08,IND,CHI,129.0,113.0,3,587,206,Danielle Scott|Jacyn Goble|Michael Smith,40
0022400511,2024,0,2025-01-08,NYK,TOR,112.0,98.0,3,533,192,Derrick Collins|Ed Malloy|Nate Green,27
0022400512,2024,0,2025-01-08,PHI,WAS,109.0,103.0,3,533,184,CJ Washington|Suyash Mehta|Zach Zarba,29
0022400513,2024,0,2025-01-08,BKN,DET,98.0,113.0,3,534,193,Ben Taylor|Matt Boland|Phenizee Ransom,30
0022400514,2024,0,2025-01-08,NOP,POR,100.0,119.0,3,525,186,Andy Nagy|Kevin Scott|Matt Myers,29
0022400515,2024,0,2025-01-08,DEN,LAC,126.0,103.0,3,529,199,JD Ralls|Marat Kogut|Nick Buchert,38
0022400516,2024,0,2025-01-08,MIL,SAS,121.0,105.0,3,554,201,Derek Richardson|Josh Tiven|Tre Maddox,30
0022400517,2024,0,2025-01-09,CLE,TOR,132.0,126.0,3,520,198,Jacyn Goble|Josh Tiven|Simone Jelks,28
0022400518,2024,0,2025-01-09,DET,GSW,104.0,107.0,3,572,193,Brent Barnaky|Evan Scott|Mitchell Ervin,35
0022400519,2024,0,2025-01-09,ORL,MIN,89.0,104.0,3,570,187,Natalie Sago|Tom Washington|Tyler Ford,40
0022400520,2024,0,2025-01-09,MEM,HOU,115.0,119.0,3,694,212,James Williams|Jonathan Sterling|Sean Corbin,49
0022400521,2024,0,2025-01-09,DAL,POR,117.0,111.0,3,581,198,Courtney Kirkland|JD Ralls|Nick Buchert,38
0022400522,2024,0,2025-01-09,PHX,ATL,123.0,115.0,3,535,195,David Guthrie|Kevin Cutler|Mousa Dagher,33
0022400523,2024,0,2025-01-09,UTA,MIA,92.0,97.0,3,535,196,Brandon Adair|Gediminas Petraitis|Marat Kogut,25
0022400524,2024,0,2025-01-09,LAL,CHA,97.0,100.0,3,577,205,Che Flores|Justin Van Duyne|Tony Brothers,28
0022400525,2024,0,2025-01-10,IND,GSW,108.0,96.0,3,543,197,Ed Malloy|Phenizee Ransom|Ray Acosta,28
0022400526,2024,0,2025-01-10,ORL,MIL,106.0,109.0,3,559,195,CJ Washington|Matt Boland|Scott Foster,37
0022400527,2024,0,2025-01-10,PHI,NOP,115.0,123.0,3,542,198,Michael Smith|Sean Wright|Tre Maddox,38
0022400528,2024,0,2025-01-10,BOS,SAC,97.0,114.0,3,551,203,Brent Barnaky|Derrick Collins|John Goble,29
0022400529,2024,0,2025-01-10,NYK,OKC,101.0,126.0,3,531,205,Jason Goldenberg|Jenna Reneau|Marc Davis,34
0022400530,2024,0,2025-01-10,CHI,WAS,138.0,105.0,3,547,210,Brian Forte|Jenna Schroeder|Matt Myers,24
0022400531,2024,0,2025-01-10,DEN,BKN,124.0,105.0,3,596,206,John Conley|Kevin Cutler|Pat Fraher,38
0022400532,2024,0,2025-01-11,ATL,HOU,96.0,100.0,3,565,206,nan|nan|nan,35
0022400533,2024,0,2025-01-11,PHX,UTA,114.0,106.0,3,539,190,Che Flores|Justin Van Duyne|Tony Brothers,33
0022400534,2024,0,2025-01-11,DET,TOR,123.0,114.0,3,578,202,Nick Buchert|Ray Acosta|Suyash Mehta,41
0022400535,2024,0,2025-01-11,MIN,MEM,125.0,127.0,3,592,208,Josh Tiven|Marat Kogut|Mousa Dagher,34
0022400536,2024,0,2025-01-11,POR,MIA,98.0,119.0,3,567,196,Ben Taylor|Matt Kallio|Rodney Mott,27
0022400537,2024,0,2025-01-11,LAL,SAS,125.0,109.0,3,535,201,nan|nan|nan,26
0022400538,2024,0,2025-01-11,LAC,CHA,123.0,88.0,3,522,199,nan|nan|nan,29
0022400539,2024,0,2025-01-12,NYK,MIL,140.0,106.0,3,527,201,Mitchell Ervin|Sean Wright|Sha'Rae Mitchell,33
0022400540,2024,0,2025-01-12,DAL,DEN,101.0,112.0,3,571,195,Brent Barnaky|John Goble|Simone Jelks,38
0022400541,2024,0,2025-01-12,CHI,SAC,119.0,124.0,2,535,203,Ed Malloy|Tom Washington|Tre Maddox,32
0022400542,2024,0,2025-01-12,BOS,NOP,120.0,119.0,3,566,203,Brian Forte|CJ Washington|Sean Corbin,37
0022400543,2024,0,2025-01-12,CLE,IND,93.0,108.0,3,565,197,Derek Richardson|Mousa Dagher|Scott Foster,36
0022400544,2024,0,2025-01-12,ORL,PHI,104.0,99.0,3,529,186,Evan Scott|James Williams|Nate Green,43
0022400545,2024,0,2025-01-12,WAS,OKC,95.0,136.0,3,595,214,Brandon Schwab|Courtney Kirkland|Phenizee Ransom,41
0022400546,2024,0,2025-01-12,UTA,BKN,112.0,111.0,3,608,209,Andy Nagy|Matt Kallio|Tyler Ford,46
0022400547,2024,0,2025-01-12,PHX,CHA,120.0,113.0,3,572,201,JT Orr|John Conley|Pat Fraher,35
0022400548,2024,0,2025-01-13,WAS,MIN,106.0,120.0,3,556,201,JD Ralls|Jacyn Goble|Marc Davis,32
0022400549,2024,0,2025-01-13,NYK,DET,119.0,124.0,3,535,203,Michael Smith|Natalie Sago|Scott Foster,37
0022400550,2024,0,2025-01-13,TOR,GSW,104.0,101.0,3,574,189,Jenna Schroeder|Sha'Rae Mitchell|Zach Zarba,28
0022400551,2024,0,2025-01-13,HOU,MEM,120.0,118.0,3,613,201,Danielle Scott|Pat Fraher|Tony Brothers,38
0022400552,2024,0,2025-01-13,LAL,SAS,102.0,126.0,3,558,194,Ben Taylor|Brett Nansel|Jason Goldenberg,31
0022400553,2024,0,2025-01-13,LAC,MIA,109.0,98.0,3,491,203,David Guthrie|Derrick Collins|Justin Van Duyne,22
0022400554,2024,0,2025-01-14,IND,CLE,117.0,127.0,2,588,203,Natalie Sago|Tom Washington|Zach Zarba,35
0022400555,2024,0,2025-01-14,PHI,OKC,102.0,118.0,3,541,199,Che Flores|Kevin Scott|Sean Corbin,31
0022400556,2024,0,2025-01-14,ATL,PHX,122.0,117.0,3,571,208,Brent Barnaky|Matt Kallio|Ray Acosta,38
0022400557,2024,0,2025-01-14,CHI,NOP,113.0,119.0,3,580,204,Karl Lane|Kevin Cutler|Leon Wood,32
0022400558,2024,0,2025-01-14,MIL,SAC,130.0,115.0,3,543,202,Andy Nagy|Brian Forte|Matt Myers,35
0022400559,2024,0,2025-01-14,DAL,DEN,99.0,118.0,3,542,200,Brandon Adair|Scott Twardoski|Tyler Ford,36
0022400560,2024,0,2025-01-14,POR,BKN,114.0,132.0,3,560,201,John Butler|Josh Tiven|Matt Boland,35
0022400561,2024,0,2025-01-15,PHI,NYK,119.0,125.0,4,506,195,Matt Kallio|Pat Fraher|Ray Acosta,32
0022400562,2024,0,2025-01-15,TOR,BOS,110.0,97.0,3,537,190,JD Ralls|Karl Lane|Marc Davis,32
0022400563,2024,0,2025-01-15,CHI,ATL,94.0,110.0,3,567,211,Intae Hwang|John Goble|Marat Kogut,29
0022400564,2024,0,2025-01-15,MIL,ORL,122.0,93.0,3,563,210,Courtney Kirkland|Eric Dalen|Sha'Rae Mitchell,40
0022400565,2024,0,2025-01-15,MIN,GSW,115.0,116.0,3,577,181,Mark Lindsay|Simone Jelks|Tony Brothers,41
0022400566,2024,0,2025-01-15,NOP,DAL,119.0,116.0,3,600,210,Danielle Scott|Gediminas Petraitis|Rodney Mott,36
0022400567,2024,0,2025-01-15,SAS,MEM,115.0,129.0,3,595,210,Derek Richardson|Ed Malloy|Kevin Cutler,34
0022400568,2024,0,2025-01-15,DEN,HOU,108.0,128.0,3,508,190,Ben Taylor|CJ Washington|Derrick Collins,35
0022400569,2024,0,2025-01-15,UTA,CHA,112.0,117.0,3,547,204,Jacyn Goble|Jonathan Sterling|Mitchell Ervin,28
0022400570,2024,0,2025-01-15,LAL,MIA,117.0,108.0,3,472,192,John Butler|Matt Boland|Tre Maddox,24
0022400571,2024,0,2025-01-15,LAC,BKN,126.0,67.0,3,539,194,James Williams|Jason Goldenberg|Suyash Mehta,31
0022400572,2024,0,2025-01-16,DET,IND,100.0,111.0,3,568,206,Brian Forte|David Guthrie|Sha'Rae Mitchell,35
0022400573,2024,0,2025-01-16,WAS,PHX,123.0,130.0,3,597,212,Evan Scott|Gediminas Petraitis|Kevin Scott,43
0022400574,2024,0,2025-01-16,OKC,CLE,134.0,114.0,3,540,214,JT Orr|Nate Green|Tyler Ford,29
0022400575,2024,0,2025-01-16,POR,LAC,89.0,118.0,3,514,199,Brent Barnaky|Jacyn Goble|Jonathan Sterling,30
0022400576,2024,0,2025-01-16,SAC,HOU,132.0,127.0,3,543,212,Brett Nansel|Josh Tiven|Justin Van Duyne,31
0022400577,2024,0,2025-01-17,BOS,ORL,121.0,94.0,3,522,183,Andy Nagy|Che Flores|Mark Lindsay,41
0022400578,2024,0,2025-01-17,NYK,MIN,99.0,116.0,3,490,186,Jenna Schroeder|Karl Lane|Marat Kogut,27
0022400579,2024,0,2025-01-17,MIA,DEN,113.0,133.0,3,471,200,Intae Hwang|Ray Acosta|Scott Foster,25
0022400580,2024,0,2025-01-17,MIL,TOR,130.0,112.0,3,597,204,CJ Washington|Kevin Cutler|Robert Hussey,45
0022400581,2024,0,2025-01-17,NOP,UTA,136.0,123.0,3,610,207,Derek Richardson|Evan Scott|Marc Davis,42
0022400582,2024,0,2025-01-17,SAS,MEM,112.0,140.0,3,549,203,Courtney Kirkland|Michael Smith|Rodney Mott,32
0022400583,2024,0,2025-01-17,DAL,OKC,106.0,98.0,3,569,190,Derrick Collins|James Williams|Suyash Mehta,31
0022400584,2024,0,2025-01-17,CHI,CHA,123.0,125.0,3,555,205,Sean Corbin|Tyler Ricks|Zach Zarba,30
0022400585,2024,0,2025-01-17,LAL,BKN,102.0,101.0,3,503,182,Brent Barnaky|Natalie Sago|Scott Twardoski,23
0022400586,2024,0,2025-01-18,DET,PHX,121.0,125.0,3,627,202,JD Ralls|Jason Goldenberg|John Goble,49
0022400587,2024,0,2025-01-18,BOS,ATL,115.0,119.0,4,674,221,Brandon Schwab|Gediminas Petraitis|Phenizee Ransom,35
0022400588,2024,0,2025-01-18,IND,PHI,115.0,102.0,3,548,194,JT Orr|Mark Lindsay|Matt Myers,36
0022400589,2024,0,2025-01-18,GSW,WAS,122.0,114.0,3,606,198,Jacyn Goble|Josh Tiven|Nate Green,37
0022400590,2024,0,2025-01-18,MIN,CLE,117.0,124.0,3,525,195,CJ Washington|Danielle Scott|Ed Malloy,36
0022400591,2024,0,2025-01-18,POR,HOU,103.0,125.0,3,608,211,Eric Dalen|Mousa Dagher|Tre Maddox,37
0022400592,2024,0,2025-01-19,MIA,SAS,128.0,107.0,3,497,201,James Williams|Sean Corbin|Tom Washington,20
0022400593,2024,0,2025-01-19,ORL,DEN,100.0,113.0,3,556,197,Jonathan Sterling|Justin Van Duyne|Pat Fraher,33
0022400594,2024,0,2025-01-19,MIL,PHI,123.0,109.0,3,523,195,Brandon Schwab|Phenizee Ransom|Scott Foster,40
0022400595,2024,0,2025-01-19,OKC,BKN,127.0,101.0,3,523,199,Evan Scott|Robert Hussey|Rodney Mott,28
0022400596,2024,0,2025-01-19,LAC,LAL,116.0,102.0,3,502,193,Eric Dalen|Josh Tiven|Nate Green,26
0022400597,2024,0,2025-01-19,POR,CHI,113.0,102.0,3,548,203,Natalie Sago|Sean Wright|Simone Jelks,37
0022400598,2024,0,2025-01-19,SAC,WAS,123.0,100.0,3,588,217,Brian Forte|Scott Twardoski|Sha'Rae Mitchell,34
0022400599,2024,0,2025-01-20,CHA,DAL,110.0,105.0,3,610,198,Brandon Adair|John Butler|Marc Davis,30
0022400600,2024,0,2025-01-20,HOU,DET,96.0,107.0,3,562,204,Andy Nagy|Che Flores|Zach Zarba,27
0022400601,2024,0,2025-01-20,MEM,MIN,108.0,106.0,3,636,205,Derrick Collins|Gediminas Petraitis|JD Ralls,44
0022400602,2024,0,2025-01-20,NYK,ATL,119.0,110.0,3,579,197,Danielle Scott|JT Orr|Tyler Ford,37
0022400603,2024,0,2025-01-20,CLE,PHX,118.0,92.0,3,538,197,Brent Barnaky|Courtney Kirkland|Suyash Mehta,35
0022400604,2024,0,2025-01-20,GSW,BOS,85.0,125.0,3,515,192,David Guthrie|Intae Hwang|Ray Acosta,18
0022400605,2024,0,2025-01-20,NOP,UTA,123.0,119.0,4,626,225,CJ Washington|Karl Lane|Tyler Ricks,42
0022400606,2024,0,2025-01-21,BKN,NYK,95.0,99.0,3,569,193,John Goble|Mark Lindsay|Matt Myers,33
0022400607,2024,0,2025-01-21,MIA,POR,107.0,116.0,3,481,194,John Butler|Josh Tiven|Justin Van Duyne,25
0022400608,2024,0,2025-01-21,TOR,ORL,109.0,93.0,3,548,187,Jacyn Goble|Jason Goldenberg|Tyler Ford,38
0022400609,2024,0,2025-01-21,DEN,PHI,144.0,109.0,3,496,196,Andy Nagy|Brian Forte|Michael Smith,28
0022400610,2024,0,2025-01-21,LAL,WAS,111.0,88.0,3,551,201,Ray Acosta|Sean Wright|Simone Jelks,28
0022400611,2024,0,2025-01-20,LAC,CHI,99.0,112.0,3,554,195,Brett Nansel|Kevin Scott|Mousa Dagher,35
0022400612,2024,0,2025-01-22,ATL,DET,104.0,114.0,3,569,218,Justin Van Duyne|Scott Foster|Tom Washington,29
0022400613,2024,0,2025-01-22,BKN,PHX,84.0,108.0,3,540,193,Jacyn Goble|Jonathan Sterling|Marc Davis,22
0022400614,2024,0,2025-01-22,DAL,MIN,114.0,115.0,3,550,202,Evan Scott|Nate Green|Pat Fraher,37
0022400615,2024,0,2025-01-22,HOU,CLE,109.0,108.0,3,587,191,Brandon Adair|James Williams|Nick Buchert,34
0022400616,2024,0,2025-01-22,MEM,CHA,132.0,120.0,3,602,209,Josh Tiven|Phenizee Ransom|Robert Hussey,43
0022400617,2024,0,2025-01-22,NOP,MIL,107.0,111.0,2,526,201,CJ Washington|Karl Lane|Tyler Ricks,26
0022400618,2024,0,2025-01-22,OKC,UTA,123.0,114.0,3,597,208,Intae Hwang|Kevin Scott|Marat Kogut,37
0022400619,2024,0,2025-01-22,SAC,GSW,123.0,117.0,3,563,201,Curtis Blair|Eric Dalen|Matt Kallio,37
0022400620,2024,0,2025-01-22,LAC,BOS,113.0,117.0,4,568,216,Natalie Sago|Rodney Mott|Scott Twardoski,34
0022400621,2024,0,2025-01-23,IND,SAS,110.0,140.0,3,557,211,Brent Barnaky|Jenna Schroeder|Zach Zarba,22
0022400622,2024,0,2025-01-23,ORL,POR,79.0,101.0,3,596,194,Brandon Schwab|Courtney Kirkland|Phenizee Ransom,35
0022400623,2024,0,2025-01-23,ATL,TOR,119.0,122.0,3,554,209,James Williams|John Conley|Pat Fraher,44
0022400624,2024,0,2025-01-23,MIL,MIA,125.0,96.0,3,536,199,Derrick Collins|Mitchell Ervin|Sean Corbin,31
0022400625,2024,0,2025-01-23,OKC,DAL,115.0,121.0,3,615,205,Gediminas Petraitis|Nick Buchert|Sha'Rae Mitchell,44
0022400626,2024,0,2025-01-23,DEN,SAC,132.0,123.0,3,600,224,Ray Acosta|Sean Wright|Simone Jelks,33
0022400627,2024,0,2025-03-19,UTA,WAS,128.0,112.0,3,508,202,Kevin Scott|Matt Myers|Nick Buchert,27
0022400628,2024,0,2025-01-23,GSW,CHI,131.0,106.0,3,586,200,Brian Forte|Michael Smith|Scott Twardoski,34
0022400629,2024,0,2025-01-23,LAL,BOS,117.0,96.0,3,519,188,Curtis Blair|John Butler|Mousa Dagher,30
0022400630,2024,0,2025-01-24,CHA,POR,97.0,102.0,3,611,195,Danielle Scott|Jason Goldenberg|Tyler Ford,47
0022400631,2024,0,2025-01-24,PHI,CLE,132.0,129.0,3,566,204,JT Orr|Mitchell Ervin|Robert Hussey,32
0022400632,2024,0,2025-01-24,MEM,NOP,139.0,126.0,3,540,201,Justin Van Duyne|Mark Lindsay|Tom Washington,28
0022400633,2024,0,2025-01-25,SAS,IND,98.0,136.0,3,593,207,Brent Barnaky|Matt Boland|Zach Zarba,36
0022400634,2024,0,2025-01-25,MIN,DEN,133.0,104.0,3,523,200,Che Flores|Kevin Scott|Nick Buchert,26
0022400635,2024,0,2025-01-25,DAL,BOS,107.0,122.0,3,582,197,Andy Nagy|Scott Foster|Simone Jelks,43
0022400636,2024,0,2025-01-25,BKN,MIA,97.0,106.0,3,550,197,Brandon Schwab|Courtney Kirkland|Eric Dalen,40
0022400637,2024,0,2025-01-25,CHA,NOP,123.0,92.0,3,564,202,James Williams|John Conley|Natalie Sago,33
0022400638,2024,0,2025-01-25,ORL,DET,121.0,113.0,3,618,207,Gediminas Petraitis|Intae Hwang|Marat Kogut,43
0022400639,2024,0,2025-01-25,ATL,TOR,94.0,117.0,3,606,223,Brandon Adair|Mark Lindsay|Nate Green,38
0022400640,2024,0,2025-01-25,CLE,HOU,131.0,135.0,3,589,203,Phenizee Ransom|Ray Acosta|Tony Brothers,51
0022400641,2024,0,2025-01-25,NYK,SAC,143.0,120.0,3,571,210,Marc Davis|Sean Corbin|Tyler Ricks,29
0022400642,2024,0,2025-01-25,CHI,PHI,97.0,109.0,3,535,204,Ben Taylor|Jonathan Sterling|Rodney Mott,31
0022400643,2024,0,2025-01-25,MEM,UTA,125.0,103.0,3,581,206,Jacyn Goble|Sha'Rae Mitchell|Tyler Ford,36
0022400644,2024,0,2025-01-25,GSW,LAL,108.0,118.0,3,534,194,CJ Washington|Evan Scott|Josh Tiven,26
0022400645,2024,0,2025-01-25,PHX,WAS,119.0,109.0,3,508,199,Brian Forte|John Goble|Michael Smith,26
0022400646,2024,0,2025-01-25,LAC,MIL,127.0,117.0,3,554,209,Curtis Blair|John Butler|Mousa Dagher,43
0022400647,2024,0,2025-01-26,POR,OKC,108.0,118.0,3,556,190,Brett Nansel|Pat Fraher|Scott Twardoski,42
0022400648,2024,0,2025-01-27,CHA,LAL,107.0,112.0,3,541,194,Eric Dalen|Gediminas Petraitis|Tyler Ricks,34
0022400649,2024,0,2025-01-27,CLE,DET,110.0,91.0,2,548,194,Kevin Scott|Sean Corbin|Tom Washington,28
0022400650,2024,0,2025-01-27,BOS,HOU,112.0,114.0,3,560,189,Derrick Collins|Suyash Mehta|Tyler Ford,38
0022400651,2024,0,2025-01-27,BKN,SAC,96.0,110.0,3,572,188,Che Flores|Marat Kogut|Mitchell Ervin,39
0022400652,2024,0,2025-01-27,MIA,ORL,125.0,119.0,5,599,227,JD Ralls|Jason Goldenberg|Marc Davis,37
0022400653,2024,0,2025-01-27,NYK,MEM,143.0,106.0,3,601,213,John Conley|Ray Acosta|Sean Wright,30
0022400654,2024,0,2025-01-27,TOR,NOP,113.0,104.0,3,610,210,Nick Buchert|Phenizee Ransom|Tony Brothers,38
0022400655,2024,0,2025-01-27,CHI,DEN,129.0,121.0,3,526,213,Brian Forte|Curtis Blair|John Butler,22
0022400656,2024,0,2025-01-27,MIN,ATL,100.0,92.0,3,582,205,Ben Taylor|Robert Hussey|Rodney Mott,31
0022400657,2024,0,2025-01-27,DAL,WAS,130.0,108.0,3,524,197,Intae Hwang|Josh Tiven|Mousa Dagher,32
0022400658,2024,0,2025-01-27,UTA,MIL,110.0,125.0,3,531,200,Danielle Scott|John Goble|Justin Van Duyne,37
0022400659,2024,0,2025-01-27,PHX,LAC,111.0,109.0,3,521,194,Evan Scott|JT Orr|Karl Lane,26
0022400660,2024,0,2025-01-28,PHI,LAL,118.0,104.0,3,521,203,Marat Kogut|Matt Myers|Tony Brothers,37
0022400661,2024,0,2025-01-28,GSW,UTA,114.0,103.0,3,575,193,Mark Lindsay|Matt Kallio|Pat Fraher,46
0022400662,2024,0,2025-01-28,POR,MIL,125.0,112.0,3,541,197,Derek Richardson|Karl Lane|Scott Foster,37
0022400663,2024,0,2025-01-29,CHA,BKN,83.0,104.0,3,570,183,Intae Hwang|Natalie Sago|Sean Wright,35
0022400664,2024,0,2025-01-29,IND,DET,133.0,119.0,3,578,205,Evan Scott|Suyash Mehta|Tyler Ford,37
0022400665,2024,0,2025-01-29,WAS,TOR,82.0,106.0,3,568,196,Gediminas Petraitis|Sean Corbin|Tyler Ricks,39
0022400666,2024,0,2025-01-29,BOS,CHI,122.0,100.0,3,538,207,Brent Barnaky|Eric Dalen|Michael Smith,31
0022400667,2024,0,2025-01-29,MIA,CLE,106.0,126.0,3,493,192,Che Flores|Jacyn Goble|Zach Zarba,20
0022400668,2024,0,2025-01-29,NYK,DEN,122.0,112.0,3,480,200,Nate Green|Rodney Mott|Tre Maddox,33
0022400669,2024,0,2025-01-29,PHI,SAC,117.0,104.0,3,499,192,Curtis Blair|Mitchell Ervin|Tom Washington,34
0022400670,2024,0,2025-01-29,NOP,DAL,136.0,137.0,3,575,209,Derrick Collins|Kevin Scott|Scott Twardoski,30
0022400671,2024,0,2025-01-29,SAS,LAC,116.0,128.0,3,548,203,Ed Malloy|Jason Goldenberg|Matt Boland,39
0022400672,2024,0,2025-01-29,PHX,MIN,113.0,121.0,3,553,197,CJ Washington|Kevin Cutler|Pat Fraher,39
0022400673,2024,0,2025-01-29,GSW,OKC,116.0,109.0,3,619,203,Danielle Scott|John Goble|Justin Van Duyne,38
0022400674,2024,0,2025-01-30,WAS,LAL,96.0,134.0,3,588,205,Brent Barnaky|Marc Davis|Phenizee Ransom,40
0022400675,2024,0,2025-01-30,CLE,ATL,137.0,115.0,2,548,206,Brian Forte|John Conley|Josh Tiven,37
0022400676,2024,0,2025-01-30,MEM,HOU,120.0,119.0,3,608,196,Andy Nagy|Ben Taylor|Marat Kogut,37
0022400677,2024,0,2025-01-30,UTA,MIN,113.0,138.0,3,501,192,Brett Nansel|Karl Lane|Scott Foster,32
0022400678,2024,0,2025-01-30,POR,ORL,119.0,90.0,3,544,184,Justin Van Duyne|Mark Lindsay|Matt Kallio,39
0022400679,2024,0,2025-01-31,CHA,LAC,104.0,112.0,3,535,198,Che Flores|Nick Buchert|Sean Corbin,32
0022400680,2024,0,2025-01-31,DET,DAL,117.0,102.0,3,588,196,Jacyn Goble|Jenna Schroeder|Ray Acosta,28
0022400681,2024,0,2025-01-31,PHI,DEN,134.0,137.0,3,472,199,Eric Dalen|Scott Twardoski|Sean Wright,32
0022400682,2024,0,2025-01-31,TOR,CHI,106.0,122.0,3,550,203,Brandon Adair|Phenizee Ransom|Tre Maddox,29
0022400683,2024,0,2025-01-31,NOP,BOS,116.0,118.0,3,551,209,CJ Washington|Derek Richardson|Ed Malloy,32
0022400684,2024,0,2025-01-31,SAS,MIL,144.0,118.0,3,594,207,Gediminas Petraitis|Intae Hwang|Tony Brothers,37
0022400685,2024,0,2025-01-31,GSW,PHX,105.0,130.0,3,576,210,John Butler|Mousa Dagher|Scott Foster,37
0022400686,2024,0,2025-02-01,IND,ATL,132.0,127.0,3,584,208,Andy Nagy|Marc Davis|Matt Boland,47
0022400687,2024,0,2025-02-01,UTA,ORL,113.0,99.0,3,576,208,Matt Myers|Natalie Sago|Tyler Ford,45
0022400688,2024,0,2025-02-01,CHA,DEN,104.0,107.0,3,524,202,Brent Barnaky|Evan Scott|Tyler Ricks,29
0022400689,2024,0,2025-02-01,HOU,BKN,98.0,110.0,3,552,187,Derek Richardson|Derrick Collins|Pat Fraher,34
0022400690,2024,0,2025-02-01,MIN,WAS,103.0,105.0,3,553,202,Brian Forte|JT Orr|John Conley,33
0022400691,2024,0,2025-02-01,OKC,SAC,144.0,110.0,3,586,213,Ben Taylor|Brett Nansel|Kevin Cutler,27
0022400692,2024,0,2025-02-01,NYK,LAL,112.0,128.0,3,533,198,Brandon Adair|Josh Tiven|Nick Buchert,33
0022400693,2024,0,2025-02-01,SAS,MIA,103.0,105.0,3,542,198,CJ Washington|Kevin Scott|Michael Smith,31
0022400694,2024,0,2025-02-01,POR,PHX,127.0,108.0,3,570,206,Jason Goldenberg|Sha'Rae Mitchell|Zach Zarba,38
0022400695,2024,0,2025-02-02,DET,CHI,127.0,119.0,3,554,216,Ed Malloy|Rodney Mott|Simone Jelks,27
0022400696,2024,0,2025-02-02,CLE,DAL,144.0,101.0,3,532,215,Justin Van Duyne|Karl Lane|Nate Green,28
0022400697,2024,0,2025-02-02,TOR,LAC,115.0,108.0,3,507,193,Eric Dalen|Mitchell Ervin|Suyash Mehta,31
0022400698,2024,0,2025-02-02,PHI,BOS,110.0,118.0,3,481,195,Brandon Schwab|Mark Lindsay|Tre Maddox,35
0022400699,2024,0,2025-02-02,MIL,MEM,119.0,132.0,3,609,206,Curtis Blair|JT Orr|Tyler Ricks,33
0022400700,2024,0,2025-02-03,CHA,WAS,114.0,124.0,3,555,208,CJ Washington|Jenna Schroeder|Pat Fraher,35
0022400701,2024,0,2025-02-03,DET,ATL,130.0,132.0,3,567,211,Phenizee Ransom|Robert Hussey|Tony Brothers,49
0022400702,2024,0,2025-02-03,NYK,HOU,124.0,118.0,3,622,208,Brandon Schwab|Kevin Cutler|Mitchell Ervin,39
0022400703,2024,0,2025-02-03,MEM,SAS,128.0,109.0,3,596,225,Brett Nansel|Brian Forte|Mark Lindsay,35
0022400704,2024,0,2025-02-03,MIN,SAC,114.0,116.0,3,540,192,John Butler|Josh Tiven|Matt Boland,30
0022400705,2024,0,2025-02-03,OKC,MIL,125.0,96.0,3,530,210,David Guthrie|Evan Scott|Matt Myers,26
0022400706,2024,0,2025-02-03,DEN,NOP,125.0,113.0,3,551,192,Matt Kallio|Natalie Sago|Zach Zarba,36
0022400707,2024,0,2025-02-03,UTA,IND,111.0,112.0,3,582,208,Jacyn Goble|John Conley|Ray Acosta,34
0022400708,2024,0,2025-02-03,GSW,ORL,104.0,99.0,3,582,193,Jason Goldenberg|Marc Davis|Sha'Rae Mitchell,39
0022400709,2024,0,2025-02-03,POR,PHX,121.0,119.0,4,588,209,Che Flores|Mousa Dagher|Tyler Ford,41
0022400710,2024,0,2025-02-04,CLE,BOS,105.0,112.0,2,575,202,CJ Washington|Gediminas Petraitis|Scott Foster,40
0022400711,2024,0,2025-02-04,BKN,HOU,99.0,97.0,3,582,183,Intae Hwang|JT Orr|Tony Brothers,39
0022400712,2024,0,2025-02-04,PHI,DAL,118.0,116.0,3,547,190,Josh Tiven|Matt Boland|Nick Buchert,37
0022400713,2024,0,2025-02-04,TOR,NYK,115.0,121.0,3,535,192,Andy Nagy|Brent Barnaky|Simone Jelks,32
0022400714,2024,0,2025-02-04,CHI,MIA,133.0,124.0,3,522,209,Karl Lane|Matt Myers|Nate Green,33
0022400715,2024,0,2025-02-04,LAC,LAL,97.0,122.0,3,530,194,John Conley|Ray Acosta|Tyler Ford,29
0022400716,2024,0,2025-02-04,POR,IND,112.0,89.0,3,563,197,John Goble|Mousa Dagher|Sha'Rae Mitchell,29
0022400717,2024,0,2025-02-05,CHA,MIL,102.0,112.0,3,484,187,Kevin Cutler|Mark Lindsay|Matt Kallio,30
0022400718,2024,0,2025-02-05,DET,CLE,115.0,118.0,3,627,205,Brett Nansel|Curtis Blair|Nick Buchert,40
0022400719,2024,0,2025-02-05,ATL,SAS,125.0,126.0,3,568,217,James Williams|John Butler|Mitchell Ervin,31
0022400720,2024,0,2025-02-05,BKN,WAS,102.0,119.0,3,542,187,Brent Barnaky|Scott Foster|Scott Twardoski,39
0022400721,2024,0,2025-02-05,PHI,MIA,101.0,108.0,3,518,199,Courtney Kirkland|Natalie Sago|Simone Jelks,27
0022400722,2024,0,2025-02-05,TOR,MEM,107.0,138.0,3,623,199,Brandon Adair|Gediminas Petraitis|Karl Lane,46
0022400723,2024,0,2025-02-05,MIN,CHI,127.0,108.0,3,572,192,Evan Scott|Jacyn Goble|Zach Zarba,36
0022400724,2024,0,2025-02-05,OKC,PHX,140.0,109.0,3,553,210,Eric Dalen|Pat Fraher|Suyash Mehta,39
0022400725,2024,0,2025-02-05,UTA,GSW,131.0,128.0,3,609,213,Ben Taylor|Jenna Schroeder|Phenizee Ransom,45
0022400726,2024,0,2025-02-05,DEN,NOP,144.0,119.0,3,580,211,Jason Goldenberg|Jonathan Sterling|Marc Davis,30
0022400727,2024,0,2025-02-05,SAC,ORL,111.0,130.0,3,524,196,Che Flores|Marat Kogut|Tre Maddox,36
0022400728,2024,0,2025-02-06,BOS,DAL,120.0,127.0,3,497,193,Danielle Scott|Sean Corbin|Tony Brothers,28
0022400729,2024,0,2025-02-06,MIN,HOU,127.0,114.0,3,578,195,Curtis Blair|Justin Van Duyne|Matt Myers,37
0022400730,2024,0,2025-02-06,DEN,ORL,112.0,90.0,3,553,198,Brian Forte|Jenna Schroeder|Ray Acosta,36
0022400731,2024,0,2025-02-06,LAL,GSW,120.0,112.0,3,604,206,John Goble|Marat Kogut|Robert Hussey,43
0022400732,2024,0,2025-02-06,POR,SAC,108.0,102.0,3,532,196,Ed Malloy|Jonathan Sterling|Rodney Mott,33
0022400733,2024,0,2025-02-06,LAC,IND,112.0,119.0,3,530,205,Brandon Schwab|David Guthrie|Phenizee Ransom,29
0022400734,2024,0,2025-02-07,CHA,SAS,117.0,116.0,3,567,196,Courtney Kirkland|Mousa Dagher|Suyash Mehta,35
0022400735,2024,0,2025-02-07,WAS,CLE,124.0,134.0,3,578,204,Andy Nagy|James Williams|John Conley,36
0022400736,2024,0,2025-02-07,ATL,MIL,115.0,110.0,2,531,207,Eric Dalen|Josh Tiven|Matt Boland,29
0022400737,2024,0,2025-02-07,BKN,MIA,102.0,86.0,3,569,191,Evan Scott|Nick Buchert|Zach Zarba,31
0022400738,2024,0,2025-02-07,DET,PHI,125.0,112.0,3,576,204,CJ Washington|Kevin Cutler|Scott Foster,38
0022400739,2024,0,2025-02-07,OKC,TOR,121.0,109.0,3,569,193,Jason Goldenberg|Mark Lindsay|Matt Kallio,37
0022400740,2024,0,2025-02-07,PHX,UTA,135.0,127.0,4,635,220,Brett Nansel|Marc Davis|Nate Green,30
0022400741,2024,0,2025-02-08,DAL,HOU,116.0,105.0,3,580,187,Brian Forte|Jenna Schroeder|Phenizee Ransom,38
0022400742,2024,0,2025-02-08,LAL,IND,124.0,117.0,3,570,203,Ben Taylor|JT Orr|Jonathan Sterling,41
0022400743,2024,0,2025-02-08,ORL,SAS,112.0,111.0,3,514,196,Andy Nagy|Eric Dalen|Jacyn Goble,30
0022400744,2024,0,2025-02-08,WAS,ATL,111.0,125.0,3,544,214,Curtis Blair|Kevin Cutler|Sha'Rae Mitchell,35
0022400745,2024,0,2025-02-08,CHI,GSW,111.0,132.0,3,578,202,Gediminas Petraitis|Mitchell Ervin|Simone Jelks,41
0022400746,2024,0,2025-02-08,MEM,OKC,112.0,125.0,3,624,201,Josh Tiven|Mousa Dagher|Ray Acosta,44
0022400747,2024,0,2025-02-08,MIN,POR,114.0,98.0,3,566,206,Intae Hwang|Pat Fraher|Tre Maddox,39
0022400748,2024,0,2025-02-08,NYK,BOS,104.0,131.0,3,507,193,Evan Scott|John Butler|Tyler Ford,34
0022400749,2024,0,2025-02-08,PHX,DEN,105.0,122.0,3,521,186,Brandon Schwab|David Guthrie|Justin Van Duyne,27
0022400750,2024,0,2025-02-08,SAC,NOP,123.0,118.0,3,591,225,John Goble|Nate Green|Scott Twardoski,45
0022400751,2024,0,2025-02-08,LAC,UTA,130.0,110.0,3,529,204,Ed Malloy|Marat Kogut|Robert Hussey,34
0022400752,2024,0,2025-02-09,DET,CHA,112.0,102.0,3,514,187,Karl Lane|Matt Myers|Natalie Sago,38
0022400753,2024,0,2025-02-09,HOU,TOR,94.0,87.0,3,561,198,Courtney Kirkland|Matt Boland|Sean Corbin,39
0022400754,2024,0,2025-02-09,MIL,PHI,135.0,127.0,3,554,208,Brent Barnaky|James Williams|John Conley,35
0022400755,2024,0,2025-02-10,CLE,MIN,128.0,107.0,3,598,206,Danielle Scott|John Goble|Mark Lindsay,42
0022400756,2024,0,2025-02-10,ORL,ATL,106.0,112.0,3,530,202,Nick Buchert|Scott Foster|Simone Jelks,33
0022400757,2024,0,2025-02-10,WAS,SAS,121.0,131.0,3,551,205,CJ Washington|Gediminas Petraitis|Jenna Schroeder,38
0022400758,2024,0,2025-02-10,BKN,CHA,97.0,89.0,3,565,188,Jacyn Goble|Marc Davis|Sha'Rae Mitchell,31
0022400759,2024,0,2025-02-10,MIA,BOS,85.0,103.0,3,460,187,Brandon Adair|Brian Forte|Eric Dalen,19
0022400760,2024,0,2025-02-10,MIL,GSW,111.0,125.0,3,595,211,Pat Fraher|Suyash Mehta|Tyler Ford,46
0022400761,2024,0,2025-02-10,OKC,NOP,137.0,101.0,3,553,206,Marat Kogut|Robert Hussey|Tre Maddox,31
0022400762,2024,0,2025-02-10,DAL,SAC,128.0,129.0,4,648,221,Andy Nagy|Mousa Dagher|Zach Zarba,33
0022400763,2024,0,2025-02-10,DEN,POR,146.0,117.0,3,526,204,Ben Taylor|Mitchell Ervin|Nate Green,39
0022400764,2024,0,2025-02-11,PHI,TOR,103.0,106.0,3,550,204,Ed Malloy|Phenizee Ransom|Ray Acosta,36
0022400765,2024,0,2025-02-11,IND,NYK,115.0,128.0,3,541,203,Intae Hwang|Josh Tiven|Sean Corbin,38
0022400766,2024,0,2025-02-11,CHI,DET,92.0,132.0,2,554,208,Brandon Schwab|Brent Barnaky|David Guthrie,27
0022400767,2024,0,2025-02-11,PHX,MEM,112.0,119.0,3,611,212,Courtney Kirkland|JT Orr|Matt Kallio,37
0022400768,2024,0,2025-02-10,LAL,UTA,132.0,113.0,3,538,214,Che Flores|Justin Van Duyne|Scott Twardoski,35
0022400769,2024,0,2025-02-12,BOS,SAS,116.0,103.0,3,545,202,Derrick Collins|Kevin Scott|Phenizee Ransom,25
0022400770,2024,0,2025-02-12,ORL,CHA,102.0,86.0,3,511,186,Curtis Blair|Ray Acosta|Robert Hussey,24
0022400771,2024,0,2025-02-12,WAS,IND,130.0,134.0,4,611,223,Danielle Scott|John Goble|Nick Buchert,36
0022400772,2024,0,2025-02-12,BKN,PHI,100.0,96.0,3,591,188,Brian Forte|Eric Dalen|Suyash Mehta,31
0022400773,2024,0,2025-02-12,NYK,ATL,149.0,148.0,4,663,236,Mark Lindsay|Michael Smith|Nate Green,49
0022400774,2024,0,2025-02-12,TOR,CLE,108.0,131.0,3,576,209,Brandon Schwab|Marc Davis|Natalie Sago,29
0022400775,2024,0,2025-02-12,CHI,DET,110.0,128.0,3,584,212,Brandon Adair|Jason Goldenberg|Pat Fraher,45
0022400776,2024,0,2025-02-12,MIN,MIL,101.0,103.0,3,515,211,Marat Kogut|Mitchell Ervin|Tom Washington,25
0022400777,2024,0,2025-02-12,NOP,SAC,111.0,119.0,3,545,196,Evan Scott|Gediminas Petraitis|Matt Myers,38
0022400778,2024,0,2025-02-12,OKC,MIA,115.0,101.0,3,532,195,Brett Nansel|Karl Lane|Scott Foster,31
0022400779,2024,0,2025-02-12,HOU,PHX,119.0,111.0,3,538,202,John Butler|Simone Jelks|Zach Zarba,33
0022400780,2024,0,2025-02-12,DEN,POR,132.0,121.0,3,555,213,Andy Nagy|CJ Washington|Tyler Ford,36
0022400781,2024,0,2025-02-12,UTA,LAL,131.0,119.0,3,573,211,JT Orr|Mousa Dagher|Tre Maddox,40
0022400782,2024,0,2025-02-12,DAL,GSW,111.0,107.0,3,597,199,Jacyn Goble|James Williams|Jonathan Sterling,30
0022400783,2024,0,2025-02-12,LAC,MEM,128.0,114.0,3,575,213,Derek Richardson|Kevin Cutler|Scott Twardoski,33
0022400784,2024,0,2025-02-13,HOU,GSW,98.0,105.0,3,601,203,Brett Nansel|Ed Malloy|Karl Lane,36
0022400785,2024,0,2025-02-13,NOP,SAC,140.0,133.0,3,614,227,Intae Hwang|Josh Tiven|Rodney Mott,36
0022400786,2024,0,2025-02-13,DAL,MIA,118.0,113.0,3,555,195,Evan Scott|Justin Van Duyne|Sean Wright,28
0022400787,2024,0,2025-02-13,MIN,OKC,116.0,101.0,3,556,197,Ben Taylor|Jenna Schroeder|Sean Corbin,33
0022400788,2024,0,2025-02-20,IND,MEM,127.0,113.0,3,623,207,JD Ralls|Marc Davis|Pat Fraher,37
0022400789,2024,0,2025-02-20,PHI,BOS,104.0,124.0,3,515,194,Brent Barnaky|Courtney Kirkland|Michael Smith,32
0022400790,2024,0,2025-02-20,ATL,ORL,108.0,114.0,2,602,199,John Conley|Kevin Scott|Natalie Sago,46
0022400791,2024,0,2025-02-20,BKN,CLE,97.0,110.0,3,629,204,Intae Hwang|Phenizee Ransom|Scott Foster,38
0022400792,2024,0,2025-02-20,NYK,CHI,113.0,111.0,4,588,222,Ben Taylor|Marat Kogut|Tyler Ricks,22
0022400793,2024,0,2025-02-20,MIL,LAC,116.0,110.0,3,534,198,Brian Forte|Ed Malloy|Robert Hussey,43
0022400794,2024,0,2025-02-20,DEN,CHA,129.0,115.0,3,543,205,Che Flores|Kevin Cutler|Mark Lindsay,33
0022400795,2024,0,2025-02-20,SAS,PHX,120.0,109.0,3,540,207,Derrick Collins|John Goble|Justin Van Duyne,37
0022400796,2024,0,2025-02-20,POR,LAL,102.0,110.0,3,581,210,Brett Nansel|Scott Twardoski|Sean Wright,35
0022400797,2024,0,2025-02-21,CLE,NYK,142.0,105.0,3,500,207,Simone Jelks|Tre Maddox|Tyler Ford,24
0022400798,2024,0,2025-02-21,ORL,MEM,104.0,105.0,3,617,205,Brent Barnaky|Jenna Schroeder|Karl Lane,43
0022400799,2024,0,2025-02-21,WAS,MIL,101.0,104.0,3,572,205,Jonathan Sterling|Mousa Dagher|Scott Foster,41
0022400800,2024,0,2025-02-21,TOR,MIA,111.0,120.0,4,555,204,James Williams|Matt Myers|Ray Acosta,36
0022400801,2024,0,2025-02-21,HOU,MIN,121.0,115.0,3,587,208,Andy Nagy|Jason Goldenberg|Nick Buchert,41
0022400802,2024,0,2025-02-21,SAS,DET,110.0,125.0,3,573,204,CJ Washington|Jacyn Goble|John Butler,34
0022400803,2024,0,2025-02-21,DAL,NOP,111.0,103.0,3,598,209,David Guthrie|Kevin Cutler|Nate Green,38
0022400804,2024,0,2025-02-21,UTA,OKC,107.0,130.0,3,558,203,Danielle Scott|Josh Tiven|Rodney Mott,32
0022400805,2024,0,2025-02-21,SAC,GSW,108.0,132.0,3,547,194,Curtis Blair|JT Orr|Suyash Mehta,32
0022400806,2024,0,2025-02-22,CHI,PHX,117.0,121.0,3,540,208,Bill Kennedy|Derek Richardson|Phenizee Ransom,31
0022400807,2024,0,2025-02-22,PHI,BKN,103.0,105.0,3,522,188,JD Ralls|Justin Van Duyne|Marc Davis,32
0022400808,2024,0,2025-02-22,DEN,LAL,100.0,123.0,3,575,195,Brian Forte|Derrick Collins|Kevin Scott,37
0022400809,2024,0,2025-02-22,UTA,HOU,124.0,115.0,3,557,205,John Conley|Pat Fraher|Sean Wright,31
0022400810,2024,0,2025-02-22,POR,CHA,141.0,88.0,3,588,214,Curtis Blair|JT Orr|Suyash Mehta,40
0022400811,2024,0,2025-02-23,BOS,NYK,118.0,105.0,3,475,195,Kevin Cutler|Scott Twardoski|Tony Brothers,27
0022400812,2024,0,2025-02-23,GSW,DAL,126.0,102.0,3,574,203,Danielle Scott|Josh Tiven|Natalie Sago,36
0022400813,2024,0,2025-02-23,IND,LAC,129.0,111.0,3,562,205,Jenna Schroeder|Karl Lane|Phenizee Ransom,42
0022400814,2024,0,2025-02-23,ATL,DET,143.0,148.0,3,641,229,David Guthrie|Evan Scott|Nate Green,41
0022400815,2024,0,2025-02-23,ORL,WAS,110.0,90.0,3,571,195,Intae Hwang|John Butler|John Goble,40
0022400816,2024,0,2025-02-23,TOR,PHX,127.0,109.0,3,576,205,Matt Kallio|Mousa Dagher|Tyler Ford,36
0022400817,2024,0,2025-02-23,MIL,MIA,120.0,113.0,3,519,197,Andy Nagy|Ben Taylor|Tom Washington,37
0022400818,2024,0,2025-02-23,NOP,SAS,114.0,96.0,3,627,209,Marat Kogut|Mark Lindsay|Simone Jelks,36
0022400819,2024,0,2025-02-23,CLE,MEM,129.0,123.0,3,694,203,Brandon Schwab|Courtney Kirkland|Nick Buchert,47
0022400820,2024,0,2025-02-23,MIN,OKC,123.0,130.0,3,543,200,Jacyn Goble|Michael Smith|Zach Zarba,40
0022400821,2024,0,2025-02-24,DET,LAC,106.0,97.0,3,590,201,Jason Goldenberg|Matt Kallio|Sean Wright,41
0022400822,2024,0,2025-02-24,IND,DEN,116.0,125.0,3,553,211,Brett Nansel|Ed Malloy|Rodney Mott,32
0022400823,2024,0,2025-02-24,PHI,CHI,110.0,142.0,3,599,218,CJ Washington|Tre Maddox|Tyler Ford,41
0022400824,2024,0,2025-02-24,WAS,BKN,107.0,99.0,3,588,191,Bill Kennedy|Derek Richardson|Scott Twardoski,44
0022400825,2024,0,2025-02-24,ATL,MIA,98.0,86.0,3,525,193,JD Ralls|John Butler|Mark Lindsay,29
0022400826,2024,0,2025-02-24,OKC,MIN,128.0,131.0,4,673,231,Brian Forte|Derrick Collins|Ray Acosta,49
0022400827,2024,0,2025-02-24,UTA,POR,112.0,114.0,3,586,205,Brandon Adair|Brent Barnaky|Kevin Scott,32
0022400828,2024,0,2025-02-24,SAC,CHA,130.0,88.0,3,563,199,Danielle Scott|Natalie Sago|Pat Fraher,33
0022400829,2024,0,2025-02-25,TOR,BOS,101.0,111.0,2,506,193,Mitchell Ervin|Nick Buchert|Tyler Ricks,30
0022400830,2024,0,2025-02-25,ORL,CLE,82.0,122.0,3,489,186,David Guthrie|Justin Van Duyne|Mousa Dagher,26
0022400831,2024,0,2025-02-25,HOU,MIL,100.0,97.0,3,564,198,Gediminas Petraitis|Matt Myers|Tony Brothers,28
0022400832,2024,0,2025-02-25,MEM,PHX,151.0,148.0,4,650,236,Curtis Blair|Intae Hwang|Jacyn Goble,42
0022400833,2024,0,2025-02-25,NOP,SAS,109.0,103.0,3,606,207,Andy Nagy|Brandon Schwab|Courtney Kirkland,34
0022400834,2024,0,2025-02-25,GSW,CHA,128.0,92.0,3,588,207,Brandon Adair|Brent Barnaky|James Williams,32
0022400835,2024,0,2025-02-25,LAL,DAL,107.0,99.0,3,567,200,Evan Scott|John Goble|Pat Fraher,25
0022400836,2024,0,2025-02-26,DET,BOS,117.0,97.0,3,523,196,Ed Malloy|Phenizee Ransom|Rodney Mott,28
0022400837,2024,0,2025-02-26,IND,TOR,111.0,91.0,3,554,207,Jonathan Sterling|Josh Tiven|Marat Kogut,25
0022400838,2024,0,2025-02-26,NYK,PHI,110.0,105.0,3,526,199,Brett Nansel|Mitchell Ervin|Sean Corbin,32
0022400839,2024,0,2025-02-26,WAS,POR,121.0,129.0,3,658,218,Michael Smith|Tre Maddox|Tyler Ford,50
0022400840,2024,0,2025-02-26,BKN,OKC,121.0,129.0,3,587,202,Nick Buchert|Sean Wright|Simone Jelks,45
0022400841,2024,0,2025-02-26,MIA,ATL,131.0,109.0,3,473,188,Bill Kennedy|Justin Van Duyne|Robert Hussey,27
0022400842,2024,0,2025-02-26,CHI,LAC,117.0,122.0,3,516,197,Ben Taylor|Mark Lindsay|Scott Twardoski,24
0022400843,2024,0,2025-02-26,UTA,SAC,101.0,118.0,3,492,197,Ray Acosta|Tom Washington|Zach Zarba,25
0022400844,2024,0,2025-02-26,HOU,SAS,118.0,106.0,3,566,208,Brian Forte|JD Ralls|Kevin Scott,27
0022400845,2024,0,2025-02-27,ORL,GSW,115.0,121.0,3,572,195,Courtney Kirkland|JB DeRosa|Tyler Ricks,41
0022400846,2024,0,2025-02-27,MIL,DEN,121.0,112.0,3,529,216,Curtis Blair|Karl Lane|Phenizee Ransom,28
0022400847,2024,0,2025-02-27,DAL,CHA,103.0,96.0,3,574,205,CJ Washington|Derek Richardson|Gediminas Petraitis,24
0022400848,2024,0,2025-02-27,PHX,NOP,116.0,124.0,3,516,194,Evan Scott|John Goble|Pat Fraher,24
0022400849,2024,0,2025-02-27,LAL,MIN,111.0,102.0,3,605,194,Brandon Adair|Brent Barnaky|James Williams,46
0022400850,2024,0,2025-02-28,DET,DEN,119.0,134.0,3,579,210,Kevin Scott|Mitchell Ervin|Natalie Sago,38
0022400851,2024,0,2025-02-28,ATL,OKC,119.0,135.0,3,548,216,Jenna Schroeder|Scott Twardoski|Tony Brothers,28
0022400852,2024,0,2025-02-28,BOS,CLE,116.0,123.0,3,523,187,Ben Taylor|Danielle Scott|Tre Maddox,28
0022400853,2024,0,2025-02-28,BKN,POR,102.0,121.0,3,575,204,Brett Nansel|Mark Lindsay|Rodney Mott,40
0022400854,2024,0,2025-02-28,MIA,IND,125.0,120.0,3,469,186,Sean Corbin|Sean Wright|Simone Jelks,22
0022400855,2024,0,2025-02-28,CHI,TOR,125.0,115.0,3,621,224,Ed Malloy|Jacyn Goble|Nate Green,37
0022400856,2024,0,2025-02-28,MEM,NYK,113.0,114.0,3,585,205,Bill Kennedy|Kevin Cutler|Robert Hussey,31
0022400857,2024,0,2025-02-28,PHX,NOP,125.0,108.0,3,501,191,James Williams|Ray Acosta|Tom Washington,25
0022400858,2024,0,2025-02-28,UTA,MIN,117.0,116.0,3,560,206,David Guthrie|John Butler|Matt Kallio,25
0022400859,2024,0,2025-02-28,LAL,LAC,106.0,102.0,3,546,193,Justin Van Duyne|Sha'Rae Mitchell|Zach Zarba,32
0022400860,2024,0,2025-03-01,CHA,WAS,100.0,113.0,3,538,203,Jacyn Goble|Jonathan Sterling|Nate Green,21
0022400861,2024,0,2025-03-01,DET,BKN,115.0,94.0,3,630,211,Andy Nagy|Gediminas Petraitis|Matt Myers,46
0022400862,2024,0,2025-03-01,HOU,SAC,103.0,113.0,3,532,194,JB DeRosa|Karl Lane|Robert Hussey,31
0022400863,2024,0,2025-03-01,MEM,SAS,128.0,130.0,3,554,207,Marat Kogut|Suyash Mehta|Tyler Ford,33
0022400864,2024,0,2025-03-01,PHI,GSW,126.0,119.0,3,571,200,Curtis Blair|Derrick Collins|Nick Buchert,33
0022400865,2024,0,2025-03-01,DAL,MIL,117.0,132.0,3,538,205,Brandon Adair|Brent Barnaky|Courtney Kirkland,39
0022400866,2024,0,2025-03-02,BOS,DEN,110.0,103.0,3,498,189,Evan Scott|Josh Tiven|Sean Corbin,35
0022400867,2024,0,2025-03-02,CLE,POR,133.0,129.0,4,671,230,Jenna Schroeder|Natalie Sago|Pat Fraher,46
0022400868,2024,0,2025-03-02,IND,CHI,127.0,112.0,3,532,200,CJ Washington|Matt Boland|Mitchell Ervin,27
0022400869,2024,0,2025-03-02,MIA,NYK,112.0,116.0,4,537,202,Ben Taylor|Rodney Mott|Tyler Ricks,29
0022400870,2024,0,2025-03-02,ORL,TOR,102.0,104.0,3,582,188,Phenizee Ransom|Simone Jelks|Tony Brothers,54
0022400871,2024,0,2025-03-02,SAS,OKC,132.0,146.0,3,550,207,James Williams|Kevin Cutler|Matt Kallio,31
0022400872,2024,0,2025-03-02,UTA,NOP,121.0,128.0,3,534,207,Brian Forte|Derek Richardson|Mousa Dagher,28
0022400873,2024,0,2025-03-02,PHX,MIN,98.0,116.0,3,567,209,Brett Nansel|Scott Twardoski|Zach Zarba,28
0022400874,2024,0,2025-03-02,LAL,LAC,108.0,102.0,3,527,186,David Guthrie|Intae Hwang|John Butler,36
0022400875,2024,0,2025-03-03,CHA,GSW,101.0,119.0,3,618,210,Andy Nagy|Mark Lindsay|Michael Smith,41
0022400876,2024,0,2025-03-03,PHI,POR,102.0,119.0,3,545,192,Danielle Scott|Marat Kogut|Sean Wright,26
0022400877,2024,0,2025-03-03,MIA,WAS,106.0,90.0,3,517,196,Curtis Blair|Derrick Collins|Phenizee Ransom,36
0022400878,2024,0,2025-03-03,MEM,ATL,130.0,132.0,3,602,205,John Goble|Jonathan Sterling|Ray Acosta,38
0022400879,2024,0,2025-03-03,OKC,HOU,137.0,128.0,3,572,220,Ed Malloy|Justin Van Duyne|Matt Myers,34
0022400880,2024,0,2025-03-03,DAL,SAC,98.0,122.0,3,486,188,Brandon Schwab|Jason Goldenberg|Tyler Ford,26
0022400881,2024,0,2025-03-03,UTA,DET,106.0,134.0,3,601,217,Bill Kennedy|Intae Hwang|Tre Maddox,44
0022400882,2024,0,2025-03-04,IND,HOU,115.0,102.0,3,576,196,Brandon Adair|Brent Barnaky|James Williams,28
0022400883,2024,0,2025-03-04,ORL,TOR,113.0,114.0,3,590,196,Ben Taylor|JT Orr|John Conley,46
0022400884,2024,0,2025-03-04,ATL,MIL,121.0,127.0,3,569,220,Pat Fraher|Robert Hussey|Rodney Mott,32
0022400885,2024,0,2025-03-04,NYK,GSW,102.0,114.0,3,531,195,CJ Washington|Kevin Scott|Natalie Sago,30
0022400886,2024,0,2025-03-04,CHI,CLE,117.0,139.0,2,578,216,Courtney Kirkland|Evan Scott|Sean Corbin,34
0022400887,2024,0,2025-03-04,MIN,PHI,126.0,112.0,3,528,200,Josh Tiven|Mousa Dagher|Sha'Rae Mitchell,34
0022400888,2024,0,2025-03-04,SAS,BKN,127.0,113.0,3,554,197,David Guthrie|Nick Buchert|Simone Jelks,31
0022400889,2024,0,2025-03-04,PHX,LAC,119.0,117.0,3,507,187,Brian Forte|JB DeRosa|Nate Green,41
0022400890,2024,0,2025-03-04,LAL,NOP,136.0,115.0,3,555,199,Karl Lane|Kevin Cutler|Matt Kallio,29
0022400891,2024,0,2025-03-05,BOS,POR,128.0,118.0,3,508,193,Gediminas Petraitis|Jacyn Goble|Suyash Mehta,28
0022400892,2024,0,2025-03-05,CHA,MIN,110.0,125.0,3,532,194,Derrick Collins|Marc Davis|Natalie Sago,34
0022400893,2024,0,2025-03-05,CLE,MIA,112.0,107.0,3,542,198,Jonathan Sterling|Ray Acosta|Zach Zarba,36
0022400894,2024,0,2025-03-05,WAS,UTA,125.0,122.0,3,591,209,Andy Nagy|Tom Washington|Tony Brothers,35
0022400895,2024,0,2025-03-05,MEM,OKC,103.0,120.0,3,584,213,Pat Fraher|Phenizee Ransom|Sean Wright,37
0022400896,2024,0,2025-03-05,DEN,SAC,116.0,110.0,3,549,200,Ed Malloy|Jenna Schroeder|Justin Van Duyne,31
0022400897,2024,0,2025-03-05,MIL,DAL,137.0,107.0,3,516,210,John Butler|Mitchell Ervin|Tre Maddox,19
0022400898,2024,0,2025-03-05,LAC,DET,123.0,115.0,3,498,192,Brett Nansel|Karl Lane|Scott Foster,34
0022400899,2024,0,2025-03-06,ATL,IND,124.0,118.0,3,539,200,Courtney Kirkland|Danielle Scott|JT Orr,31
0022400900,2024,0,2025-03-06,BOS,PHI,123.0,105.0,3,521,188,John Goble|Matt Myers|Ray Acosta,27
0022400901,2024,0,2025-03-06,BKN,GSW,119.0,121.0,3,561,197,Bill Kennedy|Derek Richardson|Evan Scott,40
0022400902,2024,0,2025-03-06,NOP,HOU,97.0,109.0,3,573,197,David Guthrie|Jason Goldenberg|John Conley,39
0022400903,2024,0,2025-03-06,LAL,NYK,113.0,109.0,4,623,213,JB DeRosa|Nate Green|Tyler Ford,47
0022400904,2024,0,2025-03-07,CHA,CLE,117.0,118.0,3,647,208,Gediminas Petraitis|Intae Hwang|Tony Brothers,50
0022400905,2024,0,2025-03-07,TOR,UTA,118.0,109.0,3,646,210,Jacyn Goble|Mark Lindsay|Suyash Mehta,45
0022400906,2024,0,2025-03-07,DAL,MEM,111.0,122.0,3,600,212,Marat Kogut|Simone Jelks|Zach Zarba,30
0022400907,2024,0,2025-03-07,MIA,MIN,104.0,106.0,3,522,190,Brandon Schwab|Kevin Cutler|Kevin Scott,26
0022400908,2024,0,2025-03-07,OKC,POR,107.0,89.0,2,564,206,Brent Barnaky|Marc Davis|Michael Smith,27
0022400909,2024,0,2025-03-07,DEN,PHX,149.0,141.0,4,550,222,Phenizee Ransom|Scott Foster|Tre Maddox,38
0022400910,2024,0,2025-03-07,SAC,SAS,127.0,109.0,3,555,190,Brett Nansel|Karl Lane|Scott Twardoski,32
0022400911,2024,0,2025-03-07,LAC,NYK,105.0,95.0,3,527,196,Ed Malloy|Jenna Schroeder|Justin Van Duyne,28
0022400912,2024,0,2025-03-08,CHA,BKN,105.0,102.0,3,541,176,Ben Taylor|JD Ralls|John Butler,30
0022400913,2024,0,2025-03-08,HOU,NOP,146.0,117.0,3,545,205,Sean Corbin|Sean Wright|Simone Jelks,28
0022400914,2024,0,2025-03-08,ATL,IND,120.0,118.0,3,626,203,Bill Kennedy|Brian Forte|Matt Myers,40
0022400915,2024,0,2025-03-08,TOR,WAS,117.0,118.0,3,616,205,CJ Washington|Derek Richardson|Josh Tiven,34
0022400916,2024,0,2025-03-08,MIA,CHI,109.0,114.0,3,530,213,Intae Hwang|JT Orr|Pat Fraher,30
0022400917,2024,0,2025-03-08,MIL,ORL,109.0,111.0,3,500,191,John Goble|Matt Boland|Nick Buchert,40
0022400918,2024,0,2025-03-08,BOS,LAL,111.0,101.0,3,505,192,James Williams|Jason Goldenberg|Natalie Sago,26
0022400919,2024,0,2025-03-08,GSW,DET,115.0,110.0,3,667,212,Robert Hussey|Rodney Mott|Tyler Ford,53
0022400920,2024,0,2025-03-09,OKC,DEN,127.0,103.0,3,582,199,Brandon Schwab|David Guthrie|JB DeRosa,36
0022400921,2024,0,2025-03-09,DAL,PHX,116.0,125.0,3,477,199,Jacyn Goble|Kevin Scott|Sha'Rae Mitchell,22
0022400922,2024,0,2025-03-09,MIL,CLE,100.0,112.0,3,547,200,Marat Kogut|Marc Davis|Nate Green,26
0022400923,2024,0,2025-03-09,NOP,MEM,104.0,107.0,3,613,194,Jenna Schroeder|John Butler|Tony Brothers,35
0022400924,2024,0,2025-03-09,PHI,UTA,126.0,122.0,3,598,220,John Conley|Kevin Cutler|Zach Zarba,41
0022400925,2024,0,2025-03-09,MIN,SAS,141.0,124.0,3,525,200,Brent Barnaky|Phenizee Ransom|Scott Foster,29
0022400926,2024,0,2025-03-09,POR,DET,112.0,119.0,3,596,211,Curtis Blair|Scott Twardoski|Tre Maddox,46
0022400927,2024,0,2025-03-09,LAC,SAC,111.0,110.0,4,530,201,Mitchell Ervin|Mousa Dagher|Tyler Ford,38
0022400928,2024,0,2025-03-10,ATL,PHI,132.0,123.0,3,553,205,Brett Nansel|James Williams|Nick Buchert,31
0022400929,2024,0,2025-03-10,BOS,UTA,114.0,108.0,2,519,199,Bill Kennedy|Derek Richardson|JT Orr,24
0022400930,2024,0,2025-03-10,BKN,LAL,111.0,108.0,3,584,189,John Goble|Jonathan Sterling|Ray Acosta,34
0022400931,2024,0,2025-03-10,MIA,CHA,102.0,105.0,3,555,192,Brian Forte|Jason Goldenberg|Jenna Schroeder,28
0022400932,2024,0,2025-03-10,TOR,WAS,119.0,104.0,3,618,202,Derrick Collins|Gediminas Petraitis|Matt Boland,37
0022400933,2024,0,2025-03-10,CHI,IND,121.0,103.0,3,590,216,Brandon Schwab|Ed Malloy|Josh Tiven,30
0022400934,2024,0,2025-03-10,HOU,ORL,97.0,84.0,3,572,185,Natalie Sago|Pat Fraher|Tom Washington,34
0022400935,2024,0,2025-03-10,MEM,PHX,120.0,118.0,3,606,199,Ben Taylor|Matt Myers|Sean Corbin,40
0022400936,2024,0,2025-03-10,OKC,DEN,127.0,140.0,3,533,200,CJ Washington|Jacyn Goble|Mark Lindsay,31
0022400937,2024,0,2025-03-10,SAS,DAL,129.0,133.0,3,561,198,Andy Nagy|Sean Wright|Suyash Mehta,41
0022400938,2024,0,2025-03-10,GSW,POR,130.0,120.0,3,549,202,Justin Van Duyne|Matt Kallio|Mitchell Ervin,28
0022400939,2024,0,2025-03-10,SAC,NYK,104.0,133.0,3,550,201,Curtis Blair|Robert Hussey|Rodney Mott,38
0022400940,2024,0,2025-03-11,CLE,BKN,109.0,104.0,3,537,194,Brett Nansel|David Guthrie|Kevin Cutler,30
0022400941,2024,0,2025-03-11,DET,WAS,123.0,103.0,3,566,208,Courtney Kirkland|JB DeRosa|Nate Green,34
0022400942,2024,0,2025-03-11,IND,MIL,115.0,114.0,3,533,198,Evan Scott|Gediminas Petraitis|Scott Foster,37
0022400943,2024,0,2025-03-11,NOP,LAC,127.0,120.0,3,518,198,Danielle Scott|Kevin Scott|Pat Fraher,31
0022400944,2024,0,2025-03-06,ORL,CHI,123.0,125.0,3,610,207,Andy Nagy|Curtis Blair|Robert Hussey,48
0022400945,2024,0,2025-03-12,ATL,CHA,123.0,110.0,3,603,214,CJ Washington|Tom Washington|Zach Zarba,42
0022400946,2024,0,2025-03-12,BOS,OKC,112.0,118.0,3,560,194,Nick Buchert|Phenizee Ransom|Tyler Ford,41
0022400947,2024,0,2025-03-12,TOR,PHI,118.0,105.0,3,594,211,Bill Kennedy|Michael Smith|Natalie Sago,37
0022400948,2024,0,2025-03-12,MIA,LAC,104.0,119.0,3,479,187,Brent Barnaky|Marc Davis|Matt Boland,25
0022400949,2024,0,2025-03-12,HOU,PHX,111.0,104.0,3,549,191,Andy Nagy|Brian Forte|Tony Brothers,34
0022400950,2024,0,2025-03-12,MEM,UTA,122.0,115.0,3,620,216,Brandon Schwab|Ed Malloy|Scott Twardoski,35
0022400951,2024,0,2025-03-12,SAS,DAL,126.0,116.0,3,517,207,Ben Taylor|JT Orr|Sean Corbin,28
0022400952,2024,0,2025-03-12,DEN,MIN,95.0,115.0,3,538,193,Curtis Blair|John Butler|Mitchell Ervin,30
0022400953,2024,0,2025-03-12,POR,NYK,113.0,114.0,4,612,208,Josh Tiven|Marat Kogut|Mousa Dagher,33
0022400954,2024,0,2025-03-13,DET,WAS,125.0,129.0,3,592,217,Jacyn Goble|Jenna Schroeder|Kevin Cutler,46
0022400955,2024,0,2025-03-13,MIL,LAL,126.0,106.0,3,564,207,Brett Nansel|Courtney Kirkland|JB DeRosa,40
0022400956,2024,0,2025-03-13,CHI,BKN,116.0,110.0,3,559,197,Natalie Sago|Robert Hussey|Zach Zarba,41
0022400957,2024,0,2025-03-13,GSW,SAC,130.0,104.0,3,529,197,Josh Tiven|Marat Kogut|Suyash Mehta,33
0022400958,2024,0,2025-03-14,MIA,BOS,91.0,103.0,3,482,185,Gediminas Petraitis|Matt Myers|Tony Brothers,27
0022400959,2024,0,2025-03-14,PHI,IND,100.0,112.0,3,554,189,Brent Barnaky|Jonathan Sterling|Kevin Scott,33
0022400960,2024,0,2025-03-14,ATL,LAC,98.0,121.0,3,537,200,Andy Nagy|Scott Foster|Tyler Ricks,33
0022400961,2024,0,2025-03-14,HOU,DAL,133.0,96.0,3,523,206,Justin Van Duyne|Marc Davis|Nate Green,20
0022400962,2024,0,2025-03-14,MEM,CLE,124.0,133.0,3,585,220,Curtis Blair|Matt Kallio|Rodney Mott,40
0022400963,2024,0,2025-03-14,MIN,ORL,118.0,111.0,3,564,201,CJ Washington|Derek Richardson|Ed Malloy,39
0022400964,2024,0,2025-03-14,SAS,CHA,134.0,145.0,3,544,200,Brandon Schwab|Evan Scott|Pat Fraher,32
0022400965,2024,0,2025-03-14,DEN,LAL,131.0,126.0,3,564,206,Ben Taylor|Jason Goldenberg|Sha'Rae Mitchell,39
0022400966,2024,0,2025-03-14,UTA,TOR,118.0,126.0,3,596,228,Mitchell Ervin|Sean Corbin|Suyash Mehta,49
0022400967,2024,0,2025-03-14,PHX,SAC,122.0,106.0,3,510,193,Bill Kennedy|John Butler|Michael Smith,30
0022400968,2024,0,2025-03-15,BKN,BOS,113.0,115.0,3,500,171,Intae Hwang|Karl Lane|Tre Maddox,33
0022400969,2024,0,2025-03-15,DET,OKC,107.0,113.0,3,557,211,Brett Nansel|Brian Forte|Natalie Sago,32
0022400970,2024,0,2025-03-15,HOU,CHI,117.0,114.0,3,595,207,Evan Scott|John Goble|Phenizee Ransom,39
0022400971,2024,0,2025-03-15,MEM,MIA,125.0,91.0,3,511,199,Courtney Kirkland|Kevin Cutler|Mousa Dagher,27
0022400972,2024,0,2025-03-15,MIL,IND,126.0,119.0,3,526,203,Jacyn Goble|Jenna Schroeder|Tyler Ford,27
0022400973,2024,0,2025-03-15,SAS,NOP,119.0,115.0,3,536,203,Mark Lindsay|Nate Green|Tom Washington,31
0022400974,2024,0,2025-03-15,GSW,NYK,97.0,94.0,3,534,189,David Guthrie|Derrick Collins|Ray Acosta,28
0022400975,2024,0,2025-03-15,DEN,WAS,123.0,126.0,3,553,211,JD Ralls|Josh Tiven|Marat Kogut,32
0022400976,2024,0,2025-03-16,DAL,PHI,125.0,130.0,3,561,208,CJ Washington|Ed Malloy|JB DeRosa,38
0022400977,2024,0,2025-03-16,LAL,PHX,107.0,96.0,3,567,193,Brandon Adair|James Capers|Nick Buchert,46
0022400978,2024,0,2025-03-16,BKN,ATL,122.0,114.0,3,576,202,Gediminas Petraitis|Jacyn Goble|Matt Kallio,32
0022400979,2024,0,2025-03-16,CLE,ORL,103.0,108.0,2,573,202,Danielle Scott|Justin Van Duyne|Tony Brothers,40
0022400980,2024,0,2025-03-16,POR,TOR,105.0,102.0,3,584,198,Ben Taylor|JT Orr|Sha'Rae Mitchell,36
0022400981,2024,0,2025-03-16,MIN,UTA,128.0,102.0,3,539,207,Andy Nagy|Matt Boland|Tyler Ford,33
0022400982,2024,0,2025-03-16,MIL,OKC,105.0,121.0,3,555,199,Karl Lane|Rodney Mott|Suyash Mehta,41
0022400983,2024,0,2025-01-23,LAC,WAS,110.0,93.0,3,578,210,Andy Nagy|Ben Taylor|Derek Richardson,38
0022400984,2024,0,2025-03-17,NYK,MIA,116.0,95.0,3,497,194,Evan Scott|Scott Foster|Tre Maddox,23
0022400985,2024,0,2025-03-17,HOU,PHI,144.0,137.0,4,623,221,Courtney Kirkland|JD Ralls|Mitchell Ervin,43
0022400986,2024,0,2025-03-17,MIN,IND,130.0,132.0,4,664,231,Intae Hwang|John Goble|Sean Corbin,42
0022400987,2024,0,2025-03-17,NOP,DET,81.0,127.0,3,569,201,Curtis Blair|Marat Kogut|Mousa Dagher,33
0022400988,2024,0,2025-04-01,SAS,ORL,105.0,116.0,3,519,191,Brian Forte|David Guthrie|Sha'Rae Mitchell,28
0022400989,2024,0,2025-03-17,UTA,CHI,97.0,111.0,3,543,213,Brandon Adair|James Williams|John Butler,32
0022400990,2024,0,2025-03-17,GSW,DEN,105.0,114.0,3,604,207,JT Orr|Marc Davis|Nate Green,42
0022400991,2024,0,2025-03-17,PHX,TOR,129.0,89.0,3,534,192,Brent Barnaky|Mark Lindsay|Matt Myers,33
0022400992,2024,0,2025-03-17,SAC,MEM,132.0,122.0,3,590,208,David Guthrie|Derrick Collins|Nick Buchert,40
0022400993,2024,0,2025-03-18,CHA,ATL,102.0,134.0,3,542,198,Matt Boland|Rodney Mott|Tyler Ford,32
0022400994,2024,0,2025-03-18,BOS,BKN,104.0,96.0,3,507,187,Brandon Schwab|Josh Tiven|Justin Van Duyne,31
0022400995,2024,0,2025-03-17,POR,WAS,112.0,97.0,3,544,201,Derek Richardson|Pat Fraher|Ray Acosta,25
0022400996,2024,0,2025-03-20,LAL,MIL,89.0,118.0,3,543,196,Derrick Collins|Kevin Cutler|Pat Fraher,35
0022400997,2024,0,2025-03-18,LAC,CLE,132.0,119.0,3,552,191,Eric Dalen|James Capers|Phenizee Ransom,43
0022400998,2024,0,2025-03-19,IND,DAL,135.0,131.0,3,575,213,Bill Kennedy|Jason Goldenberg|Sha'Rae Mitchell,49
0022400999,2024,0,2025-03-19,ORL,HOU,108.0,116.0,3,561,196,Ben Taylor|Mousa Dagher|Sean Corbin,35
0022401000,2024,0,2025-03-19,MIA,DET,113.0,116.0,3,540,201,JB DeRosa|Mitchell Ervin|Simone Jelks,32
0022401001,2024,0,2025-03-19,MIN,NOP,115.0,119.0,3,558,197,Karl Lane|Matt Kallio|Tre Maddox,42
0022401002,2024,0,2025-03-19,OKC,PHI,133.0,100.0,3,536,199,Gediminas Petraitis|John Butler|Marat Kogut,27
0022401003,2024,0,2025-03-19,SAS,NYK,120.0,105.0,3,552,193,CJ Washington|Ed Malloy|Jacyn Goble,36
0022401004,2024,0,2025-02-13,UTA,LAC,116.0,120.0,4,603,219,Andy Nagy|Courtney Kirkland|Jonathan Sterling,42
0022401005,2024,0,2025-03-20,GSW,TOR,117.0,114.0,3,590,209,Courtney Kirkland|Eric Dalen|Phenizee Ransom,36
0022401006,2024,0,2025-03-19,LAL,DEN,120.0,108.0,3,540,206,Natalie Sago|Ray Acosta|Zach Zarba,32
0022401007,2024,0,2025-03-19,PHX,CHI,127.0,121.0,3,552,203,Brett Nansel|David Guthrie|Kevin Cutler,30
0022401008,2024,0,2025-03-19,POR,MEM,115.0,99.0,3,620,203,Brandon Adair|Brian Forte|Marc Davis,31
0022401009,2024,0,2025-03-19,SAC,CLE,123.0,119.0,3,508,196,James Williams|Nate Green|Pat Fraher,30
0022401010,2024,0,2025-03-20,CHA,NYK,115.0,98.0,3,526,195,Curtis Blair|Justin Van Duyne|Suyash Mehta,35
0022401011,2024,0,2025-03-20,IND,BKN,105.0,99.0,4,630,220,Matt Boland|Rodney Mott|Tony Brothers,38
0022401012,2024,0,2025-03-18,GSW,MIL,104.0,93.0,3,563,194,Brent Barnaky|Jonathan Sterling|Mark Lindsay,36
0022401013,2024,0,2025-03-20,SAC,CHI,116.0,128.0,3,530,198,Andy Nagy|Derek Richardson|Mark Lindsay,37
0022401014,2024,0,2025-03-21,WAS,ORL,105.0,120.0,2,516,201,John Butler|John Goble|Sha'Rae Mitchell,27
0022401015,2024,0,2025-03-21,MIA,HOU,98.0,102.0,3,508,191,CJ Washington|Ed Malloy|Suyash Mehta,27
0022401016,2024,0,2025-03-21,MIN,NOP,134.0,93.0,3,519,199,Evan Scott|Gediminas Petraitis|James Capers,33
0022401017,2024,0,2025-03-21,OKC,CHA,141.0,106.0,3,502,195,Bill Kennedy|Brett Nansel|Sean Corbin,25
0022401018,2024,0,2025-03-21,SAS,PHI,128.0,120.0,2,497,207,Jenna Schroeder|Josh Tiven|Karl Lane,28
0022401019,2024,0,2025-03-21,DAL,DET,123.0,117.0,3,585,208,Brent Barnaky|David Guthrie|Matt Myers,35
0022401020,2024,0,2025-03-21,UTA,BOS,99.0,121.0,3,527,194,Brian Forte|JT Orr|Marc Davis,29
0022401021,2024,0,2025-03-21,PHX,CLE,123.0,112.0,3,504,194,John Conley|Ray Acosta|Zach Zarba,28
0022401022,2024,0,2025-03-21,POR,DEN,128.0,109.0,3,549,195,Andy Nagy|James Williams|Nick Buchert,39
0022401023,2024,0,2025-03-21,LAC,MEM,128.0,108.0,3,565,200,Kevin Scott|Natalie Sago|Nate Green,32
0022401024,2024,0,2025-03-22,IND,BKN,108.0,103.0,3,570,204,Curtis Blair|Michael Smith|Mitchell Ervin,37
0022401025,2024,0,2025-03-22,ATL,GSW,124.0,115.0,3,526,202,Justin Van Duyne|Robert Hussey|Tony Brothers,33
0022401026,2024,0,2025-03-22,NYK,WAS,122.0,103.0,3,571,210,Ben Taylor|JB DeRosa|Mousa Dagher,38
0022401027,2024,0,2025-03-22,SAC,MIL,108.0,114.0,3,499,184,John Conley|Phenizee Ransom|Zach Zarba,33
0022401028,2024,0,2025-03-22,LAL,CHI,115.0,146.0,3,558,211,Courtney Kirkland|JT Orr|Jason Goldenberg,31
0022401029,2024,0,2025-03-23,DET,NOP,136.0,130.0,3,548,199,Brandon Schwab|CJ Washington|Mark Lindsay,42
0022401030,2024,0,2025-03-23,UTA,CLE,91.0,120.0,3,574,202,Andy Nagy|Rodney Mott|Tyler Ford,39
0022401031,2024,0,2025-03-23,ATL,PHI,132.0,119.0,3,576,200,John Goble|Justin Van Duyne|Matt Myers,42
0022401032,2024,0,2025-03-23,MIA,CHA,122.0,105.0,3,495,192,Intae Hwang|John Butler|Josh Tiven,27
0022401033,2024,0,2025-03-23,TOR,SAS,89.0,123.0,3,568,208,James Capers|Kevin Cutler|Tom Washington,31
0022401034,2024,0,2025-03-23,POR,BOS,116.0,129.0,3,497,186,Kevin Scott|Matt Boland|Natalie Sago,25
0022401035,2024,0,2025-03-23,HOU,DEN,111.0,116.0,3,619,187,Bill Kennedy|Jenna Schroeder|Tre Maddox,42
0022401036,2024,0,2025-03-23,LAC,OKC,101.0,103.0,3,574,195,Evan Scott|Marc Davis|Nick Buchert,39
0022401037,2024,0,2025-03-24,IND,MIN,119.0,103.0,3,540,209,Brett Nansel|James Williams|Marat Kogut,22
0022401038,2024,0,2025-03-24,ORL,LAL,118.0,106.0,3,522,183,Brian Forte|Jacyn Goble|Michael Smith,37
0022401039,2024,0,2025-03-24,WAS,TOR,104.0,112.0,3,621,214,Curtis Blair|Danielle Scott|Ray Acosta,39
0022401040,2024,0,2025-03-24,BKN,DAL,101.0,120.0,3,514,191,Ben Taylor|JB DeRosa|Suyash Mehta,27
0022401041,2024,0,2025-03-24,NOP,PHI,112.0,99.0,3,547,192,Ed Malloy|Jonathan Sterling|Nate Green,32
0022401042,2024,0,2025-03-24,DEN,CHI,119.0,129.0,3,547,203,Brent Barnaky|John Conley|Pat Fraher,33
0022401043,2024,0,2025-03-24,PHX,MIL,108.0,106.0,3,530,185,Derek Richardson|Natalie Sago|Tyler Ford,37
0022401044,2024,0,2025-03-24,SAC,BOS,95.0,113.0,3,503,198,Courtney Kirkland|Gediminas Petraitis|Jason Goldenberg,31
0022401045,2024,0,2025-03-25,CHA,ORL,104.0,111.0,3,551,191,James Capers|Simone Jelks|Tre Maddox,37
0022401046,2024,0,2025-03-25,DET,SAS,122.0,96.0,3,519,188,Brett Nansel|Mitchell Ervin|Ray Acosta,38
0022401047,2024,0,2025-03-25,MIA,GSW,112.0,86.0,3,500,184,Jacyn Goble|Jenna Schroeder|Zach Zarba,27
0022401048,2024,0,2025-03-25,NYK,DAL,128.0,113.0,3,499,205,Marat Kogut|Tom Washington|Tony Brothers,28
0022401049,2024,0,2025-03-25,HOU,ATL,121.0,114.0,3,587,206,Intae Hwang|Josh Tiven|Rodney Mott,38
0022401050,2024,0,2025-03-25,UTA,MEM,103.0,140.0,3,529,194,Bill Kennedy|Pat Fraher|Robert Hussey,36
0022401051,2024,0,2025-03-25,POR,CLE,111.0,122.0,3,544,194,Evan Scott|Gediminas Petraitis|Karl Lane,30
0022401052,2024,0,2025-03-25,SAC,OKC,105.0,121.0,3,539,202,JT Orr|Kevin Scott|Matt Boland,28
0022401053,2024,0,2025-03-26,PHI,WAS,114.0,119.0,2,536,195,JD Ralls|Kevin Cutler|Marc Davis,27
0022401054,2024,0,2025-03-26,BKN,TOR,86.0,116.0,3,585,209,Jonathan Sterling|Mark Lindsay|Phenizee Ransom,40
0022401055,2024,0,2025-03-26,IND,LAL,119.0,120.0,3,517,193,Andy Nagy|David Guthrie|Nick Buchert,36
0022401056,2024,0,2025-03-26,NYK,LAC,113.0,126.0,3,502,187,Brian Forte|James Williams|Matt Myers,34
0022401057,2024,0,2025-03-26,DEN,MIL,127.0,117.0,3,497,200,Courtney Kirkland|John Butler|Mousa Dagher,25
0022401058,2024,0,2025-03-26,PHX,BOS,102.0,132.0,3,544,194,John Goble|Nate Green|Sean Corbin,34
0022401059,2024,0,2025-03-27,CLE,SAS,124.0,116.0,3,580,205,Ben Taylor|Brandon Adair|Brent Barnaky,34
0022401060,2024,0,2025-03-27,ORL,DAL,92.0,101.0,3,531,195,Curtis Blair|Jenna Schroeder|Ray Acosta,33
0022401061,2024,0,2025-03-27,WAS,IND,109.0,162.0,3,512,207,Matt Myers|Phenizee Ransom|Tony Brothers,30
0022401062,2024,0,2025-03-27,MIA,ATL,122.0,112.0,3,468,198,Brandon Schwab|Marat Kogut|Tre Maddox,21
0022401063,2024,0,2025-03-27,CHI,LAL,119.0,117.0,3,540,210,Danielle Scott|Ed Malloy|Rodney Mott,29
0022401064,2024,0,2025-03-27,OKC,MEM,125.0,104.0,3,587,210,Intae Hwang|Jacyn Goble|Josh Tiven,36
0022401065,2024,0,2025-03-27,UTA,HOU,110.0,121.0,3,525,195,Evan Scott|Gediminas Petraitis|Karl Lane,32
0022401066,2024,0,2025-03-27,SAC,POR,128.0,107.0,3,545,195,Bill Kennedy|Justin Van Duyne|Robert Hussey,39
0022401067,2024,0,2025-03-28,DET,CLE,133.0,122.0,2,597,205,John Conley|Kevin Scott|Nick Buchert,53
0022401068,2024,0,2025-03-28,BKN,LAC,100.0,132.0,2,533,204,Brent Barnaky|Brett Nansel|James Capers,43
0022401069,2024,0,2025-03-28,TOR,CHA,108.0,97.0,3,568,198,CJ Washington|David Guthrie|Jason Goldenberg,25
0022401070,2024,0,2025-03-28,MIL,NYK,107.0,116.0,3,476,193,Kevin Cutler|Mark Lindsay|Nate Green,27
0022401071,2024,0,2025-03-28,MIN,PHX,124.0,109.0,3,512,192,John Butler|Marc Davis|Tom Washington,30
0022401072,2024,0,2025-03-28,NOP,GSW,95.0,111.0,3,609,191,Andy Nagy|JD Ralls|Pat Fraher,45
0022401073,2024,0,2025-03-28,DEN,UTA,129.0,93.0,3,569,208,Derek Richardson|John Goble|Sean Corbin,33
0022401074,2024,0,2025-03-29,ORL,SAC,121.0,91.0,3,529,197,Brandon Adair|Rodney Mott|Tony Brothers,36
0022401075,2024,0,2025-03-29,WAS,BKN,112.0,115.0,3,507,196,Jacyn Goble|Natalie Sago|Simone Jelks,37
0022401076,2024,0,2025-03-29,PHI,MIA,95.0,118.0,3,495,187,Ben Taylor|JT Orr|Matt Myers,27
0022401077,2024,0,2025-03-29,CHI,DAL,119.0,120.0,3,583,220,Matt Kallio|Mitchell Ervin|Nick Buchert,34
0022401078,2024,0,2025-03-29,MEM,LAL,127.0,134.0,3,591,208,JB DeRosa|Mousa Dagher|Tyler Ford,41
0022401079,2024,0,2025-03-29,OKC,IND,132.0,111.0,3,564,210,Brandon Schwab|Courtney Kirkland|Karl Lane,32
0022401080,2024,0,2025-03-29,SAS,BOS,111.0,121.0,3,505,191,Andy Nagy|Jonathan Sterling|Zach Zarba,33
0022401081,2024,0,2025-03-30,CLE,LAC,127.0,122.0,3,540,212,Curtis Blair|Kevin Cutler|Matt Boland,32
0022401082,2024,0,2025-03-30,NYK,POR,110.0,93.0,3,515,190,Intae Hwang|JT Orr|Marc Davis,27
0022401083,2024,0,2025-03-30,MIL,ATL,124.0,145.0,3,600,211,CJ Washington|Ed Malloy|Ray Acosta,50
0022401084,2024,0,2025-03-30,MIN,DET,123.0,104.0,3,630,195,David Guthrie|Jason Goldenberg|Marat Kogut,44
0022401085,2024,0,2025-03-30,NOP,CHA,98.0,94.0,3,592,209,Brian Forte|Gediminas Petraitis|Sha'Rae Mitchell,33
0022401086,2024,0,2025-03-30,SAS,GSW,106.0,148.0,3,555,211,Danielle Scott|John Goble|Sean Corbin,33
0022401087,2024,0,2025-03-30,PHI,TOR,109.0,127.0,3,551,218,Brett Nansel|Evan Scott|James Williams,24
0022401088,2024,0,2025-03-30,PHX,HOU,109.0,148.0,3,550,210,Bill Kennedy|Jenna Schroeder|Justin Van Duyne,35
0022401089,2024,0,2025-03-31,CHA,UTA,110.0,106.0,3,519,192,Michael Smith|Mitchell Ervin|Nate Green,24
0022401090,2024,0,2025-03-31,IND,SAC,111.0,109.0,3,524,204,Kevin Cutler|Matt Boland|Zach Zarba,30
0022401091,2024,0,2025-03-31,ORL,LAC,87.0,96.0,3,515,189,Courtney Kirkland|Mousa Dagher|Pat Fraher,35
0022401092,2024,0,2025-03-31,WAS,MIA,94.0,120.0,3,556,215,Brent Barnaky|Kevin Scott|Robert Hussey,33
0022401093,2024,0,2025-03-31,MEM,BOS,103.0,117.0,3,558,206,Mark Lindsay|Matt Kallio|Tony Brothers,26
0022401094,2024,0,2025-03-31,OKC,CHI,145.0,117.0,3,563,228,JB DeRosa|Suyash Mehta|Tyler Ford,27
0022401095,2024,0,2025-03-31,DAL,BKN,109.0,113.0,3,568,193,Andy Nagy|JD Ralls|Rodney Mott,39
0022401096,2024,0,2025-03-31,LAL,HOU,104.0,98.0,3,583,200,Brandon Schwab|Josh Tiven|Tre Maddox,30
0022401097,2024,0,2025-04-01,ATL,POR,113.0,127.0,3,636,223,Jonathan Sterling|Pat Fraher|Zach Zarba,38
0022401098,2024,0,2025-04-01,NYK,PHI,105.0,91.0,3,536,196,Bill Kennedy|Danielle Scott|Nick Buchert,37
0022401099,2024,0,2025-04-01,CHI,TOR,137.0,118.0,3,539,209,Curtis Blair|Jenna Schroeder|Ray Acosta,28
0022401100,2024,0,2025-04-01,MEM,GSW,125.0,134.0,3,616,215,Gediminas Petraitis|Marc Davis|Matt Myers,42
0022401101,2024,0,2025-04-01,MIL,PHX,133.0,123.0,3,509,196,Ben Taylor|Marat Kogut|Phenizee Ransom,32
0022401102,2024,0,2025-04-01,DEN,MIN,139.0,140.0,3,625,230,CJ Washington|Justin Van Duyne|Sean Wright,49
0022401103,2024,0,2025-04-02,CLE,NYK,124.0,105.0,3,538,194,John Goble|Mitchell Ervin|Phenizee Ransom,35
0022401104,2024,0,2025-04-02,IND,CHA,119.0,105.0,3,510,192,Eric Dalen|Kevin Scott|Robert Hussey,27
0022401105,2024,0,2025-04-02,WAS,SAC,116.0,111.0,3,521,201,Dedric Taylor|Karl Lane|Sean Corbin,35
0022401106,2024,0,2025-04-02,BOS,MIA,103.0,124.0,3,504,175,Evan Scott|Jacyn Goble|Tyler Ford,30
0022401107,2024,0,2025-04-02,HOU,UTA,143.0,105.0,3,566,207,Jason Goldenberg|Tom Washington|Tony Brothers,32
0022401108,2024,0,2025-04-02,OKC,DET,119.0,103.0,3,610,207,Ed Malloy|Justin Van Duyne|Matt Kallio,40
0022401109,2024,0,2025-04-02,DAL,ATL,120.0,118.0,3,573,209,James Capers|Mousa Dagher|Natalie Sago,32
0022401110,2024,0,2025-04-02,DEN,SAS,106.0,113.0,3,558,212,James Williams|Scott Twardoski|Tre Maddox,28
0022401111,2024,0,2025-04-02,LAC,NOP,114.0,98.0,3,492,194,Brandon Schwab|John Butler|Josh Tiven,30
0022401112,2024,0,2025-04-03,WAS,ORL,97.0,109.0,3,510,180,Intae Hwang|Marc Davis|Nick Buchert,29
0022401113,2024,0,2025-04-03,BKN,MIN,90.0,105.0,3,520,186,Curtis Blair|JT Orr|Ray Acosta,27
0022401114,2024,0,2025-04-03,MIA,MEM,108.0,110.0,3,574,198,Andy Nagy|Courtney Kirkland|Nate Green,35
0022401115,2024,0,2025-04-03,PHI,MIL,113.0,126.0,2,546,194,JB DeRosa|Mitchell Ervin|Suyash Mehta,31
0022401116,2024,0,2025-04-03,TOR,POR,103.0,112.0,3,547,204,CJ Washington|JD Ralls|Jacyn Goble,31
0022401117,2024,0,2025-04-03,LAL,GSW,116.0,123.0,3,569,187,Brett Nansel|Mark Lindsay|Sean Wright,41
0022401118,2024,0,2025-04-04,CHA,SAC,102.0,125.0,3,548,195,Ed Malloy|Jonathan Sterling|Phenizee Ransom,41
0022401119,2024,0,2025-04-04,IND,UTA,140.0,112.0,3,585,206,Brian Forte|Dedric Taylor|James Capers,38
0022401120,2024,0,2025-04-04,BOS,PHX,123.0,103.0,3,508,189,Brent Barnaky|Pat Fraher|Robert Hussey,27
0022401121,2024,0,2025-04-04,TOR,DET,105.0,117.0,2,573,205,Bill Kennedy|Gediminas Petraitis|John Conley,38
0022401122,2024,0,2025-04-04,CHI,POR,118.0,113.0,3,579,217,David Guthrie|Matt Boland|Sean Corbin,34
0022401123,2024,0,2025-04-04,HOU,OKC,125.0,111.0,3,559,206,James Williams|Karl Lane|Natalie Sago,33
0022401124,2024,0,2025-04-04,SAS,CLE,113.0,114.0,3,527,205,John Butler|Justin Van Duyne|Kevin Scott,25
0022401125,2024,0,2025-04-04,GSW,DEN,118.0,104.0,3,564,196,Jason Goldenberg|Josh Tiven|Marat Kogut,28
0022401126,2024,0,2025-04-04,LAL,NOP,124.0,108.0,3,535,191,Ben Taylor|Matt Kallio|Rodney Mott,38
0022401127,2024,0,2025-04-04,LAC,DAL,114.0,91.0,3,519,201,Mark Lindsay|Scott Twardoski|Tre Maddox,35
0022401128,2024,0,2025-04-05,ATL,NYK,105.0,121.0,3,500,196,Curtis Blair|Eric Dalen|Nate Green,30
0022401129,2024,0,2025-04-05,DET,MEM,103.0,109.0,3,605,209,Brandon Adair|Jacyn Goble|Tyler Ford,35
0022401130,2024,0,2025-04-05,PHI,MIN,109.0,114.0,3,533,192,Andy Nagy|Evan Scott|Zach Zarba,38
0022401131,2024,0,2025-04-05,MIA,MIL,115.0,121.0,4,557,213,Intae Hwang|Karl Lane|Nick Buchert,34
0022401132,2024,0,2025-04-05,LAC,DAL,135.0,104.0,3,551,205,Brett Nansel|Marat Kogut|Sean Wright,40
0022401133,2024,0,2025-04-06,CHA,CHI,117.0,131.0,3,579,210,Gediminas Petraitis|Matt Myers|Tony Brothers,43
0022401134,2024,0,2025-04-06,BKN,TOR,109.0,120.0,3,584,223,John Butler|Pat Fraher|Simone Jelks,37
0022401135,2024,0,2025-04-06,OKC,LAL,99.0,126.0,3,506,192,David Guthrie|Mitchell Ervin|Phenizee Ransom,30
0022401136,2024,0,2025-04-06,ATL,UTA,147.0,134.0,3,524,205,Brent Barnaky|Marc Davis|Sha'Rae Mitchell,36
0022401137,2024,0,2025-04-06,BOS,WAS,124.0,90.0,3,470,183,Bill Kennedy|JB DeRosa|Jenna Schroeder,18
0022401138,2024,0,2025-04-06,CLE,SAC,113.0,120.0,3,502,198,Brandon Schwab|Courtney Kirkland|Eric Dalen,29
0022401139,2024,0,2025-04-06,POR,SAS,120.0,109.0,3,588,214,Jason Goldenberg|Josh Tiven|Kevin Cutler,37
0022401140,2024,0,2025-04-06,NYK,PHX,112.0,98.0,3,519,190,Andy Nagy|Ed Malloy|Sean Corbin,36
0022401141,2024,0,2025-03-13,NOP,ORL,93.0,113.0,3,512,185,JD Ralls|James Williams|Tre Maddox,35
0022401142,2024,0,2025-04-06,DEN,IND,120.0,125.0,3,545,212,Danielle Scott|Mark Lindsay|Rodney Mott,32
0022401143,2024,0,2025-04-06,GSW,HOU,96.0,106.0,3,608,199,Ben Taylor|Mousa Dagher|Ray Acosta,26
0022401144,2024,0,2025-04-07,DET,SAC,117.0,127.0,3,547,190,Evan Scott|Tre Maddox|Zach Zarba,41
0022401145,2024,0,2025-04-07,MIA,PHI,117.0,105.0,3,527,196,Curtis Blair|Natalie Sago|Tom Washington,29
0022401146,2024,0,2025-04-08,CHA,MEM,100.0,124.0,3,562,200,Jenna Schroeder|John Butler|Karl Lane,32
0022401147,2024,0,2025-04-08,CLE,CHI,135.0,113.0,2,545,207,Jonathan Sterling|Nate Green|Zach Zarba,30
0022401148,2024,0,2025-04-08,IND,WAS,104.0,98.0,3,545,193,Scott Twardoski|Sean Corbin|Sean Wright,41
0022401149,2024,0,2025-04-08,ORL,ATL,119.0,112.0,3,576,196,Gediminas Petraitis|James Capers|Suyash Mehta,43
0022401150,2024,0,2025-04-08,BKN,NOP,119.0,114.0,3,545,206,Brandon Schwab|Courtney Kirkland|Phenizee Ransom,39
0022401151,2024,0,2025-04-08,NYK,BOS,117.0,119.0,4,548,208,Brian Forte|John Goble|Matt Myers,36
0022401152,2024,0,2025-04-08,MIL,MIN,110.0,103.0,3,498,189,Justin Van Duyne|Pat Fraher|Sha'Rae Mitchell,30
0022401153,2024,0,2025-04-08,OKC,LAL,136.0,120.0,3,611,201,CJ Washington|JT Orr|Tony Brothers,38
0022401154,2024,0,2025-04-08,PHX,GSW,95.0,133.0,3,563,205,Danielle Scott|Kevin Cutler|Tyler Ford,29
0022401155,2024,0,2025-04-08,LAC,SAS,122.0,117.0,3,514,202,Ben Taylor|Ray Acosta|Simone Jelks,28
0022401156,2024,0,2025-04-09,ORL,BOS,96.0,76.0,3,465,182,Brett Nansel|James Williams|Marat Kogut,14
0022401157,2024,0,2025-04-09,WAS,PHI,103.0,122.0,3,582,210,John Conley|Pat Fraher|Rodney Mott,42
0022401158,2024,0,2025-04-09,TOR,CHA,126.0,96.0,3,532,206,Andy Nagy|Michael Smith|Tre Maddox,26
0022401159,2024,0,2025-04-09,DAL,LAL,97.0,112.0,3,549,190,Jacyn Goble|Jason Goldenberg|Marc Davis,29
0022401160,2024,0,2025-04-09,CHI,MIA,119.0,111.0,3,516,207,JT Orr|Mark Lindsay|Scott Twardoski,22
0022401161,2024,0,2025-04-10,MIL,NOP,136.0,111.0,3,540,215,John Butler|Josh Tiven|Suyash Mehta,36
0022401162,2024,0,2025-04-09,UTA,POR,133.0,126.0,4,608,236,Derek Richardson|JB DeRosa|Mitchell Ervin,44
0022401163,2024,0,2025-04-09,GSW,SAS,111.0,114.0,3,561,190,David Guthrie|Nick Buchert|Robert Hussey,40
0022401164,2024,0,2025-04-09,PHX,OKC,112.0,125.0,3,551,205,Eric Dalen|Kevin Scott|Simone Jelks,35
0022401165,2024,0,2025-04-09,SAC,DEN,116.0,124.0,3,504,189,Kevin Cutler|Mousa Dagher|Tyler Ford,38
0022401166,2024,0,2025-04-09,LAC,HOU,134.0,117.0,3,494,200,Brandon Adair|Brent Barnaky|Ed Malloy,23
0022401167,2024,0,2025-04-10,DET,NYK,115.0,106.0,3,519,191,James Capers|Justin Van Duyne|Sha'Rae Mitchell,38
0022401168,2024,0,2025-04-10,IND,CLE,114.0,112.0,3,539,201,Curtis Blair|Gediminas Petraitis|Matt Myers,31
0022401169,2024,0,2025-04-10,BKN,ATL,109.0,133.0,3,572,217,Andy Nagy|Karl Lane|Natalie Sago,42
0022401170,2024,0,2025-04-10,MEM,MIN,125.0,141.0,3,574,206,John Goble|Jonathan Sterling|Sean Corbin,40
0022401171,2024,0,2025-04-11,DET,MIL,119.0,125.0,3,557,201,Curtis Blair|Gediminas Petraitis|Phenizee Ransom,34
0022401172,2024,0,2025-04-11,IND,ORL,115.0,129.0,3,579,213,Ben Taylor|CJ Washington|JT Orr,44
0022401173,2024,0,2025-04-11,PHI,ATL,110.0,124.0,3,562,203,Dedric Taylor|Justin Van Duyne|Mark Lindsay,28
0022401174,2024,0,2025-04-11,BOS,CHA,130.0,94.0,3,510,201,John Conley|Rodney Mott|Sean Wright,23
0022401175,2024,0,2025-04-11,NYK,CLE,102.0,108.0,3,523,189,Brett Nansel|James Williams|Marat Kogut,34
0022401176,2024,0,2025-04-11,CHI,WAS,119.0,89.0,2,538,207,Danielle Scott|Mitchell Ervin|Tre Maddox,28
0022401177,2024,0,2025-04-11,NOP,MIA,104.0,153.0,3,531,214,Jason Goldenberg|Simone Jelks|Zach Zarba,29
0022401178,2024,0,2025-04-11,DAL,TOR,124.0,102.0,3,557,210,Brian Forte|Jenna Schroeder|Scott Twardoski,27
0022401179,2024,0,2025-04-11,MIN,BKN,117.0,91.0,3,540,185,Bill Kennedy|Mousa Dagher|Ray Acosta,38
0022401180,2024,0,2025-04-11,DEN,MEM,117.0,109.0,3,567,208,Eric Dalen|Evan Scott|Tony Brothers,39
0022401181,2024,0,2025-04-11,UTA,OKC,111.0,145.0,3,545,217,Courtney Kirkland|JD Ralls|Jacyn Goble,28
0022401182,2024,0,2025-04-11,PHX,SAS,117.0,98.0,3,501,198,Derek Richardson|JB DeRosa|Marc Davis,16
0022401183,2024,0,2025-04-11,POR,GSW,86.0,103.0,3,593,207,Brandon Adair|Brent Barnaky|Ed Malloy,35
0022401184,2024,0,2025-04-11,SAC,LAC,100.0,101.0,3,495,186,David Guthrie|Nick Buchert|Robert Hussey,28
0022401185,2024,0,2025-04-11,LAL,HOU,140.0,109.0,3,519,212,Kevin Cutler|Kevin Scott|Nate Green,31
0022401186,2024,0,2025-04-13,ATL,ORL,117.0,105.0,3,476,200,Jason Goldenberg|Josh Tiven|Sean Wright,21
0022401187,2024,0,2025-04-13,BOS,CHA,93.0,86.0,3,547,183,Curtis Blair|Danielle Scott|Justin Van Duyne,29
0022401188,2024,0,2025-04-13,BKN,NYK,105.0,113.0,3,531,197,Ben Taylor|CJ Washington|Tre Maddox,43
0022401189,2024,0,2025-04-13,CLE,IND,118.0,126.0,5,685,252,Andy Nagy|James Capers|Pat Fraher,41
0022401190,2024,0,2025-04-13,MIA,WAS,118.0,119.0,3,464,205,Brian Forte|James Williams|Phenizee Ransom,25
0022401191,2024,0,2025-04-13,PHI,CHI,102.0,122.0,3,567,215,Natalie Sago|Sean Corbin|Tyler Ford,30
0022401192,2024,0,2025-04-13,MIL,DET,140.0,133.0,4,529,219,JB DeRosa|JT Orr|John Goble,33
0022401193,2024,0,2025-04-13,HOU,DEN,111.0,126.0,3,530,200,Courtney Kirkland|Mark Lindsay|Scott Twardoski,37
0022401194,2024,0,2025-04-13,MEM,DAL,132.0,97.0,3,565,209,Marat Kogut|Mitchell Ervin|Zach Zarba,26
0022401195,2024,0,2025-04-13,MIN,UTA,116.0,105.0,3,510,196,Eric Dalen|Jenna Schroeder|Tony Brothers,29
0022401196,2024,0,2025-04-13,NOP,OKC,100.0,115.0,3,579,204,Kevin Cutler|Matt Myers|Mousa Dagher,41
0022401197,2024,0,2025-04-13,SAS,TOR,125.0,118.0,3,539,210,Bill Kennedy|Jonathan Sterling|Karl Lane,34
0022401198,2024,0,2025-04-13,GSW,LAC,119.0,124.0,4,545,201,Jacyn Goble|John Butler|Kevin Scott,38
0022401199,2024,0,2025-04-13,POR,LAL,109.0,81.0,3,538,184,David Guthrie|Evan Scott|Nick Buchert,32
0022401200,2024,0,2025-04-13,SAC,PHX,109.0,98.0,3,439,182,Brent Barnaky|Ed Malloy|Nate Green,15
0022401201,2024,0,2024-12-10,MIL,ORL,114.0,109.0,3,565,199,CJ Washington|Scott Foster|Sean Corbin,35
0022401202,2024,0,2024-12-11,NYK,ATL,100.0,108.0,3,548,202,Ben Taylor|Jacyn Goble|Natalie Sago,26
0022401203,2024,0,2024-12-10,OKC,DAL,118.0,104.0,3,563,202,Brian Forte|Jenna Schroeder|Kevin Scott,26
0022401204,2024,0,2024-12-11,HOU,GSW,91.0,90.0,3,533,186,Bill Kennedy|Brent Barnaky|Mousa Dagher,24
0022401205,2024,0,2024-12-12,BOS,DET,123.0,99.0,3,512,203,Dedric Taylor|John Conley|Zach Zarba,21
0022401206,2024,0,2024-12-12,MIA,TOR,114.0,104.0,3,548,203,Jason Goldenberg|Robert Hussey|Sean Wright,33
0022401207,2024,0,2024-12-12,NOP,SAC,109.0,111.0,3,562,199,Curtis Blair|Kevin Cutler|Tom Washington,38
0022401208,2024,0,2024-12-13,CLE,WAS,115.0,105.0,3,583,200,Jonathan Sterling|Natalie Sago|Pat Fraher,39
0022401209,2024,0,2024-12-13,PHI,IND,107.0,121.0,3,543,199,Andy Nagy|Mitchell Ervin|Tyler Ricks,36
0022401210,2024,0,2024-12-13,MIN,LAL,97.0,87.0,3,568,200,Aaron Smith|Marc Davis|Phenizee Ransom,31
0022401211,2024,0,2024-12-13,MEM,BKN,135.0,119.0,3,614,212,CJ Washington|Evan Scott|Mark Lindsay,36
0022401212,2024,0,2024-12-13,CHI,CHA,109.0,95.0,3,635,210,Jacyn Goble|Marat Kogut|Matt Myers,38
0022401213,2024,0,2024-12-13,DEN,LAC,120.0,98.0,3,532,214,Ed Malloy|Eric Dalen|Sha'Rae Mitchell,38
0022401214,2024,0,2024-12-13,UTA,PHX,126.0,134.0,3,508,192,Courtney Kirkland|Matt Kallio|Scott Twardoski,33
0022401215,2024,0,2024-12-13,POR,SAS,116.0,118.0,3,525,195,Brett Nansel|Gediminas Petraitis|Justin Van Duyne,31
0022401216,2024,0,2024-12-15,IND,NOP,119.0,104.0,3,567,203,Marat Kogut|Matt Boland|Tony Brothers,36
0022401217,2024,0,2024-12-15,WAS,BOS,98.0,112.0,2,576,207,Evan Scott|James Williams|Mitchell Ervin,33
0022401218,2024,0,2024-12-15,SAS,MIN,92.0,106.0,3,575,201,Brandon Schwab|Brent Barnaky|Brian Forte,26
0022401219,2024,0,2024-12-15,PHX,POR,116.0,109.0,3,535,197,Eric Dalen|Simone Jelks|Tyler Ford,30
0022401220,2024,0,2024-12-15,LAL,MEM,116.0,110.0,3,645,220,Courtney Kirkland|Danielle Scott|Scott Twardoski,51
0022401221,2024,0,2024-12-16,DET,MIA,125.0,124.0,4,645,232,Andy Nagy|Curtis Blair|Intae Hwang,38
0022401222,2024,0,2024-12-16,CHA,PHI,108.0,121.0,3,601,207,Jason Goldenberg|Michael Smith|Sean Wright,41
0022401223,2024,0,2024-12-16,TOR,CHI,121.0,122.0,3,607,219,Jenna Schroeder|Mark Lindsay|Suyash Mehta,41
0022401224,2024,0,2024-12-16,BKN,CLE,101.0,130.0,3,583,196,Aaron Smith|JD Ralls|James Williams,44
0022401225,2024,0,2024-12-16,SAC,DEN,129.0,130.0,3,607,221,Che Flores|JT Orr|Marc Davis,39
0022401226,2024,0,2024-12-16,LAC,UTA,144.0,107.0,3,525,210,Derek Richardson|Kevin Cutler|Tyler Ford,38
0022401227,2024,0,2024-12-15,ORL,NYK,91.0,100.0,2,517,188,Brandon Adair|Dedric Taylor|Zach Zarba,36
0022401228,2024,0,2024-12-15,GSW,DAL,133.0,143.0,3,564,203,Derrick Collins|Ed Malloy|Gediminas Petraitis,28
0022401229,2024,0,2024-12-14,MIL,ATL,110.0,102.0,3,580,211,John Butler|John Goble|Tre Maddox,44
0022401230,2024,0,2024-12-14,OKC,HOU,111.0,96.0,3,598,198,James Capers|Nick Buchert|Ray Acosta,45
