game_id,year,postseason,date,home,away,home_score,away_score,period_splits,raw_events,possessions,crew,foul_drawn_ids
0022200001,2022,0,2022-10-18,BOS,PHI,126.0,117.0,3,526,198,Brian Forte|James Capers|Ray Acosta,43
0022200002,2022,0,2022-10-18,GSW,LAL,123.0,109.0,3,634,229,Rodney Mott|Scott Twardoski|Tony Brothers,38
0022200003,2022,0,2022-10-19,DET,ORL,113.0,109.0,2,555,203,David Guthrie|Mousa Dagher|Sean Corbin,44
0022200004,2022,0,2022-10-19,IND,WAS,107.0,114.0,3,581,210,Ashley Moyer-Gleich|Brent Barnaky|Scott Foster,32
0022200005,2022,0,2022-10-19,ATL,HOU,117.0,107.0,3,530,214,Ben Taylor|Ed Malloy|Jenna Reneau,33
0022200006,2022,0,2022-10-19,BKN,NOP,108.0,130.0,3,637,207,John Butler|Kevin Scott|Tre Maddox,43
0022200007,2022,0,2022-10-19,MIA,CHI,108.0,116.0,3,575,212,Aaron Smith|John Conley|John Goble,43
0022200008,2022,0,2022-10-19,TOR,CLE,108.0,105.0,3,577,198,Josh Tiven|Karl Lane|Ray Acosta,39
0022200009,2022,0,2022-10-19,MEM,NYK,115.0,112.0,4,660,214,Curtis Blair|Dedric Taylor|Zach Zarba,38
0022200010,2022,0,2022-10-19,MIN,OKC,115.0,108.0,3,664,213,Derrick Collins|Marc Davis|Mitchell Ervin,41
0022200011,2022,0,2022-10-19,SAS,CHA,102.0,129.0,3,607,214,Bill Kennedy|Brandon Schwab|Michael Smith,32
0022200012,2022,0,2022-10-19,UTA,DEN,123.0,102.0,3,579,206,Kevin Cutler|Lauren Holtkamp|Tony Brothers,36
0022200013,2022,0,2022-10-19,PHX,DAL,107.0,105.0,3,553,189,Derek Richardson|Eric Lewis|Gediminas Petraitis,46
0022200014,2022,0,2022-10-19,SAC,POR,108.0,115.0,3,573,202,Brandon Adair|Courtney Kirkland|Justin Van Duyne,40
0022200015,2022,0,2022-10-20,PHI,MIL,88.0,90.0,3,543,190,Jacyn Goble|James Williams|Jonathan Sterling,26
0022200016,2022,0,2022-10-20,LAL,LAC,97.0,103.0,3,597,209,Eric Lewis|Kevin Cutler|Leon Wood,43
0022200017,2022,0,2022-10-21,CHA,NOP,112.0,124.0,3,595,208,Brent Barnaky|Marc Davis|Nate Green,37
0022200018,2022,0,2022-10-21,IND,SAS,134.0,137.0,3,637,225,Ben Taylor|Mitchell Ervin|Mousa Dagher,50
0022200019,2022,0,2022-10-21,WAS,CHI,102.0,100.0,3,524,197,Andy Nagy|Brian Forte|Pat Fraher,33
0022200020,2022,0,2022-10-21,ATL,ORL,108.0,98.0,3,536,205,Brandon Schwab|Dedric Taylor|Zach Zarba,36
0022200021,2022,0,2022-10-21,BKN,TOR,109.0,105.0,3,546,194,Dannica Mosher|James Capers|Sean Corbin,37
0022200022,2022,0,2022-10-21,MIA,BOS,104.0,111.0,3,506,191,Marat Kogut|Nick Buchert|Scott Foster,33
0022200023,2022,0,2022-10-21,NYK,DET,130.0,106.0,2,567,209,Eric Dalen|JD Ralls|Sean Wright,43
0022200024,2022,0,2022-10-21,HOU,MEM,122.0,129.0,3,609,207,Bill Kennedy|Matt Boland|Natalie Sago,40
0022200025,2022,0,2022-10-21,MIN,UTA,126.0,132.0,4,678,229,David Guthrie|JB DeRosa|Pat OConnell,38
0022200026,2022,0,2022-10-21,GSW,DEN,123.0,128.0,3,560,215,Brandon Adair|Courtney Kirkland|Gediminas Petraitis,39
0022200027,2022,0,2022-10-21,POR,PHX,113.0,111.0,2,599,222,Lauren Holtkamp|Scott Twardoski|Tony Brothers,41
0022200028,2022,0,2022-10-22,PHI,SAS,105.0,114.0,3,553,190,Evan Scott|Karl Lane|Tre Maddox,31
0022200029,2022,0,2022-10-22,IND,DET,124.0,115.0,3,604,206,Brian Forte|Josh Tiven|Scott Wall,39
0022200030,2022,0,2022-10-22,ORL,BOS,120.0,126.0,3,551,199,Aaron Smith|Brent Haskill|Curtis Blair,40
0022200031,2022,0,2022-10-22,MIA,TOR,112.0,109.0,3,546,191,Jacyn Goble|Suyash Mehta|Tyler Ford,46
0022200032,2022,0,2022-10-22,CHI,CLE,96.0,128.0,3,554,195,Ashley Moyer-Gleich|James Williams|Robert Hussey,33
0022200033,2022,0,2022-10-22,MIL,HOU,125.0,105.0,3,592,200,JB DeRosa|Jenna Schroeder|Kevin Scott,39
0022200034,2022,0,2022-10-22,DAL,MEM,137.0,96.0,3,558,205,Jason Goldenberg|Michael Smith|Rodney Mott,47
0022200035,2022,0,2022-10-22,DEN,OKC,122.0,117.0,3,652,210,Brett Nansel|Eric Lewis|Matt Myers,45
0022200036,2022,0,2022-10-22,SAC,LAC,109.0,111.0,3,557,199,Gediminas Petraitis|John Goble|Matt Kallio,38
0022200037,2022,0,2022-10-23,LAL,POR,104.0,106.0,3,580,205,Derek Richardson|Ed Malloy|Matt Boland,38
0022200038,2022,0,2022-10-23,ATL,CHA,109.0,126.0,3,610,203,Andy Nagy|Nick Buchert|Pat Fraher,41
0022200039,2022,0,2022-10-23,CLE,WAS,117.0,107.0,4,587,206,David Guthrie|Mitchell Ervin|Phenizee Ransom,39
0022200040,2022,0,2022-10-23,NOP,UTA,121.0,122.0,3,662,222,Curtis Blair|Jason Goldenberg|Ray Acosta,39
0022200041,2022,0,2022-10-23,OKC,MIN,106.0,116.0,3,543,202,Brandon Adair|Scott Twardoski|Zach Zarba,29
0022200042,2022,0,2022-10-23,GSW,SAC,130.0,125.0,3,600,222,Bill Kennedy|CJ Washington|Kevin Cutler,46
0022200043,2022,0,2022-10-23,LAC,PHX,95.0,112.0,3,545,198,Courtney Kirkland|Justin Van Duyne|Nate Green,29
0022200044,2022,0,2022-10-24,PHI,IND,120.0,106.0,3,581,188,James Capers|Lauren Holtkamp|Suyash Mehta,39
0022200045,2022,0,2022-10-24,MIA,TOR,90.0,98.0,3,526,197,John Butler|Tony Brothers|Tre Maddox,33
0022200046,2022,0,2022-10-24,NYK,ORL,115.0,102.0,2,554,197,Ben Taylor|Brett Nansel|Scott Foster,41
0022200047,2022,0,2022-10-24,CHI,BOS,120.0,102.0,3,575,205,Cheryl Flores|Marc Davis|Natalie Sago,35
0022200048,2022,0,2022-10-24,HOU,UTA,114.0,108.0,3,586,199,Brent Barnaky|Eric Lewis|Matt Myers,39
0022200049,2022,0,2022-10-24,MEM,BKN,134.0,124.0,3,572,195,JT Orr|Jacyn Goble|Sean Wright,46
0022200050,2022,0,2022-10-24,MIN,SAS,106.0,115.0,3,579,209,Jenna Reneau|Kevin Scott|Rodney Mott,35
0022200051,2022,0,2022-10-24,POR,DEN,135.0,110.0,3,545,193,CJ Washington|John Goble|Leon Wood,40
0022200052,2022,0,2022-10-25,WAS,DET,120.0,99.0,3,551,200,John Conley|Nick Buchert|Tyler Ford,44
0022200053,2022,0,2022-10-25,NOP,DAL,113.0,111.0,3,495,188,Brian Forte|Pat Fraher|Scott Wall,33
0022200054,2022,0,2022-10-25,OKC,LAC,108.0,94.0,3,597,207,JB DeRosa|James Williams|Ray Acosta,28
0022200055,2022,0,2022-10-25,PHX,GSW,134.0,105.0,3,604,210,Ed Malloy|Karl Lane|Matt Boland,43
0022200056,2022,0,2022-10-26,CLE,ORL,103.0,92.0,3,560,196,Eric Dalen|Jenna Schroeder|Sean Wright,44
0022200057,2022,0,2022-10-26,DET,ATL,113.0,118.0,3,559,199,Ben Taylor|Natalie Sago|Robert Hussey,39
0022200058,2022,0,2022-10-26,NYK,CHA,134.0,131.0,4,610,225,Gediminas Petraitis|Scott Twardoski|Tony Brothers,44
0022200059,2022,0,2022-10-26,TOR,PHI,119.0,109.0,3,462,190,Brent Barnaky|Brett Nansel|Curtis Blair,31
0022200060,2022,0,2022-10-26,MIL,BKN,110.0,99.0,3,621,211,Josh Tiven|Matt Myers|Michael Smith,41
0022200061,2022,0,2022-10-26,CHI,IND,124.0,109.0,3,592,209,CJ Washington|Courtney Kirkland|Sean Corbin,35
0022200062,2022,0,2022-10-26,MIN,SAS,134.0,122.0,3,537,211,Ashley Moyer-Gleich|Cheryl Flores|Tyler Ford,32
0022200063,2022,0,2022-10-26,UTA,HOU,109.0,101.0,3,628,219,John Goble|Karl Lane|Phenizee Ransom,47
0022200064,2022,0,2022-10-26,DEN,LAL,110.0,99.0,3,554,210,JT Orr|James Williams|Mitchell Ervin,32
0022200065,2022,0,2022-10-26,POR,MIA,98.0,119.0,3,535,195,Danielle Scott|Kevin Cutler|Rodney Mott,34
0022200066,2022,0,2022-10-27,BKN,DAL,125.0,129.0,4,609,218,Bill Kennedy|Dedric Taylor|Scott Twardoski,46
0022200067,2022,0,2022-10-27,OKC,LAC,118.0,110.0,3,537,202,Brian Forte|Scott Foster|Tyler Ricks,31
0022200068,2022,0,2022-10-27,GSW,MIA,123.0,110.0,3,523,202,Justin Van Duyne|Leon Wood|Zach Zarba,26
0022200069,2022,0,2022-10-27,SAC,MEM,110.0,125.0,3,541,201,Ed Malloy|Matt Boland|Mousa Dagher,33
0022200070,2022,0,2022-10-28,DET,ATL,112.0,136.0,3,569,198,Brent Barnaky|Brett Nansel|Curtis Blair,42
0022200071,2022,0,2022-10-28,ORL,CHA,113.0,93.0,3,537,203,JB DeRosa|Jacyn Goble|Suyash Mehta,39
0022200072,2022,0,2022-10-28,BOS,CLE,123.0,132.0,3,589,219,Ben Taylor|John Conley|Sean Corbin,46
0022200073,2022,0,2022-10-28,TOR,PHI,90.0,112.0,3,546,189,Eric Lewis|Marat Kogut|Pat OConnell,32
0022200074,2022,0,2022-10-28,WAS,IND,117.0,127.0,3,550,203,Evan Scott|Gediminas Petraitis|Kevin Scott,35
0022200075,2022,0,2022-10-28,MIL,NYK,119.0,108.0,3,636,207,Andy Nagy|Ray Acosta|Tyler Ford,42
0022200076,2022,0,2022-10-28,MIN,LAL,111.0,102.0,3,633,219,Josh Tiven|Karl Lane|Nate Green,40
0022200077,2022,0,2022-10-28,SAS,CHI,129.0,124.0,3,616,213,Lauren Holtkamp|Pat Fraher|Robert Hussey,31
0022200078,2022,0,2022-10-28,DEN,UTA,117.0,101.0,2,556,193,Intae Hwang|James Capers|Michael Smith,41
0022200079,2022,0,2022-10-28,PHX,NOP,124.0,111.0,3,535,198,Mitchell Ervin|Phenizee Ransom|Zach Zarba,33
0022200080,2022,0,2022-10-28,POR,HOU,125.0,111.0,3,593,206,John Butler|Marc Davis|Tre Maddox,34
0022200081,2022,0,2022-10-29,SAC,MIA,119.0,113.0,3,590,204,Nick Buchert|Sean Wright|Tyler Mirkovich,43
0022200082,2022,0,2022-10-29,CHA,GSW,120.0,113.0,3,601,212,Dedric Taylor|Rodney Mott|Scott Wall,41
0022200083,2022,0,2022-10-29,BKN,IND,116.0,125.0,3,552,196,Aaron Smith|Sharae Mitchell|Tony Brothers,42
0022200084,2022,0,2022-10-29,CHI,PHI,109.0,114.0,3,557,206,JD Ralls|Josh Tiven|Scott Twardoski,36
0022200085,2022,0,2022-10-29,MIL,ATL,123.0,115.0,3,566,204,Gediminas Petraitis|Nate Green|Scott Foster,34
0022200086,2022,0,2022-10-29,DAL,OKC,111.0,117.0,4,648,218,Ed Malloy|JT Orr|Natalie Sago,49
0022200087,2022,0,2022-10-29,UTA,MEM,124.0,123.0,2,561,207,Courtney Kirkland|Jenna Reneau|Mitchell Ervin,33
0022200088,2022,0,2022-10-30,LAC,NOP,91.0,112.0,3,518,190,Cheryl Flores|Eric Dalen|Marc Davis,26
0022200089,2022,0,2022-10-30,BOS,WAS,112.0,94.0,3,529,194,Jonathan Sterling|Justin Van Duyne|Tyler Ford,32
0022200090,2022,0,2022-10-30,CLE,NYK,121.0,108.0,3,552,199,Brett Nansel|Eric Lewis|Marat Kogut,39
0022200091,2022,0,2022-10-30,DET,GSW,128.0,114.0,3,586,210,JB DeRosa|Kevin Scott|Matt Myers,43
0022200092,2022,0,2022-10-30,SAS,MIN,107.0,98.0,3,620,199,Brent Haskill|James Capers|Ray Acosta,37
0022200093,2022,0,2022-10-30,DAL,ORL,114.0,105.0,3,526,184,Curtis Blair|Kevin Cutler|Phenizee Ransom,43
0022200094,2022,0,2022-10-30,PHX,HOU,124.0,109.0,3,581,197,Bill Kennedy|Intae Hwang|Michael Smith,43
0022200095,2022,0,2022-10-30,LAL,DEN,121.0,110.0,3,576,201,John Butler|Tre Maddox|Zach Zarba,30
0022200096,2022,0,2022-10-31,CHA,SAC,108.0,115.0,3,580,207,Josh Tiven|Sean Corbin|Sharae Mitchell,39
0022200097,2022,0,2022-10-31,WAS,PHI,111.0,118.0,3,513,199,Courtney Kirkland|Jacyn Goble|Tyler Ricks,35
0022200098,2022,0,2022-10-31,BKN,IND,116.0,109.0,3,575,210,Ben Taylor|Derek Richardson|John Goble,37
0022200099,2022,0,2022-10-31,TOR,ATL,139.0,109.0,3,580,207,Brian Forte|JD Ralls|Pat Fraher,46
0022200100,2022,0,2022-10-31,MIL,DET,110.0,108.0,2,583,199,Dedric Taylor|JT Orr|Rodney Mott,39
0022200101,2022,0,2022-10-31,UTA,MEM,121.0,105.0,3,621,213,Eric Dalen|Marc Davis|Tyler Mirkovich,43
0022200102,2022,0,2022-10-31,LAC,HOU,95.0,93.0,3,564,201,Leon Wood|Nick Buchert|Zach Zarba,32
0022200103,2022,0,2022-11-01,BKN,CHI,99.0,108.0,3,525,195,James Williams|Justin Van Duyne|Kevin Cutler,30
0022200104,2022,0,2022-11-01,MIA,GSW,116.0,109.0,3,534,196,Bill Kennedy|Brent Barnaky|Lauren Holtkamp,33
0022200105,2022,0,2022-11-01,OKC,ORL,116.0,108.0,3,575,218,Ashley Moyer-Gleich|James Capers|Jason Goldenberg,28
0022200106,2022,0,2022-11-01,PHX,MIN,116.0,107.0,3,577,199,John Butler|Sean Wright|Tre Maddox,42
0022200107,2022,0,2022-11-02,CLE,BOS,114.0,113.0,4,614,225,Brandon Adair|Jacyn Goble|Rodney Mott,42
0022200108,2022,0,2022-11-02,PHI,WAS,111.0,121.0,3,503,189,Curtis Blair|Derek Richardson|James Williams,41
0022200109,2022,0,2022-11-02,MIA,SAC,110.0,107.0,3,517,194,Eric Lewis|Michael Smith|Ray Acosta,33
0022200110,2022,0,2022-11-02,NYK,ATL,99.0,112.0,3,575,203,Courtney Kirkland|Karl Lane|Tyler Ricks,34
0022200111,2022,0,2022-11-02,CHI,CHA,106.0,88.0,3,583,206,Brian Forte|Nate Green|Tony Brothers,30
0022200112,2022,0,2022-11-02,HOU,LAC,101.0,109.0,3,543,198,Ashley Moyer-Gleich|Ed Malloy|JB DeRosa,36
0022200113,2022,0,2022-11-02,MIL,DET,116.0,91.0,3,565,209,Aaron Smith|Mitchell Ervin|Pat Fraher,35
0022200114,2022,0,2022-11-02,SAS,TOR,100.0,143.0,3,576,221,Eric Dalen|Gediminas Petraitis|JT Orr,30
0022200115,2022,0,2022-11-02,DAL,UTA,103.0,100.0,3,512,186,Kevin Scott|Mousa Dagher|Scott Twardoski,29
0022200116,2022,0,2022-11-02,POR,MEM,106.0,111.0,3,554,204,Andy Nagy|Nick Buchert|Zach Zarba,33
0022200117,2022,0,2022-11-02,LAL,NOP,120.0,117.0,4,595,235,Leon Wood|Sean Wright|Tyler Ford,33
0022200118,2022,0,2022-11-03,ORL,GSW,130.0,129.0,3,589,209,Jonathan Sterling|Marat Kogut|Scott Foster,45
0022200119,2022,0,2022-11-03,OKC,DEN,110.0,122.0,3,537,205,Bill Kennedy|Lauren Holtkamp|Scott Wall,29
0022200120,2022,0,2022-11-04,DET,CLE,88.0,112.0,3,524,194,Brandon Schwab|Derek Richardson|James Capers,29
0022200121,2022,0,2022-11-04,IND,MIA,101.0,99.0,2,546,204,Ed Malloy|JB DeRosa|Nate Green,35
0022200122,2022,0,2022-11-04,PHI,NYK,104.0,106.0,3,615,210,Cheryl Flores|John Goble|Justin Van Duyne,41
0022200123,2022,0,2022-11-04,WAS,BKN,86.0,128.0,3,511,197,Matt Myers|Michael Smith|Rodney Mott,31
0022200124,2022,0,2022-11-04,BOS,CHI,123.0,119.0,3,574,208,Brent Barnaky|Marc Davis|Ray Acosta,45
0022200125,2022,0,2022-11-04,MEM,CHA,130.0,99.0,3,578,215,Brandon Adair|James Williams|Jason Goldenberg,34
0022200126,2022,0,2022-11-04,SAS,LAC,106.0,113.0,3,532,201,Dedric Taylor|Jenna Schroeder|Sean Wright,35
0022200127,2022,0,2022-11-04,DAL,TOR,111.0,110.0,3,540,195,Aaron Smith|Danielle Scott|Tony Brothers,36
0022200128,2022,0,2022-11-04,NOP,GSW,114.0,105.0,3,539,200,Ashley Moyer-Gleich|Eric Lewis|Suyash Mehta,41
0022200129,2022,0,2022-11-04,MIN,MIL,102.0,115.0,3,590,209,Courtney Kirkland|Matt Boland|Nick Buchert,40
0022200130,2022,0,2022-11-04,PHX,POR,106.0,108.0,3,533,195,Kevin Scott|Matt Kallio|Tyler Ford,37
0022200131,2022,0,2022-11-04,LAL,UTA,116.0,130.0,3,559,195,Andy Nagy|Josh Tiven|Natalie Sago,38
0022200132,2022,0,2022-11-05,ORL,SAC,123.0,126.0,4,580,225,David Guthrie|Lauren Holtkamp|Leon Wood,37
0022200133,2022,0,2022-11-05,CHA,BKN,94.0,98.0,3,556,188,Curtis Blair|Dannica Mosher|Gediminas Petraitis,36
0022200134,2022,0,2022-11-05,ATL,NOP,124.0,121.0,4,644,229,JB DeRosa|Robert Hussey|Scott Foster,44
0022200135,2022,0,2022-11-05,NYK,BOS,118.0,133.0,2,479,198,Kevin Cutler|Phenizee Ransom|Zach Zarba,28
0022200136,2022,0,2022-11-05,MIL,OKC,108.0,94.0,3,580,197,Eric Dalen|Jacyn Goble|Jonathan Sterling,27
0022200137,2022,0,2022-11-05,MIN,HOU,129.0,117.0,3,564,208,Aaron Smith|Brian Forte|Marat Kogut,38
0022200138,2022,0,2022-11-05,DEN,SAS,126.0,101.0,3,499,196,Ben Taylor|Brett Nansel|Sean Corbin,27
0022200139,2022,0,2022-11-05,PHX,POR,102.0,82.0,3,541,191,Evan Scott|Josh Tiven|Natalie Sago,43
0022200140,2022,0,2022-11-06,LAL,CLE,100.0,114.0,3,588,204,JT Orr|Kevin Scott|Scott Twardoski,40
0022200141,2022,0,2022-11-06,TOR,CHI,113.0,104.0,3,550,193,Brandon Schwab|Derek Richardson|Ed Malloy,34
0022200142,2022,0,2022-11-06,MEM,WAS,103.0,97.0,3,555,192,James Capers|Jenna Schroeder|Justin Van Duyne,34
0022200143,2022,0,2022-11-06,LAC,UTA,102.0,110.0,3,517,198,Matt Kallio|Pat Fraher|Tyler Ford,38
0022200144,2022,0,2022-11-07,CHA,WAS,100.0,108.0,2,577,195,Ashley Moyer-Gleich|Cheryl Flores|David Guthrie,41
0022200145,2022,0,2022-11-07,ORL,HOU,127.0,134.0,3,570,207,John Conley|John Goble|Karl Lane,42
0022200146,2022,0,2022-11-07,DET,OKC,112.0,103.0,3,608,206,Brandon Adair|Dedric Taylor|Kevin Cutler,42
0022200147,2022,0,2022-11-07,IND,NOP,129.0,122.0,3,533,207,Marat Kogut|Michael Smith|Tre Maddox,35
0022200148,2022,0,2022-11-07,PHI,PHX,100.0,88.0,3,530,187,Brent Barnaky|Marc Davis|Ray Acosta,39
0022200149,2022,0,2022-11-07,ATL,MIL,117.0,98.0,3,571,205,Curtis Blair|Scott Wall|Sean Wright,32
0022200150,2022,0,2022-11-07,MIA,POR,107.0,110.0,3,489,192,James Williams|Leon Wood|Phenizee Ransom,30
0022200151,2022,0,2022-11-07,CHI,TOR,111.0,97.0,3,568,209,Eric Lewis|Jacyn Goble|John Butler,37
0022200152,2022,0,2022-11-07,MEM,BOS,106.0,109.0,3,535,201,Eric Dalen|James Capers|Mousa Dagher,32
0022200153,2022,0,2022-11-07,MIN,NYK,107.0,120.0,3,571,211,Gediminas Petraitis|Mitchell Ervin|Suyash Mehta,38
0022200154,2022,0,2022-11-07,SAS,DEN,109.0,115.0,2,567,208,Brian Forte|Matt Myers|Nick Buchert,26
0022200155,2022,0,2022-11-07,DAL,BKN,96.0,94.0,3,551,180,Courtney Kirkland|Jonathan Sterling|Justin Van Duyne,36
0022200156,2022,0,2022-11-07,GSW,SAC,116.0,113.0,3,578,211,Matt Kallio|Natalie Sago|Pat Fraher,40
0022200157,2022,0,2022-11-07,UTA,LAL,139.0,116.0,3,581,209,Ben Taylor|Robert Hussey|Sean Corbin,38
0022200158,2022,0,2022-11-07,LAC,CLE,119.0,117.0,3,541,200,Brett Nansel|Evan Scott|Josh Tiven,36
0022200159,2022,0,2022-11-09,CHA,POR,95.0,105.0,2,554,184,James Capers|John Conley|Marat Kogut,37
0022200160,2022,0,2022-11-09,IND,DEN,119.0,122.0,2,578,219,Dedric Taylor|Jonathan Sterling|Tyler Ford,34
0022200161,2022,0,2022-11-09,ORL,DAL,94.0,87.0,3,510,191,Cheryl Flores|Eric Dalen|Kevin Scott,35
0022200162,2022,0,2022-11-09,ATL,UTA,119.0,125.0,3,547,210,Ashley Moyer-Gleich|James Williams|Ray Acosta,30
0022200163,2022,0,2022-11-09,BOS,DET,128.0,112.0,2,548,206,Aaron Smith|Jason Goldenberg|Tony Brothers,40
0022200164,2022,0,2022-11-09,BKN,NYK,112.0,85.0,3,548,203,Brent Barnaky|JT Orr|Sean Wright,36
0022200165,2022,0,2022-11-09,TOR,HOU,116.0,109.0,3,578,196,Dannica Mosher|Marc Davis|Tre Maddox,40
0022200166,2022,0,2022-11-09,CHI,NOP,111.0,115.0,3,560,208,Brandon Adair|Karl Lane|Nick Buchert,37
0022200167,2022,0,2022-11-09,MIN,PHX,117.0,129.0,3,531,208,Andy Nagy|Ed Malloy|Michael Smith,39
0022200168,2022,0,2022-11-09,OKC,MIL,132.0,136.0,5,745,241,Danielle Scott|Natalie Sago|Pat Fraher,42
0022200169,2022,0,2022-11-09,SAS,MEM,122.0,124.0,4,581,212,JB DeRosa|John Goble|Pat OConnell,32
0022200170,2022,0,2022-11-09,LAC,LAL,114.0,101.0,3,554,203,Bill Kennedy|Brian Forte|Matt Myers,37
0022200171,2022,0,2022-11-09,SAC,CLE,127.0,120.0,3,521,199,Ben Taylor|Robert Hussey|Sean Corbin,41
0022200172,2022,0,2022-11-10,WAS,DAL,113.0,105.0,3,526,205,Aaron Smith|Suyash Mehta|Tyler Ford,30
0022200173,2022,0,2022-11-10,ATL,PHI,104.0,95.0,3,582,215,Courtney Kirkland|Jason Goldenberg|Matt Boland,39
0022200174,2022,0,2022-11-10,MIA,CHA,117.0,112.0,4,589,216,Jacyn Goble|Mitchell Ervin|Scott Wall,46
0022200175,2022,0,2022-11-10,NOP,POR,95.0,106.0,3,505,190,Derek Richardson|Gediminas Petraitis|Lauren Holtkamp,32
0022200176,2022,0,2022-11-11,BOS,DEN,131.0,112.0,3,519,189,Curtis Blair|John Butler|Karl Lane,32
0022200177,2022,0,2022-11-11,ORL,PHX,114.0,97.0,3,482,189,Ashley Moyer-Gleich|Evan Scott|James Williams,24
0022200178,2022,0,2022-11-11,NYK,DET,121.0,112.0,3,575,201,Josh Tiven|Leon Wood|Tre Maddox,49
0022200179,2022,0,2022-11-11,OKC,TOR,132.0,113.0,3,557,209,JB DeRosa|Jonathan Sterling|Zach Zarba,38
0022200180,2022,0,2022-11-11,SAS,MIL,111.0,93.0,3,609,195,Brandon Schwab|John Goble|Michael Smith,32
0022200181,2022,0,2022-11-11,MEM,MIN,114.0,103.0,3,553,190,Brent Barnaky|Brett Nansel|Kevin Scott,42
0022200182,2022,0,2022-11-11,GSW,CLE,106.0,101.0,3,573,196,Brian Forte|David Guthrie|Matt Myers,39
0022200183,2022,0,2022-11-11,LAL,SAC,114.0,120.0,3,571,203,Justin Van Duyne|Mousa Dagher|Rodney Mott,35
0022200184,2022,0,2022-11-12,LAC,BKN,95.0,110.0,3,544,198,Derek Richardson|Eric Lewis|Scott Twardoski,31
0022200185,2022,0,2022-11-12,WAS,UTA,121.0,112.0,3,514,202,CJ Washington|Lauren Holtkamp|Marc Davis,30
0022200186,2022,0,2022-11-12,DET,BOS,108.0,117.0,3,533,199,Marat Kogut|Phenizee Ransom|Sean Wright,36
0022200187,2022,0,2022-11-12,IND,TOR,118.0,104.0,3,580,205,Bill Kennedy|Matt Boland|Natalie Sago,38
0022200188,2022,0,2022-11-12,PHI,ATL,121.0,109.0,3,542,203,JT Orr|Nick Buchert|Tyler Ford,41
0022200189,2022,0,2022-11-12,MIA,CHA,132.0,115.0,3,527,207,Brandon Adair|Evan Scott|Josh Tiven,34
0022200190,2022,0,2022-11-12,DAL,POR,117.0,112.0,3,536,193,Ben Taylor|Dedric Taylor|Nate Green,44
0022200191,2022,0,2022-11-12,NOP,HOU,119.0,106.0,3,568,204,Aaron Smith|Jason Goldenberg|Mitchell Ervin,38
0022200192,2022,0,2022-11-13,NYK,OKC,135.0,145.0,3,557,219,Kevin Scott|Ray Acosta|Robert Hussey,40
0022200193,2022,0,2022-11-13,CLE,MIN,124.0,129.0,3,627,203,Eric Dalen|Karl Lane|Matt Kallio,50
0022200194,2022,0,2022-11-13,WAS,MEM,102.0,92.0,3,561,200,Gediminas Petraitis|Leon Wood|Sean Corbin,33
0022200195,2022,0,2022-11-13,PHI,UTA,105.0,98.0,3,577,197,Brandon Adair|Brett Nansel|Pat Fraher,32
0022200196,2022,0,2022-11-13,CHI,DEN,103.0,126.0,3,495,203,Matt Boland|Mousa Dagher|Zach Zarba,35
0022200197,2022,0,2022-11-13,SAC,GSW,122.0,115.0,3,556,209,Courtney Kirkland|John Conley|Kevin Cutler,33
0022200198,2022,0,2022-11-13,LAL,BKN,116.0,103.0,3,551,192,David Guthrie|JB DeRosa|Jenna Schroeder,36
0022200199,2022,0,2022-11-14,DET,TOR,111.0,115.0,2,552,199,Brian Forte|Mousa Dagher|Pat Fraher,44
0022200200,2022,0,2022-11-14,ORL,CHA,105.0,112.0,3,558,194,CJ Washington|Marc Davis|Natalie Sago,39
0022200201,2022,0,2022-11-14,BOS,OKC,126.0,122.0,3,605,228,Andy Nagy|John Goble|Lauren Holtkamp,35
0022200202,2022,0,2022-11-14,MIA,PHX,113.0,112.0,3,502,183,Dedric Taylor|James Capers|Nate Green,29
0022200203,2022,0,2022-11-14,HOU,LAC,106.0,122.0,3,564,203,Josh Tiven|Phenizee Ransom|Rodney Mott,42
0022200204,2022,0,2022-11-14,MIL,ATL,106.0,121.0,3,614,206,Bill Kennedy|Marat Kogut|Matt Kallio,45
0022200205,2022,0,2022-11-14,GSW,SAS,132.0,95.0,3,573,202,Danielle Scott|Eric Lewis|Jacyn Goble,30
0022200206,2022,0,2022-11-15,NOP,MEM,113.0,102.0,3,538,197,Ben Taylor|Evan Scott|Nick Buchert,30
0022200207,2022,0,2022-11-15,DAL,LAC,103.0,101.0,3,516,191,Brent Barnaky|Curtis Blair|Jenna Schroeder,44
0022200208,2022,0,2022-11-15,UTA,NYK,111.0,118.0,2,557,208,Courtney Kirkland|JB DeRosa|JT Orr,42
0022200209,2022,0,2022-11-15,POR,SAS,117.0,110.0,3,537,197,David Guthrie|John Conley|Scott Twardoski,38
0022200210,2022,0,2022-11-15,SAC,BKN,153.0,121.0,3,560,219,Danielle Scott|Jacyn Goble|Tony Brothers,40
0022200211,2022,0,2022-11-16,CHA,IND,113.0,125.0,2,557,208,Ray Acosta|Sean Corbin|Sean Wright,38
0022200212,2022,0,2022-11-16,ORL,MIN,108.0,126.0,3,563,204,James Capers|Suyash Mehta|Tre Maddox,40
0022200213,2022,0,2022-11-16,WAS,OKC,120.0,121.0,3,536,203,Bill Kennedy|Brett Nansel|Mousa Dagher,37
0022200214,2022,0,2022-11-16,ATL,BOS,101.0,126.0,3,527,205,Dedric Taylor|Eric Dalen|Kevin Scott,25
0022200215,2022,0,2022-11-16,TOR,MIA,112.0,104.0,3,486,188,John Goble|Matt Myers|Michael Smith,36
0022200216,2022,0,2022-11-16,MIL,CLE,113.0,98.0,3,561,191,Gediminas Petraitis|Marc Davis|Scott Wall,32
0022200217,2022,0,2022-11-16,NOP,CHI,124.0,110.0,3,524,199,Jonathan Sterling|Pat Fraher|Rodney Mott,32
0022200218,2022,0,2022-11-16,DAL,HOU,92.0,101.0,3,568,197,Dannica Mosher|Karl Lane|Zach Zarba,37
0022200219,2022,0,2022-11-16,DEN,NYK,103.0,106.0,2,535,190,Ashley Moyer-Gleich|Cheryl Flores|Eric Lewis,42
0022200220,2022,0,2022-11-16,PHX,GSW,130.0,119.0,3,554,215,Justin Van Duyne|Marat Kogut|Tony Brothers,35
0022200221,2022,0,2022-11-17,POR,BKN,107.0,109.0,3,588,200,Aaron Smith|James Williams|John Butler,43
0022200222,2022,0,2022-11-17,SAC,SAS,130.0,112.0,3,526,202,Brent Barnaky|Curtis Blair|Derek Richardson,32
0022200223,2022,0,2022-11-17,LAC,DET,96.0,91.0,3,561,195,Courtney Kirkland|JT Orr|Jacyn Goble,39
0022200224,2022,0,2022-11-18,WAS,MIA,107.0,106.0,3,563,219,Kevin Scott|Natalie Sago|Tyler Mirkovich,38
0022200225,2022,0,2022-11-18,CLE,CHA,132.0,122.0,5,706,233,Bill Kennedy|JB DeRosa|Matt Boland,51
0022200226,2022,0,2022-11-18,PHI,MIL,110.0,102.0,3,557,205,Ben Taylor|John Goble|Phenizee Ransom,32
0022200227,2022,0,2022-11-18,CHI,ORL,107.0,108.0,3,537,195,David Guthrie|Dedric Taylor|Scott Wall,41
0022200228,2022,0,2022-11-18,HOU,IND,91.0,99.0,3,624,194,CJ Washington|Leon Wood|Tyler Ford,44
0022200229,2022,0,2022-11-18,MEM,OKC,121.0,110.0,3,588,206,Michael Smith|Rodney Mott|Suyash Mehta,38
0022200230,2022,0,2022-11-18,DAL,DEN,127.0,99.0,3,495,192,Eric Dalen|James Capers|Jason Goldenberg,34
0022200231,2022,0,2022-11-18,NOP,BOS,109.0,117.0,3,495,201,John Conley|Justin Van Duyne|Zach Zarba,29
0022200232,2022,0,2022-11-18,UTA,PHX,134.0,133.0,3,569,211,Ashley Moyer-Gleich|Dannica Mosher|Eric Lewis,46
0022200233,2022,0,2022-11-18,GSW,NYK,111.0,101.0,3,592,207,Brent Barnaky|James Williams|Jonathan Sterling,38
0022200234,2022,0,2022-11-18,LAL,DET,128.0,121.0,3,579,216,Karl Lane|Marat Kogut|Tony Brothers,47
0022200235,2022,0,2022-11-19,ATL,TOR,124.0,122.0,4,623,228,Ben Taylor|Lauren Holtkamp|Sean Corbin,41
0022200236,2022,0,2022-11-19,IND,ORL,114.0,113.0,3,553,197,Jenna Schroeder|Nick Buchert|Pat Fraher,33
0022200237,2022,0,2022-11-19,PHI,MIN,109.0,112.0,3,546,210,Brandon Schwab|Josh Tiven|Natalie Sago,41
0022200238,2022,0,2022-11-19,POR,UTA,113.0,118.0,3,545,204,Cheryl Flores|Curtis Blair|Derek Richardson,38
0022200239,2022,0,2022-11-19,LAC,SAS,119.0,97.0,3,498,194,Aaron Smith|Marat Kogut|Mitchell Ervin,31
0022200240,2022,0,2022-11-20,PHX,NYK,116.0,95.0,3,537,191,Karl Lane|Nate Green|Tyler Ford,32
0022200241,2022,0,2022-11-20,WAS,CHA,106.0,102.0,2,594,204,Eric Dalen|Evan Scott|John Goble,31
0022200242,2022,0,2022-11-20,SAC,DET,137.0,129.0,3,532,205,Ashley Moyer-Gleich|Jonathan Sterling|Marc Davis,38
0022200243,2022,0,2022-11-20,BKN,MEM,127.0,115.0,3,579,210,Brian Forte|Danielle Scott|Gediminas Petraitis,34
0022200244,2022,0,2022-11-20,CLE,MIA,113.0,87.0,2,507,193,Jason Goldenberg|Justin Van Duyne|Scott Foster,36
0022200245,2022,0,2022-11-20,HOU,GSW,120.0,127.0,3,541,205,Andy Nagy|David Guthrie|Scott Twardoski,34
0022200246,2022,0,2022-11-20,DAL,DEN,97.0,98.0,3,508,191,Leon Wood|Rodney Mott|Sean Wright,34
0022200247,2022,0,2022-11-20,LAL,SAS,123.0,92.0,3,545,209,Dannica Mosher|James Williams|Tre Maddox,23
0022200248,2022,0,2022-11-21,CLE,ATL,114.0,102.0,3,523,202,Matt Myers|Ray Acosta|Zach Zarba,37
0022200249,2022,0,2022-11-21,IND,ORL,123.0,102.0,3,571,203,Eric Lewis|Justin Van Duyne|Phenizee Ransom,43
0022200250,2022,0,2022-11-21,CHI,BOS,121.0,107.0,3,524,206,Evan Scott|James Capers|Mitchell Ervin,32
0022200251,2022,0,2022-11-21,MIL,POR,119.0,111.0,3,569,208,JB DeRosa|Jason Goldenberg|Kevin Scott,33
0022200252,2022,0,2022-11-21,MIN,MIA,105.0,101.0,3,574,210,Curtis Blair|John Conley|Nick Buchert,41
0022200253,2022,0,2022-11-21,NOP,GSW,128.0,83.0,3,522,205,Courtney Kirkland|Robert Hussey|Sean Corbin,33
0022200254,2022,0,2022-11-21,OKC,NYK,119.0,129.0,3,576,210,Aaron Smith|Jenna Schroeder|Sean Wright,40
0022200255,2022,0,2022-11-21,LAC,UTA,121.0,114.0,3,537,198,Karl Lane|Mousa Dagher|Tyler Ford,34
0022200256,2022,0,2022-11-22,PHI,BKN,115.0,106.0,3,532,188,Andy Nagy|Eric Dalen|Scott Foster,26
0022200257,2022,0,2022-11-22,MEM,SAC,109.0,113.0,3,658,216,CJ Washington|Pat Fraher|Scott Twardoski,43
0022200258,2022,0,2022-11-22,DEN,DET,108.0,110.0,3,538,194,James Williams|Lauren Holtkamp|Nate Green,34
0022200259,2022,0,2022-11-22,PHX,LAL,115.0,105.0,3,565,219,John Butler|Marc Davis|Rodney Mott,28
0022200260,2022,0,2022-11-23,CHA,PHI,107.0,101.0,3,546,204,Aaron Smith|David Guthrie|Phenizee Ransom,35
0022200261,2022,0,2022-11-23,CLE,POR,114.0,96.0,3,504,181,Brent Barnaky|Jacyn Goble|Jonathan Sterling,32
0022200262,2022,0,2022-11-23,IND,MIN,101.0,115.0,3,549,202,Brandon Adair|Evan Scott|Tony Brothers,32
0022200263,2022,0,2022-11-23,ATL,SAC,115.0,106.0,3,576,208,Brian Forte|Danielle Scott|Kevin Scott,37
0022200264,2022,0,2022-11-23,BOS,DAL,125.0,112.0,3,494,196,Josh Tiven|Matt Myers|Michael Smith,36
0022200265,2022,0,2022-11-23,MIA,WAS,113.0,105.0,3,537,201,Ben Taylor|Matt Boland|Scott Wall,37
0022200266,2022,0,2022-11-23,TOR,BKN,98.0,112.0,3,563,197,Ashley Moyer-Gleich|James Capers|Suyash Mehta,31
0022200267,2022,0,2022-11-23,MIL,CHI,113.0,118.0,3,582,209,Courtney Kirkland|JT Orr|Justin Van Duyne,31
0022200268,2022,0,2022-11-23,OKC,DEN,126.0,131.0,4,632,215,Brandon Schwab|Mitchell Ervin|Sean Corbin,47
0022200269,2022,0,2022-11-23,SAS,NOP,110.0,129.0,3,582,215,Matt Kallio|Natalie Sago|Sean Wright,40
0022200270,2022,0,2022-11-23,UTA,DET,116.0,125.0,3,497,192,Bill Kennedy|Brett Nansel|Jason Goldenberg,38
0022200271,2022,0,2022-11-23,GSW,LAC,124.0,107.0,3,555,206,Leon Wood|Marc Davis|Tre Maddox,34
0022200272,2022,0,2022-11-25,CHA,MIN,110.0,108.0,3,586,219,Intae Hwang|Matt Boland|Scott Foster,40
0022200273,2022,0,2022-11-25,ORL,PHI,99.0,107.0,3,498,188,Ben Taylor|Dedric Taylor|Jonathan Sterling,32
0022200274,2022,0,2022-11-25,NYK,POR,129.0,132.0,4,628,221,CJ Washington|Curtis Blair|Pat Fraher,55
0022200275,2022,0,2022-11-25,BOS,SAC,122.0,104.0,3,572,203,Dannica Mosher|Eric Lewis|Natalie Sago,38
0022200276,2022,0,2022-11-25,IND,BKN,128.0,117.0,3,539,212,JB DeRosa|JT Orr|Josh Tiven,34
0022200277,2022,0,2022-11-25,MIA,WAS,110.0,107.0,3,545,198,Danielle Scott|Karl Lane|Sean Corbin,35
0022200278,2022,0,2022-11-25,HOU,ATL,128.0,122.0,3,604,213,Eric Dalen|Mitchell Ervin|Nate Green,51
0022200279,2022,0,2022-11-25,MEM,NOP,132.0,111.0,3,555,204,John Goble|Lauren Holtkamp|Scott Wall,40
0022200280,2022,0,2022-11-25,MIL,CLE,117.0,102.0,3,565,197,James Capers|Nick Buchert|Robert Hussey,39
0022200281,2022,0,2022-11-25,OKC,CHI,123.0,119.0,4,620,225,Brian Forte|Jacyn Goble|Matt Kallio,42
0022200282,2022,0,2022-11-25,SAS,LAL,94.0,105.0,3,587,206,Andy Nagy|Brandon Adair|Tyler Ford,30
0022200283,2022,0,2022-11-25,PHX,DET,108.0,102.0,3,540,200,Leon Wood|Mousa Dagher|Tre Maddox,34
0022200284,2022,0,2022-11-25,GSW,UTA,129.0,118.0,3,535,210,Brandon Schwab|Rodney Mott|Zach Zarba,26
0022200285,2022,0,2022-11-25,LAC,DEN,104.0,114.0,3,521,187,Brett Nansel|David Guthrie|Gediminas Petraitis,43
0022200286,2022,0,2022-11-26,TOR,DAL,105.0,100.0,3,533,190,Bill Kennedy|Brent Barnaky|John Butler,42
0022200287,2022,0,2022-11-26,HOU,OKC,118.0,105.0,3,565,214,Brandon Adair|Courtney Kirkland|Suyash Mehta,29
0022200288,2022,0,2022-11-26,SAS,LAL,138.0,143.0,3,609,219,Ed Malloy|Matt Myers|Michael Smith,42
0022200289,2022,0,2022-11-26,PHX,UTA,113.0,112.0,3,523,190,David Guthrie|Gediminas Petraitis|Scott Twardoski,37
0022200290,2022,0,2022-11-27,BKN,POR,111.0,97.0,3,482,182,Cheryl Flores|Eric Lewis|Tyler Ford,38
0022200291,2022,0,2022-11-27,MIN,GSW,114.0,137.0,3,564,212,Aaron Smith|JT Orr|Sean Wright,38
0022200292,2022,0,2022-11-27,LAC,IND,114.0,100.0,3,600,216,Brandon Schwab|Brian Forte|Zach Zarba,44
0022200293,2022,0,2022-11-27,ATL,MIA,98.0,106.0,2,483,199,Brent Haskill|Jacyn Goble|Marc Davis,27
0022200294,2022,0,2022-11-27,BOS,WAS,130.0,121.0,3,508,189,Ashley Moyer-Gleich|Jenna Schroeder|Pat Fraher,41
0022200295,2022,0,2022-11-27,DET,CLE,94.0,102.0,3,556,189,Ben Taylor|Dannica Mosher|John Goble,42
0022200296,2022,0,2022-11-27,NYK,MEM,123.0,127.0,3,578,199,Jonathan Sterling|Nick Buchert|Tony Brothers,49
0022200297,2022,0,2022-11-27,ORL,PHI,103.0,133.0,2,496,196,Danielle Scott|JB DeRosa|Kevin Scott,34
0022200298,2022,0,2022-11-27,MIL,DAL,124.0,115.0,3,545,199,Lauren Holtkamp|Phenizee Ransom|Scott Foster,35
0022200299,2022,0,2022-11-28,PHI,ATL,104.0,101.0,3,566,194,Bill Kennedy|Brandon Adair|Marat Kogut,34
0022200300,2022,0,2022-11-28,WAS,MIN,142.0,127.0,3,593,208,JB DeRosa|John Butler|Josh Tiven,46
0022200301,2022,0,2022-11-28,BOS,CHA,140.0,105.0,3,491,203,Brent Barnaky|Jason Goldenberg|Karl Lane,26
0022200302,2022,0,2022-11-28,BKN,ORL,109.0,102.0,3,512,194,Curtis Blair|Nick Buchert|Ray Acosta,34
0022200303,2022,0,2022-11-28,TOR,CLE,100.0,88.0,3,520,188,Dedric Taylor|Eric Dalen|Tony Brothers,32
0022200304,2022,0,2022-11-28,NOP,OKC,105.0,101.0,3,580,205,Gediminas Petraitis|James Williams|Matt Myers,32
0022200305,2022,0,2022-11-28,DEN,HOU,129.0,113.0,3,530,197,Ed Malloy|Mousa Dagher|Rodney Mott,34
0022200306,2022,0,2022-11-28,UTA,CHI,107.0,114.0,3,517,199,James Capers|Natalie Sago|Tre Maddox,31
0022200307,2022,0,2022-11-28,SAC,PHX,117.0,122.0,3,536,209,Brian Forte|Justin Van Duyne|Zach Zarba,29
0022200308,2022,0,2022-11-28,LAL,IND,115.0,116.0,3,590,208,David Guthrie|Matt Kallio|Mitchell Ervin,38
0022200309,2022,0,2022-11-29,DET,NYK,110.0,140.0,3,519,206,Lauren Holtkamp|Scott Foster|Scott Twardoski,31
0022200310,2022,0,2022-11-29,DAL,GSW,116.0,113.0,3,592,211,John Goble|Matt Boland|Sean Corbin,40
0022200311,2022,0,2022-11-29,POR,LAC,112.0,118.0,3,540,195,JT Orr|Justin Van Duyne|Sean Wright,38
0022200312,2022,0,2022-11-30,CLE,PHI,113.0,85.0,3,461,184,Ashley Moyer-Gleich|Marc Davis|Scott Twardoski,21
0022200313,2022,0,2022-11-30,ORL,ATL,108.0,125.0,3,526,207,Josh Tiven|Scott Wall|Tyler Ford,35
0022200314,2022,0,2022-11-30,BOS,MIA,134.0,121.0,3,498,201,Aaron Smith|Nick Buchert|Tony Brothers,31
0022200315,2022,0,2022-11-30,BKN,WAS,113.0,107.0,3,578,203,Courtney Kirkland|Jacyn Goble|Mousa Dagher,44
0022200316,2022,0,2022-11-30,NYK,MIL,103.0,109.0,3,573,192,Bill Kennedy|Brandon Adair|Dannica Mosher,32
0022200317,2022,0,2022-11-30,MIN,MEM,109.0,101.0,3,605,204,James Williams|Karl Lane|Ray Acosta,38
0022200318,2022,0,2022-11-30,NOP,TOR,126.0,108.0,3,552,213,Andy Nagy|Ben Taylor|Kevin Cutler,35
0022200319,2022,0,2022-11-30,OKC,SAS,119.0,111.0,3,593,203,Dedric Taylor|Eric Lewis|Matt Boland,36
0022200320,2022,0,2022-11-30,DEN,HOU,120.0,100.0,3,544,190,Cheryl Flores|Kevin Scott|Michael Smith,36
0022200321,2022,0,2022-11-30,PHX,CHI,132.0,113.0,3,538,211,Brett Nansel|Ed Malloy|Mitchell Ervin,42
0022200322,2022,0,2022-11-30,UTA,LAC,125.0,112.0,3,578,196,Eric Dalen|Rodney Mott|Sharae Mitchell,44
0022200323,2022,0,2022-11-30,SAC,IND,137.0,114.0,3,616,229,Sean Wright|Suyash Mehta|Tre Maddox,37
0022200324,2022,0,2022-11-30,LAL,POR,128.0,109.0,3,559,201,Brian Forte|James Capers|Natalie Sago,40
0022200325,2022,0,2022-12-01,DET,DAL,131.0,125.0,4,586,214,Gediminas Petraitis|Jenna Reneau|Pat Fraher,45
0022200326,2022,0,2022-12-02,CHA,WAS,117.0,116.0,3,571,189,Ben Taylor|Dedric Taylor|Marc Davis,43
0022200327,2022,0,2022-12-02,ATL,DEN,117.0,109.0,3,479,196,Aaron Smith|Robert Hussey|Scott Foster,25
0022200328,2022,0,2022-12-02,BOS,MIA,116.0,120.0,4,597,224,John Goble|Mousa Dagher|Scott Twardoski,35
0022200329,2022,0,2022-12-02,BKN,TOR,114.0,105.0,3,560,204,Ed Malloy|Justin Van Duyne|Nate Green,43
0022200330,2022,0,2022-12-02,CLE,ORL,107.0,96.0,3,490,187,Brandon Adair|Evan Scott|James Williams,22
0022200331,2022,0,2022-12-02,MIL,LAL,129.0,133.0,3,565,201,Gediminas Petraitis|Marat Kogut|Zach Zarba,32
0022200332,2022,0,2022-12-02,MEM,PHI,117.0,109.0,3,558,203,Andy Nagy|Mitchell Ervin|Sean Wright,36
0022200333,2022,0,2022-12-02,SAS,NOP,99.0,117.0,3,594,210,Ashley Moyer-Gleich|Josh Tiven|Phenizee Ransom,38
0022200334,2022,0,2022-12-02,PHX,HOU,121.0,122.0,3,564,201,James Capers|Matt Boland|Tyler Mirkovich,46
0022200335,2022,0,2022-12-02,UTA,IND,139.0,119.0,3,612,233,Jonathan Sterling|Kevin Scott|Michael Smith,55
0022200336,2022,0,2022-12-02,GSW,CHI,119.0,111.0,3,578,218,Eric Lewis|JT Orr|Natalie Sago,39
0022200337,2022,0,2022-12-03,NYK,DAL,100.0,121.0,3,530,205,Eric Dalen|Jason Goldenberg|Tyler Ford,33
0022200338,2022,0,2022-12-03,LAC,SAC,96.0,123.0,2,600,203,Bill Kennedy|CJ Washington|Ray Acosta,42
0022200339,2022,0,2022-12-03,CHA,MIL,96.0,105.0,3,577,210,Brandon Schwab|Courtney Kirkland|Tre Maddox,29
0022200340,2022,0,2022-12-03,TOR,ORL,121.0,108.0,3,521,199,John Conley|Lauren Holtkamp|Pat Fraher,40
0022200341,2022,0,2022-12-03,MIN,OKC,128.0,135.0,3,628,229,Jacyn Goble|Scott Wall|Sean Corbin,34
0022200342,2022,0,2022-12-03,GSW,HOU,120.0,101.0,3,535,195,Brent Barnaky|Brett Nansel|Kevin Cutler,33
0022200343,2022,0,2022-12-03,UTA,POR,111.0,116.0,3,530,200,Intae Hwang|Karl Lane|Tony Brothers,39
0022200344,2022,0,2022-12-04,NOP,DEN,121.0,106.0,3,564,202,Matt Boland|Natalie Sago|Sean Wright,41
0022200345,2022,0,2022-12-04,SAS,PHX,95.0,133.0,3,533,199,Aaron Smith|Ben Taylor|Cheryl Flores,34
0022200346,2022,0,2022-12-04,BKN,BOS,92.0,103.0,3,552,195,Andy Nagy|Michael Smith|Zach Zarba,35
0022200347,2022,0,2022-12-04,DET,MEM,112.0,122.0,3,565,206,Ashley Moyer-Gleich|Ed Malloy|Matt Myers,43
0022200348,2022,0,2022-12-04,NYK,CLE,92.0,81.0,3,536,200,Dedric Taylor|John Goble|Mousa Dagher,28
0022200349,2022,0,2022-12-04,WAS,LAL,119.0,130.0,3,578,217,Brandon Schwab|Curtis Blair|Scott Twardoski,33
0022200350,2022,0,2022-12-04,SAC,CHI,110.0,101.0,3,529,208,Jonathan Sterling|Kevin Scott|Nick Buchert,31
0022200351,2022,0,2022-12-04,POR,IND,116.0,100.0,3,555,198,Brent Barnaky|Eric Lewis|Ray Acosta,37
0022200352,2022,0,2022-12-05,CHA,LAC,117.0,119.0,3,559,199,Mitchell Ervin|Pat Fraher|Scott Wall,31
0022200353,2022,0,2022-12-05,ORL,MIL,102.0,109.0,1,602,207,Brian Forte|Eric Dalen|Nate Green,35
0022200354,2022,0,2022-12-05,ATL,OKC,114.0,121.0,3,590,219,JT Orr|James Capers|Tre Maddox,33
0022200355,2022,0,2022-12-05,TOR,BOS,110.0,116.0,2,521,196,Josh Tiven|Matt Kallio|Sean Corbin,38
0022200356,2022,0,2022-12-05,HOU,PHI,132.0,123.0,4,676,224,Jacyn Goble|Pat OConnell|Tony Brothers,59
0022200357,2022,0,2022-12-05,MEM,MIA,101.0,93.0,2,493,192,JB DeRosa|Scott Foster|nan,23
0022200358,2022,0,2022-12-05,DAL,PHX,130.0,111.0,3,519,197,Marc Davis|Natalie Sago|Robert Hussey,35
0022200359,2022,0,2022-12-05,GSW,IND,104.0,112.0,3,556,203,Bill Kennedy|Karl Lane|Suyash Mehta,34
0022200360,2022,0,2022-12-06,CLE,LAL,116.0,102.0,3,550,201,Courtney Kirkland|Justin Van Duyne|Lauren Holtkamp,30
0022200361,2022,0,2022-12-06,MIA,DET,96.0,116.0,2,496,192,Cheryl Flores|Eric Dalen|Tyler Ford,35
0022200362,2022,0,2022-12-06,DEN,DAL,115.0,116.0,3,561,196,Eric Lewis|Nick Buchert|Ray Acosta,54
0022200363,2022,0,2022-12-07,ORL,LAC,116.0,111.0,3,618,208,Dannica Mosher|Scott Foster|Tre Maddox,38
0022200364,2022,0,2022-12-07,BKN,CHA,122.0,116.0,3,517,194,Gediminas Petraitis|James Williams|Matt Myers,32
0022200365,2022,0,2022-12-07,NYK,ATL,113.0,89.0,3,540,189,Andy Nagy|Brian Forte|David Guthrie,36
0022200366,2022,0,2022-12-07,TOR,LAL,126.0,113.0,3,583,218,Brett Nansel|JT Orr|John Goble,38
0022200367,2022,0,2022-12-07,CHI,WAS,115.0,111.0,3,589,214,Ashley Moyer-Gleich|Josh Tiven|Matt Kallio,33
0022200368,2022,0,2022-12-07,MEM,OKC,123.0,102.0,3,592,213,Jonathan Sterling|Matt Boland|Zach Zarba,33
0022200369,2022,0,2022-12-07,MIL,SAC,126.0,113.0,2,558,194,Evan Scott|Mitchell Ervin|Sean Wright,30
0022200370,2022,0,2022-12-07,MIN,IND,121.0,115.0,3,564,215,Ben Taylor|Brandon Adair|Ed Malloy,35
0022200371,2022,0,2022-12-07,NOP,DET,104.0,98.0,2,568,199,CJ Washington|James Capers|Karl Lane,38
0022200372,2022,0,2022-12-07,UTA,GSW,124.0,123.0,3,576,208,JB DeRosa|Marc Davis|Phenizee Ransom,31
0022200373,2022,0,2022-12-07,PHX,BOS,98.0,125.0,3,540,213,Brent Barnaky|John Butler|Tony Brothers,30
0022200374,2022,0,2022-12-08,MIA,LAC,115.0,110.0,3,489,198,Curtis Blair|John Conley|Justin Van Duyne,34
0022200375,2022,0,2022-12-08,SAS,HOU,118.0,109.0,3,537,200,Courtney Kirkland|Jenna Schroeder|Nick Buchert,30
0022200376,2022,0,2022-12-08,POR,DEN,120.0,121.0,3,541,198,JB DeRosa|Marc Davis|Phenizee Ransom,31
0022200377,2022,0,2022-12-09,CHA,NYK,102.0,121.0,3,589,197,Aaron Smith|Eric Lewis|Jason Goldenberg,43
0022200378,2022,0,2022-12-09,IND,WAS,121.0,111.0,3,531,185,Mitchell Ervin|Scott Wall|Zach Zarba,35
0022200379,2022,0,2022-12-09,ORL,TOR,113.0,109.0,3,497,198,Curtis Blair|James Capers|Robert Hussey,41
0022200380,2022,0,2022-12-09,BKN,ATL,120.0,116.0,3,548,208,CJ Washington|Rodney Mott|Sean Wright,32
0022200381,2022,0,2022-12-09,CLE,SAC,95.0,106.0,3,540,195,Brett Nansel|JT Orr|Josh Tiven,40
0022200382,2022,0,2022-12-09,PHI,LAL,133.0,122.0,4,614,230,James Williams|Matt Boland|Sean Corbin,48
0022200383,2022,0,2022-12-09,MEM,DET,114.0,103.0,3,619,212,Dedric Taylor|John Butler|Tony Brothers,42
0022200384,2022,0,2022-12-09,NOP,PHX,128.0,117.0,3,550,202,Brandon Adair|Ed Malloy|Michael Smith,37
0022200385,2022,0,2022-12-09,UTA,MIN,108.0,118.0,3,531,201,Brent Barnaky|Cheryl Flores|Kevin Cutler,36
0022200386,2022,0,2022-12-09,DAL,MIL,105.0,106.0,3,580,195,Kevin Scott|Scott Twardoski|Tyler Ford,39
0022200387,2022,0,2022-12-10,MIA,SAS,111.0,115.0,3,565,192,Ben Taylor|Brandon Schwab|Natalie Sago,39
0022200388,2022,0,2022-12-10,IND,BKN,133.0,136.0,3,568,213,Brett Nansel|David Guthrie|Mousa Dagher,44
0022200389,2022,0,2022-12-10,WAS,LAC,107.0,114.0,3,524,203,Andy Nagy|Karl Lane|Lauren Holtkamp,30
0022200390,2022,0,2022-12-10,CLE,OKC,110.0,102.0,3,514,192,Bill Kennedy|Dannica Mosher|Ray Acosta,38
0022200391,2022,0,2022-12-10,CHI,DAL,144.0,115.0,3,499,206,Aaron Smith|Phenizee Ransom|Zach Zarba,33
0022200392,2022,0,2022-12-10,GSW,BOS,123.0,107.0,3,554,210,Jacyn Goble|Leon Wood|Scott Foster,33
0022200393,2022,0,2022-12-10,DEN,UTA,115.0,110.0,3,497,194,Justin Van Duyne|Matt Kallio|Tre Maddox,33
0022200394,2022,0,2022-12-10,POR,MIN,124.0,118.0,3,528,201,Ashley Moyer-Gleich|Matt Myers|Pat Fraher,42
0022200395,2022,0,2022-12-11,NOP,PHX,129.0,124.0,3,635,213,JB DeRosa|Scott Twardoski|Tyler Ford,42
0022200396,2022,0,2022-12-11,DET,LAL,117.0,124.0,3,521,201,Brian Forte|Kevin Scott|Tyler Ricks,31
0022200397,2022,0,2022-12-11,NYK,SAC,112.0,99.0,3,565,207,Marc Davis|Matt Boland|Robert Hussey,39
0022200398,2022,0,2022-12-11,ORL,TOR,111.0,99.0,3,525,188,Ben Taylor|Intae Hwang|Kevin Cutler,48
0022200399,2022,0,2022-12-11,PHI,CHA,131.0,113.0,3,609,206,Dedric Taylor|Nick Buchert|Rodney Mott,46
0022200400,2022,0,2022-12-11,ATL,CHI,123.0,122.0,4,619,227,Curtis Blair|Ed Malloy|JD Ralls,38
0022200401,2022,0,2022-12-11,HOU,MIL,97.0,92.0,3,565,199,Eric Dalen|John Butler|John Goble,27
0022200402,2022,0,2022-12-12,IND,MIA,82.0,87.0,2,519,188,Andy Nagy|Courtney Kirkland|Ray Acosta,30
0022200403,2022,0,2022-12-12,WAS,BKN,100.0,112.0,3,540,204,Bill Kennedy|Jenna Schroeder|Kevin Cutler,33
0022200404,2022,0,2022-12-12,MEM,ATL,128.0,103.0,3,569,209,Eric Lewis|Mousa Dagher|Tre Maddox,32
0022200405,2022,0,2022-12-12,DAL,OKC,121.0,114.0,3,542,201,Brandon Schwab|David Guthrie|JB DeRosa,33
0022200406,2022,0,2022-12-12,SAS,CLE,112.0,111.0,3,555,197,Gediminas Petraitis|Jonathan Sterling|Michael Smith,27
0022200407,2022,0,2022-12-12,POR,MIN,133.0,112.0,3,536,215,Jacyn Goble|Leon Wood|Scott Foster,34
0022200408,2022,0,2022-12-12,LAC,BOS,113.0,93.0,2,550,197,Ashley Moyer-Gleich|Pat Fraher|Scott Wall,38
0022200409,2022,0,2022-12-13,PHI,SAC,123.0,103.0,3,577,210,Aaron Smith|Dannica Mosher|Tony Brothers,39
0022200410,2022,0,2022-12-13,MIL,GSW,128.0,111.0,3,582,217,Ben Taylor|James Capers|Ray Acosta,33
0022200411,2022,0,2022-12-13,HOU,PHX,111.0,97.0,3,596,201,Marat Kogut|Rodney Mott|Suyash Mehta,40
0022200412,2022,0,2022-12-13,UTA,NOP,121.0,100.0,3,601,212,Eric Dalen|Evan Scott|Pat Fraher,33
0022200413,2022,0,2022-12-13,LAL,BOS,118.0,122.0,4,571,226,John Goble|Matt Myers|Mitchell Ervin,39
0022200414,2022,0,2022-12-14,CHA,DET,134.0,141.0,4,641,226,Curtis Blair|David Guthrie|JD Ralls,49
0022200415,2022,0,2022-12-14,IND,GSW,125.0,119.0,3,565,217,Jason Goldenberg|Nick Buchert|Tyler Ford,39
0022200416,2022,0,2022-12-14,ORL,ATL,135.0,124.0,3,543,207,Bill Kennedy|John Conley|Lauren Holtkamp,39
0022200417,2022,0,2022-12-14,TOR,SAC,123.0,124.0,3,533,206,Brent Haskill|Karl Lane|Zach Zarba,30
0022200418,2022,0,2022-12-14,CHI,NYK,120.0,128.0,4,548,210,CJ Washington|James Williams|Kevin Cutler,36
0022200419,2022,0,2022-12-14,OKC,MIA,108.0,110.0,3,526,198,Brent Barnaky|Ed Malloy|Leon Wood,33
0022200420,2022,0,2022-12-14,SAS,POR,112.0,128.0,3,550,198,JT Orr|Kevin Scott|Sean Corbin,32
0022200421,2022,0,2022-12-14,DAL,CLE,90.0,105.0,3,494,178,Jacyn Goble|Scott Wall|Sean Wright,34
0022200422,2022,0,2022-12-14,DEN,WAS,141.0,128.0,2,561,219,Ashley Moyer-Gleich|Evan Scott|Scott Foster,43
0022200423,2022,0,2022-12-14,LAC,MIN,99.0,88.0,3,551,197,Brett Nansel|Josh Tiven|Michael Smith,38
0022200424,2022,0,2022-12-15,HOU,MIA,108.0,111.0,2,547,194,Brian Forte|Cheryl Flores|Dedric Taylor,34
0022200425,2022,0,2022-12-15,MEM,MIL,142.0,101.0,3,568,207,David Guthrie|Gediminas Petraitis|Matt Kallio,35
0022200426,2022,0,2022-12-15,UTA,NOP,132.0,129.0,4,656,218,Courtney Kirkland|Mitchell Ervin|Sharae Mitchell,51
0022200427,2022,0,2022-12-15,LAC,PHX,95.0,111.0,3,551,191,Eric Dalen|John Goble|Matt Myers,34
0022200428,2022,0,2022-12-16,CHA,ATL,106.0,125.0,3,578,200,Marat Kogut|Matt Boland|Tyler Ford,42
0022200429,2022,0,2022-12-16,DET,SAC,113.0,122.0,3,550,202,Brandon Adair|James Capers|Scott Wall,46
0022200430,2022,0,2022-12-16,BOS,ORL,109.0,117.0,3,574,210,JB DeRosa|James Williams|Tyler Mirkovich,43
0022200431,2022,0,2022-12-16,CLE,IND,118.0,112.0,3,468,187,Eric Lewis|Jenna Schroeder|Scott Twardoski,36
0022200432,2022,0,2022-12-16,PHI,GSW,118.0,106.0,3,552,208,Jonathan Sterling|Tre Maddox|Zach Zarba,32
0022200433,2022,0,2022-12-16,TOR,BKN,116.0,119.0,3,519,192,Jason Goldenberg|Nick Buchert|Sean Wright,40
0022200434,2022,0,2022-12-16,CHI,NYK,91.0,114.0,2,537,199,Kevin Scott|Nate Green|Sean Corbin,31
0022200435,2022,0,2022-12-16,OKC,MIN,110.0,112.0,3,609,207,Brian Forte|JT Orr|Justin Van Duyne,34
0022200436,2022,0,2022-12-16,DAL,POR,130.0,110.0,3,508,200,Ed Malloy|Lauren Holtkamp|Ray Acosta,37
0022200437,2022,0,2022-12-16,LAL,DEN,126.0,108.0,3,567,209,Eric Dalen|John Butler|Josh Tiven,35
0022200438,2022,0,2022-12-17,LAC,WAS,102.0,93.0,3,539,196,Courtney Kirkland|Rodney Mott|Tyler Ricks,32
0022200439,2022,0,2022-12-17,SAS,MIA,101.0,111.0,3,573,196,CJ Washington|David Guthrie|Jacyn Goble,43
0022200440,2022,0,2022-12-17,CLE,DAL,100.0,99.0,4,595,203,Brent Barnaky|Pat Fraher|Pat OConnell,38
0022200441,2022,0,2022-12-17,HOU,POR,95.0,107.0,3,585,191,Gediminas Petraitis|John Conley|Justin Van Duyne,34
0022200442,2022,0,2022-12-17,MIL,UTA,123.0,97.0,3,495,193,Aaron Smith|Cheryl Flores|Curtis Blair,22
0022200443,2022,0,2022-12-17,OKC,MEM,115.0,109.0,3,597,211,John Goble|Phenizee Ransom|Ray Acosta,44
0022200444,2022,0,2022-12-17,PHX,NOP,118.0,114.0,3,537,192,Andy Nagy|Brett Nansel|Josh Tiven,37
0022200445,2022,0,2022-12-18,BOS,ORL,92.0,95.0,3,534,204,Dannica Mosher|Ed Malloy|Marat Kogut,33
0022200446,2022,0,2022-12-18,IND,NYK,106.0,109.0,3,563,198,Matt Myers|Mitchell Ervin|Tre Maddox,43
0022200447,2022,0,2022-12-18,DET,BKN,121.0,124.0,3,547,197,Brent Barnaky|Jenna Schroeder|Tyler Ford,42
0022200448,2022,0,2022-12-18,TOR,GSW,110.0,126.0,3,567,195,Eric Lewis|Natalie Sago|Suyash Mehta,38
0022200449,2022,0,2022-12-18,MIN,CHI,150.0,126.0,3,507,203,Curtis Blair|Evan Scott|Scott Twardoski,33
0022200450,2022,0,2022-12-18,DEN,CHA,119.0,115.0,3,574,215,Brandon Adair|Brian Forte|Leon Wood,37
0022200451,2022,0,2022-12-18,LAL,WAS,119.0,117.0,3,552,209,Andy Nagy|Bill Kennedy|Kevin Cutler,33
0022200452,2022,0,2022-12-19,CLE,UTA,122.0,99.0,3,521,202,Lauren Holtkamp|Matt Myers|Scott Foster,33
0022200453,2022,0,2022-12-19,PHI,TOR,104.0,101.0,4,536,207,Ashley Moyer-Gleich|JT Orr|Pat Fraher,36
0022200454,2022,0,2022-12-19,ATL,ORL,126.0,125.0,2,538,203,Aaron Smith|Karl Lane|Nate Green,34
0022200455,2022,0,2022-12-19,HOU,SAS,105.0,124.0,3,588,204,Jason Goldenberg|Josh Tiven|Matt Boland,38
0022200456,2022,0,2022-12-19,MIN,DAL,116.0,106.0,3,537,195,Mousa Dagher|Nick Buchert|Rodney Mott,43
0022200457,2022,0,2022-12-19,NOP,MIL,119.0,128.0,3,602,213,John Conley|Ray Acosta|Tony Brothers,40
0022200458,2022,0,2022-12-19,OKC,POR,123.0,121.0,2,583,202,Cheryl Flores|Dedric Taylor|James Capers,41
0022200459,2022,0,2022-12-19,PHX,LAL,130.0,104.0,3,505,196,Brandon Schwab|Gediminas Petraitis|Kevin Scott,31
0022200460,2022,0,2022-12-19,SAC,CHA,119.0,125.0,3,593,215,Courtney Kirkland|John Butler|Phenizee Ransom,44
0022200461,2022,0,2022-12-20,DET,UTA,111.0,126.0,3,524,192,Eric Lewis|Leon Wood|Suyash Mehta,38
0022200462,2022,0,2022-12-20,MIA,CHI,103.0,113.0,3,474,191,Mitchell Ervin|Robert Hussey|Tre Maddox,30
0022200463,2022,0,2022-12-20,NYK,GSW,132.0,94.0,3,489,197,Ed Malloy|JB DeRosa|Scott Wall,30
0022200464,2022,0,2022-12-20,PHX,WAS,110.0,113.0,3,554,195,Brandon Adair|Brian Forte|James Williams,32
0022200465,2022,0,2022-12-20,DEN,MEM,105.0,91.0,3,570,202,Andy Nagy|Scott Twardoski|Sean Wright,36
0022200466,2022,0,2022-12-21,CLE,MIL,114.0,106.0,3,566,199,Ben Taylor|Dedric Taylor|Karl Lane,36
0022200467,2022,0,2022-12-21,PHI,DET,113.0,93.0,3,559,208,Kevin Cutler|Matt Myers|Scott Foster,36
0022200468,2022,0,2022-12-21,ATL,CHI,108.0,110.0,3,516,204,Jacyn Goble|Mousa Dagher|Sean Corbin,28
0022200469,2022,0,2022-12-21,BOS,IND,112.0,117.0,3,575,208,Jonathan Sterling|Marc Davis|Tyler Ford,29
0022200470,2022,0,2022-12-21,BKN,GSW,143.0,113.0,3,503,209,Aaron Smith|John Goble|Matt Kallio,34
0022200471,2022,0,2022-12-21,NYK,TOR,106.0,113.0,3,488,179,Brent Barnaky|Evan Scott|Josh Tiven,34
0022200472,2022,0,2022-12-21,HOU,ORL,110.0,116.0,3,550,205,Bill Kennedy|Brett Nansel|JT Orr,40
0022200473,2022,0,2022-12-21,MIN,DAL,99.0,104.0,3,495,185,James Capers|John Butler|Matt Boland,33
0022200474,2022,0,2022-12-21,OKC,POR,101.0,98.0,3,549,190,CJ Washington|Michael Smith|Rodney Mott,30
0022200475,2022,0,2022-12-21,SAC,LAL,134.0,120.0,3,588,213,James Williams|Justin Van Duyne|Nick Buchert,39
0022200476,2022,0,2022-12-21,LAC,CHA,126.0,105.0,3,580,224,Gediminas Petraitis|Kevin Scott|Natalie Sago,34
0022200477,2022,0,2022-12-22,NOP,SAS,126.0,117.0,3,617,207,Brandon Schwab|Curtis Blair|Leon Wood,41
0022200478,2022,0,2022-12-22,UTA,WAS,120.0,112.0,3,507,200,Robert Hussey|Scott Twardoski|Sean Wright,28
0022200479,2022,0,2022-12-23,ORL,SAS,133.0,113.0,3,554,210,Courtney Kirkland|Dedric Taylor|Jonathan Sterling,30
0022200480,2022,0,2022-12-23,PHI,LAC,119.0,114.0,3,485,190,Brandon Adair|Brandon Schwab|Ed Malloy,36
0022200481,2022,0,2022-12-23,ATL,DET,130.0,105.0,3,541,206,Lauren Holtkamp|Phenizee Ransom|Rodney Mott,36
0022200482,2022,0,2022-12-23,BOS,MIN,121.0,109.0,3,557,204,John Conley|Kevin Cutler|Tre Maddox,30
0022200483,2022,0,2022-12-23,BKN,MIL,118.0,100.0,3,551,194,Marat Kogut|Pat Fraher|Suyash Mehta,27
0022200484,2022,0,2022-12-23,CLE,TOR,107.0,118.0,3,511,198,Andy Nagy|Mitchell Ervin|Tyler Ford,33
0022200485,2022,0,2022-12-23,NYK,CHI,117.0,118.0,2,502,186,Aaron Smith|Eric Lewis|Jenna Schroeder,35
0022200486,2022,0,2022-12-23,MIA,IND,108.0,111.0,3,521,190,Brent Barnaky|John Goble|Mousa Dagher,31
0022200487,2022,0,2022-12-23,HOU,DAL,106.0,112.0,3,566,196,Brian Forte|Curtis Blair|Nate Green,39
0022200488,2022,0,2022-12-23,OKC,NOP,125.0,128.0,4,663,244,Ben Taylor|Gediminas Petraitis|Jason Goldenberg,41
0022200489,2022,0,2022-12-23,DEN,POR,120.0,107.0,2,517,196,Brett Nansel|James Williams|Robert Hussey,38
0022200490,2022,0,2022-12-23,PHX,MEM,100.0,125.0,3,597,198,Bill Kennedy|Justin Van Duyne|Nick Buchert,43
0022200491,2022,0,2022-12-23,SAC,WAS,111.0,125.0,3,554,202,Cheryl Flores|Kevin Scott|Natalie Sago,40
0022200492,2022,0,2022-12-23,LAL,CHA,130.0,134.0,3,564,216,Intae Hwang|Scott Twardoski|Sean Wright,31
0022200493,2022,0,2022-12-25,NYK,PHI,112.0,119.0,3,480,184,James Capers|Marat Kogut|Ray Acosta,38
0022200494,2022,0,2022-12-25,DAL,LAL,124.0,115.0,3,541,191,Ashley Moyer-Gleich|Michael Smith|Scott Foster,44
0022200495,2022,0,2022-12-25,BOS,MIL,139.0,118.0,3,521,210,Jacyn Goble|Josh Tiven|Phenizee Ransom,31
0022200496,2022,0,2022-12-25,GSW,MEM,123.0,109.0,3,597,213,Marc Davis|Natalie Sago|Rodney Mott,38
0022200497,2022,0,2022-12-25,DEN,PHX,128.0,125.0,4,612,217,Karl Lane|Matt Boland|Tony Brothers,50
0022200498,2022,0,2022-12-26,CLE,BKN,117.0,125.0,3,524,197,Brandon Adair|Courtney Kirkland|John Butler,35
0022200499,2022,0,2022-12-26,DET,LAC,131.0,142.0,4,625,230,Brett Nansel|Evan Scott|Mitchell Ervin,46
0022200500,2022,0,2022-12-26,MIA,MIN,113.0,110.0,3,516,199,Aaron Smith|CJ Washington|James Williams,29
0022200501,2022,0,2022-12-26,CHI,HOU,118.0,133.0,3,520,203,Jenna Reneau|Nick Buchert|Tyler Ford,32
0022200502,2022,0,2022-12-26,NOP,IND,113.0,93.0,2,563,198,Dannica Mosher|Dedric Taylor|Kevin Cutler,35
0022200503,2022,0,2022-12-26,SAS,UTA,126.0,122.0,3,615,211,Brian Forte|JB DeRosa|Suyash Mehta,47
0022200504,2022,0,2022-12-26,POR,CHA,124.0,113.0,3,563,210,Bill Kennedy|Leon Wood|nan,40
0022200505,2022,0,2022-12-27,ORL,LAL,110.0,129.0,3,529,203,Brent Barnaky|Ed Malloy|Jason Goldenberg,28
0022200506,2022,0,2022-12-27,WAS,PHI,116.0,111.0,3,583,201,John Goble|Lauren Holtkamp|Robert Hussey,45
0022200507,2022,0,2022-12-27,BOS,HOU,126.0,102.0,2,536,203,Gediminas Petraitis|JT Orr|Sean Wright,27
0022200508,2022,0,2022-12-27,IND,ATL,129.0,114.0,3,555,212,Josh Tiven|Michael Smith|Pat OConnell,34
0022200509,2022,0,2022-12-27,TOR,LAC,113.0,124.0,3,525,197,Cheryl Flores|James Capers|Ray Acosta,32
0022200510,2022,0,2022-12-27,MEM,PHX,108.0,125.0,3,582,208,Ashley Moyer-Gleich|Nate Green|Scott Foster,41
0022200511,2022,0,2022-12-27,OKC,SAS,130.0,114.0,3,578,199,Jenna Schroeder|Karl Lane|Tony Brothers,37
0022200512,2022,0,2022-12-27,DAL,NYK,126.0,121.0,3,586,211,Ben Taylor|Dannica Mosher|JB DeRosa,42
0022200513,2022,0,2022-12-27,GSW,CHA,110.0,105.0,3,571,212,Justin Van Duyne|Matt Boland|Tre Maddox,36
0022200514,2022,0,2022-12-27,SAC,DEN,106.0,113.0,3,529,201,Marc Davis|Scott Twardoski|Tyler Mirkovich,33
0022200515,2022,0,2022-12-28,DET,ORL,121.0,101.0,2,571,200,John Butler|Josh Tiven|Nick Buchert,46
0022200516,2022,0,2022-12-28,WAS,PHX,127.0,102.0,3,533,183,CJ Washington|Jacyn Goble|Zach Zarba,30
0022200517,2022,0,2022-12-28,ATL,BKN,107.0,108.0,3,506,193,Brandon Schwab|James Williams|Karl Lane,30
0022200518,2022,0,2022-12-28,MIA,LAL,112.0,98.0,3,516,190,Curtis Blair|Eric Dalen|Natalie Sago,26
0022200519,2022,0,2022-12-28,CHI,MIL,119.0,113.0,4,675,225,Bill Kennedy|Brett Nansel|Brian Forte,40
0022200520,2022,0,2022-12-28,NOP,MIN,119.0,118.0,3,590,202,Brandon Adair|Kevin Cutler|Mitchell Ervin,47
0022200521,2022,0,2022-12-28,GSW,UTA,112.0,107.0,3,579,209,Kevin Scott|Matt Kallio|Scott Twardoski,40
0022200522,2022,0,2022-12-28,SAC,DEN,127.0,126.0,3,543,200,Jonathan Sterling|Sean Corbin|Tyler Ford,35
0022200523,2022,0,2022-12-29,CHA,OKC,121.0,113.0,3,590,210,Brandon Schwab|Brian Forte|John Goble,37
0022200524,2022,0,2022-12-29,IND,CLE,135.0,126.0,2,513,198,Aaron Smith|Andy Nagy|James Capers,34
0022200525,2022,0,2022-12-29,BOS,LAC,116.0,110.0,3,523,201,Brent Barnaky|Matt Myers|Scott Foster,29
0022200526,2022,0,2022-12-29,TOR,MEM,106.0,119.0,3,564,194,Courtney Kirkland|Michael Smith|Phenizee Ransom,36
0022200527,2022,0,2022-12-29,SAS,NYK,122.0,115.0,3,578,203,Ashley Moyer-Gleich|John Conley|Marc Davis,42
0022200528,2022,0,2022-12-29,DAL,HOU,129.0,114.0,3,568,206,David Guthrie|Jenna Schroeder|Matt Boland,48
0022200529,2022,0,2022-12-30,ORL,WAS,100.0,119.0,2,543,216,Eric Dalen|Marat Kogut|Mitchell Ervin,30
0022200530,2022,0,2022-12-30,ATL,LAL,121.0,130.0,3,564,212,Ben Taylor|Brett Nansel|Tony Brothers,35
0022200531,2022,0,2022-12-30,TOR,PHX,113.0,104.0,3,511,197,Josh Tiven|Justin Van Duyne|Robert Hussey,34
0022200532,2022,0,2022-12-30,CHI,DET,132.0,118.0,3,509,195,CJ Washington|Gediminas Petraitis|Jacyn Goble,32
0022200533,2022,0,2022-12-30,MIL,MIN,123.0,114.0,3,637,215,John Butler|Leon Wood|Zach Zarba,49
0022200534,2022,0,2022-12-30,NOP,PHI,127.0,116.0,3,558,197,JD Ralls|Kevin Scott|Sean Corbin,40
0022200535,2022,0,2022-12-30,DEN,MIA,124.0,119.0,2,525,203,Jason Goldenberg|Sean Wright|Tre Maddox,33
0022200536,2022,0,2022-12-30,GSW,POR,118.0,112.0,3,577,196,Jonathan Sterling|Kevin Cutler|Tyler Ford,36
0022200537,2022,0,2022-12-30,SAC,UTA,126.0,125.0,3,544,203,Bill Kennedy|Evan Scott|Ray Acosta,33
0022200538,2022,0,2022-12-31,IND,LAC,131.0,130.0,3,533,207,JB DeRosa|John Goble|Lauren Holtkamp,41
0022200539,2022,0,2022-12-31,CHA,BKN,106.0,123.0,3,531,204,Nick Buchert|Suyash Mehta|Tony Brothers,31
0022200540,2022,0,2022-12-31,CHI,CLE,102.0,103.0,3,559,203,Brent Barnaky|JT Orr|Mark Lindsay,32
0022200541,2022,0,2022-12-31,HOU,NYK,88.0,108.0,3,571,197,Ed Malloy|Matt Myers|Natalie Sago,38
0022200542,2022,0,2022-12-31,SAS,DAL,125.0,126.0,3,548,194,Dedric Taylor|James Williams|Mousa Dagher,39
0022200543,2022,0,2022-12-31,MEM,NOP,116.0,101.0,3,635,215,Aaron Smith|Ben Taylor|Brian Forte,44
0022200544,2022,0,2022-12-31,MIN,DET,104.0,116.0,3,536,203,Brett Nansel|Courtney Kirkland|Jenna Schroeder,42
0022200545,2022,0,2022-12-31,OKC,PHI,96.0,115.0,3,594,206,Marc Davis|Matt Boland|Scott Twardoski,40
0022200546,2022,0,2022-12-31,UTA,MIA,123.0,126.0,3,592,197,David Guthrie|John Conley|Tyler Ford,52
0022200547,2022,0,2023-01-01,MEM,SAC,118.0,108.0,3,612,203,Gediminas Petraitis|Jacyn Goble|Jason Goldenberg,34
0022200548,2022,0,2023-01-01,MIL,WAS,95.0,118.0,3,560,209,Josh Tiven|Justin Van Duyne|Sharae Mitchell,23
0022200549,2022,0,2023-01-01,DEN,BOS,123.0,111.0,2,513,205,Bill Kennedy|Kevin Cutler|Ray Acosta,30
0022200550,2022,0,2023-01-02,NYK,PHX,102.0,83.0,3,459,175,Ben Taylor|Jonathan Sterling|Michael Smith,26
0022200551,2022,0,2023-01-02,CHA,LAL,115.0,121.0,3,592,223,Aaron Smith|Courtney Kirkland|Matt Myers,41
0022200552,2022,0,2023-01-02,CLE,CHI,145.0,134.0,4,626,220,JB DeRosa|Suyash Mehta|Tony Brothers,56
0022200553,2022,0,2023-01-02,IND,TOR,122.0,114.0,3,556,198,Brent Haskill|James Williams|Marat Kogut,44
0022200554,2022,0,2023-01-02,PHI,NOP,120.0,111.0,3,549,198,John Conley|Natalie Sago|Sean Wright,38
0022200555,2022,0,2023-01-02,BKN,SAS,139.0,103.0,3,528,213,Kevin Scott|Phenizee Ransom|Sean Corbin,27
0022200556,2022,0,2023-01-02,HOU,DAL,106.0,111.0,3,564,195,Cheryl Flores|James Capers|Mitchell Ervin,45
0022200557,2022,0,2023-01-02,MIN,DEN,124.0,111.0,3,537,200,Dannica Mosher|Justin Van Duyne|Scott Foster,38
0022200558,2022,0,2023-01-02,GSW,ATL,143.0,141.0,5,732,259,John Butler|Leon Wood|Zach Zarba,36
0022200559,2022,0,2023-01-02,POR,DET,135.0,106.0,3,598,225,Brett Nansel|David Guthrie|Tre Maddox,49
0022200560,2022,0,2023-01-02,LAC,MIA,100.0,110.0,3,498,191,Ashley Moyer-Gleich|Ed Malloy|JT Orr,38
0022200561,2022,0,2023-01-03,MIL,WAS,123.0,113.0,3,582,206,Brandon Adair|Dedric Taylor|Marc Davis,30
0022200562,2022,0,2023-01-03,OKC,BOS,150.0,117.0,3,556,215,Andy Nagy|Lauren Holtkamp|Mark Lindsay,35
0022200563,2022,0,2023-01-03,UTA,SAC,115.0,117.0,3,582,206,Brett Nansel|Kevin Cutler|Nick Buchert,40
0022200564,2022,0,2023-01-04,CHA,MEM,107.0,131.0,3,618,218,Bill Kennedy|JB DeRosa|Jonathan Sterling,38
0022200565,2022,0,2023-01-04,CLE,PHX,90.0,88.0,3,515,192,Dannica Mosher|James Capers|Sean Corbin,32
0022200566,2022,0,2023-01-04,ORL,OKC,126.0,115.0,3,571,202,Evan Scott|Natalie Sago|Tyler Ford,42
0022200567,2022,0,2023-01-04,PHI,IND,129.0,126.0,3,575,213,Courtney Kirkland|Jacyn Goble|Phenizee Ransom,33
0022200568,2022,0,2023-01-04,NYK,SAS,117.0,114.0,3,578,205,Josh Tiven|Scott Twardoski|Scott Wall,39
0022200569,2022,0,2023-01-04,TOR,MIL,101.0,104.0,4,671,232,Gediminas Petraitis|Matt Myers|Tony Brothers,42
0022200570,2022,0,2023-01-04,CHI,BKN,121.0,112.0,3,542,212,John Conley|Marc Davis|Tre Maddox,34
0022200571,2022,0,2023-01-04,MIN,POR,113.0,106.0,3,592,193,Eric Lewis|Marat Kogut|Mousa Dagher,53
0022200572,2022,0,2023-01-04,NOP,HOU,119.0,108.0,2,570,198,Jason Goldenberg|Pat Fraher|Ray Acosta,36
0022200573,2022,0,2023-01-04,GSW,DET,119.0,122.0,3,521,200,Ed Malloy|Mitchell Ervin|Sharae Mitchell,28
0022200574,2022,0,2023-01-04,LAL,MIA,112.0,109.0,3,587,199,Justin Van Duyne|Leon Wood|Zach Zarba,36
0022200575,2022,0,2023-01-04,SAC,ATL,117.0,120.0,3,545,206,Ashley Moyer-Gleich|CJ Washington|David Guthrie,36
0022200576,2022,0,2023-01-05,ORL,MEM,115.0,123.0,3,533,202,Ben Taylor|Matt Boland|Michael Smith,38
0022200577,2022,0,2023-01-05,DAL,BOS,95.0,124.0,3,546,200,JT Orr|Karl Lane|Sean Wright,38
0022200578,2022,0,2023-01-05,HOU,UTA,114.0,131.0,3,562,206,James Williams|John Butler|Lauren Holtkamp,37
0022200579,2022,0,2023-01-05,DEN,LAC,122.0,91.0,2,508,199,Dedric Taylor|Kevin Scott|Nick Buchert,28
0022200580,2022,0,2023-01-06,IND,POR,108.0,99.0,3,539,214,Derrick Collins|Gediminas Petraitis|Scott Foster,33
0022200581,2022,0,2023-01-06,PHI,CHI,112.0,126.0,3,493,193,Andy Nagy|Bill Kennedy|Scott Twardoski,26
0022200582,2022,0,2023-01-06,TOR,NYK,108.0,112.0,3,538,190,Brandon Adair|Marc Davis|Sean Corbin,44
0022200583,2022,0,2023-01-06,MIL,CHA,109.0,138.0,3,553,205,James Capers|Matt Kallio|Tre Maddox,33
0022200584,2022,0,2023-01-06,OKC,WAS,127.0,110.0,3,558,209,Eric Lewis|Jonathan Sterling|Ray Acosta,41
0022200585,2022,0,2023-01-06,SAS,DET,121.0,109.0,3,529,207,Karl Lane|Leon Wood|Mark Lindsay,36
0022200586,2022,0,2023-01-06,NOP,BKN,102.0,108.0,3,582,196,Aaron Smith|JB DeRosa|Tyler Ford,38
0022200587,2022,0,2023-01-06,MIN,LAC,128.0,115.0,3,577,205,David Guthrie|Jason Goldenberg|Natalie Sago,39
0022200588,2022,0,2023-01-06,DEN,CLE,121.0,108.0,3,564,182,Ashley Moyer-Gleich|JT Orr|Zach Zarba,38
0022200589,2022,0,2023-01-06,PHX,MIA,96.0,104.0,2,512,196,Brett Nansel|Mitchell Ervin|Pat Fraher,33
0022200590,2022,0,2023-01-06,LAL,ATL,130.0,114.0,3,560,219,Ed Malloy|Kevin Cutler|Mousa Dagher,30
0022200591,2022,0,2023-01-07,SAS,BOS,116.0,121.0,3,574,212,John Butler|Matt Boland|Rodney Mott,29
0022200592,2022,0,2023-01-07,CHI,UTA,126.0,118.0,3,520,204,Eric Lewis|Michael Smith|Nate Green,42
0022200593,2022,0,2023-01-07,DAL,NOP,127.0,117.0,3,604,211,Ashley Moyer-Gleich|Kevin Scott|Marat Kogut,43
0022200594,2022,0,2023-01-07,GSW,ORL,101.0,115.0,3,534,202,Cheryl Flores|Justin Van Duyne|Sean Wright,29
0022200595,2022,0,2023-01-07,SAC,LAL,134.0,136.0,3,602,205,Dedric Taylor|Jacyn Goble|Pat Fraher,43
0022200596,2022,0,2023-01-08,DET,PHI,111.0,123.0,3,527,213,James Williams|Lauren Holtkamp|Tre Maddox,34
0022200597,2022,0,2023-01-08,TOR,POR,117.0,105.0,3,573,205,Ben Taylor|Evan Scott|Natalie Sago,47
0022200598,2022,0,2023-01-08,IND,CHA,116.0,111.0,3,596,210,Brandon Schwab|Scott Twardoski|Tony Brothers,44
0022200599,2022,0,2023-01-08,MIA,BKN,101.0,102.0,3,540,186,Jonathan Sterling|Mark Lindsay|Ray Acosta,35
0022200600,2022,0,2023-01-08,MEM,UTA,123.0,118.0,3,603,214,Brandon Adair|Derrick Collins|James Capers,33
0022200601,2022,0,2023-01-08,HOU,MIN,96.0,104.0,3,528,200,Bill Kennedy|Intae Hwang|JB DeRosa,32
0022200602,2022,0,2023-01-08,OKC,DAL,120.0,109.0,3,576,195,Brett Nansel|Ed Malloy|Phenizee Ransom,38
0022200603,2022,0,2023-01-08,PHX,CLE,98.0,112.0,3,477,193,Aaron Smith|Jacyn Goble|Josh Tiven,24
0022200604,2022,0,2023-01-08,LAC,ATL,108.0,112.0,3,566,204,Mitchell Ervin|Sean Wright|Suyash Mehta,35
0022200605,2022,0,2023-01-09,WAS,NOP,112.0,132.0,3,560,203,Michael Smith|Scott Wall|Tony Brothers,38
0022200606,2022,0,2023-01-09,BOS,CHI,107.0,99.0,3,490,190,Jenna Schroeder|Kevin Cutler|Zach Zarba,29
0022200607,2022,0,2023-01-09,NYK,MIL,107.0,111.0,3,551,191,James Williams|Nate Green|Rodney Mott,29
0022200608,2022,0,2023-01-09,MEM,SAS,121.0,113.0,3,597,215,Courtney Kirkland|Nick Buchert|Sharae Mitchell,37
0022200609,2022,0,2023-01-09,DEN,LAL,122.0,109.0,3,579,217,Gediminas Petraitis|Marc Davis|Matt Boland,30
0022200610,2022,0,2023-01-09,SAC,ORL,136.0,111.0,2,533,205,Karl Lane|Matt Myers|Scott Foster,27
0022200611,2022,0,2023-01-10,MIA,OKC,112.0,111.0,3,598,204,Brent Barnaky|CJ Washington|Kevin Scott,37
0022200612,2022,0,2023-01-10,PHI,DET,147.0,116.0,3,563,219,Ashley Moyer-Gleich|James Capers|Justin Van Duyne,44
0022200613,2022,0,2023-01-10,TOR,CHA,132.0,120.0,3,512,194,Kevin Cutler|Pat Fraher|Tyler Mirkovich,31
0022200614,2022,0,2023-01-10,UTA,CLE,116.0,114.0,3,558,200,Gediminas Petraitis|Sean Wright|Tyler Ricks,41
0022200615,2022,0,2023-01-10,GSW,PHX,113.0,125.0,3,634,217,Karl Lane|Matt Myers|Scott Foster,40
0022200616,2022,0,2023-01-10,POR,ORL,106.0,109.0,3,528,196,Aaron Smith|Josh Tiven|Mousa Dagher,36
0022200617,2022,0,2023-01-10,LAC,DAL,113.0,101.0,3,525,183,Bill Kennedy|Jacyn Goble|John Butler,39
0022200618,2022,0,2023-01-11,DET,MIN,135.0,118.0,3,532,203,Brent Haskill|Sean Corbin|Tony Brothers,39
0022200619,2022,0,2023-01-11,WAS,CHI,100.0,97.0,3,504,194,Ashley Moyer-Gleich|Matt Boland|Rodney Mott,31
0022200620,2022,0,2023-01-11,ATL,MIL,105.0,114.0,3,539,205,Brandon Adair|Mark Lindsay|Nick Buchert,25
0022200621,2022,0,2023-01-11,BOS,NOP,125.0,114.0,3,509,201,Brandon Schwab|Brian Forte|Courtney Kirkland,30
0022200622,2022,0,2023-01-11,NYK,IND,119.0,113.0,3,546,207,Lauren Holtkamp|Ray Acosta|Zach Zarba,37
0022200623,2022,0,2023-01-11,MEM,SAS,135.0,129.0,3,615,220,Evan Scott|JB DeRosa|John Goble,32
0022200624,2022,0,2023-01-11,DEN,PHX,126.0,97.0,3,507,196,Ben Taylor|Dannica Mosher|David Guthrie,32
0022200625,2022,0,2023-01-11,SAC,HOU,135.0,115.0,3,582,212,Aaron Smith|Marc Davis|Phenizee Ransom,38
0022200626,2022,0,2023-01-12,PHI,OKC,114.0,133.0,3,585,212,Cheryl Flores|Eric Lewis|Matt Boland,44
0022200627,2022,0,2023-01-12,BKN,BOS,98.0,109.0,3,526,192,Curtis Blair|James Williams|Natalie Sago,30
0022200628,2022,0,2023-01-12,MIA,MIL,108.0,102.0,3,534,195,Ed Malloy|Kevin Cutler|Robert Hussey,20
0022200629,2022,0,2023-01-12,TOR,CHA,124.0,114.0,3,563,199,Kevin Scott|Leon Wood|Tyler Ford,49
0022200630,2022,0,2023-01-12,LAL,DAL,115.0,119.0,5,628,241,Josh Tiven|Suyash Mehta|Tre Maddox,38
0022200631,2022,0,2023-01-12,POR,CLE,113.0,119.0,3,549,205,Karl Lane|Matt Myers|Scott Foster,40
0022200632,2022,0,2023-01-13,DET,NOP,110.0,116.0,3,554,214,Gediminas Petraitis|Matt Kallio|Sean Wright,41
0022200633,2022,0,2023-01-13,IND,ATL,111.0,113.0,3,612,201,Ashley Moyer-Gleich|Jason Goldenberg|Pat Fraher,39
0022200634,2022,0,2023-01-13,WAS,NYK,108.0,112.0,3,567,193,Brandon Schwab|Brian Forte|Courtney Kirkland,41
0022200635,2022,0,2023-01-13,SAS,GSW,113.0,144.0,3,597,221,CJ Washington|David Guthrie|Lauren Holtkamp,43
0022200636,2022,0,2023-01-13,CHI,OKC,110.0,124.0,3,562,202,Brandon Adair|Dedric Taylor|Tyler Ford,34
0022200637,2022,0,2023-01-13,MIN,PHX,121.0,116.0,3,552,215,Andy Nagy|Bill Kennedy|Brent Barnaky,38
0022200638,2022,0,2023-01-13,UTA,ORL,112.0,108.0,3,609,214,Dannica Mosher|Marc Davis|Michael Smith,40
0022200639,2022,0,2023-01-13,LAC,DEN,103.0,115.0,2,473,189,Aaron Smith|John Goble|Phenizee Ransom,29
0022200640,2022,0,2023-01-13,SAC,HOU,139.0,114.0,3,602,201,Ben Taylor|Jonathan Sterling|Mitchell Ervin,42
0022200641,2022,0,2023-01-14,MIA,MIL,111.0,95.0,3,494,184,Curtis Blair|James Capers|Scott Wall,24
0022200642,2022,0,2023-01-14,CHA,BOS,106.0,122.0,3,516,194,Derrick Collins|Ed Malloy|Justin Van Duyne,25
0022200643,2022,0,2023-01-14,IND,MEM,112.0,130.0,3,610,226,Andy Nagy|Eric Lewis|Natalie Sago,35
0022200644,2022,0,2023-01-14,TOR,ATL,103.0,114.0,3,516,199,Jacyn Goble|Ray Acosta|Sean Wright,37
0022200645,2022,0,2023-01-14,MIN,CLE,110.0,102.0,3,498,194,Kevin Scott|Suyash Mehta|Tre Maddox,31
0022200646,2022,0,2023-01-14,UTA,PHI,117.0,118.0,3,534,200,CJ Washington|Josh Tiven|Karl Lane,37
0022200647,2022,0,2023-01-14,POR,DAL,136.0,119.0,3,504,199,JT Orr|Mark Lindsay|Sean Corbin,37
0022200648,2022,0,2023-01-15,DET,NYK,104.0,117.0,3,493,187,Bill Kennedy|Dedric Taylor|John Conley,30
0022200649,2022,0,2023-01-15,LAC,HOU,121.0,100.0,3,547,205,James Williams|Michael Smith|Mousa Dagher,30
0022200650,2022,0,2023-01-15,CHI,GSW,132.0,118.0,3,568,217,Brian Forte|Courtney Kirkland|Evan Scott,33
0022200651,2022,0,2023-01-15,BKN,OKC,102.0,112.0,3,587,200,Brandon Schwab|Justin Van Duyne|Pat Fraher,31
0022200652,2022,0,2023-01-15,SAS,SAC,119.0,132.0,3,538,195,Brandon Adair|Nate Green|Tyler Ford,39
0022200653,2022,0,2023-01-15,DEN,ORL,119.0,116.0,3,537,201,Brent Barnaky|Josh Tiven|Matt Kallio,36
0022200654,2022,0,2023-01-15,POR,DAL,140.0,123.0,3,577,199,Ben Taylor|Jonathan Sterling|Mitchell Ervin,52
0022200655,2022,0,2023-01-15,LAL,PHI,112.0,113.0,3,510,195,Brett Nansel|John Goble|Phenizee Ransom,30
0022200656,2022,0,2023-01-16,CHA,BOS,118.0,130.0,3,518,190,Ashley Moyer-Gleich|Suyash Mehta|Zach Zarba,36
0022200657,2022,0,2023-01-16,MIL,IND,132.0,119.0,3,510,207,CJ Washington|David Guthrie|Jacyn Goble,26
0022200658,2022,0,2023-01-16,CLE,NOP,113.0,103.0,3,510,194,Ed Malloy|Ray Acosta|Robert Hussey,37
0022200659,2022,0,2023-01-16,NYK,TOR,121.0,123.0,4,612,203,Cheryl Flores|JB DeRosa|Scott Foster,51
0022200660,2022,0,2023-01-16,WAS,GSW,118.0,127.0,3,531,207,Jenna Schroeder|Kevin Scott|Tom Washington,38
0022200661,2022,0,2023-01-16,ATL,MIA,121.0,113.0,3,535,201,Andy Nagy|Gediminas Petraitis|Tony Brothers,34
0022200662,2022,0,2023-01-16,MIN,UTA,125.0,126.0,3,552,196,Aaron Smith|Curtis Blair|Derrick Collins,29
0022200663,2022,0,2023-01-16,MEM,PHX,136.0,106.0,3,543,203,John Butler|Marc Davis|Tre Maddox,35
0022200664,2022,0,2023-01-16,LAL,HOU,140.0,132.0,3,578,201,Mark Lindsay|Scott Wall|Sean Corbin,43
0022200665,2022,0,2023-01-17,MIL,TOR,130.0,122.0,3,542,201,Bill Kennedy|Brent Barnaky|Evan Scott,31
0022200666,2022,0,2023-01-17,SAS,BKN,106.0,98.0,2,620,219,Brett Nansel|John Goble|Marat Kogut,39
0022200667,2022,0,2023-01-17,DEN,POR,122.0,113.0,2,534,197,James Williams|Jason Goldenberg|Michael Smith,36
0022200668,2022,0,2023-01-17,LAC,PHI,110.0,120.0,3,525,192,Ben Taylor|JT Orr|Kevin Cutler,38
0022200669,2022,0,2023-01-18,NYK,WAS,105.0,116.0,3,578,189,Andy Nagy|Ed Malloy|Tre Maddox,41
0022200670,2022,0,2023-01-18,DAL,ATL,122.0,130.0,3,517,197,Justin Van Duyne|Leon Wood|Scott Foster,35
0022200671,2022,0,2023-01-18,HOU,CHA,117.0,122.0,3,575,210,Brett Nansel|Cheryl Flores|Sean Wright,38
0022200672,2022,0,2023-01-18,MEM,CLE,115.0,114.0,3,542,195,Curtis Blair|Mousa Dagher|Tyler Ford,32
0022200673,2022,0,2023-01-18,NOP,MIA,98.0,124.0,3,508,195,Jacyn Goble|Nate Green|Zach Zarba,31
0022200674,2022,0,2023-01-18,OKC,IND,126.0,106.0,3,598,213,John Conley|Josh Tiven|Mitchell Ervin,35
0022200675,2022,0,2023-01-18,UTA,LAC,126.0,103.0,3,529,194,Brian Forte|Mark Lindsay|Scott Wall,33
0022200676,2022,0,2023-01-18,DEN,MIN,122.0,118.0,3,561,204,Courtney Kirkland|Matt Myers|Sean Corbin,43
0022200677,2022,0,2023-01-18,LAL,SAC,111.0,116.0,3,562,194,Brandon Schwab|Eric Lewis|Lauren Holtkamp,32
0022200678,2022,0,2023-01-19,DET,CHI,108.0,126.0,3,568,214,James Capers|Karl Lane|Natalie Sago,31
0022200679,2022,0,2023-01-19,BOS,GSW,121.0,118.0,4,641,236,Aaron Smith|Brent Barnaky|David Guthrie,40
0022200680,2022,0,2023-01-19,MIN,TOR,128.0,126.0,3,542,208,Dedric Taylor|Pat Fraher|Tom Washington,36
0022200681,2022,0,2023-01-19,PHX,BKN,117.0,112.0,3,616,207,Eric Lewis|Jason Goldenberg|Kevin Cutler,47
0022200682,2022,0,2023-01-19,POR,PHI,95.0,105.0,3,525,195,Marat Kogut|Matt Kallio|Tony Brothers,35
0022200683,2022,0,2023-01-20,ORL,NOP,123.0,110.0,3,520,199,Marc Davis|Mousa Dagher|Tyler Ford,37
0022200684,2022,0,2023-01-20,ATL,NYK,139.0,124.0,3,500,191,Brett Nansel|James Williams|Suyash Mehta,28
0022200685,2022,0,2023-01-20,CLE,GSW,114.0,120.0,3,554,195,John Goble|Mitchell Ervin|Nate Green,28
0022200686,2022,0,2023-01-20,DAL,MIA,115.0,90.0,3,499,184,Josh Tiven|Ray Acosta|Sean Corbin,40
0022200687,2022,0,2023-01-20,SAS,LAC,126.0,131.0,3,465,182,Derrick Collins|Justin Van Duyne|Scott Foster,26
0022200688,2022,0,2023-01-20,DEN,IND,134.0,111.0,3,563,204,Bill Kennedy|Brandon Schwab|Scott Twardoski,42
0022200689,2022,0,2023-01-20,UTA,BKN,106.0,117.0,3,526,191,Courtney Kirkland|John Conley|Lauren Holtkamp,32
0022200690,2022,0,2023-01-20,LAL,MEM,122.0,121.0,3,699,214,Brian Forte|Matt Myers|Zach Zarba,53
0022200691,2022,0,2023-01-20,SAC,OKC,118.0,113.0,3,520,201,JB DeRosa|Scott Wall|Tony Brothers,33
0022200692,2022,0,2023-01-21,TOR,BOS,104.0,106.0,3,479,194,Dannica Mosher|Ed Malloy|Michael Smith,25
0022200693,2022,0,2023-01-21,WAS,ORL,138.0,118.0,3,559,206,David Guthrie|Dedric Taylor|JT Orr,36
0022200694,2022,0,2023-01-21,ATL,CHA,118.0,122.0,3,527,209,CJ Washington|Kevin Scott|Tyler Ford,33
0022200695,2022,0,2023-01-21,CLE,MIL,114.0,102.0,3,516,190,James Williams|Phenizee Ransom|Tom Washington,26
0022200696,2022,0,2023-01-21,MIN,HOU,113.0,104.0,3,569,203,Ben Taylor|Jonathan Sterling|Kevin Cutler,42
0022200697,2022,0,2023-01-21,PHX,IND,112.0,107.0,3,630,212,Leon Wood|Marat Kogut|Zach Zarba,43
0022200698,2022,0,2023-01-21,SAC,PHI,127.0,129.0,3,567,199,Gediminas Petraitis|Jason Goldenberg|Pat Fraher,41
0022200699,2022,0,2023-01-22,MIA,NOP,100.0,96.0,3,558,206,Bill Kennedy|Brandon Adair|Derrick Collins,33
0022200700,2022,0,2023-01-22,TOR,NYK,125.0,116.0,3,538,196,Aaron Smith|Jenna Schroeder|Mark Lindsay,41
0022200701,2022,0,2023-01-22,DAL,LAC,98.0,112.0,3,517,183,Ashley Moyer-Gleich|Brandon Schwab|Eric Lewis,40
0022200702,2022,0,2023-01-22,DEN,OKC,99.0,101.0,3,542,181,John Butler|Justin Van Duyne|Sean Wright,36
0022200703,2022,0,2023-01-22,PHX,MEM,112.0,110.0,3,595,210,Lauren Holtkamp|Scott Twardoski|Tony Brothers,43
0022200704,2022,0,2023-01-22,GSW,BKN,116.0,120.0,3,585,206,Brian Forte|Curtis Blair|Ray Acosta,42
0022200705,2022,0,2023-01-22,POR,LAL,112.0,121.0,3,531,198,Courtney Kirkland|JB DeRosa|John Conley,35
0022200706,2022,0,2023-01-23,DET,MIL,130.0,150.0,3,614,229,JT Orr|Josh Tiven|Mitchell Ervin,41
0022200707,2022,0,2023-01-23,ORL,BOS,113.0,98.0,3,502,191,John Goble|Phenizee Ransom|Tom Washington,31
0022200708,2022,0,2023-01-23,CHI,ATL,111.0,100.0,3,548,199,Jonathan Sterling|Michael Smith|Zach Zarba,32
0022200709,2022,0,2023-01-23,HOU,MIN,119.0,114.0,3,601,216,Ashley Moyer-Gleich|Marc Davis|Robert Hussey,34
0022200710,2022,0,2023-01-23,UTA,CHA,120.0,102.0,3,589,205,Ben Taylor|Marat Kogut|Mousa Dagher,45
0022200711,2022,0,2023-01-23,POR,SAS,147.0,127.0,3,541,208,Andy Nagy|Curtis Blair|Gediminas Petraitis,32
0022200712,2022,0,2023-01-23,SAC,MEM,133.0,100.0,3,557,211,Brent Barnaky|Kevin Scott|Leon Wood,26
0022200713,2022,0,2023-01-24,IND,CHI,116.0,110.0,3,575,200,Aaron Smith|Mark Lindsay|Suyash Mehta,42
0022200714,2022,0,2023-01-24,MIA,BOS,98.0,95.0,3,539,191,Karl Lane|Matt Myers|Pat Fraher,37
0022200715,2022,0,2023-01-24,NYK,CLE,105.0,103.0,3,509,188,Bill Kennedy|Jacyn Goble|Scott Wall,35
0022200716,2022,0,2023-01-24,NOP,DEN,98.0,99.0,3,495,185,Eric Lewis|Lauren Holtkamp|Sean Corbin,28
0022200717,2022,0,2023-01-24,DAL,WAS,126.0,127.0,3,572,204,Courtney Kirkland|Dannica Mosher|Natalie Sago,44
0022200718,2022,0,2023-01-24,PHX,CHA,128.0,97.0,3,540,204,David Guthrie|JB DeRosa|Ray Acosta,35
0022200719,2022,0,2023-01-24,LAL,LAC,115.0,133.0,3,526,193,Jason Goldenberg|Kevin Cutler|Sean Wright,32
0022200720,2022,0,2023-01-25,ORL,IND,126.0,120.0,3,550,195,Ashley Moyer-Gleich|Matt Myers|Tony Brothers,40
0022200721,2022,0,2023-01-25,PHI,BKN,137.0,133.0,3,512,195,Brett Nansel|Josh Tiven|Michael Smith,42
0022200722,2022,0,2023-01-25,HOU,WAS,103.0,108.0,3,580,199,Brandon Schwab|John Butler|Scott Foster,31
0022200723,2022,0,2023-01-25,MIL,DEN,107.0,99.0,3,573,214,Aaron Smith|Marat Kogut|Tyler Ford,32
0022200724,2022,0,2023-01-25,NOP,MIN,102.0,111.0,3,548,196,John Goble|Natalie Sago|Phenizee Ransom,36
0022200725,2022,0,2023-01-25,OKC,ATL,132.0,137.0,3,582,214,JT Orr|James Capers|Tom Washington,35
0022200726,2022,0,2023-01-25,GSW,MEM,122.0,120.0,3,634,210,Gediminas Petraitis|Matt Boland|Sean Wright,46
0022200727,2022,0,2023-01-25,POR,UTA,134.0,124.0,3,505,202,Brent Barnaky|Kevin Scott|Robert Hussey,32
0022200728,2022,0,2023-01-25,SAC,TOR,95.0,113.0,3,485,188,Andy Nagy|Curtis Blair|Justin Van Duyne,24
0022200729,2022,0,2023-01-25,LAL,SAS,113.0,104.0,3,628,219,Brandon Adair|Marc Davis|Ray Acosta,31
0022200730,2022,0,2023-01-26,BOS,NYK,117.0,120.0,4,571,213,Ben Taylor|Brian Forte|Dedric Taylor,36
0022200731,2022,0,2023-01-26,BKN,DET,122.0,130.0,3,573,207,Bill Kennedy|Jenna Schroeder|Nick Buchert,42
0022200732,2022,0,2023-01-26,CHA,CHI,111.0,96.0,3,561,216,Brett Nansel|Jacyn Goble|Tony Brothers,36
0022200733,2022,0,2023-01-26,HOU,CLE,95.0,113.0,3,520,189,CJ Washington|Leon Wood|Mark Lindsay,32
0022200734,2022,0,2023-01-26,PHX,DAL,95.0,99.0,3,524,179,Brandon Adair|Marc Davis|Tre Maddox,29
0022200735,2022,0,2023-01-26,LAC,SAS,138.0,100.0,3,515,192,David Guthrie|Matt Boland|Mitchell Ervin,39
0022200736,2022,0,2023-01-27,IND,MIL,131.0,141.0,3,600,222,JB DeRosa|Matt Kallio|Pat Fraher,41
0022200737,2022,0,2023-01-27,MIN,MEM,111.0,100.0,3,546,211,Andy Nagy|Ray Acosta|Scott Foster,29
0022200738,2022,0,2023-01-27,MIA,ORL,110.0,105.0,2,514,200,Aaron Smith|John Butler|Tyler Ford,38
0022200739,2022,0,2023-01-27,OKC,CLE,112.0,100.0,3,528,189,Derrick Collins|Gediminas Petraitis|Karl Lane,34
0022200740,2022,0,2023-01-27,GSW,TOR,129.0,117.0,3,533,205,Brent Barnaky|Kevin Scott|Robert Hussey,35
0022200741,2022,0,2023-01-28,PHI,DEN,126.0,119.0,3,505,191,Brian Forte|Dedric Taylor|John Goble,26
0022200742,2022,0,2023-01-28,BKN,NYK,122.0,115.0,3,491,188,Ashley Moyer-Gleich|Justin Van Duyne|Zach Zarba,28
0022200743,2022,0,2023-01-28,DET,HOU,114.0,117.0,3,589,209,Courtney Kirkland|Marat Kogut|Nate Green,42
0022200744,2022,0,2023-01-28,ORL,CHI,109.0,128.0,3,486,195,Ben Taylor|John Conley|Natalie Sago,36
0022200745,2022,0,2023-01-28,ATL,LAC,113.0,120.0,3,502,196,Curtis Blair|Matt Myers|Nick Buchert,31
0022200746,2022,0,2023-01-28,MIN,SAC,117.0,110.0,3,547,197,Evan Scott|JB DeRosa|Sean Wright,43
0022200747,2022,0,2023-01-28,NOP,WAS,103.0,113.0,3,566,204,CJ Washington|Marc Davis|Scott Wall,37
0022200748,2022,0,2023-01-28,SAS,PHX,118.0,128.0,1,578,213,Brett Nansel|Mark Lindsay|Phenizee Ransom,38
0022200749,2022,0,2023-01-28,BOS,LAL,125.0,121.0,4,604,219,Andy Nagy|Eric Lewis|Jacyn Goble,42
0022200750,2022,0,2023-01-28,UTA,DAL,108.0,100.0,3,526,187,James Capers|Matt Boland|Mitchell Ervin,34
0022200751,2022,0,2023-01-28,POR,TOR,105.0,123.0,3,491,185,Brandon Adair|David Guthrie|Tre Maddox,29
0022200752,2022,0,2023-01-29,CHA,MIA,122.0,117.0,3,531,201,Gediminas Petraitis|Jenna Schroeder|Tom Washington,30
0022200753,2022,0,2023-01-29,MEM,IND,112.0,100.0,3,527,183,Josh Tiven|Karl Lane|Leon Wood,38
0022200754,2022,0,2023-01-29,CLE,LAC,122.0,99.0,3,501,191,Pat Fraher|Suyash Mehta|Tyler Ford,39
0022200755,2022,0,2023-01-29,MIL,NOP,135.0,110.0,3,569,211,Brent Barnaky|Cheryl Flores|Scott Foster,36
0022200756,2022,0,2023-01-30,PHI,ORL,109.0,119.0,3,572,211,Jonathan Sterling|Justin Van Duyne|Zach Zarba,39
0022200757,2022,0,2023-01-30,BKN,LAL,121.0,104.0,3,582,200,Ben Taylor|John Butler|Tony Brothers,36
0022200758,2022,0,2023-01-30,MIN,SAC,111.0,118.0,4,601,223,Brian Forte|Kevin Scott|Nate Green,34
0022200759,2022,0,2023-01-30,OKC,GSW,120.0,128.0,3,585,222,James Williams|Matt Myers|Nick Buchert,33
0022200760,2022,0,2023-01-30,SAS,WAS,106.0,127.0,3,562,200,Derrick Collins|Eric Lewis|Natalie Sago,36
0022200761,2022,0,2023-01-30,DAL,DET,111.0,105.0,3,537,189,Curtis Blair|Evan Scott|Jacyn Goble,45
0022200762,2022,0,2023-01-30,PHX,TOR,114.0,106.0,3,535,190,Dedric Taylor|James Capers|Matt Boland,32
0022200763,2022,0,2023-01-30,POR,ATL,129.0,125.0,3,520,187,Bill Kennedy|Mitchell Ervin|Mousa Dagher,40
0022200764,2022,0,2023-01-31,CLE,MIA,97.0,100.0,3,527,188,Cheryl Flores|David Guthrie|Tre Maddox,35
0022200765,2022,0,2023-01-31,NYK,LAL,123.0,129.0,4,581,220,Phenizee Ransom|Scott Foster|Tyler Ford,44
0022200766,2022,0,2023-01-31,CHI,LAC,103.0,108.0,3,539,203,James Williams|Jenna Schroeder|Rodney Mott,34
0022200767,2022,0,2023-01-31,MIL,CHA,124.0,115.0,3,667,230,John Goble|Leon Wood|Michael Smith,41
0022200768,2022,0,2023-01-31,DEN,NOP,122.0,113.0,3,549,205,Curtis Blair|JT Orr|Josh Tiven,40
0022200769,2022,0,2023-02-01,DET,WAS,117.0,119.0,3,489,186,JB DeRosa|Ray Acosta|Zach Zarba,33
0022200770,2022,0,2023-02-01,PHI,ORL,105.0,94.0,3,544,205,Derrick Collins|Karl Lane|Matt Myers,40
0022200771,2022,0,2023-02-01,MEM,POR,112.0,122.0,3,551,202,John Butler|Justin Van Duyne|Mark Lindsay,37
0022200772,2022,0,2023-02-01,BOS,BKN,139.0,96.0,3,459,198,Cheryl Flores|Sean Wright|Tom Washington,25
0022200773,2022,0,2023-02-01,HOU,OKC,112.0,106.0,3,672,204,Brent Barnaky|Pat Fraher|Scott Wall,39
0022200774,2022,0,2023-02-01,MIN,GSW,119.0,114.0,4,641,230,Ed Malloy|Gediminas Petraitis|John Conley,44
0022200775,2022,0,2023-02-01,SAS,SAC,109.0,119.0,3,503,204,Ben Taylor|Dedric Taylor|Nick Buchert,24
0022200776,2022,0,2023-02-01,UTA,TOR,131.0,128.0,3,579,204,Aaron Smith|Bill Kennedy|Brandon Schwab,37
0022200777,2022,0,2023-02-01,PHX,ATL,100.0,132.0,3,518,205,Eric Lewis|Evan Scott|Sean Corbin,36
0022200778,2022,0,2023-02-02,IND,LAL,111.0,112.0,3,550,213,Curtis Blair|Matt Boland|Natalie Sago,28
0022200779,2022,0,2023-02-02,CLE,MEM,128.0,113.0,3,586,207,Brian Forte|Jonathan Sterling|Tony Brothers,35
0022200780,2022,0,2023-02-02,NYK,MIA,106.0,104.0,3,495,190,Andy Nagy|Marc Davis|Michael Smith,28
0022200781,2022,0,2023-02-02,CHI,CHA,114.0,98.0,3,528,192,JT Orr|James Capers|Tre Maddox,30
0022200782,2022,0,2023-02-02,DAL,NOP,111.0,106.0,3,550,194,Brent Barnaky|Kevin Scott|Leon Wood,45
0022200783,2022,0,2023-02-02,DEN,GSW,134.0,117.0,3,540,203,Brandon Schwab|Eric Lewis|Mitchell Ervin,35
0022200784,2022,0,2023-02-02,MIL,LAC,106.0,105.0,3,555,205,Jacyn Goble|Josh Tiven|Ray Acosta,35
0022200785,2022,0,2023-02-03,DET,CHA,118.0,112.0,3,567,215,Justin Van Duyne|Mark Lindsay|Matt Boland,39
0022200786,2022,0,2023-02-03,IND,SAC,107.0,104.0,2,551,211,Ashley Moyer-Gleich|Phenizee Ransom|Scott Foster,28
0022200787,2022,0,2023-02-03,WAS,POR,116.0,124.0,3,487,189,Brian Forte|Karl Lane|Nate Green,31
0022200788,2022,0,2023-02-03,BOS,PHX,94.0,106.0,3,531,199,Derrick Collins|Gediminas Petraitis|John Goble,37
0022200789,2022,0,2023-02-03,HOU,TOR,111.0,117.0,3,555,198,David Guthrie|Sean Corbin|Suyash Mehta,46
0022200790,2022,0,2023-02-03,MIN,ORL,120.0,127.0,3,620,212,JT Orr|James Williams|Mitchell Ervin,48
0022200791,2022,0,2023-02-03,SAS,PHI,125.0,137.0,3,534,206,Aaron Smith|Bill Kennedy|Mousa Dagher,36
0022200792,2022,0,2023-02-03,UTA,ATL,108.0,115.0,3,544,201,Cheryl Flores|Ed Malloy|JB DeRosa,37
0022200793,2022,0,2023-02-04,BKN,WAS,125.0,123.0,3,591,210,Dannica Mosher|Jacyn Goble|Pat Fraher,44
0022200794,2022,0,2023-02-04,DET,PHX,100.0,116.0,3,535,192,Jenna Schroeder|Tom Washington|Tyler Ford,45
0022200795,2022,0,2023-02-04,NYK,LAC,128.0,134.0,3,573,217,Ben Taylor|Matt Myers|Tre Maddox,46
0022200796,2022,0,2023-02-04,CHI,POR,129.0,121.0,3,481,200,Nick Buchert|Scott Foster|Scott Wall,34
0022200797,2022,0,2023-02-04,MIL,MIA,123.0,115.0,3,566,208,Brent Barnaky|CJ Washington|Tony Brothers,36
0022200798,2022,0,2023-02-04,NOP,LAL,131.0,126.0,3,556,209,Jason Goldenberg|Michael Smith|Sean Wright,38
0022200799,2022,0,2023-02-04,OKC,HOU,153.0,121.0,3,543,209,Josh Tiven|Natalie Sago|Robert Hussey,35
0022200800,2022,0,2023-02-04,GSW,DAL,119.0,113.0,3,532,201,Brett Nansel|JB DeRosa|James Capers,38
0022200801,2022,0,2023-02-04,DEN,ATL,128.0,108.0,3,557,211,Jonathan Sterling|Rodney Mott|Zach Zarba,30
0022200802,2022,0,2023-02-05,CHA,ORL,113.0,119.0,3,532,197,Brian Forte|Curtis Blair|Mousa Dagher,38
0022200803,2022,0,2023-02-05,IND,CLE,103.0,122.0,3,551,199,JT Orr|Kevin Cutler|Kevin Scott,35
0022200804,2022,0,2023-02-05,NYK,PHI,108.0,97.0,3,531,194,Evan Scott|Gediminas Petraitis|Mark Lindsay,49
0022200805,2022,0,2023-02-05,MEM,TOR,103.0,106.0,3,568,200,Marc Davis|Mitchell Ervin|Phenizee Ransom,28
0022200806,2022,0,2023-02-05,MIN,DEN,128.0,98.0,3,531,209,John Butler|Justin Van Duyne|Tyler Ford,40
0022200807,2022,0,2023-02-05,NOP,SAC,136.0,104.0,3,550,194,Ed Malloy|Nate Green|Sean Corbin,43
0022200808,2022,0,2023-02-06,DET,BOS,99.0,111.0,3,510,194,Ashley Moyer-Gleich|Ben Taylor|John Conley,39
0022200809,2022,0,2023-02-06,WAS,CLE,91.0,114.0,3,501,194,David Guthrie|Evan Scott|Nick Buchert,29
0022200810,2022,0,2023-02-06,BKN,LAC,116.0,124.0,3,548,204,Brent Barnaky|Eric Lewis|Jason Goldenberg,42
0022200811,2022,0,2023-02-06,CHI,SAS,128.0,104.0,3,526,217,Brian Forte|Josh Tiven|Matt Kallio,29
0022200812,2022,0,2023-02-06,HOU,SAC,120.0,140.0,3,533,199,Aaron Smith|Brandon Adair|Mitchell Ervin,33
0022200813,2022,0,2023-02-06,UTA,DAL,111.0,124.0,3,563,197,Natalie Sago|Ray Acosta|Zach Zarba,40
0022200814,2022,0,2023-02-06,GSW,OKC,141.0,114.0,3,515,209,Cheryl Flores|John Goble|Karl Lane,25
0022200815,2022,0,2023-02-06,POR,MIL,108.0,127.0,3,578,211,JB DeRosa|Jonathan Sterling|nan,43
0022200816,2022,0,2023-02-07,ORL,NYK,98.0,102.0,3,515,182,Scott Wall|Sean Corbin|Tyler Ford,37
0022200817,2022,0,2023-02-07,BKN,PHX,112.0,116.0,3,610,209,Brett Nansel|CJ Washington|Kevin Scott,43
0022200818,2022,0,2023-02-07,NOP,ATL,116.0,107.0,3,533,192,Jacyn Goble|James Williams|John Butler,39
0022200819,2022,0,2023-02-07,MEM,CHI,104.0,89.0,3,551,202,Kevin Cutler|Pat Fraher|Robert Hussey,35
0022200820,2022,0,2023-02-07,DEN,MIN,146.0,112.0,3,520,214,Marc Davis|Phenizee Ransom|Tre Maddox,35
0022200821,2022,0,2023-02-07,LAL,OKC,130.0,133.0,3,571,223,Natalie Sago|Suyash Mehta|Zach Zarba,34
0022200822,2022,0,2023-02-08,CLE,DET,113.0,85.0,3,516,185,Brandon Adair|Eric Lewis|Mousa Dagher,36
0022200823,2022,0,2023-02-08,WAS,CHA,118.0,104.0,3,537,196,Aaron Smith|Ben Taylor|Derrick Collins,31
0022200824,2022,0,2023-02-08,BOS,PHI,106.0,99.0,3,491,179,David Guthrie|Nate Green|Nick Buchert,32
0022200825,2022,0,2023-02-08,MIA,IND,116.0,111.0,3,532,193,Curtis Blair|JB DeRosa|Jason Goldenberg,46
0022200826,2022,0,2023-02-08,TOR,SAS,112.0,98.0,3,549,211,Brandon Schwab|Dedric Taylor|Mark Lindsay,36
0022200827,2022,0,2023-02-08,HOU,SAC,128.0,130.0,3,549,203,Gediminas Petraitis|John Conley|Ray Acosta,35
0022200828,2022,0,2023-02-08,UTA,MIN,118.0,143.0,3,517,205,Karl Lane|Matt Kallio|Rodney Mott,29
0022200829,2022,0,2023-02-08,LAC,DAL,104.0,110.0,3,508,197,Andy Nagy|John Goble|Justin Van Duyne,31
0022200830,2022,0,2023-02-08,POR,GSW,125.0,122.0,3,519,202,Ashley Moyer-Gleich|Courtney Kirkland|Suyash Mehta,33
0022200831,2022,0,2023-02-09,ORL,DEN,115.0,104.0,2,532,200,Brett Nansel|Evan Scott|Jacyn Goble,31
0022200832,2022,0,2023-02-09,ATL,PHX,116.0,107.0,3,580,204,Cheryl Flores|Kevin Cutler|Pat Fraher,38
0022200833,2022,0,2023-02-09,BKN,CHI,116.0,105.0,3,527,206,Ed Malloy|Mitchell Ervin|Scott Wall,33
0022200834,2022,0,2023-02-09,LAL,MIL,106.0,115.0,3,565,200,James Williams|Karl Lane|Matt Myers,31
0022200835,2022,0,2023-02-10,DET,SAS,138.0,131.0,4,712,247,Marc Davis|Matt Kallio|Sean Corbin,58
0022200836,2022,0,2023-02-10,IND,PHX,104.0,117.0,2,558,203,Mark Lindsay|Nate Green|Ray Acosta,38
0022200837,2022,0,2023-02-10,PHI,NYK,119.0,108.0,3,477,189,Aaron Smith|Brandon Adair|Curtis Blair,30
0022200838,2022,0,2023-02-10,BOS,CHA,127.0,116.0,3,553,212,Brent Barnaky|Dedric Taylor|Zach Zarba,34
0022200839,2022,0,2023-02-10,TOR,UTA,116.0,122.0,3,578,209,Eric Lewis|JB DeRosa|Jonathan Sterling,47
0022200840,2022,0,2023-02-10,MIA,HOU,97.0,95.0,3,583,195,Brett Nansel|Pat Fraher|Phenizee Ransom,42
0022200841,2022,0,2023-02-10,MEM,MIN,128.0,107.0,3,568,209,Ben Taylor|John Conley|Tyler Ford,32
0022200842,2022,0,2023-02-10,NOP,CLE,107.0,118.0,3,518,186,Derrick Collins|John Goble|Natalie Sago,38
0022200843,2022,0,2023-02-10,POR,OKC,129.0,138.0,3,565,195,Andy Nagy|Gediminas Petraitis|Rodney Mott,46
0022200844,2022,0,2023-02-10,SAC,DAL,114.0,122.0,2,496,198,Ashley Moyer-Gleich|Josh Tiven|Suyash Mehta,33
0022200845,2022,0,2023-02-10,LAC,MIL,106.0,119.0,3,512,200,Brian Forte|Courtney Kirkland|Leon Wood,25
0022200846,2022,0,2023-02-11,BKN,PHI,98.0,101.0,2,522,182,Kevin Cutler|Marc Davis|Mousa Dagher,29
0022200847,2022,0,2023-02-11,CHA,DEN,105.0,119.0,3,569,213,Brent Barnaky|Ed Malloy|Jason Goldenberg,34
0022200848,2022,0,2023-02-11,ORL,MIA,103.0,107.0,4,586,206,Aaron Smith|Brandon Adair|Tre Maddox,37
0022200849,2022,0,2023-02-11,WAS,IND,127.0,113.0,3,507,185,Brandon Schwab|John Butler|Zach Zarba,33
0022200850,2022,0,2023-02-11,ATL,SAS,125.0,106.0,3,589,214,Ben Taylor|Natalie Sago|Phenizee Ransom,24
0022200851,2022,0,2023-02-11,NYK,UTA,126.0,120.0,3,556,198,Dannica Mosher|David Guthrie|Mitchell Ervin,45
0022200852,2022,0,2023-02-11,CLE,CHI,97.0,89.0,3,506,192,CJ Washington|Curtis Blair|Ray Acosta,33
0022200853,2022,0,2023-02-11,GSW,LAL,103.0,109.0,3,567,210,Ashley Moyer-Gleich|Josh Tiven|Justin Van Duyne,25
0022200854,2022,0,2023-02-11,SAC,DAL,133.0,128.0,4,556,222,Brian Forte|James Williams|Matt Myers,34
0022200855,2022,0,2023-02-12,BOS,MEM,119.0,109.0,3,526,192,Eric Lewis|Scott Wall|Sean Corbin,33
0022200856,2022,0,2023-02-12,TOR,DET,119.0,118.0,3,563,196,Jacyn Goble|Nate Green|Nick Buchert,48
0022200857,2022,0,2023-02-13,CHA,ATL,144.0,138.0,3,539,220,Brandon Adair|Derek Richardson|Mark Lindsay,33
0022200858,2022,0,2023-02-13,CLE,SAS,117.0,109.0,2,514,191,Aaron Smith|Mitchell Ervin|Robert Hussey,34
0022200859,2022,0,2023-02-13,IND,UTA,117.0,123.0,3,540,206,Evan Scott|John Goble|Nick Buchert,37
0022200860,2022,0,2023-02-13,PHI,HOU,123.0,104.0,3,532,202,Matt Boland|Suyash Mehta|Tre Maddox,35
0022200861,2022,0,2023-02-13,MIA,DEN,108.0,112.0,3,477,180,Courtney Kirkland|Jenna Schroeder|Ray Acosta,30
0022200862,2022,0,2023-02-13,NYK,BKN,124.0,106.0,3,526,181,Cheryl Flores|Jacyn Goble|Rodney Mott,39
0022200863,2022,0,2023-02-13,CHI,ORL,91.0,100.0,3,522,197,Dannica Mosher|Karl Lane|Marat Kogut,34
0022200864,2022,0,2023-02-13,OKC,NOP,100.0,103.0,3,543,193,Brandon Schwab|Brian Forte|Curtis Blair,31
0022200865,2022,0,2023-02-13,DAL,MIN,121.0,124.0,3,525,191,CJ Washington|JB DeRosa|Zach Zarba,46
0022200866,2022,0,2023-02-13,GSW,WAS,135.0,126.0,3,511,198,James Williams|Jason Goldenberg|Leon Wood,31
0022200867,2022,0,2023-02-13,POR,LAL,127.0,115.0,3,535,207,Brent Barnaky|Brett Nansel|Tyler Ford,28
0022200868,2022,0,2023-02-14,TOR,ORL,123.0,113.0,3,490,200,Ben Taylor|John Conley|Rodney Mott,26
0022200869,2022,0,2023-02-14,MIL,BOS,131.0,125.0,4,621,232,Ashley Moyer-Gleich|Jonathan Sterling|Marc Davis,41
0022200870,2022,0,2023-02-14,PHX,SAC,120.0,109.0,3,558,199,Curtis Blair|Ed Malloy|Jason Goldenberg,35
0022200871,2022,0,2023-02-14,LAC,GSW,134.0,124.0,3,547,194,David Guthrie|Mousa Dagher|Tyler Ford,42
0022200872,2022,0,2023-02-14,POR,WAS,101.0,126.0,3,536,199,Dedric Taylor|Justin Van Duyne|Pat Fraher,34
0022200873,2022,0,2023-02-15,CHA,SAS,120.0,110.0,3,628,217,Courtney Kirkland|Natalie Sago|Suyash Mehta,36
0022200874,2022,0,2023-02-15,IND,CHI,117.0,113.0,3,537,201,Jenna Schroeder|Sean Wright|Tom Washington,37
0022200875,2022,0,2023-02-15,PHI,CLE,118.0,112.0,3,507,185,Mark Lindsay|Matt Myers|Nick Buchert,37
0022200876,2022,0,2023-02-15,ATL,NYK,101.0,122.0,3,550,206,Brandon Schwab|Eric Lewis|Karl Lane,37
0022200877,2022,0,2023-02-15,BOS,DET,127.0,109.0,3,504,198,Andy Nagy|Tony Brothers|Tre Maddox,31
0022200878,2022,0,2023-02-15,BKN,MIA,116.0,105.0,3,518,183,Derek Richardson|Marat Kogut|Scott Foster,39
0022200879,2022,0,2023-02-15,MEM,UTA,117.0,111.0,3,612,207,Derrick Collins|James Williams|Michael Smith,37
0022200880,2022,0,2023-02-15,OKC,HOU,133.0,96.0,3,632,214,CJ Washington|Jacyn Goble|Mitchell Ervin,49
0022200881,2022,0,2023-02-15,DEN,DAL,118.0,109.0,3,501,196,Bill Kennedy|Brent Barnaky|Brett Nansel,26
0022200882,2022,0,2023-02-15,LAL,NOP,120.0,102.0,3,593,205,David Guthrie|JB DeRosa|Leon Wood,44
0022200883,2022,0,2023-02-16,CHI,MIL,100.0,112.0,3,557,191,John Butler|Rodney Mott|Tony Brothers,31
0022200884,2022,0,2023-02-16,MIN,WAS,106.0,114.0,3,557,207,Ed Malloy|Gediminas Petraitis|Matt Kallio,29
0022200885,2022,0,2023-02-16,PHX,LAC,107.0,116.0,3,540,199,Dedric Taylor|JB DeRosa|Pat Fraher,42
0022200886,2022,0,2023-02-23,CLE,DEN,109.0,115.0,3,523,187,Evan Scott|James Capers|Tom Washington,39
0022200887,2022,0,2023-02-23,IND,BOS,138.0,142.0,4,567,213,Ed Malloy|John Butler|Scott Twardoski,36
0022200888,2022,0,2023-02-23,ORL,DET,108.0,106.0,2,559,204,Brent Barnaky|John Goble|Scott Wall,38
0022200889,2022,0,2023-02-23,PHI,MEM,110.0,105.0,3,602,201,Brett Nansel|Brian Forte|Eric Lewis,50
0022200890,2022,0,2023-02-23,TOR,NOP,115.0,110.0,3,542,207,Andy Nagy|David Guthrie|Ray Acosta,36
0022200891,2022,0,2023-02-23,DAL,SAS,142.0,116.0,3,543,205,Karl Lane|Robert Hussey|Rodney Mott,41
0022200892,2022,0,2023-02-23,UTA,OKC,120.0,119.0,4,665,226,Gediminas Petraitis|Leon Wood|Tony Brothers,45
0022200893,2022,0,2023-02-23,LAL,GSW,124.0,111.0,3,574,212,Ashley Moyer-Gleich|Curtis Blair|Scott Foster,41
0022200894,2022,0,2023-02-23,SAC,POR,133.0,116.0,3,552,207,Cheryl Flores|Tre Maddox|Zach Zarba,36
0022200895,2022,0,2023-02-24,WAS,NYK,109.0,115.0,3,507,195,Josh Tiven|Justin Van Duyne|Phenizee Ransom,31
0022200896,2022,0,2023-02-24,ATL,CLE,136.0,119.0,3,553,209,Bill Kennedy|Jonathan Sterling|Mitchell Ervin,42
0022200897,2022,0,2023-02-24,MIL,MIA,128.0,99.0,3,566,213,Courtney Kirkland|Kevin Cutler|Matt Boland,31
0022200898,2022,0,2023-02-24,MIN,CHA,113.0,121.0,3,562,213,Ben Taylor|Jenna Schroeder|Ray Acosta,35
0022200899,2022,0,2023-02-24,PHX,OKC,124.0,115.0,3,562,202,Derek Richardson|Jacyn Goble|Kevin Scott,39
0022200900,2022,0,2023-02-24,CHI,BKN,131.0,87.0,3,506,200,Matt Myers|Michael Smith|Pat Fraher,36
0022200901,2022,0,2023-02-24,GSW,HOU,116.0,101.0,3,533,193,CJ Washington|Gediminas Petraitis|Zach Zarba,35
0022200902,2022,0,2023-02-24,LAC,SAC,175.0,176.0,5,654,262,Jason Goldenberg|Natalie Sago|Tony Brothers,48
0022200903,2022,0,2023-02-25,DET,TOR,91.0,95.0,3,572,197,JB DeRosa|John Butler|Sean Wright,41
0022200904,2022,0,2023-02-25,CHA,MIA,108.0,103.0,3,568,209,Eric Lewis|JT Orr|Sean Corbin,44
0022200905,2022,0,2023-02-25,ORL,IND,108.0,121.0,3,575,205,Brian Forte|James Capers|Leon Wood,42
0022200906,2022,0,2023-02-25,NYK,NOP,128.0,106.0,3,548,211,Dedric Taylor|Mark Lindsay|Tom Washington,34
0022200907,2022,0,2023-02-25,MEM,DEN,112.0,94.0,3,505,200,Brandon Adair|David Guthrie|Rodney Mott,23
0022200908,2022,0,2023-02-25,PHI,BOS,107.0,110.0,3,499,193,Karl Lane|Marat Kogut|Marc Davis,34
0022200909,2022,0,2023-02-25,UTA,SAS,118.0,102.0,3,586,207,Ashley Moyer-Gleich|Curtis Blair|Scott Foster,33
0022200910,2022,0,2023-02-26,MIL,PHX,104.0,101.0,3,594,190,James Williams|Mitchell Ervin|Ray Acosta,36
0022200911,2022,0,2023-02-26,ATL,BKN,129.0,127.0,3,569,210,Dannica Mosher|Kevin Cutler|Tyler Ford,37
0022200912,2022,0,2023-02-26,CHI,WAS,102.0,82.0,3,511,178,Bill Kennedy|Eric Dalen|Simone Jelks,31
0022200913,2022,0,2023-02-26,DAL,LAL,108.0,111.0,3,596,203,Aaron Smith|Gediminas Petraitis|John Goble,37
0022200914,2022,0,2023-02-26,CLE,TOR,118.0,93.0,2,508,195,Derrick Collins|Ed Malloy|Justin Van Duyne,29
0022200915,2022,0,2023-02-26,OKC,SAC,115.0,124.0,3,577,204,Ben Taylor|Matt Kallio|Michael Smith,33
0022200916,2022,0,2023-02-26,GSW,MIN,109.0,104.0,3,602,205,Jason Goldenberg|Natalie Sago|Tony Brothers,34
0022200917,2022,0,2023-02-26,POR,HOU,131.0,114.0,3,576,203,Ashley Moyer-Gleich|Curtis Blair|Kevin Scott,42
0022200918,2022,0,2023-02-26,DEN,LAC,134.0,124.0,3,589,219,Jacyn Goble|Mousa Dagher|Zach Zarba,47
0022200919,2022,0,2023-02-27,CHA,DET,117.0,106.0,3,529,202,Brett Nansel|Kevin Cutler|Scott Foster,37
0022200920,2022,0,2023-02-27,PHI,MIA,99.0,101.0,3,516,184,Leon Wood|Scott Twardoski|Sean Wright,39
0022200921,2022,0,2023-02-27,NYK,BOS,109.0,94.0,3,514,190,Courtney Kirkland|Derek Richardson|JB DeRosa,30
0022200922,2022,0,2023-02-27,NOP,ORL,93.0,101.0,3,526,190,CJ Washington|Mitchell Ervin|Pat Fraher,39
0022200923,2022,0,2023-02-28,ATL,WAS,116.0,119.0,3,525,194,Brandon Adair|Brian Forte|Ed Malloy,29
0022200924,2022,0,2023-02-28,BKN,MIL,104.0,118.0,3,603,215,David Guthrie|JT Orr|Scott Twardoski,36
0022200925,2022,0,2023-02-28,TOR,CHI,104.0,98.0,2,509,189,James Williams|Matt Boland|Tom Washington,31
0022200926,2022,0,2023-02-28,HOU,DEN,112.0,133.0,2,496,201,John Goble|Justin Van Duyne|Matt Kallio,22
0022200927,2022,0,2023-02-28,MEM,LAL,121.0,109.0,3,618,221,Cheryl Flores|Karl Lane|Tony Brothers,33
0022200928,2022,0,2023-02-28,OKC,SAC,117.0,123.0,3,577,213,Aaron Smith|Curtis Blair|Simone Jelks,37
0022200929,2022,0,2023-02-28,DAL,IND,122.0,124.0,3,564,200,Andy Nagy|Michael Smith|Tyler Ford,45
0022200930,2022,0,2023-02-28,UTA,SAS,94.0,102.0,3,600,205,Bill Kennedy|Natalie Sago|Nick Buchert,37
0022200931,2022,0,2023-02-28,GSW,POR,123.0,105.0,3,543,198,Jacyn Goble|Mousa Dagher|Rodney Mott,33
0022200932,2022,0,2023-02-28,LAC,MIN,101.0,108.0,3,550,213,Brent Barnaky|John Butler|Kevin Scott,33
0022200933,2022,0,2023-03-01,CHA,PHX,91.0,105.0,3,549,204,CJ Washington|John Conley|Zach Zarba,38
0022200934,2022,0,2023-03-01,DET,CHI,115.0,117.0,3,529,205,Ashley Moyer-Gleich|David Guthrie|Derek Richardson,42
0022200935,2022,0,2023-03-01,BOS,CLE,117.0,113.0,3,512,188,Josh Tiven|Kevin Cutler|Ray Acosta,35
0022200936,2022,0,2023-03-01,MIA,PHI,96.0,119.0,3,480,188,Ben Taylor|JB DeRosa|Jonathan Sterling,33
0022200937,2022,0,2023-03-01,NYK,BKN,142.0,118.0,3,533,211,Evan Scott|Gediminas Petraitis|Scott Foster,34
0022200938,2022,0,2023-03-01,HOU,MEM,99.0,113.0,3,546,188,Brett Nansel|Brian Forte|Scott Wall,36
0022200939,2022,0,2023-03-01,MIL,ORL,139.0,117.0,3,565,212,Brandon Adair|Matt Myers|Sean Wright,36
0022200940,2022,0,2023-03-01,OKC,LAL,117.0,123.0,2,597,198,Dedric Taylor|Eric Dalen|Tyler Ford,40
0022200941,2022,0,2023-03-01,POR,NOP,110.0,121.0,3,525,189,Brent Barnaky|Eric Lewis|Nate Green,36
0022200942,2022,0,2023-03-02,WAS,TOR,119.0,108.0,3,513,204,Aaron Smith|Marat Kogut|Tony Brothers,32
0022200943,2022,0,2023-03-02,DAL,PHI,133.0,126.0,3,512,202,Ed Malloy|JT Orr|Tom Washington,42
0022200944,2022,0,2023-03-02,SAS,IND,110.0,99.0,3,548,205,Brandon Schwab|John Goble|Rodney Mott,27
0022200945,2022,0,2023-03-02,GSW,LAC,115.0,91.0,3,582,208,Nick Buchert|Pat Fraher|Phenizee Ransom,41
0022200946,2022,0,2023-03-03,CHA,ORL,106.0,117.0,3,529,200,Derek Richardson|Gediminas Petraitis|Natalie Sago,36
0022200947,2022,0,2023-03-03,ATL,POR,129.0,111.0,3,542,209,Andy Nagy|JB DeRosa|John Butler,31
0022200948,2022,0,2023-03-03,BOS,BKN,105.0,115.0,3,562,209,Jonathan Sterling|Karl Lane|Kevin Scott,36
0022200949,2022,0,2023-03-03,MIA,NYK,120.0,122.0,3,497,190,Ashley Moyer-Gleich|Kevin Cutler|Zach Zarba,37
0022200950,2022,0,2023-03-03,CHI,PHX,104.0,125.0,3,527,183,Courtney Kirkland|Jacyn Goble|Leon Wood,35
0022200951,2022,0,2023-03-03,OKC,UTA,130.0,103.0,3,558,208,David Guthrie|Mousa Dagher|Tre Maddox,34
0022200952,2022,0,2023-03-03,DEN,MEM,113.0,97.0,3,595,195,Brent Barnaky|Dedric Taylor|James Williams,43
0022200953,2022,0,2023-03-03,GSW,NOP,108.0,99.0,3,526,193,Matt Myers|Michael Smith|Sean Wright,40
0022200954,2022,0,2023-03-03,SAC,LAC,128.0,127.0,3,541,200,Eric Lewis|Matt Boland|Mitchell Ervin,44
0022200955,2022,0,2023-03-03,LAL,MIN,102.0,110.0,3,537,200,Nate Green|Pat Fraher|Scott Twardoski,33
0022200956,2022,0,2023-03-04,WAS,TOR,109.0,116.0,4,530,200,Bill Kennedy|Dannica Mosher|Rodney Mott,31
0022200957,2022,0,2023-03-04,CLE,DET,114.0,90.0,3,546,207,Aaron Smith|Brandon Schwab|Justin Van Duyne,30
0022200958,2022,0,2023-03-04,MIA,ATL,117.0,109.0,3,515,203,Eric Dalen|Evan Scott|John Goble,38
0022200959,2022,0,2023-03-04,SAS,HOU,110.0,122.0,3,556,198,Ben Taylor|CJ Washington|Derrick Collins,39
0022200960,2022,0,2023-03-04,MIL,PHI,130.0,133.0,3,546,194,Marat Kogut|Scott Foster|Tyler Ford,43
0022200961,2022,0,2023-03-04,SAC,MIN,134.0,138.0,3,529,198,Nick Buchert|Phenizee Ransom|Sean Wright,41
0022200962,2022,0,2023-03-05,DAL,PHX,126.0,130.0,3,528,195,Curtis Blair|Dedric Taylor|Eric Lewis,46
0022200963,2022,0,2023-03-05,CHI,IND,122.0,125.0,3,487,190,Jason Goldenberg|Natalie Sago|Tony Brothers,35
0022200964,2022,0,2023-03-05,LAL,GSW,113.0,105.0,3,565,199,James Williams|Matt Boland|Mitchell Ervin,35
0022200965,2022,0,2023-03-05,BKN,CHA,102.0,86.0,3,534,205,Courtney Kirkland|John Butler|Scott Wall,26
0022200966,2022,0,2023-03-05,ORL,POR,119.0,122.0,2,552,206,Jonathan Sterling|Tom Washington|Zach Zarba,46
0022200967,2022,0,2023-03-05,HOU,SAS,142.0,110.0,3,542,209,Andy Nagy|Ashley Moyer-Gleich|Karl Lane,37
0022200968,2022,0,2023-03-05,OKC,UTA,129.0,119.0,3,570,208,Brent Barnaky|CJ Washington|Pat Fraher,39
0022200969,2022,0,2023-03-05,BOS,NYK,129.0,131.0,4,619,234,Brett Nansel|Ed Malloy|Tre Maddox,46
0022200970,2022,0,2023-03-05,LAC,MEM,135.0,129.0,3,525,206,Josh Tiven|Matt Myers|Michael Smith,39
0022200971,2022,0,2023-03-06,CLE,BOS,118.0,114.0,4,639,219,Jason Goldenberg|Tony Brothers|Tyler Ford,36
0022200972,2022,0,2023-03-06,IND,PHI,143.0,147.0,3,544,212,Bill Kennedy|Brett Nansel|Jacyn Goble,48
0022200973,2022,0,2023-03-05,WAS,MIL,111.0,117.0,3,553,203,Gediminas Petraitis|Justin Van Duyne|Ray Acosta,31
0022200974,2022,0,2023-03-06,MIA,ATL,130.0,128.0,3,539,197,Aaron Smith|Derrick Collins|Rodney Mott,39
0022200975,2022,0,2023-03-06,DEN,TOR,118.0,113.0,3,504,197,Nick Buchert|Robert Hussey|Scott Foster,32
0022200976,2022,0,2023-03-06,SAC,NOP,123.0,108.0,2,507,196,James Williams|Kevin Cutler|Mousa Dagher,27
0022200977,2022,0,2023-03-06,DET,POR,104.0,110.0,2,505,195,Brandon Adair|John Goble|Marat Kogut,34
0022200978,2022,0,2023-03-07,ORL,MIL,123.0,134.0,3,543,217,Ed Malloy|JB DeRosa|Scott Twardoski,34
0022200979,2022,0,2023-03-07,NYK,CHA,105.0,112.0,3,508,189,Ray Acosta|Sean Wright|Suyash Mehta,34
0022200980,2022,0,2023-03-07,MIN,PHI,94.0,117.0,3,523,195,Courtney Kirkland|Karl Lane|Matt Boland,32
0022200981,2022,0,2023-03-07,HOU,BKN,96.0,118.0,3,541,199,Brandon Schwab|Michael Smith|Nick Buchert,40
0022200982,2022,0,2023-03-07,OKC,GSW,137.0,128.0,3,558,217,Andy Nagy|Josh Tiven|Tom Washington,30
0022200983,2022,0,2023-03-07,DAL,UTA,120.0,116.0,3,585,222,Evan Scott|Kevin Scott|Mitchell Ervin,38
0022200984,2022,0,2023-03-07,LAL,MEM,112.0,103.0,3,576,216,Eric Lewis|JT Orr|Kevin Cutler,41
0022200985,2022,0,2023-03-08,WAS,ATL,120.0,122.0,3,530,204,Jenna Schroeder|Pat Fraher|Sean Corbin,32
0022200986,2022,0,2023-03-08,BOS,POR,115.0,93.0,3,525,207,Bill Kennedy|Dannica Mosher|Jacyn Goble,35
0022200987,2022,0,2023-03-08,MIA,CLE,100.0,104.0,3,533,193,CJ Washington|Gediminas Petraitis|Zach Zarba,35
0022200988,2022,0,2023-03-08,NOP,DAL,113.0,106.0,3,518,197,Ashley Moyer-Gleich|Natalie Sago|Scott Foster,32
0022200989,2022,0,2023-03-08,DEN,CHI,96.0,117.0,3,506,195,Marc Davis|Rodney Mott|Simone Jelks,31
0022200990,2022,0,2023-03-08,PHX,OKC,132.0,101.0,3,534,203,Brett Nansel|Brian Forte|James Williams,28
0022200991,2022,0,2023-03-08,LAC,TOR,108.0,100.0,3,510,191,Ben Taylor|Derek Richardson|Tre Maddox,39
0022200992,2022,0,2023-03-09,DET,CHA,103.0,113.0,3,557,202,Mark Lindsay|Mitchell Ervin|Scott Twardoski,37
0022200993,2022,0,2023-03-09,IND,HOU,134.0,125.0,4,619,225,Ed Malloy|John Conley|Matt Boland,41
0022200994,2022,0,2023-03-09,ORL,UTA,124.0,131.0,3,550,205,Justin Van Duyne|Phenizee Ransom|Tony Brothers,39
0022200995,2022,0,2023-03-09,MIL,BKN,118.0,113.0,3,596,214,Curtis Blair|John Goble|Leon Wood,23
0022200996,2022,0,2023-03-09,MEM,GSW,131.0,110.0,3,569,205,Brent Barnaky|Jason Goldenberg|Zach Zarba,34
0022200997,2022,0,2023-03-09,SAC,NYK,122.0,117.0,3,605,210,Ben Taylor|David Guthrie|JT Orr,45
0022200998,2022,0,2023-03-10,PHI,POR,120.0,119.0,3,517,192,Derrick Collins|Gediminas Petraitis|Scott Foster,39
0022200999,2022,0,2023-03-10,WAS,ATL,107.0,114.0,3,563,208,Eric Dalen|Jacyn Goble|Kevin Scott,30
0022201000,2022,0,2023-03-10,MIA,CLE,119.0,115.0,3,548,195,Josh Tiven|Karl Lane|Marat Kogut,35
0022201001,2022,0,2023-03-10,MIN,BKN,123.0,124.0,4,640,221,Matt Kallio|Pat Fraher|Sean Corbin,43
0022201002,2022,0,2023-03-10,SAS,DEN,128.0,120.0,3,533,214,Courtney Kirkland|Kevin Cutler|Matt Myers,33
0022201003,2022,0,2023-03-10,LAL,TOR,122.0,112.0,3,502,204,Brian Forte|Marc Davis|Ray Acosta,24
0022201004,2022,0,2023-03-11,LAC,NYK,106.0,95.0,3,513,187,Bill Kennedy|Brandon Adair|Tom Washington,35
0022201005,2022,0,2023-03-11,CHA,UTA,111.0,119.0,3,544,198,Brent Barnaky|Karl Lane|Simone Jelks,26
0022201006,2022,0,2023-03-11,DET,IND,115.0,121.0,3,575,214,Dedric Taylor|Eric Lewis|Justin Van Duyne,38
0022201007,2022,0,2023-03-11,ORL,MIA,126.0,114.0,4,571,221,Brandon Schwab|James Williams|Natalie Sago,32
0022201008,2022,0,2023-03-11,ATL,BOS,125.0,134.0,3,516,207,Matt Myers|Nick Buchert|Sean Wright,35
0022201009,2022,0,2023-03-11,HOU,CHI,111.0,119.0,3,529,196,Kevin Cutler|Leon Wood|Mark Lindsay,29
0022201010,2022,0,2023-03-11,MEM,DAL,112.0,108.0,3,511,194,CJ Washington|Curtis Blair|John Goble,31
0022201011,2022,0,2023-03-11,NOP,OKC,96.0,110.0,3,546,202,Nate Green|Scott Twardoski|Zach Zarba,35
0022201012,2022,0,2023-03-11,GSW,MIL,125.0,116.0,4,651,232,Ben Taylor|Brett Nansel|David Guthrie,27
0022201013,2022,0,2023-03-11,PHX,SAC,119.0,128.0,3,582,212,Marc Davis|Ray Acosta|Tre Maddox,43
0022201014,2022,0,2023-03-12,DEN,BKN,120.0,122.0,3,544,191,Brian Forte|Ed Malloy|John Butler,37
0022201015,2022,0,2023-03-12,CHA,CLE,108.0,114.0,3,553,201,Jonathan Sterling|Matt Boland|Pat Fraher,43
0022201016,2022,0,2023-03-12,PHI,WAS,112.0,93.0,3,521,183,Matt Kallio|Mitchell Ervin|Sean Wright,38
0022201017,2022,0,2023-03-12,NOP,POR,127.0,110.0,3,547,214,JT Orr|Sean Corbin|Tyler Ford,38
0022201018,2022,0,2023-03-12,SAS,OKC,90.0,102.0,3,570,203,JB DeRosa|Jason Goldenberg|Tony Brothers,31
0022201019,2022,0,2023-03-12,LAL,NYK,108.0,112.0,3,517,191,Courtney Kirkland|Derek Richardson|Rodney Mott,32
0022201020,2022,0,2023-03-13,DET,IND,117.0,97.0,2,536,198,Brent Barnaky|Kevin Scott|Suyash Mehta,30
0022201021,2022,0,2023-03-13,ATL,MIN,115.0,136.0,3,575,217,CJ Washington|Mitchell Ervin|Scott Foster,38
0022201022,2022,0,2023-03-13,MIA,UTA,119.0,115.0,3,539,203,Dedric Taylor|Eric Lewis|Nick Buchert,37
0022201023,2022,0,2023-03-13,DAL,MEM,88.0,104.0,3,517,197,James Williams|Kevin Cutler|Ray Acosta,26
0022201024,2022,0,2023-03-13,HOU,BOS,111.0,109.0,3,558,195,Ben Taylor|Robert Hussey|Scott Twardoski,38
0022201025,2022,0,2023-03-13,GSW,PHX,123.0,112.0,3,588,200,Brandon Adair|Josh Tiven|Tom Washington,39
0022201026,2022,0,2023-03-13,SAC,MIL,124.0,133.0,3,548,207,Bill Kennedy|Eric Dalen|Karl Lane,32
0022201027,2022,0,2023-03-14,CHA,CLE,104.0,120.0,3,496,195,Curtis Blair|Dannica Mosher|JB DeRosa,34
0022201028,2022,0,2023-03-14,WAS,DET,117.0,97.0,3,518,193,David Guthrie|Natalie Sago|Simone Jelks,30
0022201029,2022,0,2023-03-14,TOR,DEN,125.0,110.0,3,517,192,Ashley Moyer-Gleich|Gediminas Petraitis|Tony Brothers,31
0022201030,2022,0,2023-03-14,NOP,LAL,108.0,123.0,3,581,199,James Williams|Marat Kogut|Michael Smith,37
0022201031,2022,0,2023-03-14,OKC,BKN,121.0,107.0,2,571,207,JT Orr|Mark Lindsay|Ray Acosta,39
0022201032,2022,0,2023-03-14,SAS,ORL,132.0,114.0,3,536,202,Ed Malloy|John Conley|Sean Corbin,32
0022201033,2022,0,2023-03-14,PHX,MIL,104.0,116.0,3,579,206,Courtney Kirkland|John Butler|Rodney Mott,36
0022201034,2022,0,2023-03-14,POR,NYK,107.0,123.0,3,548,203,Jenna Schroeder|Josh Tiven|Tre Maddox,30
0022201035,2022,0,2023-03-15,CLE,PHI,109.0,118.0,3,510,189,Derek Richardson|John Goble|Nick Buchert,34
0022201036,2022,0,2023-03-15,MIA,MEM,138.0,119.0,3,507,205,Jacyn Goble|Marc Davis|Phenizee Ransom,32
0022201037,2022,0,2023-03-15,CHI,SAC,114.0,117.0,3,589,208,JB DeRosa|Matt Myers|Zach Zarba,39
0022201038,2022,0,2023-03-15,HOU,LAL,114.0,110.0,3,569,202,Dedric Taylor|Jason Goldenberg|Pat Fraher,39
0022201039,2022,0,2023-03-15,MIN,BOS,102.0,104.0,3,541,191,Brian Forte|Derrick Collins|Justin Van Duyne,38
0022201040,2022,0,2023-03-15,SAS,DAL,128.0,137.0,4,640,224,Jonathan Sterling|Mitchell Ervin|Scott Foster,47
0022201041,2022,0,2023-03-15,LAC,GSW,134.0,126.0,2,543,208,Eric Dalen|Karl Lane|Kevin Scott,38
0022201042,2022,0,2023-03-16,DET,DEN,100.0,119.0,3,524,191,Aaron Smith|Andy Nagy|Sean Wright,33
0022201043,2022,0,2023-03-16,BKN,SAC,96.0,101.0,3,557,187,David Guthrie|Gediminas Petraitis|Matt Boland,37
0022201044,2022,0,2023-03-16,TOR,OKC,128.0,111.0,3,597,204,Ben Taylor|Brandon Schwab|Eric Lewis,33
0022201045,2022,0,2023-03-16,MIL,IND,123.0,139.0,3,552,215,Ashley Moyer-Gleich|Michael Smith|Tony Brothers,33
0022201046,2022,0,2023-03-16,PHX,ORL,116.0,113.0,3,544,209,Jenna Schroeder|Mark Lindsay|Tyler Ford,33
0022201047,2022,0,2023-03-17,CHA,PHI,82.0,121.0,3,537,201,Brian Forte|Courtney Kirkland|Nate Green,34
0022201048,2022,0,2023-03-17,ATL,GSW,127.0,119.0,3,595,216,John Goble|Natalie Sago|Rodney Mott,33
0022201049,2022,0,2023-03-17,CLE,WAS,117.0,94.0,2,513,194,Leon Wood|Tre Maddox|Zach Zarba,34
0022201050,2022,0,2023-03-17,CHI,MIN,139.0,131.0,3,623,230,Derek Richardson|Jacyn Goble|James Williams,41
0022201051,2022,0,2023-03-17,HOU,NOP,114.0,112.0,3,536,190,Dannica Mosher|Marc Davis|Tom Washington,34
0022201052,2022,0,2023-03-17,SAS,MEM,120.0,126.0,4,633,227,Bill Kennedy|Evan Scott|Justin Van Duyne,36
0022201053,2022,0,2023-03-17,POR,BOS,112.0,126.0,3,576,204,Curtis Blair|Eric Dalen|Kevin Scott,41
0022201054,2022,0,2023-03-17,LAL,DAL,110.0,111.0,3,563,188,Brett Nansel|Josh Tiven|Tyler Ford,40
0022201055,2022,0,2023-03-18,NYK,DEN,116.0,110.0,2,484,189,David Guthrie|Marat Kogut|Michael Smith,35
0022201056,2022,0,2023-03-18,LAC,ORL,108.0,113.0,3,545,204,JT Orr|Scott Foster|Scott Twardoski,42
0022201057,2022,0,2023-03-18,IND,PHI,121.0,141.0,3,496,198,Aaron Smith|James Williams|Sean Corbin,33
0022201058,2022,0,2023-03-18,TOR,MIN,122.0,107.0,3,546,208,Ed Malloy|JB DeRosa|Scott Wall,42
0022201059,2022,0,2023-03-18,WAS,SAC,118.0,132.0,3,545,202,Brian Forte|Rodney Mott|Suyash Mehta,38
0022201060,2022,0,2023-03-18,CHI,MIA,113.0,99.0,3,464,182,Ashley Moyer-Gleich|Karl Lane|Sean Wright,26
0022201061,2022,0,2023-03-18,MEM,GSW,133.0,119.0,3,601,196,Derrick Collins|Eric Lewis|Gediminas Petraitis,42
0022201062,2022,0,2023-03-18,UTA,BOS,118.0,117.0,3,517,192,Kevin Cutler|Mark Lindsay|Mousa Dagher,30
0022201063,2022,0,2023-03-19,BKN,DEN,102.0,108.0,3,473,186,Ben Taylor|John Goble|Leon Wood,28
0022201064,2022,0,2023-03-19,OKC,PHX,124.0,120.0,3,622,213,Bill Kennedy|Brent Barnaky|Matt Kallio,45
0022201065,2022,0,2023-03-19,SAS,ATL,126.0,118.0,3,542,203,Pat Fraher|Robert Hussey|Tom Washington,27
0022201066,2022,0,2023-03-19,DET,MIA,100.0,112.0,3,461,185,Courtney Kirkland|Evan Scott|John Butler,33
0022201067,2022,0,2023-03-19,HOU,NOP,107.0,117.0,3,530,186,Derek Richardson|Nick Buchert|Tony Brothers,41
0022201068,2022,0,2023-03-19,MIL,TOR,118.0,111.0,3,519,196,Natalie Sago|Tre Maddox|Zach Zarba,28
0022201069,2022,0,2023-03-19,POR,LAC,102.0,117.0,3,514,195,Brett Nansel|Marc Davis|Tyler Ford,31
0022201070,2022,0,2023-03-19,LAL,ORL,111.0,105.0,2,554,198,Curtis Blair|Kevin Scott|Mousa Dagher,43
0022201071,2022,0,2023-03-20,CHA,IND,115.0,109.0,3,592,206,Derrick Collins|Jacyn Goble|Mark Lindsay,44
0022201072,2022,0,2023-03-20,PHI,CHI,105.0,109.0,5,612,221,Eric Dalen|Josh Tiven|Kevin Cutler,40
0022201073,2022,0,2023-03-20,NYK,MIN,134.0,140.0,3,527,209,Eric Lewis|Jason Goldenberg|Mitchell Ervin,40
0022201074,2022,0,2023-03-20,HOU,GSW,108.0,121.0,3,544,205,Brent Barnaky|James Williams|Ray Acosta,27
0022201075,2022,0,2023-03-20,MEM,DAL,112.0,108.0,3,530,188,Brian Forte|Scott Twardoski|Tony Brothers,34
0022201076,2022,0,2023-03-20,UTA,SAC,128.0,120.0,3,551,209,JT Orr|Justin Van Duyne|Scott Foster,39
0022201077,2022,0,2023-03-21,ORL,WAS,122.0,112.0,3,509,206,Dedric Taylor|John Butler|John Goble,37
0022201078,2022,0,2023-03-21,ATL,DET,129.0,107.0,3,580,201,Bill Kennedy|Karl Lane|Matt Boland,44
0022201079,2022,0,2023-03-21,BKN,CLE,109.0,115.0,3,545,192,Ashley Moyer-Gleich|Courtney Kirkland|Rodney Mott,36
0022201080,2022,0,2023-03-21,NOP,SAS,119.0,84.0,3,553,201,Jonathan Sterling|Sean Wright|Tre Maddox,35
0022201081,2022,0,2023-03-21,SAC,BOS,109.0,132.0,3,535,189,Brett Nansel|JB DeRosa|Marc Davis,30
0022201082,2022,0,2023-03-21,LAC,OKC,100.0,101.0,3,534,189,Curtis Blair|Gediminas Petraitis|Mousa Dagher,33
0022201083,2022,0,2023-03-22,WAS,DEN,104.0,118.0,3,493,186,Derrick Collins|Kevin Cutler|Mark Lindsay,32
0022201084,2022,0,2023-03-22,MIA,NYK,127.0,120.0,3,512,201,Brian Forte|Kevin Scott|Ray Acosta,36
0022201085,2022,0,2023-03-22,TOR,IND,114.0,118.0,3,546,199,Jason Goldenberg|Josh Tiven|Nick Buchert,45
0022201086,2022,0,2023-03-22,DAL,GSW,125.0,127.0,3,547,200,Andy Nagy|Michael Smith|Sean Wright,36
0022201087,2022,0,2023-03-22,CHI,PHI,91.0,116.0,3,555,191,Brent Barnaky|Ed Malloy|Evan Scott,34
0022201088,2022,0,2023-03-22,MEM,HOU,130.0,125.0,3,572,199,Nate Green|Pat Fraher|Sean Corbin,41
0022201089,2022,0,2023-03-22,MIL,SAS,130.0,94.0,3,606,222,Aaron Smith|Eric Dalen|Tyler Ford,32
0022201090,2022,0,2023-03-22,MIN,ATL,125.0,124.0,3,569,207,Ben Taylor|Cheryl Flores|Scott Twardoski,37
0022201091,2022,0,2023-03-22,UTA,POR,115.0,127.0,3,572,213,David Guthrie|Derek Richardson|JB DeRosa,44
0022201092,2022,0,2023-03-22,LAL,PHX,122.0,111.0,3,560,205,Gediminas Petraitis|Marat Kogut|Scott Foster,45
0022201093,2022,0,2023-03-23,ORL,NYK,111.0,106.0,1,529,201,Leon Wood|Rodney Mott|Zach Zarba,34
0022201094,2022,0,2023-03-23,BKN,CLE,114.0,116.0,3,537,196,Eric Lewis|Kevin Cutler|Scott Wall,38
0022201095,2022,0,2023-03-23,NOP,CHA,115.0,96.0,3,522,206,Bill Kennedy|Dedric Taylor|Natalie Sago,28
0022201096,2022,0,2023-03-23,LAC,OKC,127.0,105.0,3,502,196,John Butler|Tony Brothers|Tre Maddox,26
0022201097,2022,0,2023-03-24,BOS,IND,120.0,95.0,3,539,209,Courtney Kirkland|Curtis Blair|Robert Hussey,28
0022201098,2022,0,2023-03-24,WAS,SAS,136.0,124.0,3,518,199,Dannica Mosher|Eric Lewis|Nick Buchert,35
0022201099,2022,0,2023-03-24,TOR,DET,118.0,97.0,3,537,194,John Goble|Matt Myers|Mitchell Ervin,38
0022201100,2022,0,2023-03-24,MEM,HOU,151.0,114.0,3,497,209,Brandon Adair|Karl Lane|Michael Smith,29
0022201101,2022,0,2023-03-24,DAL,CHA,109.0,117.0,3,558,201,Eric Dalen|Evan Scott|Marc Davis,35
0022201102,2022,0,2023-03-24,UTA,MIL,116.0,144.0,3,607,219,Ashley Moyer-Gleich|James Williams|Matt Boland,32
0022201103,2022,0,2023-03-24,GSW,PHI,120.0,112.0,3,544,202,JT Orr|Jacyn Goble|Tony Brothers,38
0022201104,2022,0,2023-03-24,POR,CHI,96.0,124.0,3,504,197,Gediminas Petraitis|Marat Kogut|Pat Fraher,27
0022201105,2022,0,2023-03-24,SAC,PHX,135.0,127.0,3,559,198,Andy Nagy|Ed Malloy|Sean Corbin,44
0022201106,2022,0,2023-03-24,LAL,OKC,116.0,111.0,3,562,196,Brandon Schwab|David Guthrie|JB DeRosa,30
0022201107,2022,0,2023-03-25,ATL,IND,143.0,130.0,3,522,205,Brian Forte|Scott Wall|Zach Zarba,29
0022201108,2022,0,2023-03-25,MIA,BKN,100.0,129.0,3,499,179,Brent Barnaky|CJ Washington|Mark Lindsay,36
0022201109,2022,0,2023-03-25,DEN,MIL,129.0,106.0,3,557,209,Jenna Schroeder|Justin Van Duyne|Sean Wright,35
0022201110,2022,0,2023-03-25,PHX,PHI,125.0,105.0,3,533,187,Ben Taylor|James Williams|Jonathan Sterling,35
0022201111,2022,0,2023-03-25,SAC,UTA,121.0,113.0,3,536,201,Brandon Schwab|Jacyn Goble|Pat Fraher,26
0022201112,2022,0,2023-03-25,LAC,NOP,110.0,131.0,3,504,205,Ashley Moyer-Gleich|David Guthrie|Matt Boland,30
0022201113,2022,0,2023-03-26,CHA,DAL,110.0,104.0,3,548,198,Kevin Scott|Nick Buchert|Robert Hussey,39
0022201114,2022,0,2023-03-26,LAL,CHI,108.0,118.0,3,516,191,Andy Nagy|Sean Corbin|Tony Brothers,35
0022201115,2022,0,2023-03-26,ATL,MEM,119.0,123.0,3,548,204,Aaron Smith|Josh Tiven|Matt Myers,33
0022201116,2022,0,2023-03-26,BOS,SAS,137.0,93.0,3,551,218,Jason Goldenberg|John Goble|Lauren Holtkamp,30
0022201117,2022,0,2023-03-26,CLE,HOU,108.0,91.0,3,515,185,Dedric Taylor|Phenizee Ransom|Scott Foster,33
0022201118,2022,0,2023-03-26,ORL,BKN,119.0,106.0,3,548,200,Brett Nansel|Karl Lane|Mitchell Ervin,39
0022201119,2022,0,2023-03-26,TOR,WAS,114.0,104.0,3,552,201,Courtney Kirkland|Curtis Blair|Natalie Sago,26
0022201120,2022,0,2023-03-26,POR,OKC,112.0,118.0,3,560,205,Ed Malloy|Rodney Mott|Suyash Mehta,37
0022201121,2022,0,2023-03-26,GSW,MIN,96.0,99.0,3,571,200,Bill Kennedy|Ray Acosta|Tre Maddox,30
0022201122,2022,0,2023-03-27,DET,MIL,117.0,126.0,3,597,202,Curtis Blair|JB DeRosa|Matt Kallio,42
0022201123,2022,0,2023-03-27,IND,DAL,104.0,127.0,3,515,198,Ben Taylor|Justin Van Duyne|Mousa Dagher,36
0022201124,2022,0,2023-03-27,NYK,HOU,137.0,115.0,3,537,206,Derek Richardson|Marc Davis|Tyler Ford,38
0022201125,2022,0,2023-03-27,UTA,PHX,103.0,117.0,3,577,196,John Butler|Scott Twardoski|Zach Zarba,35
0022201126,2022,0,2023-03-27,DEN,PHI,116.0,111.0,3,508,196,John Conley|Michael Smith|Pat Fraher,34
0022201127,2022,0,2023-03-27,POR,NOP,90.0,124.0,3,502,198,Eric Lewis|Jacyn Goble|Jonathan Sterling,26
0022201128,2022,0,2023-03-27,SAC,MIN,115.0,119.0,3,568,193,Ashley Moyer-Gleich|Leon Wood|Sean Wright,48
0022201129,2022,0,2023-03-27,LAC,CHI,124.0,112.0,3,496,196,Brandon Schwab|James Williams|Ray Acosta,26
0022201130,2022,0,2023-03-28,WAS,BOS,130.0,111.0,3,501,203,Brent Barnaky|Marc Davis|Matt Myers,21
0022201131,2022,0,2023-03-28,ATL,CLE,120.0,118.0,3,549,200,Brett Nansel|CJ Washington|David Guthrie,37
0022201132,2022,0,2023-03-28,TOR,MIA,106.0,92.0,3,485,186,Brian Forte|Eric Dalen|Scott Foster,19
0022201133,2022,0,2023-03-28,MEM,ORL,113.0,108.0,3,567,215,Kevin Scott|Nick Buchert|Simone Jelks,30
0022201134,2022,0,2023-03-28,OKC,CHA,134.0,137.0,3,600,223,Jenna Schroeder|Mark Lindsay|Sean Corbin,41
0022201135,2022,0,2023-03-28,GSW,NOP,120.0,109.0,3,557,203,Derrick Collins|Ed Malloy|Kevin Cutler,31
0022201136,2022,0,2023-03-29,IND,MIL,136.0,149.0,3,597,222,Dedric Taylor|Natalie Sago|Pat Fraher,38
0022201137,2022,0,2023-03-29,BKN,HOU,123.0,114.0,3,523,195,Curtis Blair|Josh Tiven|Matt Kallio,36
0022201138,2022,0,2023-03-29,NYK,MIA,101.0,92.0,3,463,186,Andy Nagy|Justin Van Duyne|Tony Brothers,28
0022201139,2022,0,2023-03-29,PHI,DAL,116.0,108.0,3,511,189,Aaron Smith|Karl Lane|Tyler Ford,39
0022201140,2022,0,2023-03-29,CHI,LAL,110.0,121.0,3,548,199,Ben Taylor|Jason Goldenberg|John Goble,33
0022201141,2022,0,2023-03-29,MEM,LAC,132.0,141.0,3,521,213,Bill Kennedy|Jacyn Goble|Scott Wall,38
0022201142,2022,0,2023-03-29,OKC,DET,107.0,106.0,3,525,190,Courtney Kirkland|John Conley|Ray Acosta,35
0022201143,2022,0,2023-03-29,SAS,UTA,117.0,128.0,3,558,217,Michael Smith|Sean Wright|Suyash Mehta,29
0022201144,2022,0,2023-03-29,PHX,MIN,107.0,100.0,3,562,200,Eric Lewis|Lauren Holtkamp|Rodney Mott,30
0022201145,2022,0,2023-03-29,POR,SAC,80.0,120.0,3,541,206,Brandon Adair|Tre Maddox|Zach Zarba,26
0022201146,2022,0,2023-03-30,MIL,BOS,99.0,140.0,3,544,202,Kevin Scott|Matt Boland|Scott Twardoski,31
0022201147,2022,0,2023-03-30,DEN,NOP,88.0,107.0,3,530,186,Leon Wood|Mark Lindsay|Mitchell Ervin,40
0022201148,2022,0,2023-03-31,CHA,CHI,91.0,121.0,1,491,192,Bill Kennedy|Gediminas Petraitis|Phenizee Ransom,31
0022201149,2022,0,2023-03-31,IND,OKC,121.0,117.0,3,637,211,Dannica Mosher|Marc Davis|Michael Smith,43
0022201150,2022,0,2023-03-31,PHI,TOR,117.0,110.0,3,477,180,Ashley Moyer-Gleich|Curtis Blair|David Guthrie,34
0022201151,2022,0,2023-03-31,WAS,ORL,109.0,116.0,3,544,206,Aaron Smith|Ben Taylor|JB DeRosa,34
0022201152,2022,0,2023-03-31,BOS,UTA,122.0,114.0,3,537,211,Dedric Taylor|Karl Lane|Tony Brothers,25
0022201153,2022,0,2023-03-31,BKN,ATL,124.0,107.0,3,516,193,Brian Forte|Derek Richardson|James Williams,28
0022201154,2022,0,2023-03-31,CLE,NYK,116.0,130.0,3,486,191,Ed Malloy|Eric Dalen|Natalie Sago,31
0022201155,2022,0,2023-03-31,HOU,DET,121.0,115.0,3,582,199,CJ Washington|Eric Lewis|Marat Kogut,47
0022201156,2022,0,2023-03-31,MEM,LAC,108.0,94.0,3,540,210,Jonathan Sterling|Josh Tiven|Justin Van Duyne,26
0022201157,2022,0,2023-03-31,MIN,LAL,111.0,123.0,2,592,210,Brent Barnaky|Matt Myers|Scott Foster,37
0022201158,2022,0,2023-03-31,GSW,SAS,130.0,115.0,3,594,201,Brett Nansel|John Butler|Zach Zarba,34
0022201159,2022,0,2023-03-31,POR,SAC,114.0,138.0,3,555,203,John Goble|Kevin Cutler|Lauren Holtkamp,33
0022201160,2022,0,2023-03-31,PHX,DEN,100.0,93.0,3,546,198,Brandon Adair|Courtney Kirkland|Nick Buchert,30
0022201161,2022,0,2023-04-01,MIA,DAL,129.0,122.0,3,475,198,Brandon Schwab|Sean Corbin|Sean Wright,32
0022201162,2022,0,2023-04-01,NOP,LAC,122.0,114.0,3,523,190,Evan Scott|Pat Fraher|Tyler Ford,42
0022201163,2022,0,2023-04-02,CHA,TOR,108.0,128.0,3,508,197,Dedric Taylor|Ray Acosta|Tony Brothers,21
0022201164,2022,0,2023-04-02,BKN,UTA,111.0,110.0,3,572,205,JB DeRosa|Matt Boland|Rodney Mott,44
0022201165,2022,0,2023-04-02,CHI,MEM,128.0,107.0,3,514,200,Ashley Moyer-Gleich|Ed Malloy|Marat Kogut,31
0022201166,2022,0,2023-04-02,MIN,POR,105.0,107.0,2,531,198,Jenna Schroeder|Justin Van Duyne|Marc Davis,38
0022201167,2022,0,2023-04-02,ATL,DAL,132.0,130.0,4,592,227,Jacyn Goble|Mark Lindsay|Natalie Sago,36
0022201168,2022,0,2023-04-02,NYK,WAS,118.0,109.0,3,486,201,Michael Smith|Scott Foster|Scott Twardoski,31
0022201169,2022,0,2023-04-02,ORL,DET,128.0,102.0,3,550,203,Brent Barnaky|Derek Richardson|Sean Wright,50
0022201170,2022,0,2023-04-02,SAC,SAS,134.0,142.0,3,650,228,Courtney Kirkland|Nate Green|Nick Buchert,43
0022201171,2022,0,2023-04-02,HOU,LAL,109.0,134.0,3,523,200,Aaron Smith|Bill Kennedy|Brandon Adair,27
0022201172,2022,0,2023-04-02,OKC,PHX,118.0,128.0,3,568,197,David Guthrie|Gediminas Petraitis|Suyash Mehta,46
0022201173,2022,0,2023-04-02,CLE,IND,115.0,105.0,2,571,203,Ben Taylor|JT Orr|Kevin Scott,41
0022201174,2022,0,2023-04-02,MIL,PHI,117.0,104.0,3,508,188,Derrick Collins|Josh Tiven|Mitchell Ervin,30
0022201175,2022,0,2023-04-02,DEN,GSW,112.0,110.0,3,594,203,John Goble|Lauren Holtkamp|Tre Maddox,35
0022201176,2022,0,2023-04-04,CHA,TOR,100.0,120.0,3,534,194,CJ Washington|Ed Malloy|Marat Kogut,38
0022201177,2022,0,2023-04-04,DET,MIA,105.0,118.0,3,478,186,Natalie Sago|Pat Fraher|Robert Hussey,38
0022201178,2022,0,2023-04-04,ORL,CLE,113.0,117.0,2,496,193,Brian Forte|Curtis Blair|John Conley,32
0022201179,2022,0,2023-04-04,WAS,MIL,128.0,140.0,3,578,220,Andy Nagy|Gediminas Petraitis|Tyler Ford,35
0022201180,2022,0,2023-04-04,BKN,MIN,102.0,107.0,3,517,190,Kevin Cutler|Scott Twardoski|Zach Zarba,30
0022201181,2022,0,2023-04-04,PHI,BOS,103.0,101.0,3,514,178,Eric Lewis|JB DeRosa|JT Orr,32
0022201182,2022,0,2023-04-04,CHI,ATL,105.0,123.0,2,528,205,Matt Boland|Rodney Mott|Sean Corbin,33
0022201183,2022,0,2023-04-04,HOU,DEN,124.0,103.0,3,571,205,Dannica Mosher|Eric Dalen|James Williams,33
0022201184,2022,0,2023-04-04,MEM,POR,119.0,109.0,3,518,206,Brent Barnaky|Mark Lindsay|Matt Kallio,25
0022201185,2022,0,2023-04-04,NOP,SAC,103.0,121.0,3,553,198,Derrick Collins|Kevin Scott|Ray Acosta,34
0022201186,2022,0,2023-04-04,UTA,LAL,133.0,135.0,3,608,225,Cheryl Flores|John Goble|Nick Buchert,42
0022201187,2022,0,2023-04-04,GSW,OKC,136.0,125.0,3,593,205,Courtney Kirkland|Karl Lane|Nate Green,40
0022201188,2022,0,2023-04-04,PHX,SAS,115.0,94.0,3,550,198,Aaron Smith|Marc Davis|Scott Wall,27
0022201189,2022,0,2023-04-05,DET,BKN,108.0,123.0,3,498,189,Ashley Moyer-Gleich|Gediminas Petraitis|Jenna Schroeder,28
0022201190,2022,0,2023-04-05,IND,NYK,129.0,138.0,3,553,214,Kevin Cutler|Matt Boland|Tony Brothers,35
0022201191,2022,0,2023-04-05,ATL,WAS,134.0,116.0,2,582,216,Brent Barnaky|Curtis Blair|Jason Goldenberg,45
0022201192,2022,0,2023-04-05,BOS,TOR,97.0,93.0,3,535,196,Andy Nagy|Michael Smith|Sean Wright,31
0022201193,2022,0,2023-04-05,MIL,CHI,105.0,92.0,3,519,194,Brett Nansel|David Guthrie|Tre Maddox,22
0022201194,2022,0,2023-04-05,NOP,MEM,138.0,131.0,4,640,224,Brandon Schwab|Dedric Taylor|Scott Foster,44
0022201195,2022,0,2023-04-05,DAL,SAC,123.0,119.0,3,557,196,Bill Kennedy|Brandon Adair|Justin Van Duyne,33
0022201196,2022,0,2023-04-05,LAC,LAL,125.0,118.0,3,520,213,John Butler|Karl Lane|Marc Davis,34
0022201197,2022,0,2023-04-06,ORL,CLE,94.0,118.0,3,515,203,JB DeRosa|Mark Lindsay|Matt Myers,28
0022201198,2022,0,2023-04-06,PHI,MIA,101.0,129.0,3,451,193,CJ Washington|Ed Malloy|Jacyn Goble,24
0022201199,2022,0,2023-04-06,SAS,POR,129.0,127.0,3,601,214,Pat Fraher|Phenizee Ransom|Sean Corbin,32
0022201200,2022,0,2023-04-06,UTA,OKC,98.0,114.0,3,569,209,Aaron Smith|Josh Tiven|Scott Wall,35
0022201201,2022,0,2023-04-06,PHX,DEN,119.0,115.0,3,472,189,Kevin Scott|Mitchell Ervin|Ray Acosta,32
0022201202,2022,0,2023-04-07,CHA,HOU,109.0,112.0,3,584,211,John Conley|Natalie Sago|Sean Wright,39
0022201203,2022,0,2023-04-07,IND,DET,115.0,122.0,3,539,212,Curtis Blair|John Goble|Suyash Mehta,41
0022201204,2022,0,2023-04-07,WAS,MIA,114.0,108.0,2,534,211,Courtney Kirkland|Evan Scott|Rodney Mott,40
0022201205,2022,0,2023-04-07,ATL,PHI,131.0,136.0,4,624,243,Ashley Moyer-Gleich|Kevin Cutler|Tony Brothers,35
0022201206,2022,0,2023-04-07,BOS,TOR,121.0,102.0,3,498,192,Brandon Adair|David Guthrie|Jason Goldenberg,30
0022201207,2022,0,2023-04-07,BKN,ORL,101.0,84.0,3,551,198,Eric Dalen|Eric Lewis|Tre Maddox,30
0022201208,2022,0,2023-04-07,MIL,MEM,114.0,137.0,3,537,207,Ben Taylor|Jonathan Sterling|Zach Zarba,26
0022201209,2022,0,2023-04-07,NOP,NYK,113.0,105.0,3,488,193,Bill Kennedy|Brett Nansel|Nick Buchert,30
0022201210,2022,0,2023-04-07,DAL,CHI,112.0,115.0,2,486,201,Karl Lane|Mousa Dagher|Scott Foster,29
0022201211,2022,0,2023-04-07,SAC,GSW,97.0,119.0,3,568,202,Brian Forte|Josh Tiven|Scott Twardoski,30
0022201212,2022,0,2023-04-07,LAL,PHX,121.0,107.0,3,555,210,Dedric Taylor|James Williams|Justin Van Duyne,22
0022201213,2022,0,2023-04-08,UTA,DEN,118.0,114.0,3,562,214,JT Orr|Pat Fraher|Sean Corbin,31
0022201214,2022,0,2023-04-08,SAS,MIN,131.0,151.0,3,577,216,Andy Nagy|Jacyn Goble|Mark Lindsay,32
0022201215,2022,0,2023-04-08,LAC,POR,136.0,125.0,3,540,208,Kevin Scott|Mitchell Ervin|Ray Acosta,37
0022201216,2022,0,2023-04-09,BOS,ATL,120.0,114.0,3,494,197,Eric Dalen|Tre Maddox|Zach Zarba,22
0022201217,2022,0,2023-04-09,BKN,PHI,105.0,134.0,3,548,212,Brent Barnaky|David Guthrie|Natalie Sago,41
0022201218,2022,0,2023-04-09,CLE,CHA,95.0,106.0,3,544,205,Brett Nansel|Kevin Cutler|Matt Boland,34
0022201219,2022,0,2023-04-09,MIA,ORL,123.0,110.0,3,523,204,Ben Taylor|Gediminas Petraitis|Scott Wall,36
0022201220,2022,0,2023-04-09,NYK,IND,136.0,141.0,3,595,225,Courtney Kirkland|Dannica Mosher|JB DeRosa,43
0022201221,2022,0,2023-04-09,TOR,MIL,121.0,105.0,3,509,204,Aaron Smith|John Goble|Rodney Mott,30
0022201222,2022,0,2023-04-09,WAS,HOU,109.0,114.0,3,539,210,Ashley Moyer-Gleich|Eric Lewis|Matt Myers,34
0022201223,2022,0,2023-04-09,CHI,DET,103.0,81.0,3,518,201,Leon Wood|Marc Davis|Michael Smith,31
0022201224,2022,0,2023-04-09,DAL,SAS,117.0,138.0,3,574,228,CJ Washington|Ed Malloy|Marat Kogut,34
0022201225,2022,0,2023-04-09,MIN,NOP,113.0,108.0,3,598,208,Jason Goldenberg|Karl Lane|Tony Brothers,43
0022201226,2022,0,2023-04-09,OKC,MEM,115.0,100.0,3,475,207,Derrick Collins|Nick Buchert|Sean Wright,30
0022201227,2022,0,2023-04-09,DEN,SAC,109.0,95.0,3,512,194,Che Flores|Dedric Taylor|Scott Foster,29
0022201228,2022,0,2023-04-09,LAL,UTA,128.0,117.0,2,513,211,Bill Kennedy|Derek Richardson|Scott Twardoski,25
0022201229,2022,0,2023-04-09,PHX,LAC,114.0,119.0,2,532,208,Brian Forte|Josh Tiven|Mousa Dagher,37
0022201230,2022,0,2023-04-09,POR,GSW,101.0,157.0,3,534,225,James Williams|John Butler|Justin Van Duyne,27
