game_id,n0,f0,c0,n1,f1,c1,immediate,continuation,WMI
0022400001,138,17,4,63,8,4,1.0308123249299719,1.2142857142857142,1.2517006802721087
0022400002,128,18,9,87,20,11,1.6347381864623243,1.0333333333333334,1.689229459344402
0022400003,115,23,6,87,8,2,0.45977011494252873,0.9913793103448275,0.45580657946888625
0022400004,126,19,7,75,11,4,0.9726315789473685,0.9965034965034966,0.9692307692307693
0022400005,134,17,5,65,8,3,0.9701357466063348,1.0625,1.0307692307692309
0022400006,122,18,7,69,8,1,0.785829307568438,0.81,0.6365217391304347
0022400007,117,24,8,92,12,4,0.6358695652173914,1.0,0.6358695652173912
0022400008,105,21,10,99,16,6,0.8080808080808081,0.9314516129032258,0.7526881720430108
0022400009,142,17,7,61,8,1,1.0954676952748315,0.7968750000000001,0.8729508196721312
0022400010,102,21,10,85,14,4,0.8,0.8709677419354838,0.6967741935483871
0022400011,137,15,7,69,11,4,1.456038647342995,0.9297520661157025,1.3537549407114624
0022400012,147,18,9,78,16,7,1.6752136752136753,0.9583333333333334,1.6054131054131053
0022400013,126,22,6,93,12,6,0.7390029325513197,1.1785714285714286,0.8709677419354839
0022400014,108,16,9,92,22,13,1.6141304347826089,1.018181818181818,1.6434782608695653
0022400015,124,18,6,72,10,4,0.9567901234567902,1.05,1.0046296296296298
0022400016,122,21,9,89,13,4,0.8485821294810059,0.9153846153846154,0.7767790262172285
0022400017,121,17,7,67,11,4,1.1685689201053555,0.965909090909091,1.1287313432835822
0022400018,105,17,9,90,21,12,1.4411764705882353,1.0274725274725276,1.4807692307692306
0022400019,126,20,12,97,19,7,1.234020618556701,0.8552631578947368,1.0554123711340206
0022400020,131,24,7,85,9,2,0.5779411764705882,0.946236559139785,0.5468690702087287
0022400021,121,18,5,72,11,6,1.0270061728395061,1.2094861660079053,1.2421497584541061
0022400022,122,19,6,75,11,5,0.9417543859649122,1.1054545454545455,1.0410666666666668
0022400023,119,23,11,107,21,10,1.015440877691995,0.9985994397759105,1.014018691588785
0022400024,117,21,8,88,13,5,0.8230519480519481,1.0026525198938991,0.8252351097178684
0022400025,129,18,7,72,10,3,0.9953703703703705,0.936,0.9316666666666666
0022400026,103,26,7,97,11,4,0.4492466296590008,1.0743801652892564,0.4826616682286785
0022400027,111,18,5,75,11,6,0.9044444444444444,1.2094861660079053,1.093913043478261
0022400028,118,18,9,90,21,12,1.5296296296296295,1.0476190476190477,1.602469135802469
0022400029,134,20,8,80,13,5,1.08875,0.989010989010989,1.0767857142857145
0022400030,136,20,8,82,11,3,0.9121951219512195,0.9090909090909092,0.8292682926829269
0022400031,115,23,7,91,12,5,0.6593406593406593,1.0861111111111112,0.7161172161172161
0022400032,106,20,8,96,18,10,0.9937499999999999,1.1111111111111112,1.1041666666666667
0022400033,117,20,7,86,17,10,1.1563953488372092,1.1764705882352942,1.3604651162790697
0022400034,126,15,8,75,15,7,1.6800000000000002,0.9565217391304349,1.6069565217391306
0022400035,115,22,9,102,16,7,0.8199643493761141,1.0201612903225805,0.8364958886780519
0022400036,109,21,8,71,8,0,0.5848423876592891,0.7241379310344828,0.4235065565808645
0022400037,131,21,8,85,11,3,0.8072829131652662,0.9216300940438872,0.7440162271805274
0022400038,116,19,8,86,15,7,1.0648714810281519,1.0320987654320988,1.099052540913006
0022400039,138,16,9,68,11,2,1.3952205882352942,0.7563636363636363,1.0552941176470587
0022400040,119,13,8,69,16,8,2.1226309921962097,0.9285714285714286,1.971014492753623
0022400041,120,19,8,88,17,9,1.2200956937799043,1.0762527233115469,1.3131313131313131
0022400042,119,19,10,90,16,6,1.113450292397661,0.9008620689655173,1.0030651340996168
0022400043,121,20,7,78,11,4,0.8532051282051282,1.0101010101010102,0.8618233618233618
0022400044,116,20,5,73,7,2,0.5561643835616438,1.0285714285714285,0.572054794520548
0022400045,131,22,6,75,7,1,0.5557575757575758,0.8979591836734694,0.4990476190476191
0022400046,123,16,5,70,14,9,1.5374999999999999,1.251700680272109,1.924489795918367
0022400047,139,16,6,72,13,7,1.5685763888888888,1.1188811188811187,1.7550505050505052
0022400048,113,19,5,74,10,5,0.8036984352773826,1.1875,0.954391891891892
0022400049,119,16,6,78,15,9,1.4302884615384617,1.1636363636363638,1.6643356643356644
0022400050,106,18,10,83,17,7,1.20615796519411,0.9075630252100839,1.0946643717728055
0022400051,116,18,12,93,19,7,1.3166069295101555,0.8210526315789475,1.0810035842293906
0022400052,120,21,7,85,13,6,0.8739495798319329,1.0961538461538463,0.957983193277311
0022400053,115,19,9,91,18,9,1.1972238288027761,1.017857142857143,1.218602825745683
0022400054,116,22,6,100,18,12,0.9490909090909091,1.3095238095238095,1.2428571428571427
0022400055,118,17,9,77,15,6,1.3521772345301757,0.9153846153846154,1.2377622377622377
0022400056,116,24,12,100,16,4,0.7733333333333333,0.8333333333333334,0.6444444444444445
0022400057,120,20,8,80,10,2,0.75,0.8571428571428572,0.6428571428571428
0022400058,120,25,7,96,11,4,0.5499999999999999,1.0653409090909092,0.5859375
0022400059,100,26,6,91,8,2,0.33812341504649196,1.015625,0.3434065934065934
0022400060,117,16,6,71,11,5,1.1329225352112675,1.0578512396694215,1.1984635083226634
0022400061,116,13,7,68,12,5,1.574660633484163,0.9208333333333335,1.45
0022400062,96,20,11,95,17,6,0.8589473684210526,0.872865275142315,0.7497453310696095
0022400063,116,20,11,87,17,6,1.1333333333333333,0.872865275142315,0.9892473118279571
0022400064,101,22,9,109,25,16,1.0529608006672226,1.1638709677419354,1.2255105060668838
0022400065,106,18,7,93,19,12,1.2031063321385904,1.174736842105263,1.4133333333333333
0022400066,100,22,13,103,21,8,0.9267431597528685,0.8680272108843538,0.8044382801664355
0022400067,103,22,11,102,18,7,0.8262032085561498,0.9259259259259259,0.7650029708853238
0022400068,103,21,12,91,16,4,0.8623757195185767,0.7954545454545455,0.685980685980686
0022400069,136,21,8,81,9,1,0.7195767195767195,0.8045977011494253,0.5789697743720732
0022400070,94,20,12,116,32,20,1.296551724137931,1.015625,1.3168103448275863
0022400071,134,20,11,96,24,13,1.675,0.9946236559139784,1.665994623655914
0022400072,110,26,9,109,15,6,0.5822159491884263,1.0399999999999998,0.6055045871559633
0022400073,125,20,9,83,13,4,0.9789156626506024,0.9018567639257294,0.8828417116742833
0022400074,130,16,6,82,20,14,1.9817073170731705,1.2363636363636363,2.4501108647450107
0022400075,126,22,4,76,4,0,0.3014354066985646,0.8461538461538461,0.2550607287449393
0022400076,113,25,7,93,11,4,0.5346236559139785,1.0653409090909092,0.5695564516129032
0022400077,92,24,9,107,19,10,0.6806853582554517,1.110047846889952,0.7555933163409798
0022400078,77,23,14,128,37,23,0.9677309782608696,1.008035062089116,0.9755067567567568
0022400079,101,23,11,108,24,13,0.9758454106280192,1.0428921568627452,1.0177015250544663
0022400080,121,19,4,79,13,9,1.0479680213191205,1.3979933110367893,1.4650522839845899
0022400081,110,21,9,87,15,6,0.90311986863711,0.9799999999999999,0.885057471264368
0022400082,94,25,8,124,25,17,0.7580645161290323,1.2727272727272727,0.9648093841642228
0022400083,135,23,5,82,6,1,0.4294803817603393,0.9583333333333334,0.41158536585365857
0022400084,122,20,6,86,11,5,0.780232558139535,1.118881118881119,0.8729874776386405
0022400085,110,19,11,95,20,9,1.2188365650969528,0.9183333333333333,1.1192982456140352
0022400086,122,20,9,82,15,6,1.1158536585365855,0.9655172413793103,1.0773759461732548
0022400087,107,22,9,87,14,5,0.7826541274817137,0.9631336405529953,0.7538005190952911
0022400088,99,21,8,100,15,7,0.7071428571428571,1.0620689655172415,0.7510344827586207
0022400089,117,16,6,80,17,11,1.5539062499999998,1.1978609625668448,1.8613636363636363
0022400090,104,22,13,109,25,12,1.084236864053378,0.9302857142857143,1.0086500655307995
0022400091,143,24,8,89,11,3,0.7364232209737828,0.9545454545454546,0.7029494382022472
0022400092,108,22,10,104,17,7,0.8024475524475525,0.9705882352941175,0.778846153846154
0022400093,123,20,8,78,11,3,0.8673076923076923,0.9090909090909092,0.7884615384615385
0022400094,97,23,9,96,16,7,0.7028985507246377,1.033203125,0.7262369791666667
0022400095,105,20,9,92,18,9,1.0271739130434783,1.0344827586206897,1.0625937031484258
0022400096,133,19,11,81,15,4,1.2962962962962963,0.8022222222222222,1.039917695473251
0022400097,120,24,6,97,16,10,0.8247422680412371,1.3,1.0721649484536082
0022400098,104,22,8,95,15,7,0.7464114832535885,1.0755555555555556,0.8028070175438597
0022400099,103,21,8,93,17,9,0.8965693804403483,1.1075050709939147,0.992955135335558
0022400100,107,17,10,98,20,10,1.284513805522209,0.9444444444444444,1.2131519274376419
0022400101,117,20,9,91,16,7,1.0285714285714287,0.9913793103448276,1.019704433497537
0022400102,101,21,10,102,25,15,1.1788048552754435,1.0838709677419356,1.277672359266287
0022400103,117,20,12,96,21,9,1.2796874999999999,0.8928571428571428,1.1425781249999998
0022400104,120,19,9,85,14,5,1.0402476780185759,0.9209183673469389,0.957983193277311
0022400105,122,18,6,73,10,4,0.928462709284627,1.05,0.9748858447488584
0022400106,112,20,9,85,12,3,0.7905882352941176,0.8620689655172414,0.6815415821501014
0022400107,133,22,12,96,17,5,1.0705492424242424,0.8373702422145329,0.8964460784313726
0022400108,136,19,9,75,11,2,1.0498245614035087,0.8019480519480521,0.8419047619047619
0022400109,96,20,10,93,17,7,0.8774193548387097,0.9411764705882352,0.8258064516129032
0022400110,122,20,9,80,14,5,1.0675000000000001,0.935960591133005,0.9991379310344828
0022400111,108,22,9,87,13,4,0.7335423197492164,0.9280397022332506,0.6807563959955506
0022400112,98,20,11,102,22,11,1.0568627450980392,0.9677419354838709,1.0227703984819734
0022400113,94,24,11,118,25,14,0.8298022598870057,1.0697142857142858,0.8876513317191284
0022400114,110,20,8,86,16,8,1.0232558139534884,1.0714285714285714,1.0963455149501662
0022400115,128,16,7,68,13,6,1.5294117647058822,1.0167224080267558,1.554987212276215
0022400116,120,19,7,75,9,2,0.7578947368421053,0.8931623931623932,0.6769230769230768
0022400117,115,21,9,93,18,9,1.0599078341013826,1.05,1.1129032258064517
0022400118,135,18,6,78,12,6,1.153846153846154,1.125,1.2980769230769231
0022400119,141,21,10,100,17,7,1.1414285714285715,0.9563567362428841,1.0916129032258064
0022400120,98,20,11,87,15,4,0.8448275862068966,0.8172043010752688,0.6903967371153134
0022400121,130,21,9,85,13,4,0.9467787114845938,0.9153846153846154,0.8666666666666667
0022400122,114,20,6,78,9,3,0.6576923076923078,1.0256410256410255,0.6745562130177516
0022400123,125,19,9,79,13,4,1.0826115922718187,0.8873626373626374,0.9606690777576854
0022400124,113,19,10,89,16,6,1.0691898285038437,0.9008620689655173,0.9631925610228593
0022400125,152,15,2,49,2,0,0.41360544217687073,0.8823529411764706,0.3649459783913565
0022400126,106,18,7,82,13,6,0.9336043360433605,1.0523076923076924,0.9824390243902439
0022400127,106,23,6,85,9,3,0.48797953964194374,1.057471264367816,0.5160243407707911
0022400128,106,21,12,101,21,9,1.0495049504950493,0.9090909090909092,0.9540954095409541
0022400129,95,18,10,94,20,10,1.1229314420803782,0.9642857142857143,1.0828267477203648
0022400130,123,18,9,80,15,6,1.28125,0.9333333333333332,1.1958333333333333
0022400131,110,18,10,92,20,10,1.328502415458937,0.9642857142857143,1.2810559006211182
0022400132,119,20,6,79,12,6,0.9037974683544303,1.1538461538461537,1.0428432327166504
0022400133,120,21,7,86,14,7,0.930232558139535,1.125,1.0465116279069766
0022400134,139,17,5,60,6,1,0.8176470588235294,0.9015151515151515,0.7371212121212122
0022400135,129,19,10,82,18,8,1.490372272143774,0.9463601532567051,1.4104289318755256
0022400136,135,18,7,71,11,4,1.1619718309859155,0.9818181818181819,1.1408450704225352
0022400137,119,20,11,87,19,8,1.299425287356322,0.9168081494057725,1.1913236929922135
0022400138,132,17,6,67,10,4,1.1589113257243195,1.034782608695652,1.199221284879948
0022400139,125,19,9,78,13,4,1.0964912280701753,0.8873626373626374,0.972985347985348
0022400140,108,20,9,95,18,9,1.0231578947368423,1.0344827586206897,1.0584392014519055
0022400141,120,20,8,76,11,3,0.868421052631579,0.9090909090909092,0.7894736842105262
0022400142,115,22,7,88,11,4,0.6534090909090909,1.0344827586206897,0.6759404388714734
0022400143,134,22,9,100,19,10,1.1572727272727272,1.0831918505942273,1.253548387096774
0022400144,91,25,14,124,25,11,0.7338709677419354,0.923076923076923,0.6774193548387097
0022400145,124,17,6,70,9,3,0.9378151260504202,0.9855072463768115,0.924223602484472
0022400146,124,18,8,68,9,1,0.9117647058823529,0.7692307692307693,0.7013574660633484
0022400147,118,21,9,88,15,6,0.9577922077922078,0.9799999999999999,0.9386363636363637
0022400148,115,22,11,98,17,6,0.9067717996289425,0.9019607843137255,0.8178726035868893
0022400149,144,15,7,64,11,4,1.65,0.9297520661157025,1.534090909090909
0022400150,114,22,7,88,13,6,0.7654958677685951,1.1087533156498675,0.8487460815047022
0022400151,94,21,10,95,21,11,0.9894736842105263,1.032258064516129,1.0213921901528014
0022400152,124,18,4,73,8,4,0.7549467275494672,1.227272727272727,0.9265255292652552
0022400153,108,18,11,94,22,11,1.4042553191489362,0.9310344827586207,1.3074101247248715
0022400154,138,16,7,66,11,4,1.4375,0.9486166007905139,1.3636363636363638
0022400155,117,16,13,92,20,7,1.589673913043478,0.7448275862068966,1.184032983508246
0022400156,114,18,9,84,17,8,1.2817460317460319,0.9803921568627452,1.2566137566137567
0022400157,143,19,6,71,6,0,0.6360266864343959,0.7599999999999999,0.48338028169014086
0022400158,107,18,8,81,13,5,0.9540466392318244,0.9585798816568047,0.9145299145299145
0022400159,92,26,5,94,8,3,0.30114566284779054,1.153225806451613,0.3472889498970487
0022400160,119,18,12,89,20,8,1.4856429463171037,0.84,1.247940074906367
0022400161,105,17,7,80,15,8,1.1580882352941175,1.086111111111111,1.2578125
0022400162,104,23,6,95,14,8,0.6663615560640732,1.2463054187192117,0.8304900181488203
0022400163,116,19,8,88,14,6,0.9712918660287082,1.0052910052910053,0.9764309764309764
0022400164,120,14,5,67,14,9,1.7910447761194028,1.2105263157894737,2.1681068342498038
0022400165,130,21,8,82,9,1,0.6794425087108014,0.8045977011494253,0.5466778805719091
0022400166,110,25,11,97,17,6,0.7711340206185566,0.9395424836601308,0.7245131729667812
0022400167,125,19,9,78,11,2,0.9278002699055331,0.8019480519480521,0.744047619047619
0022400168,105,20,9,80,14,5,0.91875,0.935960591133005,0.8599137931034482
0022400169,126,24,3,79,4,1,0.2658227848101266,1.1111111111111112,0.2953586497890296
0022400170,97,21,10,96,17,7,0.8179563492063492,0.9563567362428841,0.7822580645161291
0022400171,133,14,7,68,15,8,2.0955882352941178,1.0222222222222221,2.1421568627450984
0022400172,115,13,8,79,22,14,2.4634858812074,1.0129870129870129,2.4954792043399636
0022400173,143,18,5,64,6,1,0.7447916666666666,0.9130434782608697,0.6800271739130435
0022400174,134,19,7,74,12,5,1.143669985775249,1.0352564102564104,1.183991683991684
0022400175,123,18,9,77,14,5,1.2424242424242424,0.9047619047619048,1.124098124098124
0022400176,134,21,7,82,10,3,0.7781649245063879,0.9750000000000001,0.7587108013937283
0022400177,102,26,9,117,19,10,0.6370808678500987,1.1338345864661652,0.7223443223443223
0022400178,129,18,4,70,9,5,0.9214285714285714,1.2727272727272727,1.1727272727272728
0022400179,99,21,8,84,13,5,0.7295918367346939,1.0026525198938991,0.731527093596059
0022400180,108,19,7,81,12,5,0.8421052631578947,1.0352564102564104,0.8717948717948718
0022400181,121,17,8,75,12,4,1.1388235294117648,0.9066666666666665,1.0325333333333333
0022400182,111,19,8,85,15,7,1.0309597523219816,1.0320987654320988,1.0640522875816993
0022400183,125,19,7,68,8,1,0.7739938080495357,0.8221153846153846,0.6363122171945702
0022400184,116,18,6,73,8,2,0.7062404870624048,0.9375,0.6621004566210046
0022400185,123,24,7,91,10,3,0.5631868131868132,1.0064516129032257,0.5668202764976958
0022400186,124,20,7,71,9,2,0.7859154929577464,0.9053497942386831,0.7115284298382889
0022400187,120,19,10,85,15,5,1.1145510835913315,0.8735632183908046,0.973630831643002
0022400188,129,24,6,89,8,2,0.48314606741573035,1.0,0.48314606741573035
0022400189,104,21,8,86,10,2,0.5758582502768549,0.8689655172413793,0.5004009623095429
0022400190,109,20,8,77,11,3,0.7785714285714285,0.9090909090909092,0.7077922077922078
0022400191,115,25,9,99,14,5,0.6505050505050505,0.9978991596638657,0.6491384432560903
0022400192,124,18,10,84,17,7,1.3941798941798942,0.9075630252100839,1.2653061224489797
0022400193,131,17,6,78,13,7,1.284313725490196,1.137123745819398,1.4604236343366779
0022400194,135,19,5,73,9,4,0.8759913482335976,1.1435185185185186,1.0017123287671232
0022400195,120,20,7,76,8,1,0.631578947368421,0.8333333333333333,0.5263157894736842
0022400196,114,19,8,84,14,6,1.0,1.0052910052910053,1.0052910052910053
0022400197,115,18,10,96,21,11,1.3975694444444444,0.9795918367346939,1.3690476190476188
0022400198,125,21,9,87,12,3,0.8210180623973726,0.875,0.7183908045977012
0022400199,110,22,5,77,6,1,0.3896103896103896,0.9506172839506173,0.3703703703703704
0022400200,105,19,9,91,17,8,1.0323886639676114,0.9978991596638657,1.0302197802197803
0022400201,118,17,10,74,17,7,1.5945945945945947,0.8888888888888887,1.4174174174174174
0022400202,119,19,8,78,13,5,1.043859649122807,0.9743589743589743,1.0170940170940173
0022400203,118,14,11,82,24,13,2.4668989547038325,0.8633333333333333,2.1297560975609757
0022400204,98,17,10,92,20,10,1.2531969309462916,0.9444444444444444,1.1835748792270533
0022400205,131,18,7,86,20,13,1.6925064599483204,1.188,2.0106976744186045
0022400206,121,22,5,78,8,3,0.5641025641025641,1.1203703703703705,0.6320037986704653
0022400207,111,20,9,88,17,8,1.072159090909091,1.0141987829614605,1.0873824451410659
0022400208,119,20,7,81,10,3,0.7345679012345678,0.9629629629629629,0.7073616826703246
0022400209,141,22,8,88,13,5,0.9467975206611571,1.0153846153846153,0.9613636363636364
0022400210,133,22,7,89,10,3,0.6792645556690501,0.9862068965517242,0.6698953893839598
0022400211,89,25,6,97,11,5,0.40371134020618554,1.1730205278592376,0.47356168939141996
0022400212,137,19,7,71,10,3,1.015567086730912,0.95,0.9647887323943662
0022400213,127,19,10,79,12,2,1.0153231179213857,0.7643678160919541,0.7760803142732431
0022400214,116,18,7,74,9,2,0.7837837837837838,0.8800000000000001,0.6897297297297298
0022400215,114,21,10,92,18,8,1.0621118012422361,0.9784946236559139,1.0392706872370265
0022400216,138,16,2,56,4,2,0.6160714285714285,1.3333333333333333,0.8214285714285714
0022400217,115,17,7,80,15,8,1.2683823529411764,1.086111111111111,1.3776041666666667
0022400218,106,23,6,91,11,5,0.5570950788342093,1.1536050156739812,0.6426676771504358
0022400219,129,20,7,79,10,3,0.8164556962025317,0.9629629629629629,0.7862165963431785
0022400220,135,14,6,61,11,5,1.7388758782201406,1.018181818181818,1.7704918032786887
0022400221,121,18,4,67,7,3,0.7023217247097844,1.1688311688311688,0.8208955223880596
0022400222,121,18,10,79,12,2,1.021097046413502,0.75,0.7658227848101266
0022400223,131,25,3,87,5,2,0.3011494252873563,1.2499999999999998,0.3764367816091954
0022400224,131,19,8,85,15,7,1.21671826625387,1.0320987654320988,1.255773420479303
0022400225,107,20,14,106,24,10,1.2113207547169813,0.8333333333333334,1.009433962264151
0022400226,122,17,10,83,17,7,1.4698795180722892,0.8888888888888887,1.3065595716198126
0022400227,126,18,8,70,10,2,1.0,0.8307692307692307,0.8307692307692308
0022400228,110,21,7,84,11,4,0.6859410430839002,1.022727272727273,0.7015306122448981
0022400229,116,22,7,79,9,2,0.6006904487917146,0.9272030651340998,0.5569620253164557
0022400230,116,16,7,83,17,10,1.4849397590361446,1.1048593350383633,1.6406495547407018
0022400231,117,16,6,65,11,5,1.2375,1.0578512396694215,1.309090909090909
0022400232,115,22,7,87,12,5,0.7210031347962382,1.074712643678161,0.7748711850971067
0022400233,91,21,12,103,20,8,0.8414239482200646,0.8909090909090909,0.7496322447778758
0022400234,116,20,7,80,10,3,0.725,0.9629629629629629,0.6981481481481482
0022400235,119,16,6,68,10,4,1.09375,1.018181818181818,1.1136363636363635
0022400236,110,23,7,92,11,4,0.5718336483931947,1.0454545454545456,0.5978260869565218
0022400237,125,23,6,80,7,1,0.47554347826086957,0.9064039408866994,0.4310344827586207
0022400238,132,17,6,64,8,2,0.9705882352941176,0.9239130434782609,0.8967391304347826
0022400239,126,16,9,80,18,9,1.771875,0.96,1.7010000000000003
0022400240,91,16,7,86,20,13,1.322674418604651,1.1478260869565218,1.5182002022244694
0022400241,139,21,9,88,16,7,1.2034632034632036,1.0062499999999999,1.2109848484848484
0022400242,88,21,14,111,24,10,0.9060489060489061,0.8500000000000001,0.7701415701415701
0022400243,137,12,7,56,9,2,1.8348214285714286,0.7719298245614035,1.4163533834586466
0022400244,110,26,5,85,6,1,0.2986425339366516,0.9784946236559141,0.2922201138519924
0022400245,127,20,5,78,7,2,0.5698717948717948,1.0285714285714285,0.5861538461538461
0022400246,118,21,5,73,6,1,0.461839530332681,0.9423076923076923,0.43519494204425707
0022400247,121,21,9,91,16,7,1.0130821559392988,1.0062499999999999,1.0194139194139193
0022400248,128,22,3,71,4,1,0.32778489116517284,1.1,0.36056338028169016
0022400249,91,21,9,90,15,6,0.7222222222222221,0.9799999999999999,0.7077777777777778
0022400250,119,19,7,80,11,4,0.8611842105263159,0.9965034965034966,0.8581730769230769
0022400251,139,20,4,68,4,0,0.4088235294117647,0.8333333333333334,0.3406862745098039
0022400252,122,16,6,68,10,4,1.1213235294117647,1.018181818181818,1.141711229946524
0022400253,114,19,10,80,13,3,0.9750000000000001,0.8063660477453582,0.7862068965517242
0022400254,125,26,10,103,14,4,0.6534727408513816,0.9285714285714285,0.6067961165048544
0022400255,113,20,6,87,12,6,0.7793103448275862,1.1538461538461537,0.8992042440318302
0022400256,114,17,8,84,16,8,1.2773109243697478,1.02,1.302857142857143
0022400257,137,16,7,69,12,5,1.4891304347826086,0.9855072463768116,1.467548834278513
0022400258,144,22,7,81,8,1,0.6464646464646464,0.853448275862069,0.5517241379310345
0022400259,103,20,8,89,13,5,0.7522471910112359,0.989010989010989,0.7439807383627608
0022400260,120,19,12,92,21,9,1.4416475972540046,0.8755760368663594,1.2622720897615707
0022400261,99,22,12,100,23,11,1.0350000000000001,0.9565217391304347,0.9900000000000001
0022400262,115,22,15,103,22,7,1.116504854368932,0.7837837837837838,0.875098399370244
0022400263,112,18,10,85,18,8,1.3176470588235294,0.9285714285714285,1.223529411764706
0022400264,121,21,8,87,10,2,0.662287903667214,0.8689655172413793,0.5755053507728894
0022400265,98,20,9,87,15,6,0.8448275862068966,0.9655172413793103,0.8156956004756243
0022400266,132,17,9,75,13,4,1.3458823529411765,0.8550295857988166,1.1507692307692308
0022400267,104,24,10,95,14,4,0.63859649122807,0.9075630252100839,0.5795665634674922
0022400268,135,18,9,75,16,7,1.6,0.9583333333333334,1.5333333333333332
0022400269,103,17,9,82,17,8,1.2560975609756095,0.9615384615384617,1.2077861163227017
0022400270,135,16,7,71,13,6,1.544894366197183,1.0167224080267558,1.5707287201469686
0022400271,106,15,8,76,18,10,1.6736842105263157,1.0144927536231885,1.6979405034324941
0022400272,111,21,7,92,13,6,0.7468944099378881,1.0961538461538463,0.8187111801242237
0022400273,125,25,11,101,14,3,0.6930693069306931,0.8432539682539683,0.5844334433443346
0022400274,114,19,11,82,15,4,1.0975609756097562,0.8022222222222222,0.8804878048780489
0022400275,106,23,5,101,14,9,0.6388291003013346,1.3494897959183672,0.8620933521923622
0022400276,98,25,9,94,11,2,0.45872340425531916,0.8689839572192515,0.39862327909887363
0022400277,114,14,9,75,19,10,2.062857142857143,0.9290617848970251,1.9165217391304348
0022400278,94,20,9,93,18,9,0.9096774193548387,1.0344827586206897,0.9410456062291436
0022400279,142,17,6,67,8,2,0.9973661106233539,0.9239130434782609,0.9214795587280985
0022400280,158,18,6,67,7,1,0.9170812603648425,0.8571428571428571,0.7860696517412935
0022400281,139,15,7,60,8,1,1.2355555555555555,0.7670454545454545,0.9477272727272728
0022400282,120,24,6,91,13,7,0.7142857142857142,1.2307692307692306,0.8791208791208791
0022400283,120,18,7,82,15,8,1.2195121951219512,1.1039999999999999,1.3463414634146342
0022400284,106,21,6,94,15,9,0.8054711246200608,1.2444444444444447,1.0023640661938533
0022400285,111,18,9,86,14,5,1.003875968992248,0.9047619047619048,0.9082687338501292
0022400286,123,15,6,64,11,5,1.409375,1.038961038961039,1.4642857142857142
0022400287,108,26,7,105,12,5,0.47472527472527476,1.1161616161616164,0.5298701298701298
0022400288,107,18,9,82,13,4,0.9424119241192412,0.8717948717948718,0.8215898825654924
0022400289,119,18,10,92,19,9,1.365338164251208,0.9473684210526315,1.2934782608695654
0022400290,128,24,6,98,16,10,0.8707482993197279,1.3,1.1319727891156464
0022400291,124,22,6,81,11,5,0.7654320987654321,1.142857142857143,0.8747795414462081
0022400292,97,22,11,99,15,4,0.6680440771349863,0.8444444444444444,0.564126109580655
0022400293,125,22,7,89,12,5,0.7660878447395302,1.074712643678161,0.8233242929097249
0022400294,120,17,8,80,14,6,1.2352941176470589,0.9714285714285714,1.2
0022400295,131,17,7,73,12,5,1.2667203867848509,1.0034722222222223,1.2711187214611872
0022400296,124,19,5,70,7,2,0.6526315789473685,1.0178571428571428,0.6642857142857143
0022400297,101,25,13,107,17,4,0.6418691588785046,0.8126934984520124,0.5216428922774226
0022400298,118,18,6,74,10,4,0.8858858858858859,1.05,0.9301801801801801
0022400299,117,20,10,86,15,5,1.0203488372093024,0.8888888888888888,0.9069767441860466
0022400300,113,22,10,86,12,2,0.7167019027484144,0.8020833333333334,0.5748546511627908
0022400301,114,20,7,83,14,7,0.9614457831325302,1.111111111111111,1.0682730923694779
0022400302,112,22,9,96,16,7,0.8484848484848485,1.0201612903225805,0.8655913978494624
0022400303,138,15,6,62,9,3,1.3354838709677421,0.9523809523809524,1.2718894009216588
0022400304,132,16,8,65,11,3,1.3961538461538463,0.8484848484848485,1.1846153846153846
0022400305,94,25,12,104,19,7,0.6869230769230769,0.9246088193456615,0.6351351351351351
0022400306,121,22,5,98,15,10,0.8418367346938775,1.3580246913580245,1.1432350718065003
0022400307,133,15,8,74,20,12,2.396396396396397,1.0434782608695654,2.500587544065805
0022400308,114,22,6,87,9,3,0.5360501567398119,1.0476190476190477,0.5615763546798029
0022400309,118,21,10,85,12,2,0.7932773109243697,0.7903225806451613,0.6269449715370018
0022400310,107,18,13,95,24,11,1.5017543859649125,0.846774193548387,1.271646859083192
0022400311,98,19,10,88,16,6,0.937799043062201,0.9008620689655173,0.8448275862068966
0022400312,123,21,8,82,13,5,0.9285714285714285,1.0026525198938991,0.9310344827586207
0022400313,116,20,9,86,13,4,0.8767441860465115,0.9018567639257294,0.7906976744186046
0022400314,131,20,5,76,11,6,0.9480263157894737,1.2363636363636363,1.1721052631578948
0022400315,134,15,11,80,15,4,1.675,0.7307692307692307,1.2240384615384614
0022400316,128,18,6,68,8,2,0.8366013071895425,0.9375,0.7843137254901961
0022400317,131,18,7,76,10,3,0.9576023391812865,0.936,0.8963157894736842
0022400318,126,15,9,70,12,3,1.4400000000000002,0.78125,1.125
0022400319,125,18,7,81,14,7,1.2002743484224967,1.08,1.296296296296296
0022400320,109,20,8,84,12,4,0.7785714285714285,0.9523809523809524,0.7414965986394557
0022400321,135,13,5,58,8,3,1.4323607427055702,0.9930555555555556,1.4224137931034482
0022400322,96,20,8,83,13,5,0.7518072289156627,0.989010989010989,0.7435456110154905
0022400323,95,28,8,114,15,7,0.44642857142857145,1.140740740740741,0.5092592592592592
0022400324,133,22,3,69,3,0,0.2628458498023715,0.8800000000000001,0.23130434782608697
0022400325,149,16,8,73,14,6,1.785958904109589,0.9523809523809524,1.7009132420091324
0022400326,126,22,8,84,11,3,0.7500000000000001,0.9333333333333332,0.7
0022400327,106,18,12,81,13,1,0.9451303155006858,0.6461538461538462,0.6106995884773663
0022400328,130,19,7,81,10,3,0.8447043534762833,0.95,0.802469135802469
0022400329,109,24,12,106,16,4,0.6855345911949685,0.8333333333333334,0.5712788259958071
0022400330,119,22,9,90,15,6,0.9015151515151514,0.9935483870967741,0.8956989247311827
0022400331,108,24,9,104,18,9,0.7788461538461539,1.0909090909090908,0.8496503496503497
0022400332,106,20,7,89,15,8,0.8932584269662921,1.1358024691358024,1.0145651269246776
0022400333,112,19,10,80,18,8,1.3263157894736841,0.9463601532567051,1.2551724137931033
0022400334,141,20,9,89,17,8,1.346629213483146,1.0141987829614605,1.3657497094149555
0022400335,116,19,7,74,10,3,0.8250355618776672,0.95,0.7837837837837838
0022400336,151,16,4,60,6,2,0.9437500000000001,1.0666666666666667,1.0066666666666666
0022400337,110,26,10,98,11,1,0.4748822605965463,0.7878787878787878,0.37414965986394555
0022400338,141,16,6,59,6,0,0.8961864406779662,0.7272727272727273,0.6517719568567026
0022400339,121,20,10,89,15,5,1.0196629213483146,0.8888888888888888,0.9063670411985019
0022400340,90,18,11,95,21,10,1.1052631578947367,0.916256157635468,1.012704174228675
0022400341,111,23,10,99,18,8,0.8774703557312253,1.0067340067340067,0.8833792470156107
0022400342,112,21,8,91,15,7,0.8791208791208791,1.0620689655172415,0.9336870026525198
0022400343,127,19,6,76,9,3,0.7915512465373961,1.0133333333333332,0.8021052631578947
0022400344,130,19,10,83,16,6,1.3189600507292327,0.9008620689655173,1.1882010801828002
0022400345,122,23,7,96,15,8,0.828804347826087,1.1755555555555555,0.9743055555555556
0022400346,103,20,9,88,15,6,0.8778409090909091,0.9655172413793103,0.8475705329153606
0022400347,134,18,9,74,9,0,0.9054054054054055,0.6666666666666666,0.6036036036036037
0022400348,99,23,7,85,12,5,0.6076726342710997,1.0861111111111112,0.66
0022400349,127,22,4,77,8,4,0.5997638724911453,1.2692307692307692,0.7612387612387612
0022400350,114,24,11,103,16,5,0.7378640776699029,0.9,0.6640776699029126
0022400351,122,17,8,75,13,5,1.2439215686274512,0.9415384615384614,1.1712
0022400352,106,22,8,94,14,6,0.7176015473887813,1.0476190476190474,0.75177304964539
0022400353,117,23,10,103,17,7,0.8395947657239342,0.9839572192513368,0.8261253309797
0022400354,114,19,11,92,17,6,1.108695652173913,0.8568627450980393,0.9500000000000001
0022400355,115,17,11,79,17,6,1.4556962025316456,0.8214285714285715,1.1957504520795659
0022400356,107,20,9,84,15,6,0.9553571428571429,0.9655172413793103,0.9224137931034484
0022400357,126,17,8,75,13,5,1.2847058823529414,0.9415384615384614,1.2096
0022400358,114,21,6,82,11,5,0.7282229965156796,1.1313131313131315,0.8238482384823849
0022400359,133,18,5,64,7,2,0.8081597222222223,1.0062111801242235,0.813179347826087
0022400360,130,25,6,91,10,4,0.5714285714285714,1.129032258064516,0.6451612903225806
0022400361,106,22,9,87,12,3,0.6645768025078369,0.8870967741935484,0.5895439377085652
0022400362,119,18,7,84,16,9,1.2592592592592593,1.125,1.4166666666666667
0022400363,124,19,7,73,8,1,0.71521268925739,0.8221153846153846,0.5879873551106427
0022400364,90,24,10,96,13,3,0.5078125,0.8687782805429864,0.4411764705882353
0022400365,111,20,9,91,16,7,0.9758241758241759,0.9913793103448276,0.9674118984463812
0022400366,131,23,6,81,7,1,0.49221685453569514,0.9064039408866994,0.4461472967220093
0022400367,143,19,3,64,3,0,0.3527960526315789,0.8636363636363636,0.3046875
0022400368,116,18,8,81,13,5,1.0342935528120711,0.9585798816568047,0.9914529914529914
0022400369,113,21,13,94,18,5,1.0303951367781155,0.7892156862745098,0.8132040050062578
0022400370,141,22,8,92,13,5,0.9056324110671936,1.0153846153846153,0.9195652173913044
0022400371,122,19,12,80,16,4,1.2842105263157895,0.7661290322580645,0.9838709677419355
0022400372,122,26,6,91,7,1,0.36094674556213024,0.9285714285714285,0.3351648351648352
0022400373,109,19,8,77,12,4,0.8940533151059467,0.9382716049382716,0.8388648388648389
0022400374,161,10,7,52,12,5,3.7153846153846155,0.8333333333333334,3.0961538461538463
0022400375,133,18,4,64,7,3,0.8081597222222223,1.1688311688311688,0.9446022727272728
0022400376,115,20,8,81,11,3,0.7808641975308642,0.9090909090909092,0.7098765432098765
0022400377,94,21,7,107,24,17,1.0040053404539386,1.2812500000000002,1.286381842456609
0022400378,147,19,9,75,11,2,1.134736842105263,0.8019480519480521,0.91
0022400379,132,15,6,72,13,7,1.588888888888889,1.0989010989010988,1.746031746031746
0022400380,117,15,9,78,17,8,1.7000000000000002,0.9191176470588236,1.5625000000000002
0022400381,134,20,5,72,5,0,0.46527777777777785,0.8,0.37222222222222223
0022400382,148,17,2,56,3,1,0.4663865546218487,1.1929824561403508,0.556390977443609
0022400383,103,20,8,91,17,9,0.9620879120879121,1.0924369747899159,1.0510204081632653
0022400384,106,19,9,84,15,6,0.9962406015037595,0.95,0.9464285714285714
0022400385,112,20,8,82,10,2,0.6829268292682926,0.8571428571428572,0.5853658536585366
0022400386,128,20,4,68,6,2,0.5647058823529412,1.1111111111111112,0.6274509803921569
0022400387,118,17,7,89,17,10,1.3258426966292134,1.1250000000000002,1.4915730337078652
0022400388,135,21,6,78,10,4,0.8241758241758241,1.088888888888889,0.8974358974358974
0022400389,142,14,4,54,7,3,1.3148148148148149,1.1111111111111112,1.4609053497942386
0022400390,157,21,9,86,13,4,1.1301218161683277,0.9153846153846154,1.0344961240310075
0022400391,124,19,5,73,7,2,0.6258111031002163,1.0178571428571428,0.636986301369863
0022400392,104,21,6,94,16,10,0.8429584599797365,1.263888888888889,1.0654058313632782
0022400393,123,20,11,88,16,5,1.1181818181818182,0.8467741935483871,0.9468475073313785
0022400394,120,21,8,84,12,4,0.8163265306122449,0.9655172413793103,0.7881773399014778
0022400395,132,20,7,72,9,2,0.825,0.9053497942386831,0.7469135802469136
0022400396,108,22,7,82,9,2,0.5388026607538803,0.9272030651340998,0.49957947855340623
0022400397,111,21,12,102,25,13,1.295518207282913,0.9672727272727273,1.2531194295900179
0022400398,126,17,7,78,11,4,1.0452488687782806,0.965909090909091,1.0096153846153848
0022400399,124,20,12,92,19,7,1.2804347826086957,0.8552631578947368,1.0951086956521738
0022400400,139,19,8,75,13,5,1.2680701754385963,0.9743589743589743,1.2355555555555555
0022400401,106,22,10,97,19,9,0.9437675726335519,1.013157894736842,0.9561855670103092
0022400402,120,19,3,69,6,3,0.5491990846681922,1.2954545454545454,0.7114624505928854
0022400403,128,21,6,71,6,0,0.5150905432595574,0.7777777777777779,0.40062597809076683
0022400404,127,18,7,72,9,2,0.8819444444444444,0.8800000000000001,0.7761111111111111
0022400405,122,18,7,71,8,1,0.7636932707355243,0.81,0.6185915492957746
0022400406,121,15,4,64,8,4,1.0083333333333333,1.1842105263157896,1.194078947368421
0022400407,107,19,7,88,14,7,0.895933014354067,1.096153846153846,0.9820804195804196
0022400408,128,15,6,63,10,4,1.3544973544973544,1.0,1.3544973544973544
0022400409,103,19,9,84,14,5,0.9035087719298245,0.9209183673469389,0.8320578231292517
0022400410,113,17,9,87,19,10,1.451656524678837,0.9979757085020242,1.4487179487179487
0022400411,112,21,8,83,9,1,0.5783132530120482,0.8045977011494253,0.4653095139177399
0022400412,125,22,9,87,13,4,0.849007314524556,0.9280397022332506,0.7879124953652207
0022400413,115,22,9,97,13,4,0.7005623242736644,0.9280397022332506,0.6501496508147655
0022400414,137,22,11,92,13,2,0.8799407114624506,0.7692307692307692,0.6768774703557312
0022400415,142,17,4,58,4,0,0.5760649087221096,0.8095238095238095,0.4663382594417077
0022400416,131,19,7,77,11,4,0.9849624060150376,0.9965034965034966,0.9815184815184815
0022400417,117,18,11,85,17,6,1.3,0.8397565922920893,1.0916835699797158
0022400418,111,19,9,90,16,7,1.0385964912280703,0.9754464285714286,1.013095238095238
0022400419,105,17,10,88,19,9,1.3335561497326203,0.9278752436647172,1.2373737373737375
0022400420,113,19,4,84,16,12,1.1328320802005012,1.4456521739130435,1.6376811594202896
0022400421,110,22,6,78,7,1,0.4487179487179487,0.8979591836734694,0.40293040293040294
0022400422,110,18,9,82,14,5,1.043360433604336,0.9047619047619048,0.943992773261066
0022400423,120,22,9,100,18,9,0.9818181818181818,1.064516129032258,1.0451612903225806
0022400424,124,21,7,89,12,5,0.796147672552167,1.0625000000000002,0.8459069020866774
0022400425,112,16,7,74,12,5,1.1351351351351353,0.9855072463768116,1.118683901292597
0022400426,130,17,3,67,8,5,0.9130816505706759,1.3812499999999999,1.2611940298507462
0022400427,109,20,10,91,14,4,0.8384615384615385,0.8571428571428571,0.7186813186813186
0022400428,127,20,6,75,9,3,0.762,1.0256410256410255,0.7815384615384615
0022400429,151,19,5,74,11,6,1.1813655761024182,1.2234848484848486,1.445382882882883
0022400430,133,20,8,75,10,2,0.8866666666666667,0.8571428571428572,0.76
0022400431,125,19,7,72,10,3,0.9137426900584796,0.95,0.8680555555555556
0022400432,106,25,8,100,12,4,0.5087999999999999,1.01010101010101,0.5139393939393939
0022400433,105,19,10,92,19,9,1.141304347826087,0.9655172413793104,1.1019490254872564
0022400434,119,22,9,90,14,5,0.8414141414141414,0.9631336405529953,0.8103942652329749
0022400435,107,19,11,93,18,7,1.0899830220713074,0.8796296296296295,0.9587813620071685
0022400436,86,18,13,91,19,6,0.9975579975579976,0.7640067911714771,0.76214108472173
0022400437,110,19,8,87,15,7,0.9981851179673322,1.0320987654320988,1.0302256279267774
0022400438,135,15,6,89,23,17,2.3258426966292136,1.2422360248447206,2.889245585874799
0022400439,118,19,7,74,10,3,0.8392603129445236,0.95,0.7972972972972974
0022400440,133,18,9,81,15,6,1.368312757201646,0.9333333333333332,1.2770919067215363
0022400441,107,18,10,89,20,10,1.3358302122347065,0.9642857142857143,1.2881219903691814
0022400442,142,24,7,88,9,2,0.6051136363636365,0.946236559139785,0.5725806451612904
0022400443,109,20,9,94,17,8,0.9856382978723405,1.0141987829614605,0.999633162142333
0022400444,118,20,8,81,12,4,0.8740740740740741,0.9523809523809524,0.8324514991181657
0022400445,124,21,7,79,8,1,0.597950572634117,0.84375,0.5045207956600362
0022400446,132,18,7,78,12,5,1.1282051282051284,1.02,1.1507692307692308
0022400447,99,21,9,98,19,10,0.9139941690962099,1.0684210526315787,0.9765306122448979
0022400448,112,25,7,97,12,5,0.5542268041237113,1.1067708333333333,0.6134020618556701
0022400449,130,17,5,64,6,1,0.7169117647058824,0.9015151515151515,0.6463068181818181
0022400450,126,24,6,94,12,6,0.6702127659574468,1.2,0.8042553191489362
0022400451,136,14,8,62,13,5,2.036866359447005,0.8811188811188811,1.7947214076246334
0022400452,135,18,6,69,9,3,0.9782608695652174,1.0,0.9782608695652173
0022400453,104,19,11,109,28,17,1.406084017382907,1.0178571428571428,1.431192660550459
0022400454,132,20,6,71,6,0,0.5577464788732394,0.7692307692307692,0.429035752979415
0022400455,117,20,8,80,13,5,0.950625,0.989010989010989,0.9401785714285714
0022400456,149,19,4,68,5,1,0.576625386996904,0.9913043478260869,0.571611253196931
0022400457,118,16,9,73,13,4,1.3133561643835616,0.8369230769230769,1.0991780821917807
0022400458,113,21,9,90,13,4,0.7772486772486771,0.9153846153846154,0.7114814814814814
0022400459,109,20,7,87,13,6,0.8143678160919541,1.0826210826210827,0.881651766709238
0022400460,106,20,10,94,15,5,0.8457446808510638,0.8888888888888888,0.75177304964539
0022400461,146,18,6,73,10,4,1.1111111111111112,1.05,1.1666666666666667
0022400462,121,20,8,78,12,4,0.9307692307692308,0.9523809523809524,0.8864468864468864
0022400463,124,18,5,72,9,4,0.861111111111111,1.1304347826086958,0.9734299516908212
0022400464,114,15,6,60,8,2,1.0133333333333334,0.8928571428571429,0.9047619047619048
0022400465,102,21,12,98,17,5,0.8425655976676385,0.823529411764706,0.6938775510204082
0022400466,127,17,8,73,11,3,1.1257050765511682,0.8654545454545454,0.9742465753424656
0022400467,113,18,8,86,16,8,1.1679586563307494,1.0384615384615385,1.2128801431127012
0022400468,129,16,8,66,9,1,1.0994318181818181,0.7407407407407408,0.8143939393939394
0022400469,119,20,4,79,13,9,0.9791139240506328,1.4102564102564104,1.380801687763713
0022400470,114,15,4,66,9,5,1.0363636363636364,1.2280701754385965,1.272727272727273
0022400471,105,19,5,71,9,4,0.7005189028910304,1.1435185185185186,0.8010563380281691
0022400472,112,21,11,93,14,3,0.8028673835125448,0.796875,0.6397849462365592
0022400473,116,15,7,84,17,10,1.565079365079365,1.0828877005347595,1.694805194805195
0022400474,119,20,10,89,15,5,1.0028089887640448,0.8888888888888888,0.8913857677902621
0022400475,133,17,6,68,9,3,1.0354671280276817,0.9855072463768115,1.0204603580562661
0022400476,110,26,8,108,15,7,0.5876068376068376,1.1215686274509804,0.659041394335512
0022400477,110,18,8,87,18,10,1.264367816091954,1.0769230769230769,1.3616268788682582
0022400478,129,19,12,84,15,3,1.212406015037594,0.7354838709677419,0.8917050691244238
0022400479,113,16,7,88,21,14,1.6853693181818183,1.1594202898550723,1.9540513833992093
0022400480,132,14,7,65,12,5,1.7406593406593407,0.9444444444444445,1.643956043956044
0022400481,131,20,7,78,12,5,1.0076923076923077,1.0493827160493827,1.0574548907882242
0022400482,136,18,7,76,13,6,1.2923976608187135,1.0523076923076924,1.3599999999999999
0022400483,152,13,6,51,7,1,1.6048265460030167,0.781954887218045,1.2549019607843137
0022400484,125,24,7,96,11,4,0.5967881944444444,1.0557184750733137,0.6300403225806451
0022400485,130,15,8,71,15,7,1.8309859154929575,0.9565217391304349,1.751377832210655
0022400486,149,21,6,75,7,1,0.6622222222222223,0.888888888888889,0.588641975308642
0022400487,116,19,8,80,12,4,0.9157894736842105,0.9382716049382716,0.8592592592592593
0022400488,126,20,6,76,11,5,0.911842105263158,1.118881118881119,1.0202429149797572
0022400489,127,18,7,73,9,2,0.8698630136986301,0.8800000000000001,0.7654794520547944
0022400490,121,19,6,74,9,3,0.7745376955903271,1.0133333333333332,0.7848648648648648
0022400491,99,19,8,88,16,8,0.9473684210526316,1.0555555555555556,1.0
0022400492,125,18,9,75,13,4,1.203703703703704,0.8717948717948718,1.0493827160493827
0022400493,134,16,5,62,7,2,0.9455645161290323,0.9795918367346937,0.9262672811059908
0022400494,113,19,5,80,14,9,1.0407894736842105,1.3005952380952381,1.3536458333333332
0022400495,106,20,7,85,12,5,0.748235294117647,1.0493827160493827,0.7851851851851852
0022400496,107,17,6,76,14,8,1.1594427244582044,1.1614906832298135,1.3466819221967965
0022400497,134,18,6,72,10,4,1.0339506172839508,1.05,1.0856481481481481
0022400498,146,13,5,61,10,5,1.841109709962169,1.0833333333333333,1.994535519125683
0022400499,122,17,6,90,21,15,1.674509803921569,1.2670807453416149,2.121739130434783
0022400500,119,17,8,74,14,6,1.3243243243243246,0.9714285714285714,1.2864864864864864
0022400501,141,18,8,94,18,10,1.5,1.0769230769230769,1.6153846153846154
0022400502,119,18,9,86,17,8,1.3068475452196382,0.9803921568627452,1.281223083548665
0022400503,120,18,7,80,11,4,0.9166666666666667,0.9818181818181819,0.8999999999999999
0022400504,123,16,4,65,10,6,1.1826923076923077,1.28,1.513846153846154
0022400505,113,22,7,85,11,4,0.6647058823529413,1.0344827586206897,0.6876267748478702
0022400506,121,17,8,82,16,8,1.3888091822094693,1.02,1.4165853658536585
0022400507,121,15,7,71,12,5,1.3633802816901408,0.9659090909090908,1.316901408450704
0022400508,126,16,6,67,8,2,0.9402985074626866,0.9090909090909091,0.8548168249660787
0022400509,99,23,11,103,17,6,0.7104263402279444,0.9152249134948098,0.6501998857795546
0022400510,110,21,11,96,18,7,0.9821428571428571,0.9114583333333334,0.8951822916666667
0022400511,120,15,8,72,12,4,1.3333333333333333,0.8695652173913043,1.1594202898550723
0022400512,112,19,6,72,8,2,0.6549707602339181,0.95,0.6222222222222222
0022400513,114,20,7,79,9,2,0.649367088607595,0.9053497942386831,0.5879043600562588
0022400514,118,16,7,68,11,4,1.193014705882353,0.9486166007905139,1.1317135549872122
0022400515,104,22,8,95,14,6,0.6966507177033492,1.0476190476190474,0.7298245614035088
0022400516,121,19,7,80,11,4,0.8756578947368422,0.9965034965034966,0.8725961538461539
0022400517,126,19,6,72,9,3,0.8289473684210527,1.0133333333333332,0.84
0022400518,114,17,8,79,17,9,1.4430379746835444,1.0399999999999998,1.5007594936708861
0022400519,101,20,10,86,15,5,0.8808139534883721,0.8888888888888888,0.7829457364341086
0022400520,97,25,14,115,23,9,0.7760000000000001,0.8918617614269788,0.6920847268673356
0022400521,99,21,8,99,17,9,0.8095238095238095,1.1075050709939147,0.8965517241379312
0022400522,120,18,8,75,13,5,1.1555555555555557,0.9585798816568047,1.1076923076923075
0022400523,130,17,4,66,6,2,0.6951871657754011,1.0793650793650793,0.7503607503607503
0022400524,133,19,6,72,7,1,0.6805555555555556,0.8685714285714284,0.5911111111111111
0022400525,125,14,6,72,13,7,1.6121031746031746,1.0769230769230769,1.7361111111111112
0022400526,111,18,9,84,19,10,1.3948412698412698,1.0175438596491226,1.4193121693121693
0022400527,104,23,6,94,12,6,0.5772432932469935,1.1896551724137931,0.6867204695524578
0022400528,133,19,5,70,8,3,0.8,1.0885416666666667,0.8708333333333333
0022400529,126,21,4,79,9,5,0.6835443037974683,1.3066666666666666,0.8931645569620253
0022400530,147,16,6,63,7,1,1.0208333333333333,0.8311688311688311,0.8484848484848484
0022400531,118,20,10,88,16,6,1.0727272727272728,0.9166666666666666,0.9833333333333334
0022400532,117,18,9,89,16,7,1.1685393258426966,0.9583333333333334,1.1198501872659177
0022400533,107,16,6,83,15,9,1.2085843373493976,1.1636363636363638,1.406352683461117
0022400534,110,20,9,92,19,10,1.1358695652173914,1.0526315789473684,1.1956521739130437
0022400535,123,21,9,85,12,3,0.826890756302521,0.875,0.723529411764706
0022400536,127,18,6,69,8,2,0.8180354267310789,0.9375,0.7669082125603865
0022400537,133,18,6,68,7,1,0.7606209150326797,0.8571428571428571,0.6519607843137255
0022400538,129,17,6,70,11,5,1.1924369747899157,1.075098814229249,1.2819875776397514
0022400539,116,21,6,85,12,6,0.7798319327731092,1.1666666666666667,0.9098039215686274
0022400540,112,20,9,83,15,6,1.0120481927710843,0.9655172413793103,0.9771499792272537
0022400541,125,19,6,78,12,6,1.0121457489878543,1.14,1.1538461538461537
0022400542,114,21,8,89,13,5,0.7929373996789727,1.0026525198938991,0.7950406819062378
0022400543,107,18,9,90,17,8,1.1228395061728396,0.9803921568627452,1.1008230452674899
0022400544,94,18,7,92,21,14,1.1920289855072463,1.2,1.4304347826086958
0022400545,117,21,8,97,18,10,1.0338733431516938,1.1264367816091954,1.164592961251333
0022400546,100,23,11,109,20,9,0.7977662544874352,0.9808823529411765,0.7825148407987048
0022400547,116,21,8,85,13,5,0.8448179271708685,1.0026525198938991,0.8470588235294118
0022400548,127,16,8,74,15,7,1.6089527027027029,0.9777777777777779,1.5731981981981984
0022400549,111,23,12,92,14,2,0.7344045368620038,0.7510204081632652,0.5515527950310559
0022400550,119,17,4,70,7,3,0.7000000000000001,1.1564625850340136,0.8095238095238094
0022400551,122,17,8,79,19,11,1.725986597170514,1.0736842105263158,1.8531645569620254
0022400552,123,20,7,71,8,1,0.6929577464788733,0.8333333333333333,0.5774647887323944
0022400553,140,18,3,63,4,1,0.4938271604938272,1.0714285714285714,0.5291005291005291
0022400554,117,18,10,86,15,5,1.1337209302325582,0.8571428571428571,0.9717607973421927
0022400555,124,18,4,75,11,7,1.0103703703703704,1.3388429752066113,1.3527272727272726
0022400556,116,21,10,92,16,6,0.9606625258799172,0.9314516129032258,0.8948106591865359
0022400557,124,18,7,80,13,6,1.1194444444444445,1.0523076923076924,1.178
0022400558,122,17,7,80,13,6,1.1661764705882354,1.0352564102564104,1.2072916666666667
0022400559,125,19,9,75,14,5,1.2280701754385965,0.9209183673469389,1.130952380952381
0022400560,113,21,9,88,13,4,0.7949134199134199,0.9153846153846154,0.727651515151515
0022400561,126,14,9,69,16,7,2.0869565217391304,0.875,1.826086956521739
0022400562,107,20,9,83,12,3,0.7734939759036145,0.8620689655172414,0.666805151641047
0022400563,135,18,8,76,11,3,1.0855263157894737,0.8811188811188811,0.9564777327935222
0022400564,109,23,8,101,17,9,0.7976754197158846,1.1347248576850095,0.9051421271159373
0022400565,94,16,6,87,21,15,1.418103448275862,1.246753246753247,1.7680250783699059
0022400566,132,17,7,78,15,8,1.493212669683258,1.086111111111111,1.6217948717948718
0022400567,126,22,7,84,10,3,0.6818181818181818,0.9862068965517242,0.6724137931034483
0022400568,107,20,8,83,12,4,0.7734939759036145,0.9523809523809524,0.7366609294320139
0022400569,138,16,8,66,12,4,1.5681818181818181,0.8888888888888888,1.393939393939394
0022400570,124,18,3,68,5,2,0.5065359477124183,1.2,0.607843137254902
0022400571,116,17,8,78,14,6,1.2247360482654601,0.9714285714285714,1.1897435897435897
0022400572,126,17,7,80,15,8,1.3897058823529413,1.086111111111111,1.509375
0022400573,117,23,7,95,16,9,0.8567505720823798,1.1979166666666667,1.0263157894736843
0022400574,138,20,6,76,8,2,0.7263157894736841,0.9615384615384615,0.6983805668016194
0022400575,121,20,6,78,9,3,0.6980769230769232,1.0256410256410255,0.7159763313609467
0022400576,131,18,6,81,13,7,1.1680384087791493,1.1538461538461537,1.3477366255144032
0022400577,88,17,9,95,22,13,1.1987616099071208,1.0402097902097902,1.2469635627530362
0022400578,122,13,4,64,11,7,1.6129807692307694,1.2513368983957218,2.0183823529411766
0022400579,131,19,4,69,6,2,0.5995423340961099,1.1014492753623188,0.6603654694391935
0022400580,94,29,8,110,14,6,0.41253918495297803,1.1196911196911197,0.4619164619164619
0022400581,107,25,7,100,15,8,0.642,1.1979166666666665,0.7690625000000001
0022400582,124,21,8,79,9,1,0.6726943942133816,0.8045977011494253,0.5412483631601921
0022400583,113,19,8,77,10,2,0.7723855092276144,0.8444444444444444,0.6522366522366522
0022400584,126,20,9,79,10,1,0.7974683544303799,0.7586206896551725,0.6049759930161501
0022400585,124,14,4,58,8,4,1.2216748768472907,1.1666666666666667,1.425287356321839
0022400586,85,22,11,117,25,14,0.8255633255633255,1.04,0.8585858585858586
0022400587,146,18,8,75,14,6,1.5140740740740741,0.989010989010989,1.4974358974358974
0022400588,109,19,8,85,14,6,0.944891640866873,1.0052910052910053,0.9498910675381262
0022400589,113,18,11,85,18,7,1.3294117647058823,0.8620689655172413,1.1460446247464502
0022400590,116,16,8,79,18,10,1.6518987341772151,1.037037037037037,1.7130801687763713
0022400591,124,23,10,87,12,2,0.7436281859070465,0.8131313131313133,0.6046673632880529
0022400592,145,16,3,56,4,1,0.6473214285714285,1.0526315789473684,0.681390977443609
0022400593,116,18,8,81,15,7,1.1934156378600822,1.0153846153846156,1.211775878442545
0022400594,106,20,10,89,17,7,1.0123595505617977,0.9411764705882352,0.952808988764045
0022400595,127,17,7,72,11,4,1.1413398692810457,0.965909090909091,1.1024305555555556
0022400596,123,21,4,70,5,1,0.4183673469387755,1.008,0.4217142857142857
0022400597,109,20,11,94,17,6,0.9856382978723405,0.872865275142315,0.8603294440631434
0022400598,127,20,9,90,14,5,0.9877777777777778,0.935960591133005,0.9245210727969349
0022400599,125,17,7,73,12,5,1.20870265914585,1.0034722222222223,1.2128995433789953
0022400600,134,18,5,70,7,2,0.7444444444444445,1.0062111801242235,0.7490683229813664
0022400601,103,22,13,102,21,8,0.963903743315508,0.8680272108843538,0.8366946778711484
0022400602,112,20,10,85,15,5,0.9882352941176471,0.8888888888888888,0.8784313725490196
0022400603,112,18,9,85,16,7,1.1712418300653593,0.9583333333333334,1.1224400871459694
0022400604,145,13,3,47,4,1,0.9492635024549918,1.015625,0.9640957446808511
0022400605,126,25,10,99,15,5,0.7636363636363637,0.9523809523809524,0.7272727272727272
0022400606,119,18,6,74,13,7,1.1614114114114116,1.1538461538461537,1.34009009009009
0022400607,133,15,4,61,9,5,1.3081967213114754,1.2280701754385965,1.6065573770491806
0022400608,93,22,10,94,13,3,0.5846228239845261,0.8461538461538461,0.49468085106382975
0022400609,127,18,6,69,9,3,0.9202898550724637,1.0,0.9202898550724637
0022400610,124,19,7,77,9,2,0.7628161312371838,0.8931623931623932,0.6813186813186812
0022400611,117,14,8,78,19,11,2.0357142857142856,1.0047846889952154,2.0454545454545454
0022400612,144,19,6,74,9,3,0.9217638691322902,1.0133333333333332,0.9340540540540542
0022400613,136,16,5,57,6,1,0.8947368421052632,0.888888888888889,0.7953216374269005
0022400614,114,19,9,88,15,6,1.0227272727272727,0.95,0.9715909090909092
0022400615,116,20,7,75,9,2,0.696,0.9053497942386831,0.6301234567901235
0022400616,114,22,13,95,17,4,0.9272727272727274,0.7764705882352941,0.72
0022400617,131,20,5,70,5,0,0.4678571428571428,0.8,0.3742857142857142
0022400618,123,20,7,85,14,7,1.0129411764705882,1.111111111111111,1.1254901960784314
0022400619,116,20,10,85,15,5,1.0235294117647058,0.8888888888888888,0.9098039215686273
0022400620,129,22,8,87,11,3,0.7413793103448276,0.9333333333333332,0.6919540229885057
0022400621,154,15,4,57,6,2,1.0807017543859647,1.0526315789473684,1.1375807940904894
0022400622,111,20,8,83,13,5,0.869277108433735,0.989010989010989,0.859724612736661
0022400623,117,20,11,92,22,11,1.3989130434782608,0.9677419354838709,1.3537868162692845
0022400624,119,19,7,80,11,4,0.8611842105263159,0.9965034965034966,0.8581730769230769
0022400625,104,23,11,101,18,7,0.8058544984933276,0.9395424836601307,0.7571345369831101
0022400626,138,19,9,86,14,5,1.1823745410036721,0.9209183673469389,1.0888704318936877
0022400627,140,16,7,62,9,2,1.2701612903225807,0.8502415458937199,1.0799438990182328
0022400628,115,19,9,85,15,6,1.0681114551083593,0.95,1.0147058823529411
0022400629,118,16,8,70,12,4,1.2642857142857142,0.8888888888888888,1.1238095238095236
0022400630,94,21,10,101,23,13,1.0193305044790195,1.0603085553997194,1.0808048546790163
0022400631,126,18,6,78,13,7,1.1666666666666667,1.1538461538461537,1.346153846153846
0022400632,135,18,6,66,9,3,1.0227272727272727,1.0,1.0227272727272727
0022400633,118,19,12,89,15,3,1.0467179183914843,0.7354838709677419,0.7698441464298658
0022400634,135,18,6,65,7,1,0.8076923076923077,0.8571428571428571,0.6923076923076923
0022400635,99,22,8,98,17,9,0.7806122448979592,1.1215686274509802,0.8755102040816327
0022400636,103,19,12,94,18,6,1.0380739081746921,0.8172043010752688,0.848318462594372
0022400637,124,21,9,78,10,1,0.757020757020757,0.77,0.5829059829059828
0022400638,110,21,9,97,19,10,1.0260186548846342,1.0684210526315787,1.0962199312714778
0022400639,127,19,11,96,18,7,1.2532894736842104,0.8796296296296295,1.1024305555555556
0022400640,95,22,10,108,26,16,1.0395622895622896,1.1105769230769231,1.1545138888888888
0022400641,131,20,5,79,7,2,0.580379746835443,1.0285714285714285,0.5969620253164556
0022400642,129,17,8,75,13,5,1.3152941176470587,0.9415384615384614,1.2384
0022400643,113,22,8,93,13,5,0.7179863147605082,1.0153846153846153,0.729032258064516
0022400644,131,17,6,63,7,1,0.8562091503267973,0.8447204968944099,0.7232574189095928
0022400645,128,19,4,71,7,3,0.6641957005189029,1.1801242236024845,0.7838334353949786
0022400646,117,22,10,92,17,7,0.9827075098814229,0.9705882352941175,0.9538043478260868
0022400647,90,20,10,100,20,10,0.9000000000000001,1.0,0.9
0022400648,110,20,9,84,12,3,0.7857142857142857,0.8620689655172414,0.6773399014778326
0022400649,127,16,6,67,11,5,1.3031716417910448,1.0578512396694215,1.378561736770692
0022400650,109,18,9,80,16,7,1.211111111111111,0.9583333333333334,1.160648148148148
0022400651,93,24,8,95,11,3,0.4486842105263158,0.9545454545454546,0.42828947368421044
0022400652,134,24,6,93,12,6,0.7204301075268817,1.2,0.864516129032258
0022400653,133,21,6,80,9,3,0.7125,1.037037037037037,0.7388888888888889
0022400654,115,22,5,95,14,9,0.770334928229665,1.3386243386243386,1.0311890838206628
0022400655,162,15,3,51,4,1,0.8470588235294118,1.0416666666666667,0.8823529411764707
0022400656,131,20,6,74,10,4,0.8851351351351352,1.0769230769230769,0.9532224532224532
0022400657,130,17,6,67,11,5,1.2554872695346795,1.075098814229249,1.3497728747566515
0022400658,114,18,8,86,15,7,1.1046511627906979,1.0153846153846156,1.1216457960644008
0022400659,139,14,5,55,9,4,1.6246753246753247,1.0643274853801168,1.7291866028708132
0022400660,113,24,9,90,11,2,0.575462962962963,0.859504132231405,0.49461279461279456
0022400661,95,16,9,98,25,16,1.5146683673469388,1.0496,1.5897959183673471
0022400662,104,21,10,93,15,5,0.7987711213517664,0.9032258064516128,0.7214706902532085
0022400663,111,16,9,72,18,9,1.734375,0.96,1.665
0022400664,105,21,10,100,16,6,0.7999999999999999,0.9314516129032258,0.7451612903225806
0022400665,107,20,9,89,16,7,0.9617977528089888,0.9913793103448276,0.9535063928709804
0022400666,132,17,8,75,13,5,1.3458823529411765,0.9415384615384614,1.2671999999999999
0022400667,141,14,4,51,5,1,0.9873949579831932,0.9333333333333333,0.9215686274509804
0022400668,118,19,7,82,12,5,0.9088575096277278,1.0352564102564104,0.9409005628517824
0022400669,112,17,8,80,15,7,1.2352941176470589,0.9973333333333333,1.232
0022400670,135,17,6,74,13,7,1.3950715421303659,1.137123745819398,1.5863689776733256
0022400671,114,19,11,89,17,6,1.1460674157303372,0.8568627450980393,0.9820224719101125
0022400672,105,20,10,92,17,7,0.970108695652174,0.9411764705882352,0.9130434782608696
0022400673,107,20,8,96,17,9,0.9473958333333334,1.0924369747899159,1.0349702380952381
0022400674,109,19,9,96,20,11,1.1951754385964912,1.0517857142857143,1.2570684523809523
0022400675,124,19,9,82,15,6,1.1938382541720154,0.95,1.1341463414634148
0022400676,116,17,8,80,18,10,1.535294117647059,1.0577777777777777,1.6239999999999999
0022400677,113,17,9,79,15,6,1.2620997766195086,0.9153846153846154,1.1553067185978578
0022400678,90,20,9,94,16,7,0.7659574468085106,0.9913793103448276,0.7593543653705062
0022400679,118,20,7,80,11,4,0.8112500000000001,1.0101010101010102,0.8194444444444444
0022400680,128,16,6,68,12,6,1.411764705882353,1.0909090909090908,1.5401069518716577
0022400681,120,22,5,79,7,2,0.48331415420023016,1.0476190476190474,0.5063291139240506
0022400682,133,16,6,70,12,6,1.425,1.0909090909090908,1.5545454545454545
0022400683,132,19,6,77,12,6,1.0827067669172932,1.14,1.2342857142857142
0022400684,119,19,9,88,17,8,1.2099282296650717,0.9978991596638657,1.2073863636363638
0022400685,123,22,7,87,13,6,0.8354231974921631,1.1087533156498675,0.9262782401902497
0022400686,97,24,12,111,22,10,0.801051051051051,0.9696969696969697,0.7767767767767767
0022400687,103,24,13,105,19,6,0.7765873015873015,0.8534850640113799,0.6628056628056628
0022400688,128,16,5,74,12,7,1.2972972972972974,1.2063492063492065,1.564993564993565
0022400689,110,20,8,77,11,3,0.7857142857142857,0.9090909090909092,0.7142857142857144
0022400690,110,25,6,92,7,1,0.3347826086956522,0.9216589861751152,0.3085553997194951
0022400691,140,18,8,73,9,1,0.9589041095890412,0.7692307692307693,0.7376185458377239
0022400692,118,20,8,80,10,2,0.7375,0.8571428571428572,0.6321428571428571
0022400693,115,17,9,83,14,5,1.1410347271438694,0.8873626373626374,1.0125115848007413
0022400694,115,19,8,91,18,10,1.1972238288027761,1.094650205761317,1.3105413105413106
0022400695,139,20,6,77,7,1,0.6318181818181818,0.879120879120879,0.5554445554445555
0022400696,148,17,7,67,9,2,1.1694468832309042,0.8657407407407409,1.0124378109452736
0022400697,118,20,6,75,9,3,0.708,1.0256410256410255,0.7261538461538461
0022400698,105,21,9,90,13,4,0.7222222222222221,0.9153846153846154,0.6611111111111111
0022400699,121,25,6,85,6,0,0.3416470588235294,0.8064516129032259,0.27552182163187855
0022400700,114,24,8,94,11,3,0.5558510638297873,0.9545454545454546,0.5305851063829787
0022400701,100,23,10,111,23,13,0.9009009009009008,1.0909090909090908,0.9828009828009828
0022400702,112,20,9,96,17,8,0.9916666666666667,1.0141987829614605,1.0057471264367817
0022400703,133,21,9,92,13,4,0.894927536231884,0.9153846153846154,0.8192028985507246
0022400704,119,15,6,73,14,8,1.5214611872146118,1.1224489795918369,1.7077625570776254
0022400705,147,15,5,63,11,6,1.711111111111111,1.1590909090909092,1.983333333333333
0022400706,118,17,9,74,14,5,1.3131955484896662,0.8873626373626374,1.1652806652806653
0022400707,123,21,8,85,12,4,0.826890756302521,0.9655172413793103,0.7983772819472617
0022400708,98,23,10,95,14,4,0.6279176201372997,0.8961038961038961,0.5626794258373207
0022400709,126,18,9,83,19,10,1.6024096385542168,1.0175438596491226,1.6305220883534137
0022400710,105,21,10,97,17,7,0.8762886597938143,0.9563567362428841,0.8380445626870635
0022400711,97,16,10,86,19,9,1.339389534883721,0.9068825910931173,1.2146690518783543
0022400712,107,18,9,83,17,8,1.2175368139223561,0.9803921568627452,1.1936635430611338
0022400713,115,18,7,77,12,5,0.9956709956709956,1.02,1.0155844155844156
0022400714,132,21,5,77,11,6,0.8979591836734694,1.2482517482517481,1.120879120879121
0022400715,124,21,5,70,5,0,0.4217687074829932,0.8076923076923077,0.3406593406593406
0022400716,131,17,7,66,9,2,1.0508021390374331,0.8657407407407409,0.9097222222222222
0022400717,130,14,7,57,12,5,1.9548872180451127,0.9444444444444445,1.8462823725981619
0022400718,115,21,11,90,17,6,1.0343915343915344,0.8878676470588236,0.9184027777777777
0022400719,143,16,6,74,12,6,1.4493243243243243,1.0909090909090908,1.5810810810810811
0022400720,99,18,10,88,17,7,1.0625,0.9075630252100839,0.9642857142857143
0022400721,132,15,8,67,10,2,1.3134328358208955,0.782608695652174,1.0279039584685268
0022400722,98,21,10,101,22,12,1.0165016501650166,1.0469208211143695,1.0641967422548706
0022400723,99,21,9,93,14,5,0.7096774193548387,0.9500000000000001,0.6741935483870968
0022400724,117,19,10,93,19,9,1.2580645161290323,0.9655172413793104,1.2146829810901
0022400725,118,17,11,95,25,14,1.8266253869969038,0.9471428571428572,1.7300751879699248
0022400726,127,20,7,84,10,3,0.7559523809523809,0.9629629629629629,0.7279541446208113
0022400727,107,25,8,89,10,2,0.48089887640449436,0.9090909090909091,0.43718079673135857
0022400728,117,19,5,76,9,4,0.7292243767313019,1.1435185185185186,0.8338815789473685
0022400729,110,17,9,85,18,9,1.370242214532872,0.9807692307692308,1.343891402714932
0022400730,108,23,7,90,10,3,0.5217391304347826,0.9966666666666667,0.5199999999999999
0022400731,115,20,10,91,19,9,1.2005494505494507,0.9824561403508771,1.1794871794871795
0022400732,110,18,10,86,14,4,0.9948320413436693,0.8265306122448979,0.8222591362126247
0022400733,134,18,7,71,10,3,1.0485133020344288,0.936,0.9814084507042253
0022400734,109,21,8,87,12,4,0.7159277504105089,0.9655172413793103,0.69124058660325
0022400735,117,22,10,87,12,2,0.7335423197492162,0.8020833333333334,0.5883620689655171
0022400736,139,17,6,68,8,2,0.9619377162629758,0.9239130434782609,0.8887468030690537
0022400737,119,18,8,72,11,3,1.010030864197531,0.8811188811188811,0.889957264957265
0022400738,118,19,10,86,18,8,1.2998776009791924,0.9463601532567051,1.230152365677626
0022400739,114,17,9,79,18,9,1.5279225614296352,0.9807692307692308,1.4985394352482961
0022400740,146,19,7,74,10,3,1.0384068278805123,0.95,0.9864864864864866
0022400741,97,19,7,90,18,11,1.0210526315789474,1.1773504273504274,1.2021367521367523
0022400742,105,22,9,98,18,9,0.8766233766233766,1.064516129032258,0.933179723502304
0022400743,124,17,6,72,13,7,1.3169934640522876,1.137123745819398,1.497584541062802
0022400744,133,18,7,81,15,8,1.368312757201646,1.1039999999999999,1.5106172839506173
0022400745,95,21,10,107,20,10,0.8455718736092568,1.0161290322580645,0.8592101296352124
0022400746,104,18,12,97,25,13,1.4891179839633446,0.9120000000000001,1.3580756013745705
0022400747,125,20,9,81,15,6,1.1574074074074072,0.9655172413793103,1.1174968071519795
0022400748,107,17,9,86,17,8,1.244186046511628,0.9615384615384617,1.1963327370304115
0022400749,119,14,9,67,12,3,1.5223880597014925,0.7608695652173914,1.1583387410772226
0022400750,124,22,12,101,21,9,1.1719171917191717,0.9243697478991597,1.0832847990681422
0022400751,121,20,9,83,12,3,0.8746987951807228,0.8620689655172414,0.7540506855006232
0022400752,97,22,5,90,13,8,0.6368686868686868,1.3162393162393162,0.8382716049382716
0022400753,98,21,11,100,18,7,0.84,0.9114583333333334,0.7656250000000001
0022400754,120,17,10,88,18,8,1.4438502673796794,0.9094650205761315,1.3131313131313131
0022400755,106,22,12,100,20,8,0.9636363636363636,0.9058823529411765,0.8729411764705883
0022400756,118,21,7,84,11,4,0.735827664399093,1.022727272727273,0.7525510204081632
0022400757,112,22,9,93,14,5,0.766373411534702,0.9631336405529953,0.7381200138744364
0022400758,112,18,7,76,9,2,0.7368421052631579,0.8800000000000001,0.6484210526315789
0022400759,138,13,4,49,6,2,1.2998430141287283,1.0196078431372548,1.325330132052821
0022400760,104,26,12,107,17,5,0.6355140186915887,0.8854489164086687,0.5627151992129857
0022400761,127,20,7,79,10,3,0.8037974683544304,0.9629629629629629,0.7740271917487106
0022400762,136,22,8,85,11,3,0.8,0.9333333333333332,0.7466666666666667
0022400763,106,24,9,98,13,4,0.5858843537414966,0.951048951048951,0.557204700061843
0022400764,114,20,11,90,15,4,0.95,0.8172043010752688,0.7763440860215053
0022400765,108,21,10,95,16,6,0.8661654135338346,0.9314516129032258,0.8067911714770798
0022400766,146,15,9,62,10,1,1.5698924731182795,0.6875,1.0793010752688172
0022400767,128,18,10,84,16,6,1.3544973544973544,0.8839285714285714,1.1972789115646258
0022400768,130,22,9,84,11,2,0.7738095238095238,0.8387096774193549,0.6490015360983102
0022400769,135,19,5,67,6,1,0.636292223095051,0.9236111111111113,0.5876865671641791
0022400770,122,18,5,64,5,0,0.529513888888889,0.782608695652174,0.4144021739130435
0022400771,144,17,9,79,18,9,1.9300074460163812,0.9807692307692308,1.8928919182083739
0022400772,115,16,6,73,13,7,1.2799657534246573,1.1188811188811187,1.432129514321295
0022400773,120,27,12,116,21,9,0.8045977011494253,0.989010989010989,0.7957559681697614
0022400774,132,18,8,77,10,2,0.9523809523809523,0.8307692307692307,0.7912087912087912
0022400775,106,17,11,106,26,15,1.5294117647058825,0.9574175824175825,1.4642857142857144
0022400776,144,20,4,67,4,0,0.4298507462686567,0.8333333333333334,0.35820895522388063
0022400777,114,19,7,82,16,9,1.1707317073170733,1.1418269230769231,1.3367729831144466
0022400778,119,18,7,76,12,5,1.043859649122807,1.02,1.0647368421052632
0022400779,114,20,9,88,13,4,0.8420454545454547,0.9018567639257294,0.7594043887147335
0022400780,122,19,9,91,15,6,1.0584152689415847,0.95,1.0054945054945055
0022400781,116,21,8,95,18,10,1.0466165413533834,1.1264367816091954,1.1789473684210525
0022400782,124,18,6,75,11,5,1.0103703703703704,1.090909090909091,1.1022222222222222
0022400783,135,19,6,78,11,5,1.0020242914979756,1.1054545454545455,1.1076923076923078
0022400784,110,22,8,93,14,6,0.7526881720430108,1.0476190476190474,0.7885304659498209
0022400785,140,20,8,87,14,6,1.1264367816091954,1.0204081632653061,1.1494252873563218
0022400786,121,18,7,74,10,3,0.9084084084084084,0.936,0.8502702702702702
0022400787,116,21,9,81,10,1,0.6819517930629041,0.77,0.5251028806584361
0022400788,111,24,7,96,12,5,0.578125,1.096774193548387,0.6340725806451614
0022400789,116,17,7,78,14,7,1.2247360482654601,1.0625,1.3012820512820513
0022400790,98,20,11,101,22,11,1.0673267326732674,0.9677419354838709,1.0328968380709038
0022400791,104,21,11,100,17,6,0.8419047619047619,0.8878676470588236,0.7474999999999999
0022400792,160,17,3,62,5,2,0.7590132827324478,1.19,0.9032258064516129
0022400793,98,18,13,100,22,9,1.1977777777777778,0.8181818181818182,0.98
0022400794,125,21,4,80,9,5,0.6696428571428571,1.3066666666666666,0.8749999999999999
0022400795,113,21,12,94,16,4,0.9159067882472137,0.7954545454545455,0.7285622179239201
0022400796,128,19,8,82,15,7,1.2323491655969192,1.0320987654320988,1.2719060523938575
0022400797,142,17,7,65,7,0,0.8995475113122173,0.7083333333333334,0.6371794871794872
0022400798,104,23,9,101,20,11,0.8953938872148085,1.1140625,0.9975247524752474
0022400799,110,22,11,95,16,5,0.8421052631578947,0.875,0.7368421052631579
0022400800,114,18,11,90,18,7,1.2666666666666668,0.8620689655172413,1.0919540229885056
0022400801,111,21,13,97,19,6,1.0353460972017672,0.8126934984520124,0.8414190418435415
0022400802,124,17,11,80,16,5,1.4588235294117649,0.796875,1.1625
0022400803,118,22,10,91,15,5,0.884115884115884,0.9166666666666666,0.8104395604395604
0022400804,126,17,10,77,14,4,1.3475935828877006,0.8095238095238094,1.090909090909091
0022400805,111,21,8,83,10,2,0.6368330464716007,0.8689655172413793,0.5533859576235978
0022400806,128,22,5,80,9,4,0.6545454545454545,1.176954732510288,0.7703703703703704
0022400807,110,23,6,78,7,1,0.42920847268673357,0.9064039408866994,0.38903625110521667
0022400808,111,18,9,84,19,10,1.3948412698412698,1.0175438596491226,1.4193121693121693
0022400809,130,18,7,75,11,4,1.0592592592592591,0.9818181818181819,1.04
0022400810,117,24,9,97,14,5,0.7036082474226804,0.987012987012987,0.6944704779756327
0022400811,126,17,6,69,8,2,0.8593350383631714,0.9239130434782609,0.7939508506616257
0022400812,113,23,9,90,12,3,0.6550724637681159,0.8984375,0.5885416666666666
0022400813,102,24,13,103,17,4,0.7014563106796117,0.8012718600953896,0.5620572028339018
0022400814,129,22,5,100,19,14,1.114090909090909,1.4152046783625731,1.5766666666666667
0022400815,108,17,7,87,20,13,1.460446247464503,1.16875,1.706896551724138
0022400816,110,23,10,95,12,2,0.6041189931350115,0.8131313131313133,0.49122807017543857
0022400817,116,16,6,81,17,11,1.5216049382716048,1.1978609625668448,1.8226711560044893
0022400818,121,19,7,88,15,8,1.0855263157894737,1.1205128205128203,1.2163461538461537
0022400819,95,21,9,108,24,15,1.0052910052910053,1.1375,1.1435185185185186
0022400820,104,22,11,96,16,5,0.7878787878787878,0.875,0.6893939393939394
0022400821,106,21,7,95,16,9,0.850125313283208,1.171875,0.9962406015037594
0022400822,134,18,7,77,12,5,1.1601731601731602,1.02,1.1833766233766232
0022400823,133,18,11,85,20,9,1.738562091503268,0.8999999999999999,1.5647058823529414
0022400824,99,18,8,92,21,13,1.2554347826086956,1.120879120879121,1.4071906354515047
0022400825,124,15,6,69,13,7,1.557487922705314,1.0989010989010988,1.7115251897860595
0022400826,121,26,14,110,20,6,0.8461538461538461,0.8450000000000001,0.715
0022400827,119,20,7,86,11,4,0.7610465116279069,1.0101010101010102,0.768733850129199
0022400828,119,18,10,80,15,5,1.2395833333333335,0.8571428571428571,1.0625
0022400829,119,18,8,74,10,2,0.8933933933933935,0.8307692307692307,0.7422037422037422
0022400830,121,16,7,65,10,3,1.1634615384615385,0.9043478260869565,1.0521739130434782
0022400831,128,19,7,70,8,1,0.7699248120300751,0.8221153846153846,0.6329670329670329
0022400832,136,23,10,100,17,7,1.0052173913043478,0.9839572192513368,0.989090909090909
0022400833,123,20,8,84,13,5,0.9517857142857143,0.989010989010989,0.9413265306122449
0022400834,127,19,6,80,11,5,0.9190789473684211,1.1054545454545455,1.016
0022400835,135,16,7,65,9,2,1.1682692307692308,0.8502415458937199,0.9933110367892978
0022400836,131,17,7,65,11,4,1.3040723981900453,0.965909090909091,1.2596153846153846
0022400837,143,16,8,64,9,1,1.2568359375,0.7407407407407408,0.9309895833333333
0022400838,120,21,7,79,11,4,0.7956600361663653,1.022727272727273,0.81374321880651
0022400839,112,24,11,106,22,11,0.968553459119497,1.0285714285714287,0.9962264150943396
0022400840,99,21,13,103,22,9,1.0069348127600555,0.8703208556149733,0.8763563677898344
0022400841,121,18,6,67,8,2,0.802653399668325,0.9375,0.7524875621890547
0022400842,142,15,6,55,7,1,1.2048484848484848,0.8163265306122449,0.9835497835497835
0022400843,129,18,5,68,6,1,0.6323529411764707,0.9130434782608697,0.5773657289002557
0022400844,134,19,7,74,8,1,0.7624466571834994,0.8221153846153846,0.6268191268191269
0022400845,101,21,9,94,18,9,0.9209726443768997,1.05,0.9670212765957448
0022400846,148,17,4,68,10,6,1.2802768166089966,1.2952380952380953,1.658263305322129
0022400847,140,17,4,65,6,2,0.7601809954751132,1.0793650793650793,0.8205128205128206
0022400848,139,15,6,55,9,3,1.5163636363636364,0.9523809523809524,1.444155844155844
0022400849,89,20,10,105,25,15,1.0595238095238095,1.0666666666666667,1.1301587301587301
0022400850,115,21,10,95,16,6,0.9223057644110275,0.9314516129032258,0.8590831918505942
0022400851,138,20,5,78,8,3,0.7076923076923076,1.1,0.7784615384615384
0022400852,114,19,6,73,8,2,0.6575342465753424,0.95,0.6246575342465753
0022400853,112,21,10,92,16,6,0.927536231884058,0.9314516129032258,0.8639551192145862
0022400854,129,14,6,57,8,2,1.2932330827067668,0.875,1.131578947368421
0022400855,127,25,9,97,10,1,0.5237113402061855,0.8088235294117648,0.4235900545785324
0022400856,125,19,9,80,12,3,0.9868421052631579,0.8482142857142858,0.8370535714285714
0022400857,126,19,5,65,6,1,0.6121457489878543,0.9236111111111113,0.5653846153846155
0022400858,138,18,5,68,6,1,0.6764705882352942,0.9130434782608697,0.6176470588235294
0022400859,116,17,8,77,14,6,1.2406417112299466,0.9714285714285714,1.2051948051948052
0022400860,151,12,5,52,8,3,1.935897435897436,0.9705882352941176,1.8789592760180995
0022400861,112,20,10,99,23,13,1.301010101010101,1.0434782608695652,1.3575757575757577
0022400862,115,16,9,79,12,3,1.0917721518987342,0.8,0.8734177215189874
0022400863,120,23,7,87,9,2,0.5397301349325336,0.9370370370370371,0.5057471264367817
0022400864,114,22,7,86,11,4,0.6627906976744187,1.0344827586206897,0.6856455493183641
0022400865,115,19,9,90,18,9,1.210526315789474,1.017857142857143,1.232142857142857
0022400866,104,22,7,85,12,5,0.667379679144385,1.074712643678161,0.7172413793103448
0022400867,125,26,12,105,18,6,0.8241758241758242,0.9122807017543858,0.7518796992481203
0022400868,136,17,6,64,9,3,1.125,0.9855072463768115,1.108695652173913
0022400869,135,16,5,67,11,6,1.3852611940298507,1.1774891774891774,1.631130063965885
0022400870,64,25,13,124,25,12,0.5161290322580645,0.9736842105263158,0.5025466893039049
0022400871,130,18,7,77,12,5,1.1255411255411254,1.02,1.148051948051948
0022400872,137,18,6,70,8,2,0.8698412698412697,0.9375,0.8154761904761904
0022400873,137,19,4,72,8,4,0.8011695906432749,1.2391304347826086,0.9927536231884058
0022400874,109,16,12,77,18,6,1.5925324675324675,0.7619047619047619,1.2133580705009275
0022400875,119,20,11,91,20,9,1.3076923076923075,0.9354838709677419,1.2233250620347393
0022400876,128,16,4,64,8,4,1.0,1.2,1.2
0022400877,109,20,10,87,15,5,0.9396551724137931,0.8888888888888888,0.8352490421455938
0022400878,122,16,10,83,19,9,1.745481927710843,0.9068825910931173,1.5829471733086191
0022400879,129,24,8,91,9,1,0.5315934065934066,0.8333333333333334,0.4429945054945055
0022400880,123,18,5,65,7,2,0.735897435897436,1.0062111801242235,0.7404682274247493
0022400881,116,23,12,101,19,7,0.9487731381833835,0.8992481203007519,0.8531824611032532
0022400882,133,17,4,63,6,2,0.7450980392156863,1.0793650793650793,0.8042328042328042
0022400883,87,25,9,109,20,11,0.6385321100917432,1.1397058823529413,0.7277388019427955
0022400884,134,25,7,86,7,0,0.43627906976744185,0.78125,0.340843023255814
0022400885,126,19,7,69,9,2,0.8649885583524027,0.8931623931623932,0.7725752508361203
0022400886,132,17,5,84,15,10,1.3865546218487395,1.2878787878787876,1.7857142857142858
0022400887,123,15,10,77,17,7,1.8103896103896104,0.8470588235294118,1.5335064935064935
0022400888,125,18,7,72,10,3,0.9645061728395062,0.936,0.9027777777777777
0022400889,96,19,11,91,20,9,1.1104684788895316,0.9183333333333333,1.0197802197802197
0022400890,126,17,4,73,10,6,1.0153102336825142,1.2952380952380953,1.3150684931506849
0022400891,123,18,5,70,8,3,0.780952380952381,1.0760869565217392,0.8403726708074535
0022400892,112,17,6,82,15,9,1.205164992826399,1.182608695652174,1.4252386002120891
0022400893,114,22,5,84,10,5,0.6168831168831169,1.222222222222222,0.7539682539682541
0022400894,121,24,6,88,8,2,0.4583333333333333,1.0,0.4583333333333333
0022400895,119,21,11,94,16,5,0.9645390070921985,0.861328125,0.8307845744680851
0022400896,129,17,10,71,13,3,1.3893951946975973,0.7749287749287749,1.0766823161189358
0022400897,157,15,3,53,4,1,0.7899371069182389,1.0416666666666667,0.8228511530398324
0022400898,111,20,7,81,12,5,0.8222222222222222,1.0493827160493827,0.8628257887517146
0022400899,121,18,7,79,12,5,1.021097046413502,1.02,1.041518987341772
0022400900,125,16,7,63,9,2,1.1160714285714284,0.8502415458937199,0.9489302967563836
0022400901,102,21,10,95,18,8,0.9203007518796993,0.9784946236559139,0.9005093378607811
0022400902,103,23,12,94,15,3,0.7146160962072156,0.7885714285714285,0.5635258358662614
0022400903,105,25,11,108,18,7,0.7,0.9645061728395061,0.6751543209876543
0022400904,97,25,10,111,23,13,0.803963963963964,1.1180124223602483,0.898841698841699
0022400905,104,25,9,106,16,7,0.6279245283018867,1.0569852941176472,0.6637069922308546
0022400906,133,21,6,79,8,2,0.6413502109704642,0.9722222222222223,0.6235349273323958
0022400907,133,15,5,57,5,0,0.7777777777777778,0.75,0.5833333333333334
0022400908,139,17,7,67,9,2,1.0983318700614575,0.8657407407407409,0.9508706467661692
0022400909,136,19,10,86,15,5,1.2484700122399022,0.8735632183908046,1.090617481956696
0022400910,109,16,6,81,15,9,1.261574074074074,1.1636363636363638,1.4680134680134678
0022400911,126,18,6,70,8,2,0.8,0.9375,0.75
0022400912,112,15,7,64,11,4,1.2833333333333334,0.9297520661157025,1.1931818181818181
0022400913,134,19,5,71,7,2,0.6953298739807264,1.0178571428571428,0.7077464788732395
0022400914,108,20,9,95,16,7,0.9094736842105263,0.9913793103448276,0.901633393829401
0022400915,122,20,10,83,12,2,0.8819277108433735,0.7777777777777778,0.6859437751004016
0022400916,137,19,8,76,10,2,0.948753462603878,0.8444444444444444,0.8011695906432748
0022400917,90,22,8,101,17,9,0.6885688568856886,1.1215686274509802,0.7722772277227723
0022400918,122,17,5,70,9,4,0.922689075630252,1.1161616161616161,1.0298701298701298
0022400919,88,23,14,124,30,16,0.9256661991584854,0.9531531531531531,0.8823016564952049
0022400920,106,20,10,93,15,5,0.8548387096774193,0.8888888888888888,0.7598566308243728
0022400921,140,17,3,59,4,1,0.5583250249252243,1.0625,0.5932203389830508
0022400922,131,15,6,69,10,4,1.2657004830917875,1.0,1.2657004830917875
0022400923,112,19,12,82,16,4,1.1501925545571245,0.7661290322580645,0.8811959087332808
0022400924,127,22,7,93,16,9,0.9931573802541546,1.1853448275862069,1.1772339636633296
0022400925,133,16,8,67,13,5,1.6128731343283584,0.923076923076923,1.4888059701492538
0022400926,106,23,8,105,20,12,0.8778467908902691,1.1870967741935485,1.042089093701997
0022400927,112,23,9,89,14,5,0.7659990229604299,0.9754464285714286,0.7471910112359551
0022400928,125,22,7,80,9,2,0.6392045454545455,0.9272030651340998,0.5926724137931034
0022400929,134,19,3,65,3,0,0.32550607287449396,0.8636363636363636,0.2811188811188811
0022400930,97,21,11,92,13,2,0.6526915113871635,0.7572115384615384,0.49422554347826086
0022400931,119,16,7,73,10,3,1.018835616438356,0.9043478260869565,0.9213817748659916
0022400932,113,21,6,89,13,7,0.7859818084537185,1.1965811965811965,0.9404910528506033
0022400933,135,24,5,81,6,1,0.41666666666666663,0.9655172413793105,0.4022988505747126
0022400934,111,16,10,74,16,6,1.5,0.8461538461538461,1.2692307692307694
0022400935,101,21,11,98,17,6,0.8343051506316813,0.8878676470588236,0.7407525510204082
0022400936,119,20,7,81,10,3,0.7345679012345678,0.9629629629629629,0.7073616826703246
0022400937,101,21,11,97,20,9,0.9916543937162494,0.9515625,0.9436211340206185
0022400938,130,18,6,72,7,1,0.7021604938271605,0.8571428571428571,0.6018518518518517
0022400939,110,20,9,91,17,8,1.0274725274725274,1.0141987829614605,1.0420613868889732
0022400940,115,21,5,79,8,3,0.5545509342977697,1.1105769230769231,0.61587147030185
0022400941,132,19,7,76,13,6,1.188365650969529,1.0680473372781065,1.2692307692307694
0022400942,114,21,8,84,14,6,0.9047619047619048,1.0344827586206897,0.9359605911330048
0022400943,120,17,8,78,13,5,1.1764705882352942,0.9415384615384614,1.1076923076923078
0022400944,100,24,11,107,19,8,0.7398753894080997,0.974436090225564,0.7209612817089452
0022400945,122,17,8,92,22,14,1.7161125319693096,1.1127272727272726,1.9095652173913045
0022400946,101,18,9,93,22,13,1.3273596176821985,1.0606060606060606,1.407805655117483
0022400947,129,20,8,82,12,4,0.9439024390243902,0.9523809523809524,0.8989547038327527
0022400948,123,16,7,64,9,2,1.0810546874999998,0.8502415458937199,0.9191576086956522
0022400949,108,20,10,83,14,4,0.9108433734939759,0.8571428571428571,0.7807228915662651
0022400950,128,20,7,88,14,7,1.018181818181818,1.111111111111111,1.1313131313131313
0022400951,132,17,8,75,11,3,1.1388235294117648,0.8654545454545454,0.9856
0022400952,114,18,8,79,12,4,0.9620253164556963,0.923076923076923,0.8880233690360273
0022400953,134,20,8,74,9,1,0.814864864864865,0.7936507936507937,0.6467181467181468
0022400954,113,21,13,104,24,11,1.2417582417582418,0.900735294117647,1.1184954751131222
0022400955,114,18,9,93,19,10,1.2939068100358424,1.0175438596491226,1.3166069295101555
0022400956,110,19,11,87,17,6,1.1312764670296431,0.8568627450980393,0.9693486590038315
0022400957,118,16,9,79,17,8,1.5870253164556962,0.9411764705882354,1.4936708860759496
0022400958,111,19,8,74,8,0,0.6315789473684211,0.7037037037037037,0.4444444444444444
0022400959,109,19,8,80,12,4,0.8605263157894736,0.9382716049382716,0.8074074074074075
0022400960,125,17,9,75,13,4,1.2745098039215685,0.8550295857988166,1.0897435897435896
0022400961,152,15,4,54,5,1,0.9382716049382716,0.9473684210526316,0.8888888888888888
0022400962,117,26,8,103,13,5,0.5679611650485438,1.0588235294117647,0.6013706453455169
0022400963,106,22,8,95,16,8,0.8114832535885167,1.0999999999999999,0.8926315789473684
0022400964,128,19,7,72,12,5,1.1228070175438596,1.0352564102564104,1.1623931623931623
0022400965,114,21,11,92,17,6,1.0031055900621118,0.8878676470588236,0.890625
0022400966,115,27,12,113,20,8,0.7538511963290724,0.9692307692307692,0.7306557749035625
0022400967,120,16,8,73,14,6,1.4383561643835616,0.9523809523809524,1.36986301369863
0022400968,101,13,7,70,17,10,1.8868131868131868,1.0323529411764707,1.947857142857143
0022400969,134,17,7,77,12,5,1.228418640183346,1.0034722222222223,1.2326839826839826
0022400970,111,24,8,96,13,5,0.6263020833333333,1.0384615384615385,0.650390625
0022400971,128,20,5,71,6,1,0.5408450704225352,0.9333333333333333,0.5047887323943662
0022400972,137,16,6,66,10,4,1.2973484848484849,1.018181818181818,1.3209366391184574
0022400973,133,18,5,70,11,6,1.1611111111111112,1.2094861660079053,1.4043478260869566
0022400974,122,15,7,67,13,6,1.5781094527363184,0.9965034965034966,1.5725915875169605
0022400975,126,22,5,85,9,4,0.6064171122994653,1.176954732510288,0.7137254901960786
0022400976,106,22,7,102,16,9,0.7557932263814616,1.1853448275862069,0.8958755916159568
0022400977,85,24,12,108,20,8,0.6558641975308642,0.9333333333333332,0.6121399176954733
0022400978,119,22,7,83,10,3,0.6516976998904709,0.9862068965517242,0.6427087660988783
0022400979,116,18,12,86,19,7,1.4237726098191215,0.8210526315789475,1.1689922480620154
0022400980,109,22,9,89,13,4,0.7236976506639428,0.9280397022332506,0.6716201522290685
0022400981,126,19,8,81,13,5,1.064327485380117,0.9743589743589743,1.037037037037037
0022400982,96,24,14,103,16,2,0.6213592233009708,0.7105263157894737,0.44149207971384774
0022400983,126,18,7,84,16,9,1.3333333333333333,1.125,1.5
0022400984,135,14,6,59,8,2,1.3075060532687652,0.875,1.1440677966101696
0022400985,117,21,8,104,21,13,1.125,1.1724137931034484,1.3189655172413792
0022400986,126,24,7,105,15,8,0.75,1.1870967741935483,0.8903225806451613
0022400987,125,18,9,76,13,4,1.1878654970760234,0.8717948717948718,1.0355750487329436
0022400988,121,16,9,70,11,2,1.188392857142857,0.7563636363636363,0.8988571428571429
0022400989,133,18,7,80,13,6,1.2006944444444445,1.0523076923076924,1.2635
0022400990,123,19,9,84,15,6,1.1560150375939848,0.95,1.0982142857142858
0022400991,107,21,7,85,11,4,0.6593837535014007,1.022727272727273,0.6743697478991598
0022400992,114,19,8,94,18,10,1.148936170212766,1.094650205761317,1.2576832151300237
0022400993,111,18,10,87,14,4,0.9923371647509578,0.8265306122448979,0.8201970443349754
0022400994,111,20,8,76,9,1,0.6572368421052631,0.7936507936507937,0.5216165413533834
0022400995,143,17,5,58,6,1,0.8701825557809331,0.9015151515151515,0.7844827586206896
0022400996,115,18,10,81,15,5,1.1831275720164607,0.8571428571428571,1.0141093474426808
0022400997,93,19,12,98,23,11,1.148764769065521,0.9060308555399719,1.0408163265306123
0022400998,108,23,9,105,22,13,0.9838509316770186,1.1434659090909092,1.125
0022400999,116,15,9,80,19,10,1.8366666666666664,0.9539473684210525,1.7520833333333332
0022401000,120,22,6,81,7,1,0.4713804713804714,0.8979591836734694,0.42328042328042326
0022401001,96,21,11,101,19,8,0.85997171145686,0.9325657894736843,0.801980198019802
0022401002,129,17,7,70,9,2,0.9756302521008402,0.8657407407407409,0.8446428571428571
0022401003,109,20,8,84,12,4,0.7785714285714285,0.9523809523809524,0.7414965986394557
0022401004,113,25,7,106,15,8,0.6396226415094339,1.1979166666666665,0.7662146226415095
0022401005,123,17,10,86,18,8,1.5143638850889194,0.9094650205761315,1.3772609819121446
0022401006,126,19,9,80,12,3,0.9947368421052631,0.8482142857142858,0.84375
0022401007,136,16,8,67,12,4,1.5223880597014925,0.8888888888888888,1.353233830845771
0022401008,127,21,7,76,7,0,0.5570175438596491,0.75,0.41776315789473684
0022401009,120,20,7,76,10,3,0.7894736842105263,0.9629629629629629,0.7602339181286549
0022401010,114,15,8,81,18,10,1.6888888888888889,1.0144927536231885,1.713365539452496
0022401011,129,21,8,91,16,8,1.0800627943485086,1.0862068965517242,1.1731716559302765
0022401012,105,21,9,89,13,4,0.7303370786516853,0.9153846153846154,0.6685393258426966
0022401013,107,18,11,91,19,8,1.2411477411477412,0.882032667876588,1.0947328533535432
0022401014,127,23,4,74,4,0,0.29847238542890714,0.851851851851852,0.25425425425425424
0022401015,122,15,7,69,11,4,1.2966183574879226,0.9297520661157025,1.2055335968379446
0022401016,113,19,7,86,14,7,0.9681762545899633,1.096153846153846,1.0612701252236136
0022401017,131,15,6,64,10,4,1.3645833333333335,1.0,1.3645833333333335
0022401018,134,20,6,73,8,2,0.7342465753424657,0.9615384615384615,0.7060063224446785
0022401019,122,20,6,86,14,8,0.9930232558139537,1.2087912087912087,1.2003577817531308
0022401020,125,17,6,69,11,5,1.1722080136402384,1.075098814229249,1.260239445494644
0022401021,124,15,8,70,12,4,1.417142857142857,0.8695652173913043,1.2322981366459627
0022401022,96,25,7,99,12,5,0.46545454545454545,1.1067708333333333,0.5151515151515151
0022401023,123,22,7,77,8,1,0.5808736717827627,0.853448275862069,0.49574563367666813
0022401024,112,21,11,92,14,3,0.8115942028985508,0.796875,0.6467391304347826
0022401025,125,18,10,77,14,4,1.2626262626262628,0.8265306122448979,1.0435992578849722
0022401026,118,18,9,92,17,8,1.2113526570048307,0.9803921568627452,1.1876006441223832
0022401027,101,21,4,83,10,6,0.5794606999426277,1.344,0.7787951807228917
0022401028,130,24,4,81,5,1,0.3343621399176954,1.0285714285714285,0.3439153439153439
0022401029,101,25,6,98,13,7,0.5359183673469388,1.2406947890818858,0.6649111257406188
0022401030,107,18,8,95,19,11,1.188888888888889,1.0931174089068827,1.2995951417004048
0022401031,96,22,11,104,19,8,0.7972027972027972,0.9473684210526315,0.7552447552447553
0022401032,125,18,6,67,8,2,0.8291873963515755,0.9375,0.7773631840796019
0022401033,131,16,10,77,15,5,1.5949675324675325,0.8205128205128205,1.3086913086913086
0022401034,120,19,4,66,5,1,0.47846889952153115,0.9913043478260869,0.4743083003952569
0022401035,106,19,6,81,17,11,1.1708901884340481,1.251764705882353,1.4656790123456789
0022401036,105,19,9,90,17,8,1.043859649122807,0.9978991596638657,1.0416666666666667
0022401037,152,15,6,57,7,1,1.2444444444444445,0.8163265306122449,1.0158730158730158
0022401038,94,22,6,89,12,6,0.5760980592441266,1.1785714285714286,0.6789727126805779
0022401039,119,23,8,95,15,7,0.8169336384439359,1.0881720430107529,0.8889643463497453
0022401040,123,16,6,68,9,3,1.0174632352941175,0.9696969696969696,0.9866310160427808
0022401041,111,15,10,81,17,7,1.5530864197530863,0.8470588235294118,1.3155555555555554
0022401042,125,19,9,78,12,3,1.0121457489878543,0.8482142857142858,0.8585164835164836
0022401043,98,20,9,87,16,7,0.9011494252873563,0.9913793103448276,0.8933808957590171
0022401044,114,22,5,84,8,3,0.4935064935064935,1.1203703703703705,0.552910052910053
0022401045,100,22,8,91,13,5,0.6493506493506493,1.0153846153846153,0.6593406593406593
0022401046,104,17,10,84,19,9,1.3837535014005602,0.9278752436647172,1.2839506172839505
0022401047,117,17,7,67,8,1,0.8217734855136084,0.7968750000000001,0.6548507462686567
0022401048,131,17,7,74,10,3,1.041335453100159,0.9208333333333335,0.9588963963963965
0022401049,116,19,9,90,18,9,1.2210526315789474,1.017857142857143,1.2428571428571427
0022401050,110,17,9,84,19,10,1.4635854341736696,0.9979757085020242,1.4606227106227105
0022401051,116,17,8,78,13,5,1.1372549019607843,0.9415384615384614,1.070769230769231
0022401052,131,17,8,71,10,2,1.0853355426677713,0.816,0.8856338028169013
0022401053,130,17,7,65,9,2,1.0588235294117647,0.8657407407407409,0.9166666666666666
0022401054,120,21,11,89,18,7,1.1556982343499198,0.9114583333333334,1.053370786516854
0022401055,106,22,12,87,14,2,0.7753396029258097,0.7394957983193277,0.5733603786342123
0022401056,100,23,7,87,9,2,0.4497751124437781,0.9370370370370371,0.42145593869731807
0022401057,138,15,5,62,8,3,1.1870967741935483,1.03125,1.2241935483870967
0022401058,108,20,9,86,13,4,0.8162790697674419,0.9018567639257294,0.7361668003207698
0022401059,122,19,7,83,13,6,1.0057070386810398,1.0680473372781065,1.0741427247451345
0022401060,112,18,7,83,13,6,0.9745649263721552,1.0523076923076924,1.0255421686746986
0022401061,133,20,8,74,9,1,0.8087837837837839,0.7936507936507937,0.641891891891892
0022401062,143,14,5,55,7,2,1.2999999999999998,0.9473684210526314,1.231578947368421
0022401063,136,20,6,74,9,3,0.827027027027027,1.0256410256410255,0.8482328482328484
0022401064,120,21,9,90,14,5,0.888888888888889,0.9500000000000001,0.8444444444444444
0022401065,114,19,7,81,12,5,0.8888888888888888,1.0352564102564104,0.9202279202279202
0022401066,108,19,12,87,17,5,1.1107078039927405,0.793168880455408,0.8809788654060068
0022401067,95,22,11,110,26,15,1.0206611570247934,1.0512820512820513,1.0730027548209367
0022401068,103,21,10,101,18,8,0.8741159830268741,0.9784946236559139,0.8553177898435006
0022401069,132,15,7,66,10,3,1.3333333333333335,0.8863636363636364,1.1818181818181819
0022401070,117,22,4,76,5,1,0.3498803827751196,1.0153846153846153,0.35526315789473684
0022401071,118,18,8,74,11,3,0.9744744744744744,0.8811188811188811,0.8586278586278587
0022401072,90,24,10,101,18,8,0.6683168316831682,1.0196078431372548,0.6814210832847991
0022401073,126,19,8,82,13,5,1.0513478818998716,0.9743589743589743,1.024390243902439
0022401074,115,20,9,82,12,3,0.8414634146341463,0.8620689655172414,0.7253994953742641
0022401075,107,23,7,89,11,4,0.5749877870053737,1.0454545454545456,0.601123595505618
0022401076,126,14,6,61,11,5,1.6229508196721314,1.018181818181818,1.6524590163934427
0022401077,136,23,8,84,9,1,0.6335403726708074,0.8243727598566308,0.522273425499232
0022401078,112,24,10,96,16,6,0.7777777777777778,0.9705882352941176,0.7549019607843137
0022401079,126,20,7,84,12,5,0.9,1.0493827160493827,0.9444444444444445
0022401080,115,15,6,76,17,11,1.7149122807017545,1.1764705882352942,2.017543859649123
0022401081,131,21,9,81,11,2,0.847148736037625,0.8272727272727273,0.7008230452674897
0022401082,124,16,7,66,9,2,1.0568181818181819,0.8502415458937199,0.8985507246376812
0022401083,99,27,9,112,20,11,0.6547619047619049,1.1625,0.7611607142857143
0022401084,95,18,10,100,24,14,1.2666666666666666,1.017857142857143,1.2892857142857144
0022401085,134,16,9,75,16,7,1.7866666666666668,0.92,1.643733333333333
0022401086,131,18,9,80,13,4,1.1826388888888888,0.8717948717948718,1.0310185185185183
0022401087,154,18,5,64,6,1,0.8020833333333334,0.9130434782608697,0.7323369565217391
0022401088,121,19,10,89,16,6,1.1448846836191602,0.9008620689655173,1.0313831848120882
0022401089,135,17,6,57,6,0,0.8359133126934984,0.7391304347826086,0.6178489702517163
0022401090,134,17,6,70,11,5,1.2386554621848738,1.075098814229249,1.3316770186335403
0022401091,111,17,7,78,15,8,1.2556561085972853,1.086111111111111,1.3637820512820513
0022401092,141,18,8,74,12,4,1.2702702702702704,0.923076923076923,1.1725571725571726
0022401093,134,18,6,72,8,2,0.8271604938271605,0.9375,0.775462962962963
0022401094,159,18,7,69,8,1,1.0241545893719806,0.81,0.8295652173913044
0022401095,100,21,7,93,15,8,0.7680491551459293,1.15,0.8832565284178187
0022401096,124,18,7,76,11,4,0.9970760233918129,0.9818181818181819,0.9789473684210527
0022401097,127,22,11,96,15,4,0.9019886363636364,0.8444444444444444,0.7616792929292929
0022401098,113,19,8,83,15,7,1.0748256182625238,1.0320987654320988,1.109326193663543
0022401099,144,15,6,65,12,6,1.7723076923076924,1.0714285714285714,1.8989010989010988
0022401100,118,23,12,97,16,4,0.8462572837292693,0.8214285714285714,0.695139911634757
0022401101,115,20,7,81,11,4,0.7808641975308642,1.0101010101010102,0.7887517146776405
0022401102,116,25,10,114,23,13,0.9361403508771929,1.1180124223602483,1.0466165413533834
0022401103,116,17,9,78,17,8,1.4871794871794872,0.9615384615384617,1.4299802761341225
0022401104,124,12,8,68,15,7,2.2794117647058822,0.8800000000000001,2.0058823529411764
0022401105,122,16,9,79,19,10,1.8338607594936709,0.9768421052631578,1.7913924050632912
0022401106,102,18,6,73,10,4,0.776255707762557,1.05,0.8150684931506849
0022401107,127,19,6,80,11,5,0.9190789473684211,1.1054545454545455,1.016
0022401108,113,20,9,94,20,11,1.202127659574468,1.0689655172413794,1.2850330154071898
0022401109,129,20,8,80,12,4,0.9675,0.9523809523809524,0.9214285714285715
0022401110,144,20,4,68,6,2,0.6352941176470588,1.1111111111111112,0.7058823529411765
0022401111,126,17,7,68,8,1,0.8719723183391004,0.7968750000000001,0.6948529411764707
0022401112,107,15,9,73,14,5,1.3680365296803654,0.8482142857142857,1.1603881278538812
0022401113,116,17,8,70,10,2,0.9747899159663865,0.816,0.7954285714285715
0022401114,114,19,7,84,13,6,0.9285714285714286,1.0680473372781065,0.9917582417582418
0022401115,118,16,8,76,15,7,1.455592105263158,0.9777777777777779,1.4232456140350878
0022401116,126,18,5,78,13,8,1.1666666666666667,1.2642140468227425,1.4749163879598661
0022401117,97,21,9,90,17,8,0.8724867724867724,1.0294117647058825,0.8981481481481481
0022401118,102,19,10,93,20,10,1.1544991511035654,0.9827586206896552,1.1345939933259177
0022401119,112,23,11,94,15,4,0.7770582793709528,0.8568627450980393,0.6658322903629537
0022401120,127,14,6,62,10,4,1.4631336405529953,0.9799999999999999,1.4338709677419355
0022401121,120,18,8,85,18,10,1.411764705882353,1.0769230769230769,1.5203619909502262
0022401122,130,23,6,87,10,4,0.6496751624187905,1.1103448275862067,0.721363456202933
0022401123,121,18,8,85,15,7,1.1862745098039216,1.0153846153846156,1.2045248868778282
0022401124,137,17,7,68,7,0,0.8295847750865052,0.7083333333333334,0.5876225490196078
0022401125,123,18,5,73,9,4,0.8424657534246576,1.1304347826086958,0.9523525908278737
0022401126,110,19,10,81,16,6,1.143599740090968,0.9008620689655173,1.0302256279267774
0022401127,116,20,9,85,14,5,0.9552941176470587,0.935960591133005,0.8941176470588236
0022401128,117,18,7,79,12,5,0.9873417721518987,1.02,1.0070886075949368
0022401129,122,18,9,87,17,8,1.3243933588761176,0.9803921568627452,1.2984248616432523
0022401130,110,17,9,82,19,10,1.4992826398852226,0.9979757085020242,1.49624765478424
0022401131,127,18,8,86,16,8,1.3126614987080103,1.0384615384615385,1.3631484794275492
0022401132,115,22,8,90,16,8,0.9292929292929293,1.0999999999999999,1.0222222222222221
0022401133,113,20,13,97,21,8,1.22319587628866,0.836940836940837,1.0237425804436113
0022401134,141,21,9,82,12,3,0.9825783972125436,0.875,0.8597560975609756
0022401135,119,19,5,73,8,3,0.6863734679163662,1.0885416666666667,0.7471461187214611
0022401136,125,20,10,80,14,4,1.09375,0.8571428571428571,0.9375000000000001
0022401137,134,14,4,49,4,0,0.7813411078717201,0.7777777777777779,0.6077097505668934
0022401138,129,16,7,69,12,5,1.4021739130434783,0.9855072463768116,1.381852551984877
0022401139,134,19,8,80,15,7,1.3223684210526316,1.0320987654320988,1.364814814814815
0022401140,101,17,5,89,17,12,1.1348314606741572,1.3181818181818183,1.4959141981613893
0022401141,105,19,11,80,15,4,1.0361842105263157,0.8022222222222222,0.83125
0022401142,126,24,6,86,8,2,0.48837209302325585,1.0,0.48837209302325585
0022401143,136,15,7,63,8,1,1.1513227513227513,0.7670454545454545,0.8831168831168831
0022401144,105,21,9,85,17,8,1.0,1.0294117647058825,1.0294117647058825
0022401145,130,18,4,66,8,4,0.8754208754208754,1.227272727272727,1.0743801652892562
0022401146,117,21,5,83,11,6,0.738382099827883,1.2482517482517481,0.9216867469879518
0022401147,130,18,7,77,11,4,1.0317460317460316,0.9818181818181819,1.0129870129870129
0022401148,98,21,8,95,18,10,0.8842105263157896,1.1264367816091954,0.9960072595281306
0022401149,90,22,8,106,20,12,0.7718696397941682,1.1733333333333333,0.9056603773584906
0022401150,109,19,10,97,20,10,1.1828540423223004,0.9827586206896552,1.1624600071098472
0022401151,123,21,8,85,14,6,0.9647058823529411,1.0344827586206897,0.997971602434077
0022401152,122,18,4,67,8,4,0.8092868988391376,1.227272727272727,0.9932157394843961
0022401153,109,21,9,92,16,7,0.9026915113871635,1.0062499999999999,0.9083333333333333
0022401154,135,17,6,70,11,5,1.2478991596638656,1.075098814229249,1.3416149068322982
0022401155,132,15,9,70,13,4,1.6342857142857143,0.8173076923076923,1.3357142857142856
0022401156,142,12,2,40,2,0,0.5916666666666667,0.8571428571428571,0.5071428571428572
0022401157,115,18,10,95,20,10,1.3450292397660817,0.9642857142857143,1.2969924812030074
0022401158,147,16,7,59,8,1,1.2457627118644068,0.782608695652174,0.9749447310243183
0022401159,110,16,7,80,13,6,1.1171875,1.0167224080267558,1.1358695652173914
0022401160,155,14,5,52,7,2,1.4903846153846154,0.9473684210526314,1.4119433198380567
0022401161,129,18,8,86,16,8,1.3333333333333333,1.0384615384615385,1.3846153846153846
0022401162,134,23,12,102,18,6,1.0281329923273659,0.8761904761904761,0.9008403361344538
0022401163,90,20,11,100,20,9,0.9000000000000001,0.9354838709677419,0.8419354838709677
0022401164,120,23,7,85,10,3,0.6138107416879794,0.9966666666666667,0.611764705882353
0022401165,103,22,9,86,12,3,0.6532769556025371,0.8870967741935484,0.5795198799699925
0022401166,139,14,7,61,9,2,1.464871194379391,0.8148148148148149,1.1935987509758001
0022401167,104,20,8,87,17,9,1.0160919540229885,1.0924369747899159,1.1100164203612481
0022401168,125,19,7,76,11,4,0.9522160664819945,0.9965034965034966,0.9488866396761134
0022401169,117,23,9,100,17,8,0.8647826086956523,1.0569852941176472,0.9140624999999999
0022401170,116,21,9,90,13,4,0.7978835978835978,0.9153846153846154,0.7303703703703703
0022401171,118,19,8,83,15,7,1.1223842739378567,1.0320987654320988,1.1584114234716645
0022401172,116,22,11,97,17,6,0.9240862230552952,0.9019607843137255,0.8334895345204623
0022401173,131,22,3,72,5,2,0.41351010101010105,1.232,0.5094444444444444
0022401174,140,16,6,61,7,1,1.0040983606557377,0.8311688311688311,0.8345752608047691
0022401175,104,21,7,85,11,4,0.6408963585434174,1.022727272727273,0.6554621848739497
0022401176,140,12,6,67,15,9,2.611940298507463,1.0666666666666667,2.7860696517412937
0022401177,148,16,9,66,12,3,1.6818181818181819,0.8,1.3454545454545455
0022401178,144,17,7,66,9,2,1.1550802139037433,0.8657407407407409,1.0
0022401179,100,20,9,85,16,7,0.9411764705882353,0.9913793103448276,0.9330628803245437
0022401180,110,24,11,98,13,2,0.6079931972789117,0.7912087912087912,0.48104956268221577
0022401181,145,21,3,72,5,2,0.4794973544973545,1.225,0.5873842592592593
0022401182,155,13,2,43,2,0,0.554561717352415,0.8666666666666667,0.4806201550387597
0022401183,119,22,8,88,12,4,0.7376033057851239,0.9777777777777776,0.7212121212121213
0022401184,123,14,6,63,13,7,1.8129251700680271,1.0769230769230769,1.9523809523809523
0022401185,128,19,8,84,12,4,0.9624060150375939,0.9382716049382716,0.9029982363315696
0022401186,147,17,2,53,2,0,0.3263041065482797,0.8947368421052632,0.2919563058589871
0022401187,112,15,6,71,13,7,1.3671361502347419,1.0989010989010988,1.5023474178403757
0022401188,103,24,10,94,14,4,0.6391843971631205,0.9075630252100839,0.5801001251564455
0022401189,150,24,8,102,14,6,0.857843137254902,1.0714285714285716,0.9191176470588235
0022401190,142,17,7,63,8,1,1.0606909430438842,0.7968750000000001,0.8452380952380952
0022401191,137,21,6,78,8,2,0.6691086691086691,0.9722222222222223,0.6505223171889838
0022401192,135,17,8,84,16,8,1.512605042016807,1.02,1.542857142857143
0022401193,110,20,9,90,16,7,0.9777777777777777,0.9913793103448276,0.9693486590038314
0022401194,140,18,5,69,8,3,0.9017713365539454,1.0760869565217392,0.9703843730308758
0022401195,128,16,7,68,10,3,1.1764705882352942,0.9043478260869565,1.063938618925831
0022401196,117,19,12,87,21,9,1.486388384754991,0.8755760368663594,1.3014460511679644
0022401197,126,21,7,84,12,5,0.8571428571428571,1.0625000000000002,0.9107142857142858
0022401198,105,22,9,96,14,5,0.6960227272727273,0.9631336405529953,0.6703629032258064
0022401199,110,15,6,74,14,8,1.3873873873873876,1.1224489795918369,1.5572715572715572
0022401200,139,14,1,43,1,0,0.23089700996677742,0.9333333333333333,0.21550387596899226
0022401201,118,15,9,81,18,9,1.7481481481481482,0.9375,1.6388888888888886
0022401202,137,20,4,65,5,1,0.526923076923077,1.0,0.5269230769230769
0022401203,134,20,4,68,5,1,0.4926470588235295,1.0,0.4926470588235295
0022401204,127,16,6,59,8,2,1.076271186440678,0.9090909090909091,0.9784283513097072
0022401205,150,14,5,53,6,1,1.2129380053908356,0.8596491228070176,1.0427010923535251
0022401206,121,20,9,82,11,2,0.8115853658536586,0.8150470219435737,0.6614802354920101
0022401207,114,18,10,85,19,9,1.415686274509804,0.9473684210526315,1.3411764705882354
0022401208,106,21,7,94,15,8,0.8054711246200608,1.15,0.9262917933130699
0022401209,120,16,9,79,18,9,1.7088607594936709,0.96,1.640506329113924
0022401210,123,20,5,77,9,4,0.7188311688311688,1.1555555555555554,0.8306493506493506
0022401211,122,20,8,90,15,7,1.0166666666666666,1.0476190476190477,1.065079365079365
0022401212,116,21,8,94,15,7,0.8814589665653496,1.0620689655172415,0.9361702127659575
0022401213,117,26,9,97,11,2,0.5103092783505155,0.8779220779220779,0.4480117820324006
0022401214,116,19,6,76,11,5,0.883656509695291,1.1054545454545455,0.976842105263158
0022401215,117,21,7,78,10,3,0.7142857142857142,0.9750000000000001,0.6964285714285714
0022401216,114,19,9,89,16,7,1.0786516853932584,0.9754464285714286,1.0521669341894062
0022401217,126,19,8,81,12,4,0.9824561403508771,0.9382716049382716,0.9218106995884774
0022401218,138,17,5,63,8,3,1.0308123249299719,1.0625,1.0952380952380953
0022401219,116,21,6,81,8,2,0.5455614344503233,0.9722222222222223,0.5304069501600366
0022401220,99,26,12,121,23,11,0.7237762237762237,1.0114416475972539,0.7320574162679426
0022401221,135,25,10,97,13,3,0.7237113402061855,0.8791208791208792,0.6362297496318116
0022401222,121,15,11,86,23,12,2.157364341085271,0.8779264214046822,1.8940071556350626
0022401223,118,22,13,101,19,6,1.009000900090009,0.8270676691729324,0.8345120226308346
0022401224,89,25,9,107,18,9,0.5988785046728972,1.1029411764705883,0.6605277625068718
0022401225,125,20,11,96,17,6,1.1067708333333333,0.872865275142315,0.9660618279569892
0022401226,123,21,9,87,15,6,1.0098522167487685,0.9799999999999999,0.9896551724137932
0022401227,104,19,10,84,14,4,0.9122807017543859,0.8423645320197044,0.7684729064039408
0022401228,125,20,6,78,8,2,0.641025641025641,0.9615384615384615,0.6163708086785009
0022401229,114,23,10,97,17,7,0.868668758404303,0.9839572192513368,0.8547328959700093
0022401230,89,27,11,109,18,7,0.5443425076452599,0.9868421052631579,0.537180106228875
