game_id,n0,f0,c0,n1,f1,c1,immediate,continuation,WMI
0022400001,156,19,3,45,6,3,1.0947368421052632,1.2954545454545454,1.4181818181818182
0022400002,149,22,8,66,16,8,1.6418732782369145,1.0999999999999999,1.8060606060606061
0022400003,143,29,2,59,2,0,0.16715371127995327,0.935483870967742,0.15636960087479498
0022400004,147,21,6,54,9,3,1.1666666666666667,1.037037037037037,1.2098765432098764
0022400005,153,19,4,46,6,2,1.0503432494279175,1.1014492753623188,1.1568998109640831
0022400006,142,21,4,49,5,1,0.6899902818270165,1.008,0.6955102040816327
0022400007,144,28,7,65,8,1,0.6329670329670329,0.9,0.5696703296703297
0022400008,134,30,4,70,7,3,0.44666666666666666,1.2605042016806722,0.5630252100840336
0022400009,158,17,7,45,8,1,1.6522875816993463,0.7968750000000001,1.3166666666666667
0022400010,126,25,7,61,10,3,0.8262295081967213,1.015625,0.8391393442622951
0022400011,155,19,5,51,7,2,1.1197110423116616,1.0178571428571428,1.1397058823529411
0022400012,167,20,8,58,14,6,2.0155172413793103,1.0204081632653061,2.056650246305419
0022400013,153,27,4,66,7,3,0.601010101010101,1.2442396313364055,0.7478005865102639
0022400014,131,23,9,69,15,6,1.2381852551984878,1.0062499999999999,1.2459239130434785
0022400015,144,21,6,52,7,1,0.923076923076923,0.888888888888889,0.8205128205128206
0022400016,146,25,8,65,9,1,0.8086153846153847,0.8417508417508417,0.6806526806526807
0022400017,139,18,7,49,10,3,1.5759637188208617,0.936,1.4751020408163267
0022400018,126,22,9,69,16,7,1.3280632411067195,1.0201612903225805,1.3548387096774193
0022400019,151,25,11,72,14,3,1.1744444444444444,0.8432539682539683,0.9903549382716049
0022400020,155,25,6,61,8,2,0.8131147540983608,1.0080645161290323,0.8196721311475409
0022400021,140,19,5,53,10,5,1.390268123138034,1.1875,1.650943396226415
0022400022,143,21,5,54,9,4,1.1349206349206349,1.1666666666666665,1.324074074074074
0022400023,147,28,10,79,16,6,1.0632911392405064,1.013157894736842,1.0772818121252496
0022400024,141,24,7,64,10,3,0.91796875,1.0064516129032257,0.923891129032258
0022400025,150,21,4,51,7,3,0.9803921568627451,1.2,1.1764705882352942
0022400026,130,28,5,70,9,4,0.596938775510204,1.2255892255892256,0.7316017316017317
0022400027,132,21,6,54,8,2,0.9312169312169312,0.9722222222222223,0.905349794238683
0022400028,139,22,9,69,17,8,1.5566534914361003,1.0436432637571158,1.6245909303412809
0022400029,155,22,8,59,11,3,1.3135593220338984,0.9333333333333332,1.225988700564972
0022400030,160,25,5,58,6,1,0.6620689655172414,0.9722222222222223,0.6436781609195402
0022400031,142,28,6,64,7,1,0.5546875,0.9411764705882353,0.5220588235294118
0022400032,132,27,6,70,11,5,0.7682539682539682,1.1900826446280992,0.9142857142857143
0022400033,138,22,8,65,15,7,1.4475524475524477,1.0755555555555556,1.556923076923077
0022400034,146,20,9,55,10,1,1.3272727272727274,0.7586206896551725,1.006896551724138
0022400035,143,28,5,74,10,5,0.6901544401544402,1.2727272727272727,0.8783783783783784
0022400036,129,21,8,51,8,0,0.9635854341736694,0.7241379310344828,0.6977687626774848
0022400037,156,25,6,60,7,1,0.728,0.9216589861751152,0.6709677419354839
0022400038,139,23,6,63,11,5,1.0552104899930987,1.1536050156739812,1.217296113847838
0022400039,157,20,6,49,7,1,1.1214285714285714,0.879120879120879,0.9858712715855573
0022400040,137,19,5,51,10,5,1.413828689370485,1.1875,1.678921568627451
0022400041,144,24,7,64,12,5,1.125,1.096774193548387,1.2338709677419355
0022400042,145,26,7,64,9,2,0.7842548076923077,0.9629629629629631,0.7552083333333333
0022400043,141,20,7,58,11,4,1.3370689655172412,1.0101010101010102,1.3505747126436782
0022400044,138,22,4,51,5,1,0.6149732620320856,1.0153846153846153,0.6244343891402715
0022400045,153,23,5,53,6,1,0.7530762920426579,0.9583333333333334,0.7216981132075472
0022400046,142,20,6,51,10,4,1.392156862745098,1.0769230769230769,1.4992458521870287
0022400047,159,20,7,52,9,2,1.3759615384615385,0.9053497942386831,1.2457264957264957
0022400048,133,21,5,54,8,3,0.9382716049382716,1.1105769230769231,1.042022792022792
0022400049,141,22,6,56,9,3,1.0300324675324677,1.0476190476190477,1.079081632653061
0022400050,126,20,10,63,15,5,1.5,0.8888888888888888,1.3333333333333333
0022400051,142,26,7,67,11,4,0.8966704936854191,1.0743801652892564,0.9633649932157395
0022400052,143,23,6,62,11,5,1.103085553997195,1.1536050156739812,1.2725250278086764
0022400053,139,24,9,67,13,4,1.1237562189054726,0.951048951048951,1.0687471732247853
0022400054,144,28,5,72,12,7,0.8571428571428571,1.3434343434343434,1.1515151515151516
0022400055,137,19,8,58,13,5,1.6161524500907443,0.9743589743589743,1.5747126436781609
0022400056,142,27,10,74,13,3,0.923923923923924,0.8981288981288983,0.8298027757487217
0022400057,143,24,5,57,6,1,0.6271929824561403,0.9655172413793105,0.6055656382335148
0022400058,148,28,7,68,8,1,0.6218487394957983,0.9,0.5596638655462185
0022400059,128,29,5,63,5,0,0.35030103995621237,0.8529411764705881,0.2987861811391223
0022400060,137,21,6,51,6,0,0.7675070028011204,0.7777777777777779,0.596949891067538
0022400061,136,20,3,48,5,2,0.7083333333333334,1.2173913043478262,0.8623188405797102
0022400062,123,27,8,68,10,2,0.6699346405228759,0.9257142857142857,0.6201680672268908
0022400063,138,23,8,65,14,6,1.2923076923076924,1.0599078341013826,1.369727047146402
0022400064,126,26,10,84,21,11,1.2115384615384617,1.1005291005291005,1.3333333333333333
0022400065,133,27,6,66,10,4,0.7463524130190797,1.1454545454545453,0.8549127640036732
0022400066,127,28,12,76,15,3,0.8952067669172933,0.84,0.7519736842105262
0022400067,131,28,11,74,12,1,0.7586872586872587,0.7777777777777778,0.5900900900900902
0022400068,128,26,9,66,11,2,0.8205128205128205,0.8779220779220779,0.7203463203463203
0022400069,161,25,5,56,5,0,0.5750000000000001,0.8333333333333334,0.4791666666666667
0022400070,120,27,16,90,25,9,1.2345679012345678,0.853953488372093,1.0542635658914727
0022400071,156,23,11,74,21,10,1.924794359576968,0.9985994397759105,1.9220985691573926
0022400072,143,33,8,76,8,0,0.45614035087719296,0.8048780487804879,0.3671373555840821
0022400073,146,22,8,62,11,3,1.1774193548387097,0.9333333333333332,1.0989247311827957
0022400074,151,21,9,61,15,6,1.7681498829039815,0.9799999999999999,1.7327868852459016
0022400075,150,24,2,52,2,0,0.2403846153846154,0.9230769230769231,0.22189349112426035
0022400076,139,27,6,67,9,3,0.6915422885572139,1.0909090909090908,0.7544097693351425
0022400077,119,28,8,80,15,7,0.796875,1.140740740740741,0.9090277777777779
0022400078,104,28,13,101,32,19,1.1768033946251768,1.0884146341463414,1.2808500362231345
0022400079,125,25,11,84,22,11,1.3095238095238095,1.0416666666666667,1.3640873015873016
0022400080,142,21,5,58,11,6,1.282430213464696,1.2482517482517481,1.6007957559681696
0022400081,133,23,8,64,13,5,1.174592391304348,1.0272952853598014,1.2066532258064517
0022400082,125,31,9,93,19,10,0.8237946583420049,1.1828947368421052,0.9744623655913979
0022400083,161,26,3,56,3,0,0.3317307692307692,0.896551724137931,0.29741379310344823
0022400084,148,26,5,60,5,0,0.4743589743589743,0.8387096774193549,0.3978494623655914
0022400085,134,24,7,71,15,8,1.1795774647887325,1.1870967741935483,1.4002726033621082
0022400086,144,22,9,60,13,4,1.4181818181818182,0.9280397022332506,1.3161290322580643
0022400087,130,24,9,64,12,3,1.015625,0.9090909090909091,0.9232954545454546
0022400088,129,31,3,70,5,2,0.29723502304147464,1.2764705882352942,0.37941176470588234
0022400089,138,22,5,59,11,6,1.169491525423729,1.2592592592592593,1.472693032015066
0022400090,132,28,11,81,19,8,1.1058201058201058,1.0202429149797572,1.1282051282051282
0022400091,168,25,8,64,10,2,1.05,0.9090909090909091,0.9545454545454546
0022400092,136,28,9,76,11,2,0.7030075187969925,0.8943488943488944,0.6287339971550499
0022400093,145,23,6,56,8,2,0.9006211180124223,0.9913793103448275,0.8928571428571428
0022400094,122,26,9,71,13,4,0.8591549295774649,0.9714285714285714,0.8346076458752515
0022400095,130,25,9,67,13,4,1.008955223880597,0.9615384615384617,0.9701492537313433
0022400096,153,21,10,61,13,3,1.552693208430913,0.8337468982630273,1.2945531464833422
0022400097,147,28,5,70,12,7,0.9,1.3434343434343434,1.209090909090909
0022400098,131,27,7,68,10,3,0.7135076252723311,1.0323529411764707,0.7365916955017301
0022400099,128,26,5,68,12,7,0.8687782805429864,1.327956989247312,1.1537001897533208
0022400100,135,28,8,70,9,1,0.6198979591836734,0.8641975308641977,0.5357142857142857
0022400101,142,26,8,66,10,2,0.8275058275058275,0.9176470588235294,0.7593582887700535
0022400102,126,26,9,77,20,11,1.2587412587412588,1.1514285714285715,1.4493506493506494
0022400103,140,24,12,73,17,5,1.3584474885844748,0.8627450980392157,1.1719939117199392
0022400104,143,23,8,62,10,2,1.002805049088359,0.8903225806451612,0.8928199791883455
0022400105,141,20,6,54,8,2,1.0444444444444443,0.9615384615384615,1.0042735042735043
0022400106,136,25,4,61,7,3,0.6242622950819672,1.2315270935960592,0.7687959299039004
0022400107,158,26,9,71,13,4,1.1126760563380282,0.9714285714285714,1.0808853118712274
0022400108,156,21,8,55,9,1,1.2155844155844155,0.8045977011494253,0.9780564263322884
0022400109,123,28,5,66,9,4,0.599025974025974,1.2255892255892256,0.734159779614325
0022400110,144,22,8,58,12,4,1.35423197492163,0.9777777777777776,1.3241379310344827
0022400111,133,26,6,62,9,3,0.7425558312655087,1.0833333333333333,0.8044354838709677
0022400112,125,27,12,75,15,3,0.925925925925926,0.8307692307692307,0.7692307692307692
0022400113,123,30,12,89,19,7,0.8752808988764045,0.9774436090225564,0.85553772070626
0022400114,131,22,9,65,14,5,1.2825174825174825,0.9631336405529953,1.2352357320099256
0022400115,146,18,7,50,11,4,1.7844444444444445,0.9818181818181819,1.752
0022400116,142,22,4,53,6,2,0.7307032590051459,1.1282051282051282,0.8243831640058055
0022400117,140,26,10,68,13,3,1.0294117647058822,0.888888888888889,0.9150326797385622
0022400118,156,21,6,57,9,3,1.1729323308270676,1.037037037037037,1.2163742690058479
0022400119,170,29,6,71,9,3,0.7430791646430306,1.1047619047619048,0.8209255533199196
0022400120,122,24,8,63,11,3,0.8875661375661376,0.9545454545454546,0.8472222222222221
0022400121,153,24,7,62,10,3,1.028225806451613,1.0064516129032257,1.034859521331946
0022400122,138,24,5,54,5,0,0.5324074074074074,0.8275862068965518,0.44061302681992337
0022400123,146,22,8,58,10,2,1.1442006269592477,0.8799999999999999,1.006896551724138
0022400124,138,25,8,64,10,2,0.8625,0.9090909090909091,0.7840909090909091
0022400125,168,16,1,33,1,0,0.31818181818181823,0.9411764705882353,0.29946524064171126
0022400126,129,23,6,59,8,2,0.7605011053795135,0.9913793103448275,0.7539450613676212
0022400127,132,27,4,59,5,1,0.41431261770244815,1.0451612903225806,0.4330235101148168
0022400128,133,28,8,74,14,6,0.8986486486486488,1.1111111111111112,0.9984984984984986
0022400129,121,27,7,68,11,4,0.7249455337690632,1.0828877005347595,0.7850346020761245
0022400130,144,22,9,59,11,2,1.2203389830508473,0.8387096774193549,1.0235101148168397
0022400131,133,24,9,69,14,5,1.1243961352657006,0.987012987012987,1.1097935880544576
0022400132,139,21,6,59,11,5,1.2340597255851493,1.1313131313131315,1.3961079723791587
0022400133,143,24,6,63,11,5,1.0403439153439153,1.1636363636363636,1.2105820105820104
0022400134,157,18,4,42,5,1,1.0383597883597884,0.9818181818181817,1.0194805194805194
0022400135,148,20,10,63,17,7,1.9968253968253966,0.9411764705882352,1.8793650793650791
0022400136,155,21,6,51,8,2,1.1577964519140989,0.9722222222222223,1.1256354393609296
0022400137,139,21,11,67,18,7,1.7782515991471215,0.9114583333333334,1.6208022388059702
0022400138,151,20,4,48,7,3,1.1010416666666667,1.1904761904761905,1.3107638888888888
0022400139,145,21,8,58,11,3,1.3095238095238093,0.9216300940438872,1.206896551724138
0022400140,134,26,9,69,12,3,0.8963210702341137,0.9285714285714285,0.8322981366459627
0022400141,140,21,7,56,10,3,1.1904761904761905,0.9750000000000001,1.1607142857142856
0022400142,140,26,6,63,7,1,0.5982905982905983,0.9285714285714285,0.5555555555555556
0022400143,159,26,8,75,15,7,1.2230769230769232,1.1215686274509804,1.371764705882353
0022400144,125,35,12,90,15,3,0.5952380952380951,0.8936170212765956,0.5319148936170213
0022400145,145,21,4,49,5,1,0.7045675413022351,1.008,0.710204081632653
0022400146,143,19,7,49,8,1,1.2287862513426422,0.8221153846153846,1.0102040816326532
0022400147,141,23,9,65,13,4,1.2260869565217392,0.9399038461538461,1.1524038461538462
0022400148,142,27,10,71,12,2,0.8888888888888888,0.8513513513513515,0.7567567567567568
0022400149,161,18,7,47,8,1,1.5224586288416075,0.81,1.2331914893617022
0022400150,138,24,7,64,11,4,0.98828125,1.0557184750733137,1.0433467741935485
0022400151,119,25,10,70,17,7,1.156,1.0084033613445378,1.1657142857142857
0022400152,147,23,3,50,3,0,0.3834782608695652,0.8846153846153847,0.3392307692307692
0022400153,133,25,8,69,15,7,1.1565217391304348,1.1111111111111112,1.285024154589372
0022400154,154,17,7,50,10,3,1.8117647058823532,0.9208333333333335,1.6683333333333334
0022400155,142,26,8,67,10,2,0.8151549942594718,0.9176470588235294,0.7480245829675154
0022400156,134,20,9,64,15,6,1.5703125000000002,0.9655172413793103,1.5161637931034484
0022400157,165,22,3,49,3,0,0.45918367346938777,0.8800000000000001,0.4040816326530612
0022400158,130,23,7,58,8,1,0.7796101949025487,0.8624999999999999,0.6724137931034483
0022400159,121,29,4,65,5,1,0.32095490716180375,1.0545454545454545,0.3384615384615385
0022400160,142,24,8,66,14,6,1.2550505050505052,1.0714285714285716,1.3446969696969697
0022400161,127,22,7,58,10,3,0.9952978056426333,0.9862068965517242,0.9815695600475624
0022400162,130,26,6,69,11,5,0.7971014492753622,1.1818181818181819,0.9420289855072463
0022400163,140,25,6,64,8,2,0.7,1.0080645161290323,0.7056451612903226
0022400164,135,15,5,52,13,8,2.25,1.2115384615384617,2.7259615384615388
0022400165,156,26,4,56,4,0,0.42857142857142855,0.8666666666666667,0.3714285714285714
0022400166,137,28,11,70,14,3,0.9785714285714286,0.8717948717948718,0.8531135531135532
0022400167,147,23,6,56,7,1,0.7989130434782609,0.9064039408866994,0.7241379310344828
0022400168,125,21,8,60,13,5,1.2896825396825395,1.0026525198938991,1.2931034482758619
0022400169,151,25,2,54,3,1,0.3355555555555555,1.2345679012345678,0.41426611796982166
0022400170,123,27,9,70,11,2,0.7158730158730159,0.8863636363636365,0.6345238095238096
0022400171,150,18,6,51,11,5,1.7973856209150327,1.090909090909091,1.9607843137254901
0022400172,132,18,8,62,17,9,2.010752688172043,1.0588235294117647,2.1290322580645165
0022400173,162,19,4,45,5,1,0.9473684210526315,0.9913043478260869,0.9391304347826087
0022400174,154,21,8,54,10,2,1.3580246913580247,0.8689655172413793,1.1800766283524904
0022400175,142,20,8,58,12,4,1.4689655172413791,0.9523809523809524,1.3990147783251232
0022400176,158,24,6,58,7,1,0.7945402298850575,0.9142857142857143,0.7264367816091953
0022400177,133,32,8,86,13,5,0.6282703488372093,1.1076923076923078,0.6959302325581396
0022400178,149,21,2,50,6,4,0.8514285714285714,1.5217391304347823,1.2956521739130435
0022400179,123,25,5,60,9,4,0.738,1.2037037037037037,0.8883333333333334
0022400180,131,23,7,58,8,1,0.7856071964017991,0.8624999999999999,0.6775862068965518
0022400181,142,21,7,54,8,1,1.001763668430335,0.84375,0.8452380952380952
0022400182,133,23,7,63,11,4,1.0096618357487923,1.0454545454545456,1.0555555555555556
0022400183,144,20,6,49,7,1,1.0285714285714285,0.879120879120879,0.9042386185243327
0022400184,139,23,2,50,3,1,0.3626086956521739,1.2266666666666666,0.44480000000000003
0022400185,148,26,6,66,8,2,0.6899766899766899,1.015625,0.7007575757575757
0022400186,144,20,7,51,9,2,1.2705882352941176,0.9053497942386831,1.150326797385621
0022400187,145,26,7,60,8,1,0.7435897435897436,0.8863636363636365,0.6590909090909091
0022400188,157,28,4,61,4,0,0.36768149882903983,0.875,0.32172131147540983
0022400189,129,25,5,61,6,1,0.5075409836065573,0.9722222222222223,0.4934426229508197
0022400190,131,23,5,55,8,3,0.8284584980237154,1.1294642857142856,0.9357142857142858
0022400191,142,27,9,72,12,3,0.8765432098765432,0.9375,0.8217592592592593
0022400192,146,22,9,62,13,4,1.3914956011730206,0.9280397022332506,1.291363163371488
0022400193,152,21,6,57,9,3,1.1428571428571428,1.037037037037037,1.1851851851851851
0022400194,155,20,5,53,8,3,1.169811320754717,1.1,1.2867924528301888
0022400195,143,24,4,53,4,0,0.4496855345911949,0.8571428571428571,0.38544474393531
0022400196,138,24,5,60,9,4,0.8625,1.1954022988505748,1.0310344827586209
0022400197,138,24,9,73,15,6,1.1815068493150684,1.018181818181818,1.2029887920298878
0022400198,150,25,6,62,8,2,0.7741935483870968,1.0080645161290323,0.7804370447450573
0022400199,134,25,2,53,3,1,0.30339622641509434,1.2345679012345678,0.3745632424877708
0022400200,130,26,7,66,10,3,0.7575757575757576,1.0242424242424244,0.7759412304866851
0022400201,136,19,11,56,15,4,1.9172932330827066,0.8022222222222222,1.5380952380952382
0022400202,140,22,6,57,10,4,1.1164274322169059,1.0999999999999999,1.2280701754385963
0022400203,136,18,11,64,20,9,2.361111111111111,0.8999999999999999,2.125
0022400204,122,24,9,68,13,4,0.9718137254901961,0.951048951048951,0.9242424242424242
0022400205,153,23,9,64,15,6,1.5591032608695652,1.0062499999999999,1.56884765625
0022400206,144,24,4,55,6,2,0.6545454545454545,1.1428571428571428,0.748051948051948
0022400207,132,22,9,67,15,6,1.3432835820895523,0.9935483870967741,1.334617236398652
0022400208,143,24,6,57,6,0,0.6271929824561403,0.8,0.5017543859649123
0022400209,165,24,8,64,11,3,1.181640625,0.9545454545454546,1.1279296875
0022400210,160,27,4,62,5,1,0.4778972520908004,1.0451612903225806,0.4994797086368366
0022400211,117,28,6,69,8,2,0.48447204968944096,1.0294117647058825,0.49872122762148335
0022400212,156,20,6,52,9,3,1.35,1.0256410256410255,1.3846153846153848
0022400213,149,22,8,57,9,1,1.069377990430622,0.8148148148148148,0.8713450292397661
0022400214,139,23,2,51,4,2,0.473998294970162,1.3800000000000001,0.6541176470588236
0022400215,139,25,9,67,14,5,1.1617910447761195,0.9978991596638657,1.1593503072870939
0022400216,155,17,2,39,3,1,0.7013574660633485,1.1929824561403508,0.8367071524966262
0022400217,136,22,6,59,10,4,1.0477657935285052,1.0999999999999999,1.152542372881356
0022400218,131,25,6,66,9,3,0.7145454545454545,1.075268817204301,0.7683284457478006
0022400219,152,24,4,56,6,2,0.6785714285714286,1.1428571428571428,0.7755102040816326
0022400220,152,18,6,44,7,1,1.3434343434343434,0.8571428571428571,1.1515151515151516
0022400221,141,20,2,47,5,3,0.75,1.4545454545454546,1.0909090909090908
0022400222,145,24,6,55,6,0,0.6590909090909091,0.8,0.5272727272727272
0022400223,159,28,2,59,2,0,0.19249394673123488,0.9333333333333333,0.17966101694915254
0022400224,154,24,6,62,10,4,1.0349462365591398,1.1199999999999999,1.1591397849462364
0022400225,132,26,13,81,18,5,1.1282051282051282,0.8518518518518517,0.9610636277302943
0022400226,144,23,8,61,11,3,1.129009265858874,0.9442815249266862,1.0661025912215758
0022400227,145,20,6,51,8,2,1.1372549019607843,0.9615384615384615,1.0935143288084463
0022400228,134,24,6,60,8,2,0.7444444444444445,1.0,0.7444444444444444
0022400229,139,24,5,56,7,2,0.7239583333333333,1.064039408866995,0.770320197044335
0022400230,139,23,6,60,10,4,1.0072463768115942,1.1103448275862067,1.1183908045977011
0022400231,133,17,6,49,10,4,1.596638655462185,1.034782608695652,1.6521739130434783
0022400232,140,25,7,62,9,2,0.8129032258064517,0.9548611111111112,0.7762096774193549
0022400233,119,29,8,75,12,4,0.6565517241379311,1.0450450450450448,0.6861261261261261
0022400234,140,24,5,56,6,1,0.625,0.9655172413793105,0.603448275862069
0022400235,140,21,3,47,5,2,0.7092198581560284,1.225,0.8687943262411347
0022400236,137,27,5,65,7,2,0.5464387464387465,1.0848214285714286,0.5927884615384615
0022400237,148,24,5,57,6,1,0.6491228070175438,0.9655172413793105,0.6267392619479734
0022400238,151,19,4,45,6,2,1.0596491228070175,1.1014492753623188,1.1671497584541064
0022400239,146,21,7,60,13,6,1.5063492063492065,1.0961538461538463,1.651190476190476
0022400240,113,22,6,64,14,8,1.1235795454545454,1.2346938775510203,1.3872767857142858
0022400241,162,23,10,65,14,4,1.5170568561872912,0.8961038961038961,1.3594405594405596
0022400242,118,31,11,81,14,3,0.6579052170450019,0.8962585034013604,0.5896531452087007
0022400243,154,17,3,39,4,1,0.9291101055806938,1.0625,0.9871794871794872
0022400244,136,27,4,59,5,1,0.4268675455116133,1.0451612903225806,0.44614543466375073
0022400245,151,24,3,54,3,0,0.349537037037037,0.8888888888888888,0.31069958847736623
0022400246,140,22,4,51,5,1,0.6238859180035651,1.0153846153846153,0.6334841628959276
0022400247,146,26,10,66,11,1,0.9358974358974359,0.7878787878787878,0.7373737373737375
0022400248,150,23,3,49,3,0,0.3992901508429459,0.8846153846153847,0.3532182103610675
0022400249,117,27,7,64,9,2,0.609375,0.9705882352941176,0.5914522058823529
0022400250,142,23,5,57,7,2,0.7581998474446986,1.0561224489795917,0.8007518796992481
0022400251,160,21,3,47,3,0,0.486322188449848,0.875,0.425531914893617
0022400252,141,19,4,49,7,3,1.0601503759398496,1.1801242236024845,1.251109139307897
0022400253,135,21,8,59,11,3,1.1985472154963681,0.9216300940438872,1.1046171829339568
0022400254,155,30,8,73,10,2,0.7077625570776256,0.9473684210526316,0.6705118961788031
0022400255,139,27,4,61,5,1,0.42197935640558587,1.0451612903225806,0.4410364886303543
0022400256,136,23,6,62,10,4,0.9537166900420757,1.1103448275862067,1.0589543937708565
0022400257,155,19,8,51,9,1,1.4396284829721364,0.7818930041152263,1.1256354393609296
0022400258,169,25,4,56,5,1,0.6035714285714285,1.0344827586206897,0.624384236453202
0022400259,130,27,5,62,6,1,0.4659498207885304,0.9843750000000001,0.45866935483870963
0022400260,142,23,11,70,17,6,1.4993788819875775,0.9152249134948098,1.3722689075630252
0022400261,122,24,11,77,21,10,1.3863636363636362,1.0122448979591838,1.4033395176252321
0022400262,141,26,13,77,18,5,1.2677322677322678,0.8518518518518517,1.0799200799200799
0022400263,133,22,11,64,14,3,1.3224431818181819,0.8095238095238094,1.0705492424242424
0022400264,148,27,4,60,4,0,0.3654320987654321,0.8709677419354839,0.31827956989247314
0022400265,122,24,6,63,11,5,0.8875661375661376,1.1636363636363636,1.0328042328042328
0022400266,153,21,6,54,9,3,1.2142857142857142,1.037037037037037,1.259259259259259
0022400267,130,27,9,69,11,2,0.7675791733762747,0.8863636363636365,0.6803542673107891
0022400268,154,20,8,56,14,6,1.9250000000000003,1.0204081632653061,1.9642857142857142
0022400269,126,23,8,59,11,3,1.021370670596905,0.9442815249266862,0.9644614543466375
0022400270,154,19,7,52,10,3,1.5587044534412957,0.95,1.4807692307692308
0022400271,125,19,8,57,14,6,1.6158818097876269,1.0052910052910053,1.6244314489928524
0022400272,138,27,6,65,7,1,0.5504273504273505,0.9350649350649349,0.5146853146853146
0022400273,154,30,8,72,9,1,0.6416666666666666,0.8771929824561404,0.5628654970760234
0022400274,135,21,10,61,13,3,1.370023419203747,0.8337468982630273,1.1422527763088313
0022400275,136,30,5,71,7,2,0.4469483568075117,1.1020408163265305,0.49255533199195173
0022400276,125,28,7,67,8,1,0.5330490405117271,0.9,0.4797441364605543
0022400277,132,19,9,57,14,5,1.7063711911357338,0.9209183673469389,1.5714285714285714
0022400278,118,24,6,69,14,8,0.9975845410628019,1.2571428571428571,1.2541062801932366
0022400279,161,20,4,48,5,1,0.8385416666666667,1.0,0.8385416666666666
0022400280,178,20,4,47,5,1,0.9468085106382979,1.0,0.9468085106382979
0022400281,157,18,5,42,5,0,1.0383597883597884,0.782608695652174,0.8126293995859213
0022400282,146,26,6,65,11,5,0.9502958579881657,1.1818181818181819,1.1230769230769233
0022400283,143,23,7,59,10,3,1.05379513633014,0.9966666666666667,1.0502824858757063
0022400284,132,27,6,68,9,3,0.6470588235294117,1.0909090909090908,0.7058823529411765
0022400285,135,24,6,62,8,2,0.7258064516129031,1.0,0.7258064516129032
0022400286,141,19,5,46,7,2,1.1292906178489703,1.0178571428571428,1.1494565217391306
0022400287,140,32,6,73,6,0,0.3595890410958904,0.8421052631578947,0.3028118240807498
0022400288,130,24,6,59,7,1,0.6426553672316384,0.9142857142857143,0.5875706214689265
0022400289,144,25,10,67,12,2,1.0316417910447762,0.8333333333333335,0.8597014925373134
0022400290,154,27,5,72,13,8,1.0298353909465021,1.3629807692307694,1.4036458333333333
0022400291,146,22,6,59,11,5,1.2372881355932204,1.142857142857143,1.414043583535109
0022400292,126,29,7,70,8,1,0.496551724137931,0.90625,0.44999999999999996
0022400293,152,27,5,62,7,2,0.6356033452807647,1.0848214285714286,0.6895161290322581
0022400294,142,22,6,58,9,3,1.0015673981191224,1.0476190476190477,1.0492610837438425
0022400295,150,19,6,54,10,4,1.461988304093567,1.0639999999999998,1.5555555555555556
0022400296,145,21,3,49,5,2,0.7045675413022351,1.225,0.863095238095238
0022400297,132,31,9,76,11,2,0.6162988115449916,0.915909090909091,0.5644736842105263
0022400298,139,21,5,53,7,2,0.8742138364779873,1.0384615384615383,0.9078374455732946
0022400299,139,23,9,64,12,3,1.1331521739130435,0.8984375,1.01806640625
0022400300,135,23,9,64,11,2,1.0088315217391304,0.8494318181818182,0.85693359375
0022400301,137,23,5,60,11,6,1.0920289855072465,1.2694805194805194,1.3863095238095238
0022400302,139,27,6,69,11,5,0.8207192699946322,1.1900826446280992,0.976723759332455
0022400303,155,17,6,45,7,1,1.4183006535947713,0.8447204968944099,1.1980676328502418
0022400304,149,18,7,48,9,2,1.5520833333333333,0.8800000000000001,1.3658333333333332
0022400305,121,28,10,77,16,6,0.8979591836734694,1.013157894736842,0.9097744360902255
0022400306,150,29,5,69,8,3,0.5997001499250375,1.1727941176470587,0.7033248081841432
0022400307,152,20,7,55,15,8,2.0727272727272728,1.1358024691358024,2.354208754208754
0022400308,140,26,4,61,5,1,0.4413619167717528,1.04,0.45901639344262296
0022400309,141,24,8,62,9,1,0.8528225806451614,0.8333333333333334,0.7106854838709677
0022400310,130,24,12,72,18,6,1.3541666666666665,0.8888888888888888,1.2037037037037035
0022400311,122,24,9,64,11,2,0.8736979166666666,0.859504132231405,0.7509469696969696
0022400312,145,23,8,60,11,3,1.1557971014492752,0.9442815249266862,1.0913978494623655
0022400313,140,25,7,62,8,1,0.7225806451612903,0.87890625,0.6350806451612904
0022400314,152,22,4,55,9,5,1.1305785123966943,1.3162393162393162,1.488111888111888
0022400315,157,23,7,57,7,0,0.8382913806254767,0.7666666666666666,0.6426900584795321
0022400316,148,20,5,48,6,1,0.9249999999999999,0.9333333333333333,0.8633333333333334
0022400317,153,22,5,54,6,1,0.7727272727272727,0.9506172839506173,0.7345679012345678
0022400318,147,21,6,49,6,0,0.8571428571428572,0.7777777777777779,0.6666666666666666
0022400319,147,22,9,59,10,1,1.1325115562403698,0.7806451612903226,0.8840896664844177
0022400320,134,25,6,59,7,1,0.6359322033898305,0.9216589861751152,0.5861126298523783
0022400321,151,16,4,42,5,1,1.1235119047619047,0.96,1.0785714285714285
0022400322,118,23,7,61,10,3,0.841054882394868,0.9966666666666667,0.8382513661202186
0022400323,129,35,6,80,8,2,0.3685714285714286,1.0670731707317072,0.39329268292682923
0022400324,155,22,3,47,3,0,0.44970986460348156,0.8800000000000001,0.3957446808510638
0022400325,168,19,6,54,11,5,1.8011695906432748,1.1054545454545455,1.991111111111111
0022400326,151,25,7,59,8,1,0.8189830508474576,0.87890625,0.7198093220338984
0022400327,128,22,8,59,9,1,0.8875192604006163,0.8148148148148148,0.7231638418079096
0022400328,154,24,5,57,5,0,0.5628654970760234,0.8275862068965518,0.4658197217180883
0022400329,140,32,7,75,8,1,0.46666666666666673,0.9230769230769231,0.43076923076923074
0022400330,144,26,10,65,11,1,0.9372781065088758,0.7878787878787878,0.7384615384615385
0022400331,136,29,9,76,13,4,0.8021778584392015,0.9979757085020243,0.8005540166204986
0022400332,130,25,6,65,10,4,0.8,1.129032258064516,0.9032258064516129
0022400333,130,19,10,62,18,8,1.9864176570458405,0.9463601532567051,1.8798665183537264
0022400334,165,24,9,65,13,4,1.3750000000000002,0.951048951048951,1.3076923076923077
0022400335,136,20,7,54,9,2,1.1333333333333333,0.9053497942386831,1.0260631001371743
0022400336,170,19,2,41,3,1,0.6546854942233632,1.2063492063492065,0.7897793263646922
0022400337,138,28,8,70,9,1,0.633673469387755,0.8641975308641977,0.5476190476190476
0022400338,158,17,5,42,5,0,1.1064425770308122,0.7727272727272727,0.854978354978355
0022400339,146,25,9,64,10,1,0.9125000000000001,0.8088235294117648,0.7380514705882353
0022400340,115,25,9,70,14,5,0.92,0.9978991596638657,0.9180672268907561
0022400341,137,27,9,73,14,5,0.9731100963977676,1.017857142857143,0.9904870624048705
0022400342,136,25,7,67,11,4,0.8931343283582089,1.0653409090909092,0.9514925373134329
0022400343,147,21,6,56,7,1,0.875,0.888888888888889,0.7777777777777777
0022400344,150,21,9,63,14,5,1.587301587301587,0.9500000000000001,1.5079365079365077
0022400345,148,27,8,70,11,3,0.8613756613756614,0.9818181818181818,0.8457142857142858
0022400346,127,24,8,64,11,3,0.9095052083333334,0.9545454545454546,0.8681640625
0022400347,156,23,4,52,4,0,0.5217391304347826,0.851851851851852,0.4444444444444445
0022400348,122,24,6,62,11,5,0.9018817204301076,1.1636363636363636,1.049462365591398
0022400349,149,23,4,55,7,3,0.8245059288537548,1.216931216931217,1.0033670033670035
0022400350,143,29,8,74,11,3,0.7329916123019572,0.9975429975429975,0.7311906501095691
0022400351,143,21,7,54,9,2,1.1349206349206349,0.9166666666666667,1.0403439153439153
0022400352,133,28,5,67,8,3,0.5671641791044776,1.1666666666666667,0.6616915422885573
0022400353,146,29,8,74,11,3,0.7483690587138864,0.9975429975429975,0.7465303140978816
0022400354,138,25,9,68,11,2,0.8929411764705882,0.8689839572192515,0.7759515570934256
0022400355,137,22,7,57,12,5,1.3110047846889952,1.074712643678161,1.4089534180278283
0022400356,130,24,7,61,11,4,0.976775956284153,1.0557184750733137,1.0312004230565837
0022400357,147,21,7,54,9,2,1.1666666666666667,0.9166666666666667,1.0694444444444444
0022400358,137,23,5,59,9,4,0.9086219602063377,1.1865079365079365,1.078087167070218
0022400359,152,19,4,45,6,2,1.0666666666666667,1.1014492753623188,1.17487922705314
0022400360,157,28,6,64,7,1,0.61328125,0.9411764705882353,0.5772058823529411
0022400361,130,25,7,63,9,2,0.7428571428571428,0.9548611111111112,0.7093253968253967
0022400362,139,21,7,64,13,6,1.3444940476190477,1.0961538461538463,1.4737723214285714
0022400363,146,22,4,51,5,1,0.6506238859180036,1.0153846153846153,0.6606334841628959
0022400364,117,28,6,69,9,3,0.5450310559006211,1.0980392156862746,0.59846547314578
0022400365,137,26,9,65,10,1,0.8106508875739645,0.8171428571428572,0.6624175824175824
0022400366,155,24,6,57,6,0,0.6798245614035087,0.8,0.543859649122807
0022400367,163,21,1,44,1,0,0.1764069264069264,0.9545454545454545,0.1683884297520661
0022400368,139,23,6,58,8,2,0.8335832083958021,0.9913793103448275,0.826397146254459
0022400369,137,25,11,70,14,3,1.096,0.8432539682539683,0.9242063492063491
0022400370,169,28,5,64,7,2,0.66015625,1.0909090909090908,0.7201704545454546
0022400371,143,21,13,59,14,1,1.615819209039548,0.6617647058823529,1.0692921236291126
0022400372,149,27,5,64,6,1,0.5173611111111112,0.9843750000000001,0.50927734375
0022400373,129,21,7,57,10,3,1.0776942355889723,0.9750000000000001,1.050751879699248
0022400374,174,13,6,39,9,3,3.088757396449704,0.9122807017543858,2.817813765182186
0022400375,151,19,3,46,6,3,1.0366132723112127,1.2954545454545454,1.3428853754940713
0022400376,137,23,6,59,8,2,0.8076639646278556,0.9913793103448275,0.8007013442431327
0022400377,121,28,10,80,17,7,0.9183035714285713,1.0402476780185756,0.9552631578947368
0022400378,168,22,7,54,8,1,1.1313131313131313,0.853448275862069,0.9655172413793103
0022400379,152,20,4,52,8,4,1.1692307692307693,1.25,1.4615384615384617
0022400380,137,20,7,58,12,5,1.4172413793103449,1.0493827160493827,1.4872286079182628
0022400381,157,23,2,49,2,0,0.27861579414374443,0.92,0.25632653061224486
0022400382,166,18,2,38,2,0,0.4853801169590643,0.8999999999999999,0.43684210526315786
0022400383,125,22,8,69,15,7,1.2351778656126482,1.0755555555555556,1.328502415458937
0022400384,128,23,8,62,11,3,0.9873772791023844,0.9442815249266862,0.9323621227887616
0022400385,137,26,4,57,4,0,0.3697705802968961,0.8666666666666667,0.3204678362573099
0022400386,148,21,3,48,5,2,0.7341269841269842,1.225,0.8993055555555556
0022400387,142,25,7,65,9,2,0.7864615384615385,0.9548611111111112,0.7509615384615385
0022400388,158,24,5,55,7,2,0.8378787878787878,1.064039408866995,0.8915360501567398
0022400389,158,16,5,38,5,0,1.2993421052631577,0.7619047619047619,0.9899749373433584
0022400390,180,24,8,63,10,2,1.1904761904761905,0.9,1.0714285714285714
0022400391,146,22,4,51,4,0,0.5204991087344029,0.8461538461538461,0.440422322775264
0022400392,130,27,7,68,10,3,0.7080610021786492,1.0323529411764707,0.7309688581314878
0022400393,146,23,11,65,13,2,1.2695652173913046,0.7805429864253394,0.990950226244344
0022400394,144,25,6,60,8,2,0.768,1.0080645161290323,0.7741935483870966
0022400395,153,21,6,51,8,2,1.1428571428571428,0.9722222222222223,1.111111111111111
0022400396,132,24,7,58,7,0,0.6637931034482759,0.7741935483870968,0.5139043381535039
0022400397,134,24,13,79,22,9,1.5548523206751055,0.9140049140049141,1.4211426616489906
0022400398,150,24,4,54,4,0,0.4629629629629629,0.8571428571428571,0.3968253968253968
0022400399,148,25,10,68,14,4,1.2188235294117646,0.9183673469387755,1.119327731092437
0022400400,159,20,8,55,12,4,1.7345454545454544,0.9523809523809524,1.651948051948052
0022400401,130,24,10,73,17,7,1.261415525114155,0.9965397923875431,1.257050765511684
0022400402,141,21,3,48,4,1,0.5595238095238095,1.09375,0.6119791666666667
0022400403,149,22,5,50,5,0,0.6772727272727272,0.8148148148148148,0.5518518518518519
0022400404,148,21,5,51,6,1,0.8291316526610645,0.9423076923076923,0.7812971342383107
0022400405,142,21,5,51,5,0,0.6629318394024276,0.8076923076923077,0.5354449472096531
0022400406,140,20,3,45,3,0,0.4666666666666667,0.8695652173913044,0.40579710144927533
0022400407,131,25,7,64,8,1,0.6549999999999999,0.87890625,0.57568359375
0022400408,145,17,5,46,8,3,1.4833759590792839,1.0625,1.5760869565217392
0022400409,128,25,6,59,8,2,0.6942372881355933,1.0080645161290323,0.6998359759431383
0022400410,135,23,8,65,13,5,1.173913043478261,1.0272952853598014,1.205955334987593
0022400411,138,26,4,57,4,0,0.3724696356275303,0.8666666666666667,0.32280701754385965
0022400412,148,24,10,64,11,1,1.0598958333333333,0.7700534759358287,0.8161764705882353
0022400413,143,29,5,69,6,1,0.4287856071964018,0.9950980392156862,0.4266837169650469
0022400414,163,26,8,66,9,1,0.8548951048951049,0.8496732026143791,0.7263814616755794
0022400415,160,19,2,40,2,0,0.4210526315789474,0.9047619047619049,0.38095238095238093
0022400416,152,22,6,56,8,2,0.9870129870129869,0.9821428571428572,0.9693877551020409
0022400417,139,22,11,63,13,2,1.3037518037518039,0.7692307692307692,1.002886002886003
0022400418,136,26,6,65,9,3,0.7242603550295859,1.0833333333333333,0.7846153846153847
0022400419,127,22,8,66,14,6,1.2245179063360883,1.0476190476190474,1.2828282828282829
0022400420,134,21,4,63,14,10,1.417989417989418,1.4400000000000002,2.0419047619047617
0022400421,133,23,5,55,6,1,0.6308300395256917,0.9583333333333334,0.6045454545454545
0022400422,133,23,6,59,9,3,0.8820928518791453,1.057471264367816,0.9327878433664525
0022400423,146,27,7,74,13,6,0.9499499499499501,1.160633484162896,1.102543720190779
0022400424,150,26,5,63,7,2,0.641025641025641,1.0783410138248848,0.6912442396313364
0022400425,134,22,4,52,6,2,0.7027972027972028,1.1282051282051282,0.7928994082840237
0022400426,150,20,3,47,5,2,0.7978723404255319,1.2173913043478262,0.971322849213691
0022400427,135,26,8,65,8,0,0.6390532544378699,0.7647058823529411,0.48868778280542996
0022400428,149,22,5,53,7,2,0.8945111492281302,1.0476190476190474,0.9371069182389937
0022400429,172,22,4,53,8,4,1.1801029159519725,1.2692307692307692,1.497822931785196
0022400430,153,21,7,55,9,2,1.192207792207792,0.9166666666666667,1.092857142857143
0022400431,144,20,6,53,9,3,1.2226415094339622,1.0256410256410255,1.2539912917271407
0022400432,137,31,5,69,6,1,0.38429172510518933,1.0046296296296295,0.3860708534621578
0022400433,127,23,9,70,15,6,1.1832298136645962,1.0062499999999999,1.190625
0022400434,144,26,7,65,10,3,0.8520710059171598,1.0242424242424244,0.8727272727272728
0022400435,131,25,9,69,12,3,0.9113043478260868,0.9191176470588236,0.8375959079283888
0022400436,108,23,10,69,14,4,0.952741020793951,0.8961038961038961,0.8537549407114624
0022400437,133,23,9,64,11,2,0.9938858695652174,0.8494318181818182,0.84423828125
0022400438,158,23,10,66,15,5,1.5612648221343872,0.9292929292929293,1.4508723599632691
0022400439,139,22,7,53,7,0,0.8344768439108062,0.7586206896551725,0.6330513988288874
0022400440,154,21,9,60,12,3,1.4666666666666668,0.875,1.2833333333333332
0022400441,131,25,10,65,13,3,1.048,0.8791208791208792,0.9213186813186813
0022400442,168,27,6,62,6,0,0.6021505376344085,0.8181818181818181,0.49266862170087977
0022400443,135,26,7,68,11,4,0.8399321266968326,1.0743801652892564,0.9024064171122995
0022400444,141,24,6,58,8,2,0.8103448275862069,1.0,0.810344827586207
0022400445,148,25,4,55,4,0,0.4305454545454545,0.8620689655172414,0.3711598746081505
0022400446,154,22,6,56,8,2,1.0,0.9821428571428572,0.9821428571428571
0022400447,125,26,9,72,14,5,0.9348290598290598,1.0081632653061223,0.9424603174603174
0022400448,140,28,5,69,9,4,0.6521739130434782,1.2255892255892256,0.7992973210364515
0022400449,149,19,3,45,4,1,0.6970760233918128,1.0795454545454546,0.7525252525252525
0022400450,153,28,7,67,8,1,0.652452025586354,0.9,0.5872068230277185
0022400451,152,16,7,46,11,4,2.2717391304347827,0.9486166007905139,2.1550094517958414
0022400452,154,20,5,50,7,2,1.0780000000000003,1.0285714285714285,1.1088
0022400453,130,27,12,83,20,8,1.1601963409192324,0.9692307692307692,1.1244979919678715
0022400454,152,20,6,51,6,0,0.8941176470588236,0.7692307692307692,0.6877828054298643
0022400455,137,21,7,60,12,5,1.3047619047619048,1.0625000000000002,1.3863095238095238
0022400456,170,21,3,47,3,0,0.5167173252279634,0.875,0.45212765957446804
0022400457,139,21,5,52,8,3,1.0183150183150182,1.1105769230769231,1.1309171597633136
0022400458,140,27,7,63,7,0,0.5761316872427983,0.7941176470588235,0.45751633986928103
0022400459,134,26,5,62,7,2,0.5818858560794045,1.0783410138248848,0.627471383975026
0022400460,133,27,8,67,8,0,0.5881702598120508,0.7714285714285715,0.4537313432835821
0022400461,167,21,5,52,7,2,1.0705128205128205,1.0384615384615383,1.1116863905325443
0022400462,141,21,8,58,11,3,1.2733990147783252,0.9216300940438872,1.1736028537455412
0022400463,145,22,4,51,5,1,0.6461675579322638,1.0153846153846153,0.6561085972850679
0022400464,131,18,5,43,5,0,0.8462532299741602,0.782608695652174,0.6622851365015168
0022400465,128,26,10,72,12,2,0.8205128205128205,0.8425925925925927,0.691358024691358
0022400466,148,21,5,52,7,2,0.9487179487179487,1.0384615384615383,0.9852071005917159
0022400467,136,24,7,63,10,3,0.8994708994708993,1.0064516129032257,0.905273937532002
0022400468,148,20,5,47,5,0,0.7872340425531914,0.8,0.6297872340425532
0022400469,138,20,4,60,13,9,1.495,1.4102564102564104,2.1083333333333334
0022400470,134,20,2,46,4,2,0.582608695652174,1.3636363636363635,0.7944664031620553
0022400471,125,21,4,51,7,3,0.8169934640522876,1.2,0.9803921568627451
0022400472,139,27,7,66,8,1,0.6240179573512906,0.8933823529411764,0.5574866310160427
0022400473,140,24,7,60,8,1,0.7777777777777778,0.8709677419354839,0.6774193548387096
0022400474,143,24,10,65,11,1,1.0083333333333333,0.7700534759358287,0.7764705882352941
0022400475,152,19,4,49,7,3,1.1428571428571428,1.1801242236024845,1.3487133984028394
0022400476,141,32,6,77,9,3,0.5150162337662337,1.1228070175438596,0.5782638414217361
0022400477,133,23,9,64,13,4,1.174592391304348,0.9399038461538461,1.10400390625
0022400478,152,23,10,61,11,1,1.1917320028510336,0.7603305785123967,0.9061102831594634
0022400479,136,23,8,65,14,6,1.2735785953177257,1.0599078341013826,1.349875930521092
0022400480,150,19,6,47,7,1,1.1758118701007838,0.8685714285714284,1.021276595744681
0022400481,153,22,7,56,10,3,1.241883116883117,0.9862068965517242,1.224753694581281
0022400482,155,19,7,57,12,5,1.7174515235457064,1.0352564102564104,1.7780026990553304
0022400483,166,15,4,37,5,1,1.4954954954954955,0.9473684210526316,1.4167852062588906
0022400484,154,29,5,67,6,1,0.47555326814204835,0.9950980392156862,0.47322212467076386
0022400485,148,19,7,53,11,4,1.6166832174776566,0.9965034965034966,1.6110304789550072
0022400486,172,23,4,52,5,1,0.7190635451505017,1.0222222222222224,0.7350427350427351
0022400487,139,23,7,57,8,1,0.8482074752097635,0.8624999999999999,0.731578947368421
0022400488,147,21,5,55,10,5,1.272727272727273,1.2115384615384615,1.5419580419580419
0022400489,149,22,4,51,5,1,0.6639928698752228,1.0153846153846153,0.6742081447963801
0022400490,143,23,5,52,5,0,0.5978260869565218,0.8214285714285714,0.4910714285714286
0022400491,120,22,9,67,13,4,1.0583446404341927,0.9280397022332506,0.9821858449687048
0022400492,145,21,8,55,10,2,1.2554112554112553,0.8689655172413793,1.0909090909090908
0022400493,152,19,3,44,4,1,0.7272727272727273,1.0795454545454546,0.7851239669421487
0022400494,135,22,6,58,11,5,1.1637931034482758,1.142857142857143,1.3300492610837438
0022400495,130,24,8,61,8,0,0.7103825136612022,0.75,0.5327868852459017
0022400496,128,21,6,55,10,4,1.1082251082251082,1.088888888888889,1.2067340067340067
0022400497,154,20,5,52,8,3,1.1846153846153848,1.1,1.303076923076923
0022400498,163,18,3,44,5,2,1.029040404040404,1.2,1.2348484848484849
0022400499,144,22,8,68,16,8,1.5401069518716577,1.0999999999999999,1.6941176470588235
0022400500,138,20,8,55,11,3,1.3800000000000001,0.9090909090909092,1.2545454545454544
0022400501,167,26,7,68,10,3,0.9445701357466063,1.0242424242424244,0.9674688057040998
0022400502,143,24,7,62,11,4,1.0571236559139785,1.0557184750733137,1.116024973985432
0022400503,144,24,5,56,5,0,0.5357142857142858,0.8275862068965518,0.4433497536945813
0022400504,140,17,5,48,9,4,1.5441176470588236,1.1161616161616161,1.7234848484848484
0022400505,137,25,7,61,8,1,0.718688524590164,0.87890625,0.6316598360655737
0022400506,143,22,5,60,11,6,1.1916666666666664,1.2592592592592593,1.5006172839506173
0022400507,141,21,5,51,6,1,0.7899159663865547,0.9423076923076923,0.7443438914027151
0022400508,147,22,2,46,2,0,0.29051383399209485,0.9166666666666667,0.266304347826087
0022400509,127,28,10,75,12,2,0.7257142857142858,0.8596491228070176,0.623859649122807
0022400510,136,27,9,70,12,3,0.8634920634920635,0.9375,0.8095238095238094
0022400511,141,21,5,51,6,1,0.7899159663865547,0.9423076923076923,0.7443438914027151
0022400512,134,22,4,50,5,1,0.6090909090909091,1.0153846153846153,0.6184615384615384
0022400513,137,23,6,56,6,0,0.6381987577639752,0.793103448275862,0.5061576354679803
0022400514,137,19,5,49,8,3,1.1772287862513426,1.0885416666666667,1.2814625850340136
0022400515,132,28,6,67,8,2,0.5628997867803838,1.0294117647058825,0.5794556628621598
0022400516,145,24,6,56,6,0,0.6473214285714285,0.8,0.5178571428571428
0022400517,146,21,5,52,7,2,0.9358974358974359,1.0384615384615383,0.9718934911242604
0022400518,135,22,7,58,12,5,1.269592476489028,1.074712643678161,1.3644470868014267
0022400519,122,22,9,65,13,4,1.1090909090909091,0.9280397022332506,1.0292803970223325
0022400520,126,30,11,86,18,7,0.8790697674418606,1.0162601626016259,0.8933635847986388
0022400521,125,27,6,73,11,5,0.6976154236428209,1.1900826446280992,0.8302200083022
0022400522,139,20,7,56,11,4,1.3651785714285714,1.0101010101010102,1.3789682539682537
0022400523,151,22,1,45,1,0,0.15252525252525254,0.9565217391304348,0.1458937198067633
0022400524,155,23,3,50,3,0,0.4043478260869565,0.8846153846153847,0.35769230769230764
0022400525,146,21,5,51,6,1,0.8179271708683473,0.9423076923076923,0.7707390648567121
0022400526,132,22,9,63,15,6,1.4285714285714286,0.9935483870967741,1.4193548387096773
0022400527,131,27,5,67,8,3,0.5793255942509673,1.16015625,0.6721082089552239
0022400528,154,21,4,49,6,2,0.8979591836734694,1.1199999999999999,1.0057142857142856
0022400529,149,23,5,56,7,2,0.8097826086956522,1.0561224489795917,0.8552295918367347
0022400530,166,19,4,44,4,0,0.7942583732057417,0.8260869565217391,0.6561264822134387
0022400531,141,23,8,65,13,5,1.2260869565217392,1.0272952853598014,1.2595533498759306
0022400532,141,24,7,65,10,3,0.903846153846154,1.0064516129032257,0.9096774193548387
0022400533,131,25,6,59,6,0,0.5328813559322034,0.8064516129032259,0.4297430289775834
0022400534,135,25,10,67,14,4,1.128358208955224,0.9183673469387755,1.0362473347547976
0022400535,147,24,9,61,9,0,0.903688524590164,0.7272727272727273,0.6572280178837556
0022400536,146,19,5,50,7,2,1.0757894736842106,1.0178571428571428,1.095
0022400537,153,20,5,48,5,0,0.796875,0.8,0.6375000000000001
0022400538,149,20,6,50,8,2,1.192,0.9615384615384615,1.1461538461538463
0022400539,140,24,6,61,9,3,0.860655737704918,1.0666666666666667,0.9180327868852459
0022400540,135,23,8,60,12,4,1.173913043478261,0.9892473118279569,1.1612903225806452
0022400541,146,22,5,57,9,4,1.0478468899521531,1.176954732510288,1.2332683560753737
0022400542,139,26,4,64,8,4,0.6682692307692307,1.3,0.86875
0022400543,131,24,8,66,11,3,0.9097222222222222,0.9545454545454546,0.8683712121212122
0022400544,118,25,8,68,14,6,0.971764705882353,1.0822510822510822,1.0516934046345812
0022400545,143,26,7,71,13,6,1.0070422535211268,1.1515151515151516,1.1596244131455398
0022400546,131,32,10,78,11,1,0.577323717948718,0.8311688311688311,0.4798534798534799
0022400547,139,24,7,62,10,3,0.9341397849462365,1.0064516129032257,0.9401664932362123
0022400548,147,21,8,54,10,2,1.2962962962962963,0.8689655172413793,1.1264367816091954
0022400549,135,24,12,68,13,1,1.0753676470588234,0.717948717948718,0.7720588235294117
0022400550,142,23,1,47,1,0,0.13135985198889916,0.9583333333333334,0.12588652482269502
0022400551,140,19,7,61,17,10,2.053494391716997,1.160633484162896,2.383354350567465
0022400552,143,20,7,51,8,1,1.1215686274509804,0.8333333333333333,0.9346405228758171
0022400553,160,20,2,43,2,0,0.37209302325581395,0.9090909090909091,0.33826638477801263
0022400554,142,25,6,61,8,2,0.7449180327868853,1.0080645161290323,0.7509254362771021
0022400555,146,22,4,53,7,3,0.8765008576329332,1.2087912087912087,1.0595065312046446
0022400556,141,26,10,67,11,1,0.8903559127439725,0.7878787878787878,0.7014925373134329
0022400557,146,22,6,58,9,3,1.0297805642633229,1.0476190476190477,1.078817733990148
0022400558,145,23,6,57,7,1,0.7742181540808543,0.9064039408866994,0.7017543859649122
0022400559,145,21,8,55,12,4,1.5064935064935063,0.9655172413793103,1.4545454545454544
0022400560,137,24,8,64,10,2,0.8919270833333333,0.9,0.802734375
0022400561,143,17,8,52,13,5,2.1029411764705883,0.9415384615384614,1.98
0022400562,130,23,8,60,9,1,0.8478260869565216,0.8243727598566308,0.6989247311827956
0022400563,157,22,6,54,7,1,0.9250841750841751,0.8979591836734694,0.8306878306878307
0022400564,136,28,8,74,12,4,0.7876447876447877,1.037037037037037,0.8168168168168168
0022400565,117,24,5,64,13,8,0.990234375,1.3368700265251992,1.3238146551724137
0022400566,152,21,6,58,11,5,1.372742200328407,1.1313131313131315,1.553001277139208
0022400567,150,25,5,60,7,2,0.7000000000000001,1.0714285714285714,0.7499999999999999
0022400568,130,24,6,60,8,2,0.7222222222222222,1.0,0.7222222222222221
0022400569,156,18,7,48,10,3,1.8055555555555556,0.936,1.6899999999999997
0022400570,146,22,1,46,1,0,0.1442687747035573,0.9565217391304348,0.13799621928166353
0022400571,138,22,8,56,9,1,1.0081168831168832,0.8148148148148148,0.8214285714285715
0022400572,146,20,7,60,12,5,1.4600000000000002,1.0493827160493827,1.5320987654320988
0022400573,141,25,8,71,14,6,1.112112676056338,1.0822510822510822,1.203585147247119
0022400574,161,23,4,53,5,1,0.6603773584905661,1.0222222222222224,0.6750524109014675
0022400575,145,24,4,54,5,1,0.5594135802469136,1.0285714285714285,0.5753968253968254
0022400576,153,23,6,59,8,2,0.9019896831245394,0.9913793103448275,0.8942139099941555
0022400577,112,24,10,71,15,5,0.9859154929577465,0.9411764705882352,0.9279204639602321
0022400578,140,18,3,46,6,3,1.0144927536231885,1.2857142857142856,1.3043478260869565
0022400579,152,21,3,48,4,1,0.603174603174603,1.09375,0.6597222222222223
0022400580,124,31,10,80,12,2,0.6,0.8821138211382115,0.5292682926829269
0022400581,134,27,7,73,13,6,0.8838153221714865,1.160633484162896,1.0257856567284447
0022400582,148,24,5,55,6,1,0.6727272727272726,0.9655172413793105,0.6495297805642632
0022400583,136,23,6,54,6,0,0.6570048309178743,0.793103448275862,0.5210727969348659
0022400584,148,23,6,57,7,1,0.7902364607170099,0.9064039408866994,0.7162734422262552
0022400585,141,17,4,41,5,1,1.011477761836442,0.9714285714285713,0.9825783972125436
0022400586,114,30,11,88,17,6,0.7340909090909091,0.9899569583931134,0.7267184035476718
0022400587,166,21,8,55,11,3,1.580952380952381,0.9216300940438872,1.45705329153605
0022400588,132,24,7,62,9,2,0.7983870967741936,0.946236559139785,0.7554630593132154
0022400589,134,22,10,64,14,4,1.3323863636363635,0.8839285714285713,1.177734375
0022400590,136,21,7,59,13,6,1.426957223567393,1.0961538461538463,1.5641646489104115
0022400591,149,25,9,62,10,1,0.9612903225806451,0.8088235294117648,0.7775142314990513
0022400592,162,17,3,39,3,0,0.7330316742081449,0.85,0.6230769230769232
0022400593,136,20,7,61,13,6,1.4491803278688524,1.0826210826210827,1.5689131754705528
0022400594,129,23,9,66,14,5,1.1897233201581028,0.9754464285714286,1.1605113636363638
0022400595,146,20,5,53,8,3,1.1018867924528302,1.1,1.2120754716981132
0022400596,143,21,4,50,5,1,0.680952380952381,1.008,0.6864
0022400597,136,27,9,67,10,1,0.7517965726920951,0.8250000000000001,0.6202321724709784
0022400598,153,26,6,64,8,2,0.735576923076923,1.015625,0.7470703125
0022400599,145,21,5,53,8,3,1.0422282120395328,1.1105769230769231,1.1574746008708274
0022400600,155,22,3,49,3,0,0.43135435992578847,0.8800000000000001,0.3795918367346939
0022400601,128,26,12,77,17,5,1.086913086913087,0.8854489164086687,0.9624060150375939
0022400602,135,24,9,62,11,2,0.997983870967742,0.859504132231405,0.8577712609970675
0022400603,134,23,7,63,11,4,1.0172532781228434,1.0454545454545456,1.0634920634920635
0022400604,159,14,3,33,3,0,1.0324675324675325,0.823529411764706,0.8502673796791443
0022400605,153,28,8,72,12,4,0.9107142857142857,1.037037037037037,0.9444444444444444
0022400606,138,20,6,55,11,5,1.3800000000000001,1.118881118881119,1.544055944055944
0022400607,149,16,5,45,8,3,1.6555555555555557,1.0476190476190477,1.7343915343915344
0022400608,120,27,8,67,8,0,0.5306799336650083,0.7714285714285715,0.4093816631130064
0022400609,147,20,5,49,7,2,1.0499999999999998,1.0285714285714285,1.08
0022400610,147,23,5,54,5,0,0.5917874396135265,0.8214285714285714,0.4861111111111111
0022400611,139,22,7,56,11,4,1.2410714285714286,1.0344827586206897,1.2838669950738915
0022400612,166,22,5,52,6,1,0.8706293706293706,0.9506172839506173,0.8276353276353277
0022400613,153,17,5,40,5,0,1.125,0.7727272727272727,0.8693181818181819
0022400614,137,24,8,65,10,2,0.8782051282051282,0.9,0.7903846153846155
0022400615,138,23,5,53,6,1,0.679245283018868,0.9583333333333334,0.6509433962264151
0022400616,139,25,10,70,14,4,1.112,0.9183673469387755,1.0212244897959184
0022400617,151,21,4,50,4,0,0.5752380952380953,0.84,0.48319999999999996
0022400618,147,25,4,61,9,5,0.8675409836065574,1.3409961685823757,1.163369135104579
0022400619,138,23,9,63,12,3,1.1428571428571428,0.8984375,1.0267857142857142
0022400620,155,26,6,61,7,1,0.6841109709962169,0.9285714285714285,0.6352459016393442
0022400621,172,18,3,39,3,0,0.7350427350427351,0.8571428571428571,0.6300366300366301
0022400622,133,23,6,61,10,4,0.9479686386315039,1.1103448275862067,1.0525720746184286
0022400623,139,23,9,70,19,10,1.6403726708074533,1.0970394736842104,1.7995535714285715
0022400624,140,22,5,59,8,3,0.8628659476117103,1.1203703703703705,0.9667294413057125
0022400625,130,27,9,75,14,5,0.8987654320987655,1.017857142857143,0.9148148148148149
0022400626,163,26,6,61,7,1,0.7194199243379572,0.9285714285714285,0.6680327868852459
0022400627,157,18,6,45,7,1,1.35679012345679,0.8571428571428571,1.162962962962963
0022400628,139,24,7,61,10,3,0.9494535519125682,1.0064516129032257,0.955579058699101
0022400629,137,19,8,51,9,1,1.2724458204334366,0.7818930041152263,0.9949164851125635
0022400630,119,25,8,76,19,11,1.19,1.1961722488038278,1.423444976076555
0022400631,147,22,7,57,9,2,1.055023923444976,0.9272030651340998,0.9782214156079855
0022400632,153,18,6,48,9,3,1.59375,1.0,1.59375
0022400633,142,24,9,65,10,1,0.9102564102564104,0.8,0.7282051282051283
0022400634,154,19,5,46,6,1,1.05720823798627,0.9236111111111113,0.976449275362319
0022400635,124,25,8,73,14,6,0.9512328767123288,1.0822510822510822,1.0294728102947281
0022400636,129,27,9,68,10,1,0.7026143790849673,0.8250000000000001,0.5796568627450981
0022400637,146,22,8,56,9,1,1.0665584415584417,0.8148148148148148,0.8690476190476191
0022400638,136,27,8,71,13,5,0.9222743870631196,1.0681318681318681,0.9851106639839035
0022400639,153,26,7,70,11,4,0.9247252747252747,1.0743801652892564,0.9935064935064934
0022400640,119,25,11,84,23,12,1.3033333333333335,1.0567632850241546,1.3773148148148149
0022400641,157,26,1,53,1,0,0.11393323657474601,0.9629629629629629,0.10971348707197764
0022400642,149,20,8,55,10,2,1.3545454545454545,0.8571428571428572,1.1610389610389609
0022400643,141,28,5,65,7,2,0.5423076923076923,1.0909090909090908,0.5916083916083916
0022400644,150,19,5,44,5,0,0.8971291866028707,0.7916666666666667,0.7102272727272727
0022400645,148,20,4,51,6,2,0.8705882352941176,1.1111111111111112,0.9673202614379084
0022400646,142,25,10,67,14,4,1.1868656716417911,0.9183673469387755,1.0899786780383796
0022400647,118,28,6,72,12,6,0.7023809523809523,1.2352941176470589,0.8676470588235294
0022400648,135,26,5,59,6,1,0.5280312907431551,0.9784946236559141,0.5166757791142701
0022400649,145,18,6,49,9,3,1.479591836734694,1.0,1.4795918367346939
0022400650,129,21,7,60,13,6,1.3309523809523809,1.0961538461538463,1.4589285714285714
0022400651,120,28,5,68,7,2,0.4411764705882353,1.0909090909090908,0.48128342245989303
0022400652,161,27,5,66,9,4,0.813131313131313,1.21875,0.991003787878788
0022400653,156,24,5,57,6,1,0.6842105263157894,0.9655172413793105,0.660617059891107
0022400654,142,28,6,68,8,2,0.5966386554621849,1.0294117647058825,0.6141868512110727
0022400655,177,16,2,36,3,1,0.921875,1.1851851851851851,1.0925925925925926
0022400656,151,20,6,54,10,4,1.398148148148148,1.0769230769230769,1.5056980056980056
0022400657,147,18,6,50,10,4,1.6333333333333335,1.05,1.7150000000000003
0022400658,139,26,4,61,7,3,0.6134930643127364,1.2380952380952381,0.7595628415300546
0022400659,154,16,4,40,7,3,1.6843749999999997,1.1428571428571428,1.9250000000000003
0022400660,139,26,7,64,9,2,0.7518028846153846,0.9629629629629631,0.7239583333333334
0022400661,118,23,12,75,18,6,1.2313043478260868,0.8761904761904761,1.078857142857143
0022400662,130,26,7,67,10,3,0.7462686567164178,1.0242424242424244,0.7643600180913614
0022400663,128,17,8,55,17,9,2.327272727272727,1.0399999999999998,2.4203636363636365
0022400664,134,29,6,71,8,2,0.5206410879067509,1.0357142857142858,0.5392354124748492
0022400665,132,26,7,64,10,3,0.7932692307692308,1.0242424242424244,0.8125
0022400666,153,21,6,54,9,3,1.2142857142857142,1.037037037037037,1.259259259259259
0022400667,156,15,4,36,4,0,1.1555555555555554,0.7894736842105263,0.9122807017543859
0022400668,142,25,5,58,6,1,0.5875862068965517,0.9722222222222223,0.571264367816092
0022400669,134,22,7,58,10,3,1.0501567398119123,0.9862068965517242,1.0356718192627825
0022400670,154,20,5,55,10,5,1.4000000000000001,1.2,1.68
0022400671,138,24,8,65,12,4,1.0615384615384615,1.0,1.0615384615384615
0022400672,129,24,8,68,13,5,1.0275735294117647,1.0384615384615385,1.0670955882352942
0022400673,134,27,7,69,10,3,0.7192699946323136,1.0323529411764707,0.742540494458653
0022400674,132,24,9,73,15,6,1.1301369863013697,1.018181818181818,1.1506849315068493
0022400675,147,23,8,59,11,3,1.191599115696389,0.9442815249266862,1.125205030071077
0022400676,135,20,7,61,15,8,1.6598360655737705,1.1358024691358024,1.8852459016393441
0022400677,135,23,5,57,9,4,0.9267734553775744,1.1865079365079365,1.099624060150376
0022400678,116,26,8,68,10,2,0.6561085972850679,0.9176470588235294,0.6020761245674742
0022400679,140,23,7,58,8,1,0.8395802098950524,0.8624999999999999,0.7241379310344829
0022400680,145,17,6,51,11,5,1.839677047289504,1.075098814229249,1.9778346121057118
0022400681,144,25,3,55,4,1,0.4189090909090909,1.1160714285714284,0.4675324675324675
0022400682,152,19,4,51,9,5,1.411764705882353,1.285024154589372,1.8141517476555842
0022400683,153,21,6,56,10,4,1.3010204081632653,1.088888888888889,1.4166666666666665
0022400684,143,24,7,64,12,5,1.1171875,1.096774193548387,1.2253024193548387
0022400685,147,25,5,63,10,5,0.9333333333333333,1.25,1.1666666666666665
0022400686,125,29,13,83,17,4,0.8828417116742833,0.8529411764705883,0.753012048192771
0022400687,130,28,11,78,15,4,0.8928571428571429,0.9094017094017094,0.811965811965812
0022400688,149,21,4,53,7,3,0.9371069182389937,1.2,1.1245283018867924
0022400689,131,22,8,56,9,1,0.9569805194805195,0.8148148148148148,0.7797619047619048
0022400690,139,29,3,63,3,0,0.2282430213464696,0.90625,0.20684523809523808
0022400691,162,22,5,51,5,0,0.7219251336898396,0.8148148148148148,0.5882352941176471
0022400692,143,25,5,55,5,0,0.52,0.8333333333333334,0.43333333333333335
0022400693,139,24,6,59,7,1,0.6871468926553672,0.9142857142857143,0.6282485875706215
0022400694,140,25,6,66,12,6,1.018181818181818,1.2096774193548387,1.2316715542521994
0022400695,163,24,2,53,3,1,0.38443396226415094,1.2307692307692308,0.4731494920174165
0022400696,167,19,5,48,7,2,1.2817982456140353,1.0178571428571428,1.3046875
0022400697,140,22,5,53,7,2,0.8404802744425386,1.0476190476190474,0.880503144654088
0022400698,131,26,7,64,8,1,0.6298076923076923,0.8863636363636365,0.5582386363636365
0022400699,147,26,5,59,5,0,0.47913950456323334,0.8387096774193549,0.4018589393110989
0022400700,141,28,4,67,7,3,0.5261194029850745,1.25,0.6576492537313432
0022400701,128,28,11,83,18,7,0.9913941480206541,0.9971509971509972,0.9885696632684585
0022400702,138,27,9,70,10,1,0.7301587301587301,0.8250000000000001,0.6023809523809524
0022400703,160,27,6,65,7,1,0.6381766381766382,0.9350649350649349,0.5967365967365968
0022400704,137,19,7,55,10,3,1.3110047846889952,0.95,1.2454545454545456
0022400705,163,16,5,47,10,5,2.1675531914893615,1.1428571428571428,2.477203647416413
0022400706,137,20,9,55,11,2,1.37,0.8150470219435737,1.116614420062696
0022400707,148,25,7,60,8,1,0.7893333333333333,0.87890625,0.69375
0022400708,123,26,9,70,11,2,0.7434065934065933,0.8779220779220779,0.6526530612244898
0022400709,146,21,9,63,16,7,1.7656840513983372,1.0062499999999999,1.7767195767195767
0022400710,131,27,7,71,11,4,0.75169535732916,1.0828877005347595,0.8140016570008285
0022400711,119,22,10,64,13,3,1.0987215909090908,0.8461538461538461,0.9296875
0022400712,129,23,8,61,12,4,1.1033499643620812,0.9892473118279569,1.091485986250661
0022400713,137,22,7,55,8,1,0.9057851239669421,0.853448275862069,0.7730407523510973
0022400714,152,21,5,57,11,6,1.3968253968253965,1.2482517482517481,1.7435897435897434
0022400715,145,21,5,49,5,0,0.7045675413022351,0.8076923076923077,0.5690737833594977
0022400716,150,19,6,47,7,1,1.1758118701007838,0.8685714285714284,1.021276595744681
0022400717,143,14,7,44,12,5,2.7857142857142856,0.9444444444444445,2.630952380952381
0022400718,139,25,9,66,13,4,1.0951515151515152,0.9615384615384617,1.053030303030303
0022400719,165,23,4,52,5,1,0.689799331103679,1.0222222222222224,0.7051282051282052
0022400720,123,24,8,64,11,3,0.880859375,0.9545454545454546,0.8408203124999999
0022400721,150,19,5,49,6,1,0.9667024704618689,0.9236111111111113,0.8928571428571428
0022400722,123,25,10,76,18,8,1.1652631578947368,1.0317460317460319,1.2022556390977444
0022400723,125,26,7,67,9,2,0.6458094144661309,0.9629629629629631,0.6218905472636815
0022400724,143,26,9,67,12,3,0.9850746268656716,0.9285714285714285,0.9147121535181236
0022400725,139,22,9,74,20,11,1.707616707616708,1.0999999999999999,1.8783783783783783
0022400726,152,26,3,59,4,1,0.3963494132985658,1.1206896551724137,0.4441846873173582
0022400727,132,25,8,64,10,2,0.825,0.9090909090909091,0.75
0022400728,140,24,4,53,4,0,0.440251572327044,0.8571428571428571,0.3773584905660377
0022400729,131,21,8,64,14,6,1.3645833333333335,1.0344827586206897,1.4116379310344827
0022400730,135,27,4,63,6,2,0.47619047619047616,1.161290322580645,0.5529953917050691
0022400731,138,24,11,68,15,4,1.2683823529411764,0.8685714285714285,1.1016806722689074
0022400732,135,26,4,61,6,2,0.510718789407314,1.1555555555555557,0.5901639344262296
0022400733,152,19,7,53,9,2,1.3584905660377358,0.8931623931623932,1.2133526850507983
0022400734,134,25,7,62,8,1,0.6916129032258064,0.87890625,0.6078629032258065
0022400735,141,24,9,63,10,1,0.9325396825396826,0.8,0.7460317460317459
0022400736,158,20,4,49,5,1,0.8061224489795918,1.0,0.8061224489795918
0022400737,139,20,8,52,9,1,1.2028846153846153,0.7936507936507937,0.9546703296703297
0022400738,141,23,9,63,14,5,1.36231884057971,0.9754464285714286,1.3288690476190477
0022400739,133,19,10,60,16,6,1.8666666666666667,0.9008620689655173,1.681609195402299
0022400740,167,22,5,53,7,2,1.0025728987993139,1.0476190476190474,1.050314465408805
0022400741,120,23,7,67,14,7,1.09020116807268,1.15,1.2537313432835822
0022400742,129,25,7,74,15,8,1.045945945945946,1.1979166666666665,1.2529560810810811
0022400743,144,21,6,52,9,3,1.1868131868131868,1.037037037037037,1.2307692307692308
0022400744,154,21,8,60,12,4,1.4666666666666668,0.9655172413793103,1.4160919540229884
0022400745,121,26,9,81,15,6,0.8618233618233617,1.0399999999999998,0.8962962962962963
0022400746,128,25,13,73,18,5,1.2624657534246575,0.8406432748538011,1.0612833453496755
0022400747,146,21,10,60,14,4,1.6222222222222222,0.8709677419354838,1.4129032258064516
0022400748,130,23,7,63,11,4,0.986887508626639,1.0454545454545456,1.0317460317460316
0022400749,138,19,6,48,7,1,1.0592105263157896,0.8685714285714284,0.9199999999999999
0022400750,149,26,10,76,17,7,1.2818825910931175,1.0196078431372548,1.307017543859649
0022400751,145,24,7,59,8,1,0.8192090395480226,0.8709677419354839,0.7135046473482778
0022400752,122,25,7,65,10,3,0.7507692307692307,1.015625,0.7625
0022400753,125,28,9,73,11,2,0.6727005870841487,0.8943488943488944,0.6016290262865606
0022400754,144,25,7,64,10,3,0.9,1.015625,0.9140625
0022400755,131,25,11,75,17,6,1.187733333333333,0.9395424836601308,1.1159259259259258
0022400756,143,26,5,59,6,1,0.5593220338983051,0.9784946236559141,0.5472936030617824
0022400757,140,28,5,65,8,3,0.6153846153846154,1.1666666666666667,0.717948717948718
0022400758,135,23,4,53,4,0,0.44298605414273995,0.851851851851852,0.3773584905660377
0022400759,153,15,3,34,4,1,1.2,1.0416666666666667,1.25
0022400760,132,28,11,79,15,4,0.895117540687161,0.9094017094017094,0.8140214216163583
0022400761,150,23,6,56,7,1,0.8152173913043479,0.9064039408866994,0.7389162561576355
0022400762,160,24,6,61,9,3,0.9836065573770492,1.0666666666666667,1.0491803278688525
0022400763,133,28,8,71,9,1,0.602112676056338,0.8641975308641977,0.5203442879499218
0022400764,138,25,10,66,10,0,0.8363636363636364,0.7142857142857143,0.5974025974025974
0022400765,136,28,7,67,9,2,0.652452025586354,0.9777777777777779,0.637953091684435
0022400766,162,17,7,46,8,1,1.6572890025575449,0.7968750000000001,1.3206521739130437
0022400767,150,23,9,62,11,2,1.1570827489481068,0.8494318181818182,0.9828629032258064
0022400768,155,25,8,59,8,0,0.840677966101695,0.7575757575757576,0.6368772470467386
0022400769,155,20,4,47,5,1,0.824468085106383,1.0,0.8244680851063829
0022400770,141,19,4,45,4,0,0.6596491228070176,0.8260869565217391,0.5449275362318841
0022400771,164,21,9,59,14,5,1.8531073446327684,0.9500000000000001,1.7604519774011298
0022400772,135,21,6,53,8,2,0.9703504043126684,0.9722222222222223,0.9433962264150944
0022400773,152,33,10,84,15,5,0.8225108225108225,1.0232558139534884,0.8416389811738648
0022400774,155,23,5,54,5,0,0.6239935587761675,0.8214285714285714,0.5125661375661376
0022400775,134,28,9,78,15,6,0.9203296703296704,1.0594594594594595,0.9750519750519749
0022400776,164,21,3,47,3,0,0.4984802431610942,0.875,0.43617021276595747
0022400777,135,22,5,61,13,8,1.3077496274217584,1.3162393162393162,1.721311475409836
0022400778,141,22,6,54,8,2,0.9494949494949494,0.9821428571428572,0.9325396825396824
0022400779,138,25,6,64,8,2,0.69,1.0080645161290323,0.6955645161290323
0022400780,149,27,4,64,7,3,0.603587962962963,1.2442396313364055,0.751008064516129
0022400781,141,25,7,70,14,7,1.1280000000000001,1.171875,1.321875
0022400782,145,22,5,54,7,2,0.8543771043771043,1.0476190476190474,0.8950617283950616
0022400783,157,22,5,56,8,3,1.0194805194805194,1.1203703703703705,1.1421957671957672
0022400784,136,26,9,67,10,1,0.7807118254879448,0.8171428571428572,0.637953091684435
0022400785,165,25,7,62,9,2,0.9580645161290323,0.9548611111111112,0.9148185483870969
0022400786,143,23,4,52,5,1,0.5978260869565218,1.0222222222222224,0.6111111111111112
0022400787,139,23,8,58,8,0,0.8335832083958021,0.7419354838709677,0.6184649610678532
0022400788,139,28,4,68,8,4,0.5840336134453782,1.3125,0.7665441176470589
0022400789,138,22,5,56,9,4,1.0081168831168832,1.176954732510288,1.1865079365079365
0022400790,120,23,12,79,19,7,1.2548156301596036,0.8992481203007519,1.128390596745027
0022400791,132,28,9,72,10,1,0.6547619047619048,0.8324324324324325,0.5450450450450451
0022400792,178,18,2,44,4,2,0.898989898989899,1.3499999999999999,1.2136363636363636
0022400793,124,27,9,74,13,4,0.8068068068068068,0.9807692307692308,0.7912912912912913
0022400794,147,22,5,58,8,3,0.9216300940438872,1.1203703703703705,1.032567049808429
0022400795,138,25,9,69,12,3,0.96,0.9191176470588236,0.8823529411764706
0022400796,149,22,8,61,12,4,1.3323397913561847,0.9777777777777776,1.3027322404371586
0022400797,161,19,5,46,5,0,0.9210526315789473,0.7916666666666667,0.7291666666666666
0022400798,129,26,9,76,17,8,1.1098178137651822,1.0924369747899159,1.2124060150375942
0022400799,137,27,9,68,11,2,0.8208061002178649,0.8863636363636365,0.7275326797385621
0022400800,139,26,8,65,10,2,0.8224852071005917,0.9176470588235294,0.7547511312217194
0022400801,137,27,10,71,13,3,0.92905581637976,0.8981288981288983,0.8344118766653978
0022400802,143,20,9,61,13,4,1.5237704918032784,0.9018567639257294,1.3742227247032222
0022400803,143,26,8,66,11,3,0.9166666666666666,0.9732620320855615,0.8921568627450981
0022400804,146,20,8,57,11,3,1.4087719298245613,0.9090909090909092,1.280701754385965
0022400805,136,25,6,58,6,0,0.5627586206896551,0.8064516129032259,0.4538375973303671
0022400806,152,25,4,56,6,2,0.6514285714285714,1.1494252873563218,0.7487684729064039
0022400807,134,24,6,54,6,0,0.6203703703703703,0.8,0.49629629629629624
0022400808,131,20,7,64,17,10,1.73984375,1.1764705882352942,2.046875
0022400809,150,21,4,55,8,4,1.0389610389610389,1.26,1.309090909090909
0022400810,144,27,8,70,11,3,0.8380952380952381,0.9818181818181818,0.822857142857143
0022400811,147,21,4,48,4,0,0.5833333333333334,0.84,0.49
0022400812,139,27,6,64,8,2,0.6435185185185185,1.0227272727272727,0.6581439393939394
0022400813,130,28,10,75,13,3,0.8047619047619048,0.9068825910931174,0.7298245614035088
0022400814,155,27,6,74,14,8,1.0860860860860861,1.2857142857142856,1.3963963963963966
0022400815,129,21,8,66,16,8,1.4891774891774892,1.0862068965517242,1.6175548589341693
0022400816,139,29,6,66,6,0,0.43573667711598746,0.8285714285714286,0.36103896103896105
0022400817,138,22,8,59,11,3,1.169491525423729,0.9333333333333332,1.0915254237288137
0022400818,146,25,6,63,9,3,0.8342857142857143,1.075268817204301,0.8970814132104454
0022400819,123,29,11,80,16,5,0.8482758620689655,0.9515625,0.8071875000000001
0022400820,129,26,8,71,12,4,0.8385698808234019,1.0196078431372548,0.8550124275062136
0022400821,132,26,7,69,11,4,0.8093645484949833,1.0743801652892564,0.8695652173913043
0022400822,155,21,7,56,9,2,1.1862244897959184,0.9166666666666667,1.087372448979592
0022400823,155,22,9,63,16,7,1.7893217893217892,1.0201612903225805,1.8253968253968251
0022400824,122,23,7,69,16,9,1.2299936988027727,1.1979166666666667,1.4734299516908214
0022400825,141,17,6,52,11,5,1.754524886877828,1.075098814229249,1.88628762541806
0022400826,150,30,13,81,16,3,0.9876543209876543,0.8284883720930233,0.8182601205857019
0022400827,144,26,4,61,5,1,0.45397225725094575,1.04,0.47213114754098356
0022400828,140,21,10,59,12,2,1.3559322033898307,0.7903225806451613,1.0716238381629306
0022400829,142,23,4,51,5,1,0.6052855924978687,1.0222222222222224,0.6187363834422658
0022400830,139,18,6,47,8,2,1.3144208037825058,0.9375,1.2322695035460993
0022400831,150,23,4,48,4,0,0.5434782608695652,0.851851851851852,0.46296296296296297
0022400832,164,29,9,72,11,2,0.863984674329502,0.9019138755980862,0.7792397660818713
0022400833,147,25,5,60,8,3,0.784,1.1458333333333335,0.8983333333333332
0022400834,150,24,6,57,6,0,0.6578947368421052,0.8,0.5263157894736842
0022400835,154,19,6,46,6,0,1.05720823798627,0.7599999999999999,0.8034782608695652
0022400836,148,18,7,48,10,3,1.712962962962963,0.936,1.6033333333333333
0022400837,160,17,7,47,8,1,1.6020025031289111,0.7968750000000001,1.2765957446808511
0022400838,141,22,7,58,10,3,1.1050156739811914,0.9862068965517242,1.0897740784780023
0022400839,139,27,10,79,19,9,1.238162212845757,1.0753911806543386,1.331508723913787
0022400840,126,28,12,76,15,3,0.8881578947368421,0.84,0.7460526315789474
0022400841,140,19,5,48,7,2,1.074561403508772,1.0178571428571428,1.09375
0022400842,158,17,5,39,5,0,1.1915535444947207,0.7727272727272727,0.9207459207459208
0022400843,150,21,2,47,3,1,0.4559270516717324,1.217391304347826,0.5550416281221092
0022400844,157,23,3,51,4,1,0.5353793691389599,1.1057692307692308,0.5920060331825038
0022400845,125,25,6,70,14,8,1.0,1.2672811059907834,1.2672811059907834
0022400846,168,20,4,48,7,3,1.225,1.1904761904761905,1.4583333333333335
0022400847,159,20,3,46,3,0,0.5184782608695652,0.8695652173913044,0.45085066162570886
0022400848,154,16,6,40,8,2,1.925,0.9090909090909091,1.75
0022400849,115,27,9,79,18,9,0.970464135021097,1.125,1.091772151898734
0022400850,140,26,9,70,11,2,0.8461538461538461,0.8779220779220779,0.7428571428571429
0022400851,162,24,3,54,4,1,0.5,1.1111111111111112,0.5555555555555556
0022400852,136,23,3,51,4,1,0.46376811594202894,1.1057692307692308,0.5128205128205129
0022400853,137,25,8,67,12,4,0.9814925373134328,1.01010101010101,0.9914066033469018
0022400854,145,17,4,41,5,1,1.0401721664275467,0.9714285714285713,1.0104529616724738
0022400855,157,30,5,67,5,0,0.390547263681592,0.8571428571428571,0.33475479744136455
0022400856,148,23,8,57,8,0,0.9031273836765827,0.7419354838709677,0.6700622524052066
0022400857,146,20,4,45,5,1,0.8111111111111111,1.0,0.8111111111111111
0022400858,158,20,4,48,4,0,0.6583333333333332,0.8333333333333334,0.548611111111111
0022400859,136,21,5,57,10,5,1.136173767752715,1.2115384615384615,1.376518218623482
0022400860,165,15,3,38,5,2,1.4473684210526314,1.1666666666666667,1.6885964912280702
0022400861,136,24,11,75,19,8,1.4355555555555555,0.974436090225564,1.398857142857143
0022400862,139,24,3,55,4,1,0.42121212121212115,1.1111111111111112,0.468013468013468
0022400863,146,26,5,61,6,1,0.5523329129886507,0.9784946236559141,0.5404547858276045
0022400864,138,25,5,62,8,3,0.712258064516129,1.1458333333333335,0.8161290322580645
0022400865,140,25,7,65,12,5,1.0338461538461539,1.1067708333333333,1.1442307692307694
0022400866,127,24,6,62,10,4,0.853494623655914,1.1199999999999999,0.9559139784946237
0022400867,153,29,12,77,15,3,1.0277653381101657,0.848780487804878,0.8723471650300919
0022400868,154,18,6,46,8,2,1.4879227053140096,0.9375,1.394927536231884
0022400869,154,19,6,48,8,2,1.3508771929824561,0.95,1.2833333333333334
0022400870,97,33,11,91,17,6,0.5491175491175491,1.0147058823529413,0.5571928071928072
0022400871,151,22,7,56,8,1,0.9805194805194805,0.853448275862069,0.8368226600985222
0022400872,157,21,4,50,5,1,0.7476190476190476,1.008,0.7536
0022400873,158,21,3,51,6,3,0.8851540616246499,1.3125,1.161764705882353
0022400874,127,19,12,59,15,3,1.6993755575379124,0.7354838709677419,1.2498633132859487
0022400875,142,24,11,68,16,5,1.392156862745098,0.9,1.2529411764705882
0022400876,146,19,4,46,5,1,0.8352402745995423,0.9913043478260869,0.8279773156899811
0022400877,132,23,8,64,12,4,1.076086956521739,0.9892473118279569,1.064516129032258
0022400878,141,19,10,64,16,6,1.855263157894737,0.9008620689655173,1.6713362068965518
0022400879,157,28,5,63,5,0,0.44501133786848074,0.8484848484848485,0.3775853775853775
0022400880,141,18,5,47,7,2,1.1666666666666667,1.0062111801242235,1.1739130434782608
0022400881,142,26,10,75,16,6,1.1651282051282053,0.9930555555555556,1.157037037037037
0022400882,153,20,3,43,3,0,0.5337209302325581,0.8695652173913044,0.46410515672396363
0022400883,116,30,9,80,15,6,0.725,1.0769230769230769,0.7807692307692308
0022400884,159,26,6,61,6,0,0.6015132408575031,0.8125,0.4887295081967213
0022400885,145,19,7,50,9,2,1.3736842105263156,0.8931623931623932,1.226923076923077
0022400886,154,22,6,62,10,4,1.1290322580645162,1.0999999999999999,1.2419354838709677
0022400887,142,19,7,58,13,6,1.6751361161524503,1.0680473372781065,1.789124668435013
0022400888,145,20,5,52,8,3,1.1153846153846154,1.1,1.2269230769230768
0022400889,121,26,10,66,13,3,0.9166666666666666,0.888888888888889,0.8148148148148148
0022400890,147,21,3,52,6,3,0.8076923076923078,1.3125,1.060096153846154
0022400891,145,23,3,48,3,0,0.39402173913043476,0.8846153846153847,0.3485576923076923
0022400892,135,23,6,59,9,3,0.8953574060427414,1.057471264367816,0.9468147282291058
0022400893,138,25,5,60,7,2,0.644,1.0714285714285714,0.69
0022400894,146,26,5,63,6,1,0.5347985347985348,0.9784946236559141,0.5232974910394266
0022400895,146,28,8,67,9,1,0.7004264392324094,0.8641975308641977,0.6053067993366501
0022400896,147,19,9,53,11,2,1.605759682224429,0.8019480519480521,1.2877358490566038
0022400897,173,16,2,37,3,1,0.8766891891891893,1.1851851851851851,1.0390390390390392
0022400898,133,23,5,59,9,4,0.8820928518791453,1.1865079365079365,1.0466101694915255
0022400899,142,21,5,58,9,4,1.0492610837438425,1.1666666666666665,1.2241379310344827
0022400900,143,18,5,45,7,2,1.2358024691358023,1.0062111801242235,1.2434782608695654
0022400901,126,25,8,71,14,6,0.9938028169014085,1.0822510822510822,1.0755441741357235
0022400902,130,27,8,67,11,3,0.7904919845218352,0.9818181818181818,0.7761194029850746
0022400903,133,29,10,80,14,4,0.8025862068965517,0.956043956043956,0.7673076923076924
0022400904,125,29,8,83,19,11,0.986705442459493,1.2375533428165006,1.2211006186909803
0022400905,132,28,8,78,13,5,0.7857142857142857,1.076923076923077,0.8461538461538463
0022400906,157,24,4,55,5,1,0.5946969696969697,1.0285714285714285,0.6116883116883117
0022400907,150,17,3,40,3,0,0.6617647058823529,0.85,0.5625
0022400908,158,19,7,48,7,0,1.212719298245614,0.7307692307692307,0.8862179487179488
0022400909,159,24,9,63,10,1,1.0515873015873016,0.8,0.8412698412698412
0022400910,132,23,6,58,8,2,0.7916041979010494,0.9913793103448275,0.7847800237812129
0022400911,146,21,4,50,5,1,0.6952380952380953,1.008,0.7008
0022400912,130,19,4,46,7,3,1.0411899313501145,1.1801242236024845,1.2287334593572778
0022400913,156,23,2,49,3,1,0.41526175687666367,1.2266666666666666,0.5093877551020407
0022400914,135,28,6,68,8,2,0.5672268907563025,1.0294117647058825,0.5839100346020762
0022400915,145,23,7,60,9,2,0.9456521739130433,0.9370370370370371,0.8861111111111111
0022400916,157,21,6,56,8,2,1.0680272108843536,0.9722222222222223,1.0383597883597884
0022400917,119,29,9,72,10,1,0.5699233716475096,0.8394736842105264,0.47843567251461994
0022400918,143,21,5,49,5,0,0.6948493683187561,0.8076923076923077,0.5612244897959183
0022400919,119,32,14,93,21,7,0.8397177419354839,0.9275362318840579,0.7788686302010285
0022400920,132,26,8,67,9,1,0.6819747416762343,0.8496732026143791,0.5794556628621598
0022400921,158,18,3,41,3,0,0.6422764227642276,0.8571428571428571,0.5505226480836237
0022400922,151,20,4,49,5,1,0.770408163265306,1.0,0.770408163265306
0022400923,133,22,10,61,13,3,1.2883755588673622,0.8461538461538461,1.0901639344262297
0022400924,152,26,5,68,12,7,1.0316742081447965,1.327956989247312,1.3700189753320684
0022400925,150,17,9,50,12,3,2.1176470588235294,0.8173076923076924,1.7307692307692306
0022400926,134,29,9,77,14,5,0.8401253918495298,1.0357142857142858,0.8701298701298702
0022400927,136,25,7,65,12,5,1.0043076923076923,1.1067708333333333,1.1115384615384616
0022400928,147,22,7,58,9,2,1.036833855799373,0.9272030651340998,0.9613555291319857
0022400929,155,22,0,44,0,0,0.0,,0.0
0022400930,123,27,7,66,7,0,0.4831649831649832,0.7941176470588235,0.3836898395721925
0022400931,140,21,4,52,5,1,0.6410256410256411,1.008,0.6461538461538462
0022400932,139,26,4,63,8,4,0.6788766788766788,1.3,0.8825396825396825
0022400933,159,24,5,57,6,1,0.6973684210526315,0.9655172413793105,0.6733212341197822
0022400934,129,18,9,56,14,5,1.7916666666666667,0.9047619047619048,1.621031746031746
0022400935,127,26,9,72,12,3,0.8141025641025641,0.9285714285714285,0.7559523809523809
0022400936,143,24,4,57,6,2,0.6271929824561403,1.1428571428571428,0.7167919799498746
0022400937,125,25,10,73,16,6,1.095890410958904,0.9821428571428572,1.0763209393346378
0022400938,153,23,2,49,2,0,0.27151730257320317,0.92,0.2497959183673469
0022400939,135,25,9,66,12,3,0.9818181818181819,0.9191176470588236,0.9024064171122995
0022400940,139,24,3,55,5,2,0.5265151515151515,1.2444444444444445,0.6552188552188551
0022400941,153,21,7,55,11,4,1.457142857142857,1.022727272727273,1.4902597402597402
0022400942,137,24,7,61,11,4,1.0293715846994536,1.0557184750733137,1.0867265996827076
0022400943,141,22,7,57,8,1,0.8995215311004784,0.853448275862069,0.7676950998185118
0022400944,129,30,11,78,13,2,0.7166666666666667,0.8442776735459662,0.6050656660412758
0022400945,145,23,8,69,16,8,1.4618777567737868,1.1129032258064515,1.6269284712482468
0022400946,124,24,8,70,16,8,1.180952380952381,1.125,1.3285714285714285
0022400947,152,23,7,59,9,2,1.008106116433309,0.9370370370370371,0.9446327683615819
0022400948,141,18,6,46,7,1,1.1920289855072466,0.8571428571428571,1.0217391304347827
0022400949,129,22,10,62,12,2,1.1348973607038122,0.8020833333333334,0.9102822580645161
0022400950,154,26,8,62,8,0,0.7642679900744417,0.7647058823529411,0.5844402277039848
0022400951,153,21,6,54,7,1,0.9444444444444443,0.888888888888889,0.8395061728395061
0022400952,138,24,6,55,6,0,0.6272727272727273,0.8,0.5018181818181818
0022400953,154,21,7,54,8,1,1.0864197530864197,0.84375,0.9166666666666666
0022400954,140,28,11,77,17,6,1.1038961038961037,0.9713423831070891,1.0722610722610721
0022400955,139,25,8,68,12,4,0.9811764705882354,1.01010101010101,0.9910873440285205
0022400956,131,22,9,66,14,5,1.2630853994490359,0.9631336405529953,1.2165200391006843
0022400957,139,21,6,58,12,6,1.3694581280788176,1.1666666666666667,1.5977011494252873
0022400958,131,20,7,54,7,0,0.849074074074074,0.7407407407407407,0.6289437585733881
0022400959,132,23,5,57,8,3,0.8054919908466818,1.1294642857142856,0.9097744360902255
0022400960,146,21,7,54,9,2,1.1587301587301588,0.9166666666666667,1.062169312169312
0022400961,168,16,4,38,4,0,1.105263157894737,0.8,0.8842105263157894
0022400962,147,31,6,73,8,2,0.5196641626159965,1.0472972972972971,0.5442428730099963
0022400963,132,27,5,69,11,6,0.7793880837359097,1.3039772727272727,1.016304347826087
0022400964,147,20,7,53,11,4,1.5254716981132075,1.0101010101010102,1.540880503144654
0022400965,138,24,9,68,14,5,1.1838235294117647,0.987012987012987,1.1684491978609626
0022400966,143,29,10,85,18,8,1.0442190669371196,1.074074074074074,1.1215686274509806
0022400967,140,20,7,53,10,3,1.3207547169811322,0.9629629629629629,1.2718378756114606
0022400968,118,18,8,53,12,4,1.4842767295597483,0.923076923076923,1.3701015965166907
0022400969,156,23,5,55,6,1,0.7399209486166007,0.9583333333333334,0.709090909090909
0022400970,138,28,5,69,9,4,0.6428571428571428,1.2255892255892256,0.7878787878787878
0022400971,149,21,5,50,5,0,0.7095238095238096,0.8076923076923077,0.5730769230769232
0022400972,154,18,5,49,8,3,1.3968253968253967,1.0760869565217392,1.5031055900621118
0022400973,150,18,5,53,11,6,1.729559748427673,1.2094861660079053,2.091878589007383
0022400974,138,17,5,51,11,6,1.7508650519031141,1.1942148760330578,2.090909090909091
0022400975,152,26,3,59,5,2,0.4954367666232073,1.2551724137931033,0.6218585622443016
0022400976,136,31,6,72,7,1,0.42652329749103945,0.9575289575289574,0.4084084084084084
0022400977,113,28,12,80,16,4,0.8071428571428572,0.875,0.70625
0022400978,143,24,5,59,8,3,0.807909604519774,1.1379310344827587,0.919345412039743
0022400979,138,23,10,64,14,4,1.3125,0.8961038961038961,1.1761363636363635
0022400980,134,26,7,64,9,2,0.7247596153846154,0.9629629629629631,0.6979166666666667
0022400981,148,22,7,59,10,3,1.140215716486903,0.9862068965517242,1.124488603156049
0022400982,125,29,10,74,11,1,0.6407269338303822,0.8111888111888111,0.5197505197505198
0022400983,150,24,6,60,10,4,1.0416666666666665,1.1199999999999999,1.1666666666666665
0022400984,151,16,5,43,6,1,1.316860465116279,0.888888888888889,1.1705426356589148
0022400985,145,29,9,76,13,4,0.8552631578947368,0.9979757085020243,0.8535318559556786
0022400986,156,31,7,75,8,1,0.5367741935483872,0.9177631578947368,0.4926315789473684
0022400987,146,21,8,55,10,2,1.2640692640692641,0.8689655172413793,1.0984326018808777
0022400988,142,21,6,49,6,0,0.8279883381924198,0.7777777777777779,0.6439909297052154
0022400989,154,21,6,59,10,4,1.2429378531073447,1.088888888888889,1.3534212178279974
0022400990,145,22,10,62,12,2,1.2756598240469208,0.8020833333333334,1.0231854838709677
0022400991,131,24,6,61,8,2,0.7158469945355191,1.0,0.7158469945355191
0022400992,141,27,7,67,10,3,0.7794361525704808,1.0323529411764707,0.8046532045654083
0022400993,137,27,4,61,5,1,0.41590771098967816,1.0451612903225806,0.43469063987308304
0022400994,132,22,6,55,7,1,0.7636363636363636,0.8979591836734694,0.6857142857142856
0022400995,160,17,5,41,6,1,1.3773314203730271,0.9015151515151515,1.2416851441241685
0022400996,134,19,9,62,14,5,1.5925297113752122,0.9209183673469389,1.4665898617511521
0022400997,118,25,11,73,17,6,1.0991780821917807,0.9395424836601308,1.032724505327245
0022400998,135,28,9,78,17,8,1.0508241758241759,1.1128775834658189,1.1694386694386696
0022400999,137,22,7,59,12,5,1.2665639445300463,1.074712643678161,1.3611922852133256
0022401000,144,25,4,57,4,0,0.40421052631578946,0.8620689655172414,0.3484573502722323
0022401001,123,28,9,74,12,3,0.7123552123552124,0.9459459459459459,0.6738495252008765
0022401002,150,21,4,49,5,1,0.7288629737609329,1.008,0.7346938775510204
0022401003,131,22,7,62,10,3,0.9604105571847507,0.9862068965517242,0.9471635150166852
0022401004,144,32,6,75,8,2,0.48000000000000004,1.0526315789473684,0.5052631578947369
0022401005,145,23,7,64,12,5,1.1820652173913042,1.0861111111111112,1.2838541666666667
0022401006,149,24,6,57,7,1,0.7624269005847953,0.9142857142857143,0.6970760233918128
0022401007,154,18,8,49,10,2,1.746031746031746,0.8307692307692307,1.4505494505494505
0022401008,149,22,6,54,6,0,0.7525252525252525,0.7857142857142857,0.5912698412698412
0022401009,141,21,7,55,9,2,1.0987012987012987,0.9166666666666667,1.0071428571428571
0022401010,135,21,8,60,12,4,1.2857142857142858,0.9655172413793103,1.2413793103448276
0022401011,151,23,6,69,14,8,1.3320730938878387,1.2463054187192117,1.6601699150424785
0022401012,130,25,8,64,9,1,0.73125,0.8417508417508417,0.6155303030303031
0022401013,131,24,10,67,13,3,1.0590796019900497,0.8687782805429864,0.9201053555750659
0022401014,149,23,4,52,4,0,0.49832775919732447,0.851851851851852,0.42450142450142453
0022401015,141,19,4,50,7,3,1.0389473684210526,1.1801242236024845,1.2260869565217392
0022401016,137,24,6,62,9,3,0.8286290322580645,1.0666666666666667,0.8838709677419354
0022401017,149,18,6,46,7,1,1.2596618357487923,0.8571428571428571,1.0797101449275364
0022401018,155,21,5,52,7,2,0.9935897435897435,1.0384615384615383,1.0318047337278105
0022401019,145,24,5,63,10,5,0.958994708994709,1.2413793103448276,1.1904761904761902
0022401020,143,18,6,51,10,4,1.557734204793028,1.05,1.63562091503268
0022401021,144,20,7,50,7,0,1.008,0.7407407407407407,0.7466666666666667
0022401022,126,30,5,69,7,2,0.42608695652173917,1.1020408163265305,0.4695652173913043
0022401023,146,23,7,54,7,0,0.822866344605475,0.7666666666666666,0.6308641975308642
0022401024,137,25,8,67,10,2,0.8179104477611939,0.9090909090909091,0.7435549525101763
0022401025,147,22,8,55,10,2,1.2148760330578512,0.8799999999999999,1.069090909090909
0022401026,143,25,5,67,10,5,0.853731343283582,1.25,1.0671641791044777
0022401027,124,24,4,60,7,3,0.6027777777777779,1.2244897959183674,0.738095238095238
0022401028,156,26,3,55,3,0,0.32727272727272727,0.896551724137931,0.2934169278996865
0022401029,129,29,4,70,9,5,0.5719211822660097,1.367003367003367,0.7818181818181819
0022401030,132,25,7,70,12,5,0.9051428571428571,1.1067708333333333,1.0017857142857143
0022401031,125,29,9,75,12,3,0.689655172413793,0.9539473684210527,0.6578947368421053
0022401032,145,20,5,47,6,1,0.925531914893617,0.9333333333333333,0.8638297872340425
0022401033,151,21,7,57,10,3,1.2614870509607352,0.9750000000000001,1.2299498746867168
0022401034,140,20,3,46,4,1,0.6086956521739131,1.0869565217391306,0.6616257088846881
0022401035,127,22,7,60,14,7,1.346969696969697,1.1379310344827587,1.532758620689655
0022401036,131,27,9,64,9,0,0.6822916666666666,0.75,0.51171875
0022401037,168,16,5,41,6,1,1.5365853658536586,0.888888888888889,1.3658536585365855
0022401038,120,26,4,63,8,4,0.586080586080586,1.3,0.7619047619047619
0022401039,147,28,7,67,10,3,0.7835820895522387,1.04,0.8149253731343284
0022401040,144,21,3,47,4,1,0.5835866261398176,1.09375,0.6382978723404256
0022401041,133,22,6,59,10,4,1.024653312788906,1.0999999999999999,1.1271186440677967
0022401042,146,22,8,57,9,1,1.0478468899521531,0.8148148148148148,0.8538011695906432
0022401043,120,23,9,65,13,4,1.0434782608695652,0.9399038461538461,0.9807692307692308
0022401044,139,25,5,59,5,0,0.4711864406779661,0.8333333333333334,0.3926553672316384
0022401045,125,26,7,66,9,2,0.6555944055944056,0.9629629629629631,0.6313131313131313
0022401046,126,22,7,62,14,7,1.2932551319648093,1.1379310344827587,1.471635150166852
0022401047,136,19,6,48,6,0,0.8947368421052632,0.7599999999999999,0.6799999999999999
0022401048,154,23,4,51,4,0,0.525149190110827,0.851851851851852,0.4473493100944081
0022401049,137,22,9,69,15,6,1.3537549407114624,0.9935483870967741,1.3450210378681628
0022401050,133,23,8,61,13,5,1.2323592302209552,1.0272952853598014,1.2659968270756214
0022401051,137,21,9,57,9,0,1.0300751879699248,0.7,0.7210526315789473
0022401052,153,22,5,49,5,0,0.7096474953617812,0.8148148148148148,0.5782312925170068
0022401053,148,19,6,47,7,1,1.16013437849944,0.8685714285714284,1.0076595744680852
0022401054,142,22,11,67,17,6,1.6377204884667573,0.9019607843137255,1.4771596562641338
0022401055,130,24,10,63,12,2,1.0317460317460316,0.8235294117647058,0.849673202614379
0022401056,127,27,4,60,5,1,0.3919753086419753,1.0451612903225806,0.4096774193548387
0022401057,156,18,4,44,5,1,0.9848484848484848,0.9818181818181817,0.9669421487603305
0022401058,131,23,9,63,10,1,0.9040717736369911,0.7906250000000001,0.714781746031746
0022401059,146,25,6,59,7,1,0.6928813559322035,0.9216589861751152,0.6386003280481137
0022401060,135,24,6,60,7,1,0.65625,0.9142857142857143,0.6
0022401061,153,20,8,54,9,1,1.275,0.7936507936507937,1.0119047619047619
0022401062,160,17,4,38,4,0,0.9907120743034056,0.8095238095238095,0.8020050125313283
0022401063,157,21,6,53,8,2,1.12848158131177,0.9722222222222223,1.0971348707197766
0022401064,146,26,5,64,9,4,0.7896634615384616,1.211469534050179,0.9566532258064516
0022401065,137,23,5,58,8,3,0.8215892053973014,1.1294642857142856,0.9279556650246304
0022401066,130,22,11,65,14,3,1.2727272727272727,0.8095238095238094,1.0303030303030305
0022401067,122,27,11,83,21,10,1.143239625167336,1.0488721804511278,1.1991122384273938
0022401068,130,27,10,74,12,2,0.7807807807807807,0.8513513513513515,0.664718772826881
0022401069,152,20,5,46,5,0,0.8260869565217391,0.8,0.6608695652173913
0022401070,141,24,3,52,3,0,0.3389423076923077,0.8888888888888888,0.3012820512820513
0022401071,139,22,5,53,7,2,0.8344768439108062,1.0476190476190474,0.8742138364779873
0022401072,118,29,8,73,13,5,0.7246102975909305,1.0852390852390852,0.7863754165124027
0022401073,148,23,6,60,9,3,0.9652173913043478,1.057471264367816,1.0206896551724138
0022401074,138,23,7,59,9,2,0.9152542372881357,0.9370370370370371,0.8576271186440678
0022401075,133,27,7,63,7,0,0.5473251028806584,0.7941176470588235,0.434640522875817
0022401076,143,18,5,44,7,2,1.2638888888888888,1.0062111801242235,1.2717391304347827
0022401077,161,26,5,59,6,1,0.6297262059973925,0.9784946236559141,0.6161837069436851
0022401078,138,27,10,70,13,3,0.9492063492063492,0.8981288981288983,0.8525096525096524
0022401079,151,25,5,59,7,2,0.7166101694915253,1.0714285714285714,0.7677966101694916
0022401080,134,20,5,57,12,7,1.4105263157894736,1.2666666666666668,1.7866666666666664
0022401081,154,24,7,58,8,1,0.8850574712643678,0.8709677419354839,0.7708565072302558
0022401082,143,20,5,47,5,0,0.7606382978723404,0.8,0.6085106382978723
0022401083,128,29,10,83,18,8,0.9572081429164936,1.074074074074074,1.028112449799197
0022401084,120,25,7,75,17,10,1.0879999999999999,1.240808823529412,1.3499999999999999
0022401085,152,18,9,57,14,5,2.074074074074074,0.9047619047619048,1.876543209876543
0022401086,153,22,7,58,9,2,1.079153605015674,0.9272030651340998,1.0005945303210464
0022401087,173,19,5,45,5,0,1.0116959064327484,0.7916666666666667,0.8009259259259259
0022401088,146,25,8,64,10,2,0.9125000000000001,0.9090909090909091,0.8295454545454546
0022401089,152,18,5,40,5,0,1.0555555555555556,0.782608695652174,0.8260869565217391
0022401090,153,20,5,51,8,3,1.2,1.1,1.32
0022401091,131,21,8,58,11,3,1.1830870279146142,0.9216300940438872,1.0903686087990487
0022401092,161,20,8,54,10,2,1.4907407407407407,0.8571428571428572,1.2777777777777777
0022401093,156,22,3,50,4,1,0.5672727272727273,1.1,0.624
0022401094,179,20,5,49,6,1,1.0959183673469388,0.9333333333333333,1.022857142857143
0022401095,126,27,6,67,9,3,0.6268656716417911,1.0909090909090908,0.6838534599728628
0022401096,146,23,5,54,6,1,0.7053140096618358,0.9583333333333334,0.6759259259259259
0022401097,154,27,9,69,10,1,0.8266237251744498,0.8250000000000001,0.681964573268921
0022401098,136,23,8,60,11,3,1.0840579710144926,0.9442815249266862,1.0236559139784946
0022401099,162,18,7,47,9,2,1.723404255319149,0.8800000000000001,1.5165957446808511
0022401100,145,28,8,70,11,3,0.8137755102040817,0.98989898989899,0.8055555555555556
0022401101,137,23,5,59,8,3,0.8076639646278556,1.1294642857142856,0.912227602905569
0022401102,146,31,10,84,17,7,0.9531490015360984,1.067431850789096,1.0174216027874563
0022401103,135,20,9,59,14,5,1.6016949152542375,0.935960591133005,1.499123319696084
0022401104,142,18,7,50,9,2,1.42,0.8800000000000001,1.2496
0022401105,141,20,9,60,15,6,1.7625,0.9655172413793103,1.7017241379310344
0022401106,123,21,5,52,7,2,0.7884615384615383,1.0384615384615383,0.8187869822485206
0022401107,151,24,4,56,6,2,0.6741071428571428,1.1428571428571428,0.770408163265306
0022401108,136,24,7,71,16,9,1.2769953051643192,1.2096774193548387,1.5447523852794183
0022401109,151,23,6,58,9,3,1.0187406296851576,1.057471264367816,1.0772889417360285
0022401110,163,20,4,49,6,2,0.9979591836734694,1.1111111111111112,1.1088435374149659
0022401111,147,21,4,47,4,0,0.5957446808510638,0.84,0.5004255319148936
0022401112,126,19,7,54,10,3,1.2280701754385965,0.95,1.1666666666666667
0022401113,136,20,7,50,7,0,0.9520000000000001,0.7407407407407407,0.7051851851851852
0022401114,139,25,6,59,7,1,0.6596610169491526,0.9216589861751152,0.6079825041006014
0022401115,137,19,9,57,12,3,1.518005540166205,0.8482142857142858,1.2875939849624058
0022401116,149,23,6,55,8,2,0.9422924901185771,0.9913793103448275,0.9341692789968652
0022401117,122,26,6,65,12,6,0.8662721893491125,1.21875,1.0557692307692308
0022401118,124,23,12,71,16,4,1.2149418248622168,0.8214285714285714,0.9979879275653923
0022401119,137,25,11,69,13,2,1.032463768115942,0.8012820512820512,0.8272946859903381
0022401120,145,18,4,44,6,2,1.0984848484848484,1.0909090909090908,1.1983471074380165
0022401121,142,22,10,63,14,4,1.4343434343434345,0.8839285714285713,1.2678571428571428
0022401122,155,26,6,62,7,1,0.673076923076923,0.9285714285714285,0.625
0022401123,145,25,8,61,8,0,0.760655737704918,0.7575757575757576,0.5762543467461501
0022401124,159,22,2,46,2,0,0.3142292490118577,0.9166666666666667,0.28804347826086957
0022401125,145,22,4,51,5,1,0.6461675579322638,1.0153846153846153,0.6561085972850679
0022401126,131,21,10,60,14,4,1.4555555555555557,0.8709677419354838,1.2677419354838708
0022401127,137,21,8,64,13,5,1.3251488095238095,1.0026525198938991,1.3286637931034484
0022401128,141,24,4,55,6,2,0.6409090909090909,1.1428571428571428,0.7324675324675324
0022401129,144,23,9,65,12,3,1.1558528428093646,0.8984375,1.0384615384615385
0022401130,129,19,9,63,17,8,1.8320802005012529,0.9978991596638657,1.8282312925170068
0022401131,151,25,8,62,9,1,0.876774193548387,0.8417508417508417,0.7380254154447703
0022401132,138,24,8,67,14,6,1.2014925373134329,1.0714285714285716,1.2873134328358207
0022401133,136,24,12,74,17,5,1.3018018018018018,0.8627450980392157,1.1231231231231231
0022401134,163,22,9,60,11,2,1.3583333333333332,0.8387096774193549,1.139247311827957
0022401135,140,21,3,52,6,3,0.7692307692307693,1.3125,1.0096153846153846
0022401136,147,22,9,58,12,3,1.3824451410658307,0.8870967741935484,1.2263626251390434
0022401137,149,15,3,34,3,0,0.8764705882352942,0.8333333333333334,0.7303921568627451
0022401138,147,19,6,51,9,3,1.3653250773993808,1.0133333333333332,1.383529411764706
0022401139,156,23,6,58,11,5,1.2863568215892054,1.1536050156739812,1.4839476813317478
0022401140,125,24,6,65,10,4,0.8012820512820513,1.1199999999999999,0.8974358974358975
0022401141,126,21,10,59,13,3,1.3220338983050848,0.8337468982630273,1.102241662110443
0022401142,152,27,5,60,5,0,0.4691358024691358,0.84375,0.3958333333333333
0022401143,154,18,5,45,5,0,0.9506172839506173,0.782608695652174,0.7439613526570048
0022401144,127,23,9,63,15,6,1.3146997929606623,1.0062499999999999,1.3229166666666665
0022401145,149,20,3,47,6,3,0.9510638297872339,1.3043478260869565,1.240518038852914
0022401146,140,23,5,60,9,4,0.9130434782608695,1.1865079365079365,1.0833333333333333
0022401147,152,22,5,55,7,2,0.8793388429752065,1.0476190476190474,0.9212121212121213
0022401148,121,24,6,72,15,9,1.0503472222222223,1.28,1.3444444444444443
0022401149,121,31,6,75,11,5,0.5724731182795699,1.2186732186732188,0.6976576576576577
0022401150,135,26,11,71,13,2,0.9507042253521127,0.8108108108108107,0.7708412637990102
0022401151,145,23,8,63,12,4,1.2008281573498962,0.9892473118279569,1.1879160266257038
0022401152,140,19,4,49,7,3,1.0526315789473684,1.1801242236024845,1.2422360248447206
0022401153,134,25,7,67,12,5,0.9599999999999999,1.1067708333333333,1.0625
0022401154,154,19,6,51,9,3,1.4303405572755419,1.0133333333333332,1.4494117647058824
0022401155,150,18,7,52,10,3,1.6025641025641026,0.936,1.5
0022401156,155,13,1,27,1,0,0.44159544159544156,0.9285714285714286,0.41005291005291006
0022401157,139,24,7,71,14,7,1.1420187793427228,1.161290322580645,1.3262153566560655
0022401158,163,16,7,43,8,1,1.8953488372093024,0.782608695652174,1.4833164812942368
0022401159,134,24,5,56,5,0,0.4985119047619048,0.8275862068965518,0.4125615763546798
0022401160,169,15,5,38,6,1,1.7789473684210526,0.8750000000000001,1.556578947368421
0022401161,152,24,9,63,10,1,1.0052910052910053,0.8,0.8042328042328042
0022401162,161,28,11,75,13,2,0.9966666666666667,0.8284023668639053,0.8256410256410256
0022401163,116,27,8,74,13,5,0.7547547547547548,1.0681318681318681,0.8061776061776063
0022401164,144,24,7,61,9,2,0.8852459016393442,0.946236559139785,0.8376520359598096
0022401165,126,24,8,63,10,2,0.8333333333333334,0.9,0.75
0022401166,157,19,3,43,4,1,0.7686658506731946,1.0795454545454546,0.8298097251585623
0022401167,126,23,8,65,14,6,1.1799331103678932,1.0599078341013826,1.250620347394541
0022401168,146,22,6,55,8,2,0.9652892561983472,0.9821428571428572,0.9480519480519481
0022401169,146,29,8,71,11,3,0.7799902865468674,0.9975429975429975,0.7780738484963836
0022401170,142,26,6,64,8,2,0.6826923076923077,1.015625,0.693359375
0022401171,141,24,6,60,10,4,0.9791666666666666,1.1199999999999999,1.0966666666666667
0022401172,142,27,8,71,12,4,0.8888888888888888,1.0285714285714285,0.9142857142857143
0022401173,153,22,3,50,5,2,0.6954545454545455,1.232,0.8568000000000001
0022401174,158,19,4,43,4,0,0.773561811505508,0.8260869565217391,0.6390293225480284
0022401175,129,26,6,60,6,0,0.49615384615384617,0.8125,0.403125
0022401176,157,17,7,50,10,3,1.8470588235294119,0.9208333333333335,1.7008333333333334
0022401177,164,17,9,50,11,2,2.1223529411764708,0.7727272727272728,1.6400000000000001
0022401178,163,19,6,47,7,1,1.2777155655095185,0.8685714285714284,1.1097872340425532
0022401179,120,21,9,65,15,6,1.3186813186813189,0.9799999999999999,1.2923076923076924
0022401180,138,28,8,70,9,1,0.633673469387755,0.8641975308641977,0.5476190476190476
0022401181,167,23,2,50,3,1,0.43565217391304345,1.2266666666666666,0.5344000000000001
0022401182,169,14,1,29,1,0,0.4162561576354679,0.9333333333333333,0.3885057471264368
0022401183,145,26,6,62,8,2,0.7196029776674938,1.015625,0.7308467741935484
0022401184,138,16,6,48,11,5,1.9765625,1.0578512396694215,2.090909090909091
0022401185,154,26,4,58,5,1,0.5106100795755969,1.04,0.5310344827586206
0022401186,164,17,2,36,2,0,0.5359477124183006,0.8947368421052632,0.47953216374269003
0022401187,130,19,7,53,9,2,1.1618669314796424,0.8931623931623932,1.0377358490566038
0022401188,129,26,9,68,12,3,0.8755656108597286,0.9285714285714285,0.8130252100840336
0022401189,180,31,7,72,7,0,0.5645161290322581,0.8157894736842105,0.4605263157894737
0022401190,160,18,6,45,7,1,1.382716049382716,0.8571428571428571,1.1851851851851853
0022401191,160,23,5,55,6,1,0.7588932806324111,0.9583333333333334,0.7272727272727273
0022401192,158,24,7,61,9,2,0.971311475409836,0.946236559139785,0.9190904283447912
0022401193,133,24,8,67,12,4,0.9925373134328358,1.0,0.9925373134328359
0022401194,159,19,5,50,7,2,1.171578947368421,1.0178571428571428,1.1925
0022401195,147,19,5,49,7,2,1.1052631578947367,1.0178571428571428,1.1250000000000002
0022401196,138,21,13,66,19,6,1.8917748917748918,0.8126934984520124,1.5374331550802138
0022401197,149,24,6,61,9,3,0.9159836065573771,1.0666666666666667,0.9770491803278689
0022401198,132,28,7,69,8,1,0.546583850931677,0.9,0.4919254658385093
0022401199,130,20,7,54,9,2,1.0833333333333333,0.9053497942386831,0.98079561042524
0022401200,153,14,1,29,1,0,0.37684729064039413,0.9333333333333333,0.35172413793103446
0022401201,139,22,8,60,11,3,1.1583333333333334,0.9333333333333332,1.0811111111111111
0022401202,156,20,4,46,5,1,0.8478260869565218,1.0,0.8478260869565216
0022401203,155,21,4,47,4,0,0.6281661600810536,0.84,0.5276595744680851
0022401204,143,17,6,43,7,1,1.369357045143639,0.8447204968944099,1.1567239635995956
0022401205,165,15,4,38,5,1,1.4473684210526314,0.9473684210526316,1.3711911357340718
0022401206,144,23,8,59,8,0,0.8489314664701548,0.7419354838709677,0.6298523783488245
0022401207,135,22,11,64,15,4,1.438210227272727,0.8444444444444444,1.2144886363636365
0022401208,132,27,7,68,9,2,0.6470588235294117,0.9705882352941176,0.6280276816608997
0022401209,141,21,8,58,13,5,1.5049261083743843,1.0026525198938991,1.5089179548156957
0022401210,145,22,4,55,7,3,0.8388429752066114,1.2087912087912087,1.013986013986014
0022401211,147,25,8,65,10,2,0.9046153846153847,0.9090909090909091,0.8223776223776225
0022401212,143,27,8,67,9,1,0.7114427860696517,0.8571428571428572,0.6098081023454157
0022401213,145,28,8,69,9,1,0.6754658385093167,0.8641975308641977,0.5837359098228664
0022401214,138,23,5,54,7,2,0.7777777777777778,1.0561224489795917,0.8214285714285713
0022401215,139,23,6,56,8,2,0.8633540372670807,0.9913793103448275,0.8559113300492611
0022401216,137,23,9,66,12,3,1.0830039525691701,0.8984375,0.9730113636363636
0022401217,149,24,6,58,7,1,0.7492816091954024,0.9142857142857143,0.6850574712643679
0022401218,156,18,5,45,7,2,1.348148148148148,1.0062111801242235,1.3565217391304347
0022401219,141,26,3,56,3,0,0.29052197802197804,0.896551724137931,0.2604679802955665
0022401220,131,32,9,89,17,8,0.7819522471910112,1.1477761836441895,0.8975061660728967
0022401221,162,28,8,70,10,2,0.826530612244898,0.9333333333333333,0.7714285714285715
0022401222,140,20,9,67,18,9,1.8805970149253732,1.0344827586206897,1.9454451878538341
0022401223,144,27,11,75,14,3,0.9955555555555556,0.862781954887218,0.8589473684210526
0022401224,118,29,9,78,14,5,0.7303271441202476,1.0357142857142858,0.7564102564102565
0022401225,152,27,7,69,10,3,0.8158883521202362,1.0323529411764707,0.8422847399829497
0022401226,146,23,8,64,13,5,1.2894021739130435,1.0272952853598014,1.3245967741935485
0022401227,127,24,8,61,9,1,0.7807377049180327,0.8333333333333334,0.6506147540983607
0022401228,148,23,4,55,5,1,0.5849802371541503,1.0222222222222224,0.597979797979798
0022401229,139,26,9,72,14,5,1.0395299145299146,1.0081632653061223,1.048015873015873
0022401230,118,30,10,80,15,5,0.7375,1.0,0.7375
