game_id,n0,f0,c0,n1,f1,c1,immediate,continuation,WMI
0022400001,63,8,4,138,17,13,0.9701086956521741,1.1764705882352942,1.141304347826087
0022400002,35,7,6,180,31,25,0.861111111111111,0.9727047146401985,0.8376068376068376
0022400003,23,8,5,179,23,18,0.36941340782122906,1.0969899665551839,0.4052428018908466
0022400004,40,8,6,161,22,16,0.6832298136645962,0.987012987012987,0.6743566992014197
0022400005,57,7,6,142,18,12,1.0321931589537223,0.8974358974358974,0.9263271939328278
0022400006,48,7,6,143,19,13,0.911088911088911,0.9068825910931173,0.8262506724045187
0022400007,21,5,4,188,31,27,0.6925531914893617,1.039426523297491,0.7198581560283689
0022400008,26,3,2,178,34,32,1.6554307116104867,1.1647058823529413,1.9280898876404495
0022400009,59,6,5,144,19,14,1.2974537037037037,0.9473684210526315,1.2291666666666665
0022400010,22,5,4,165,30,26,0.8,1.037037037037037,0.8296296296296296
0022400011,67,6,4,139,20,16,1.6067146282973621,1.08,1.7352517985611513
0022400012,62,9,7,163,25,18,1.056578050443081,0.9675,1.022239263803681
0022400013,34,3,3,185,31,28,1.899099099099099,0.9516129032258065,1.8072072072072072
0022400014,34,5,5,166,33,28,1.3518072289156626,0.9242424242424243,1.2493975903614458
0022400015,51,6,4,145,22,18,1.289655172413793,1.090909090909091,1.4068965517241379
0022400016,29,6,5,182,28,23,0.7435897435897436,0.9935064935064934,0.7387612387612388
0022400017,33,7,5,155,21,16,0.6387096774193549,1.0277777777777777,0.6564516129032257
0022400018,40,5,4,155,33,29,1.7032258064516128,1.043771043771044,1.777777777777778
0022400019,49,6,5,174,33,28,1.5488505747126435,1.0082644628099173,1.5616509926854756
0022400020,40,7,6,176,26,20,0.8441558441558442,0.9526627218934911,0.8041958041958042
0022400021,37,8,7,156,21,14,0.6225961538461537,0.8888888888888888,0.5534188034188035
0022400022,44,6,5,153,24,19,1.150326797385621,0.9772727272727271,1.1241830065359477
0022400023,34,4,4,192,40,36,1.7708333333333335,0.95,1.6822916666666665
0022400024,36,6,6,169,28,22,0.9940828402366865,0.8928571428571428,0.8875739644970415
0022400025,52,5,3,149,23,20,1.6053691275167785,1.168478260869565,1.8758389261744968
0022400026,18,2,2,182,35,33,1.730769230769231,0.9714285714285714,1.6813186813186813
0022400027,31,9,6,155,20,14,0.4444444444444444,1.02,0.4533333333333333
0022400028,34,6,6,174,33,27,1.0747126436781609,0.9090909090909092,0.9770114942528736
0022400029,51,7,4,163,26,22,1.1621384750219104,1.174825174825175,1.3653095370886783
0022400030,42,7,5,176,24,19,0.8181818181818181,1.0451388888888886,0.8551136363636365
0022400031,43,3,2,163,32,30,2.8139059304703475,1.1625,3.2711656441717794
0022400032,26,7,6,176,31,25,0.6542207792207793,0.9727047146401985,0.6363636363636364
0022400033,46,7,4,157,30,26,1.2556869881710646,1.187878787878788,1.49160393746381
0022400034,54,7,6,147,23,17,1.206997084548105,0.9364548494983277,1.130298273155416
0022400035,35,4,2,182,34,32,1.6346153846153846,1.2941176470588236,2.1153846153846154
0022400036,35,5,4,145,24,20,1.1586206896551725,1.0185185185185186,1.1800766283524906
0022400037,49,9,6,167,23,17,0.7498336660013306,1.0434782608695652,0.782435129740519
0022400038,36,6,6,166,28,22,1.0120481927710843,0.8928571428571428,0.9036144578313254
0022400039,71,5,4,135,22,18,2.314074074074074,1.0101010101010102,2.337448559670782
0022400040,62,7,6,126,22,16,1.546485260770975,0.93006993006993,1.4383394383394381
0022400041,35,7,6,173,29,23,0.838150289017341,0.9655172413793103,0.8092485549132948
0022400042,40,5,4,169,30,26,1.4201183431952662,1.037037037037037,1.472715318869165
0022400043,41,6,5,158,25,20,1.0812236286919832,0.9818181818181818,1.0615650172612199
0022400044,23,6,4,166,21,17,0.48493975903614456,1.0857142857142859,0.5265060240963856
0022400045,31,9,7,175,20,13,0.3936507936507936,0.928125,0.3653571428571429
0022400046,52,5,5,141,25,20,1.8439716312056738,0.9,1.6595744680851063
0022400047,65,6,4,146,23,19,1.7066210045662098,1.0956521739130436,1.8698630136986298
0022400048,31,7,7,156,22,15,0.6245421245421245,0.8409090909090908,0.5251831501831502
0022400049,44,4,3,153,27,24,1.9411764705882353,1.0793650793650793,2.0952380952380953
0022400050,36,5,4,153,30,26,1.4117647058823528,1.037037037037037,1.4640522875816993
0022400051,42,5,5,167,32,27,1.6095808383233534,0.921875,1.4838323353293414
0022400052,34,7,5,171,27,22,0.7669172932330827,1.058641975308642,0.8118908382066276
0022400053,32,6,6,174,31,25,0.9501915708812261,0.9032258064516129,0.8582375478927203
0022400054,25,7,4,191,33,29,0.6170531039640986,1.1955922865013775,0.737743931461209
0022400055,46,9,5,149,23,18,0.7889634601043997,1.1459627329192545,0.9041227229146691
0022400056,17,5,5,199,35,30,0.5979899497487438,0.9285714285714286,0.5552763819095478
0022400057,34,7,3,166,23,20,0.6729776247848538,1.3086956521739128,0.880722891566265
0022400058,36,5,5,180,31,26,1.24,0.9193548387096775,1.14
0022400059,23,3,3,168,31,28,1.4146825396825398,0.9516129032258065,1.3462301587301586
0022400060,38,9,8,150,18,10,0.5066666666666667,0.823529411764706,0.41725490196078435
0022400061,49,7,5,135,18,13,0.9333333333333333,1.0046296296296295,0.9376543209876543
0022400062,17,5,3,174,32,29,0.6252873563218391,1.19140625,0.7449712643678161
0022400063,30,6,5,173,31,26,0.8959537572254335,1.002932551319648,0.8985811875985287
0022400064,12,4,4,198,43,39,0.6515151515151516,0.9534883720930232,0.6212121212121212
0022400065,27,7,7,172,30,23,0.6727574750830565,0.8833333333333333,0.5942691029900332
0022400066,22,6,4,181,37,33,0.7495395948434623,1.1351351351351353,0.850828729281768
0022400067,18,4,4,187,36,32,0.8663101604278075,0.9444444444444444,0.8181818181818182
0022400068,18,6,6,176,31,25,0.5284090909090909,0.9032258064516129,0.4772727272727273
0022400069,37,8,5,180,22,17,0.5652777777777778,1.0909090909090908,0.6166666666666667
0022400070,18,4,4,192,48,44,1.125,0.9583333333333333,1.078125
0022400071,59,7,7,171,37,30,1.8237259816207183,0.9054054054054055,1.6512113617376774
0022400072,11,4,4,208,37,33,0.4891826923076923,0.9459459459459459,0.46274038461538464
0022400073,43,7,7,165,26,19,0.9679653679653678,0.8653846153846154,0.8376623376623376
0022400074,46,6,6,166,30,24,1.385542168674699,0.9,1.2469879518072289
0022400075,26,8,5,176,18,13,0.33238636363636365,1.0598290598290598,0.3522727272727273
0022400076,23,6,6,183,30,24,0.628415300546448,0.9,0.5655737704918032
0022400077,6,2,2,193,41,39,0.6373056994818653,0.975609756097561,0.6217616580310881
0022400078,12,3,3,193,57,54,1.1813471502590673,0.9736842105263157,1.150259067357513
0022400079,32,6,5,177,41,36,1.2354048964218456,1.0243902439024388,1.2655367231638417
0022400080,47,5,4,153,27,23,1.6588235294117648,1.02880658436214,1.7066085693536674
0022400081,20,5,4,177,31,27,0.7005649717514124,1.039426523297491,0.7281858129315756
0022400082,7,2,2,211,48,46,0.7962085308056872,0.9791666666666667,0.7796208530805687
0022400083,42,7,5,175,22,17,0.7542857142857143,1.034090909090909,0.78
0022400084,29,5,4,179,26,22,0.8424581005586592,1.0256410256410258,0.8640595903165735
0022400085,28,7,7,177,32,25,0.7231638418079096,0.890625,0.6440677966101694
0022400086,35,7,5,169,28,23,0.8284023668639053,1.0625,0.8801775147928994
0022400087,26,6,6,168,30,24,0.7738095238095238,0.9,0.6964285714285714
0022400088,11,6,4,188,30,26,0.29255319148936176,1.12,0.3276595744680851
0022400089,43,6,5,154,27,22,1.2564935064935066,0.9898989898989898,1.243801652892562
0022400090,21,6,5,192,41,36,0.7473958333333334,1.0243902439024388,0.765625
0022400091,42,6,5,190,29,24,1.068421052631579,0.9968652037617554,1.0650717703349282
0022400092,27,5,5,185,34,29,0.9924324324324325,0.9264705882352942,0.9194594594594596
0022400093,32,7,4,169,24,20,0.6491969568892646,1.1666666666666667,0.757396449704142
0022400094,21,3,3,172,36,33,1.4651162790697676,0.9583333333333333,1.4040697674418605
0022400095,21,5,5,176,33,28,0.7875000000000001,0.9242424242424243,0.7278409090909091
0022400096,57,6,5,157,28,23,1.694267515923567,0.9935064935064934,1.68326577880718
0022400097,29,8,8,188,32,24,0.6170212765957447,0.875,0.5398936170212766
0022400098,23,6,5,176,31,26,0.675189393939394,1.002932551319648,0.6771694214876033
0022400099,26,6,5,170,32,27,0.8156862745098039,1.0056818181818181,0.8203208556149733
0022400100,34,4,3,171,33,30,1.6403508771929824,1.090909090909091,1.7894736842105263
0022400101,36,7,5,172,29,24,0.8671096345514949,1.0660919540229883,0.9244186046511628
0022400102,31,5,3,172,41,38,1.4779069767441861,1.2042682926829267,1.7797965116279069
0022400103,30,7,5,183,34,29,0.7962529274004684,1.0808823529411764,0.860655737704918
0022400104,36,6,5,169,27,22,0.9585798816568049,0.9898989898989898,0.9488972565895641
0022400105,33,7,4,162,21,17,0.611111111111111,1.1515151515151516,0.7037037037037037
0022400106,38,7,6,159,25,19,0.8535489667565139,0.9476923076923076,0.8089017900338654
0022400107,38,6,6,191,33,27,1.094240837696335,0.9090909090909092,0.9947643979057592
0022400108,57,7,6,154,23,17,1.2161410018552876,0.9364548494983277,1.1388611388611387
0022400109,19,4,3,170,33,30,0.9220588235294118,1.090909090909091,1.0058823529411767
0022400110,27,6,5,175,28,23,0.7200000000000001,0.9935064935064934,0.7153246753246754
0022400111,35,3,3,160,32,29,2.3333333333333335,0.953125,2.223958333333333
0022400112,26,5,4,174,37,33,1.1057471264367815,1.0510510510510511,1.1621966794380587
0022400113,9,4,3,203,45,42,0.49876847290640397,1.1047619047619048,0.5510204081632653
0022400114,26,6,4,170,30,26,0.7647058823529412,1.12,0.8564705882352941
0022400115,54,7,5,142,22,17,1.1951710261569417,1.034090909090909,1.2359154929577467
0022400116,49,4,3,146,24,21,2.0136986301369864,1.0714285714285714,2.157534246575343
0022400117,29,8,8,179,31,23,0.6277932960893855,0.8709677419354839,0.5467877094972068
0022400118,56,6,4,157,24,20,1.426751592356688,1.1,1.5694267515923566
0022400119,53,9,7,188,29,22,0.9083924349881797,0.9892241379310345,0.8986037234042553
0022400120,25,4,4,160,31,27,1.2109375,0.935483870967742,1.1328125
0022400121,48,4,4,167,30,26,2.155688622754491,0.9333333333333333,2.0119760479041915
0022400122,47,8,7,145,21,14,0.8508620689655173,0.8888888888888888,0.7563218390804598
0022400123,43,4,4,161,28,24,1.8695652173913042,0.9285714285714286,1.736024844720497
0022400124,34,5,5,168,30,25,1.2142857142857142,0.9166666666666667,1.1130952380952381
0022400125,66,10,3,135,7,4,0.3422222222222222,1.2087912087912087,0.4136752136752137
0022400126,39,4,4,149,27,23,1.766778523489933,0.9259259259259259,1.6359060402684564
0022400127,26,3,3,165,29,26,1.523232323232323,0.9482758620689655,1.4444444444444442
0022400128,25,5,5,182,37,32,1.0164835164835164,0.9324324324324325,0.9478021978021978
0022400129,16,5,5,173,33,28,0.6104046242774566,0.9242424242424243,0.5641618497109826
0022400130,41,7,6,162,26,20,0.9400352733686066,0.9526627218934911,0.8955365622032289
0022400131,37,5,4,165,33,29,1.48,1.043771043771044,1.5447811447811446
0022400132,37,4,4,161,28,24,1.6086956521739129,0.9285714285714286,1.4937888198757763
0022400133,42,6,4,164,29,25,1.2378048780487805,1.1172413793103448,1.3829268292682928
0022400134,52,7,5,147,16,11,0.8085519922254616,0.9843749999999999,0.7959183673469388
0022400135,53,6,4,158,31,27,1.7331223628691983,1.1225806451612905,1.9455696202531645
0022400136,53,8,6,153,21,15,0.9093137254901962,0.979591836734694,0.8907563025210083
0022400137,31,5,5,175,34,29,1.2045714285714286,0.9264705882352942,1.1159999999999999
0022400138,52,6,4,147,21,17,1.238095238095238,1.0857142857142859,1.34421768707483
0022400139,49,5,5,154,27,22,1.7181818181818183,0.9074074074074074,1.559090909090909
0022400140,27,6,5,176,32,27,0.8181818181818182,1.0056818181818181,0.8228305785123967
0022400141,39,6,5,157,25,20,1.0350318471337578,0.9818181818181818,1.0162130862767804
0022400142,24,6,6,179,27,21,0.6033519553072626,0.8888888888888888,0.5363128491620112
0022400143,32,8,8,202,33,25,0.6534653465346535,0.8787878787878788,0.5742574257425742
0022400144,14,2,2,201,48,46,1.6716417910447763,0.9791666666666667,1.63681592039801
0022400145,48,7,5,146,19,14,0.892367906066536,1.013157894736842,0.9041095890410958
0022400146,36,6,5,156,21,16,0.8076923076923077,0.9610389610389609,0.7762237762237761
0022400147,25,6,6,181,30,24,0.6906077348066298,0.9,0.6215469613259669
0022400148,33,5,5,180,34,29,1.2466666666666666,0.9264705882352942,1.1549999999999998
0022400149,65,8,6,143,18,12,1.0227272727272727,0.9523809523809523,0.974025974025974
0022400150,29,5,5,173,30,25,1.005780346820809,0.9166666666666667,0.9219653179190751
0022400151,22,4,4,167,38,34,1.251497005988024,0.9473684210526316,1.18562874251497
0022400152,43,7,4,154,19,15,0.7578849721706864,1.138755980861244,0.8630460448642266
0022400153,25,6,6,177,34,28,0.800376647834275,0.9117647058823529,0.7297551789077212
0022400154,54,9,5,150,18,13,0.72,1.1071428571428572,0.7971428571428572
0022400155,57,5,5,152,31,26,2.325,0.9193548387096775,2.1375
0022400156,25,6,6,173,29,23,0.6984585741811176,0.896551724137931,0.626204238921002
0022400157,54,8,6,160,17,11,0.7171875,0.9411764705882353,0.675
0022400158,19,7,5,169,24,19,0.38546069315300086,1.0451388888888886,0.4028599605522683
0022400159,15,4,4,171,30,26,0.6578947368421052,0.9333333333333333,0.6140350877192983
0022400160,39,6,5,169,32,27,1.2307692307692306,1.0056818181818181,1.2377622377622377
0022400161,34,6,5,151,26,21,0.9757174392935981,0.9860139860139859,0.9620710415412401
0022400162,23,6,4,176,31,27,0.675189393939394,1.1225806451612905,0.7579545454545454
0022400163,43,5,4,161,28,24,1.4956521739130435,1.0317460317460319,1.5431331953071084
0022400164,48,8,6,139,20,14,0.8633093525179856,0.9714285714285714,0.8386433710174717
0022400165,39,5,4,173,25,21,1.1271676300578037,1.0222222222222221,1.1522157996146434
0022400166,16,5,4,191,37,33,0.6198952879581152,1.0510510510510511,0.6515415939499709
0022400167,48,7,6,155,23,17,1.017511520737327,0.9364548494983277,0.9528535980148883
0022400168,35,6,4,150,28,24,1.088888888888889,1.1142857142857143,1.2133333333333334
0022400169,34,6,5,171,22,17,0.7290448343079922,0.9669421487603305,0.7049441786283891
0022400170,24,4,3,169,34,31,1.2071005917159765,1.0924369747899159,1.3186813186813187
0022400171,69,6,4,132,23,19,2.003787878787879,1.0956521739130436,2.1954545454545453
0022400172,53,7,6,141,28,22,1.5035460992907803,0.9615384615384615,1.4457174031642117
0022400173,48,8,5,159,16,11,0.6037735849056605,1.0384615384615385,0.6269956458635704
0022400174,56,7,5,152,24,19,1.263157894736842,1.0451388888888886,1.3201754385964912
0022400175,34,7,6,166,25,19,0.7314974182444063,0.9476923076923076,0.6932344763670066
0022400176,45,8,6,171,23,17,0.756578947368421,0.9937888198757764,0.7518796992481203
0022400177,18,4,4,201,41,37,0.917910447761194,0.9512195121951219,0.873134328358209
0022400178,48,5,5,151,22,17,1.3986754966887416,0.8863636363636364,1.2397350993377483
0022400179,27,4,3,156,30,27,1.2980769230769231,1.0857142857142856,1.4093406593406594
0022400180,27,5,3,162,26,23,0.8666666666666667,1.1778846153846152,1.0208333333333335
0022400181,42,6,4,154,23,19,1.0454545454545454,1.0956521739130436,1.1454545454545455
0022400182,16,6,5,180,28,23,0.4148148148148148,0.9935064935064934,0.4121212121212121
0022400183,47,7,6,146,20,14,0.9197651663405088,0.9153846153846154,0.8419388830347734
0022400184,36,5,5,153,21,16,0.9882352941176471,0.8809523809523809,0.8705882352941177
0022400185,32,5,5,182,29,24,1.0197802197802197,0.9137931034482758,0.9318681318681319
0022400186,45,5,5,150,24,19,1.4400000000000002,0.8958333333333333,1.29
0022400187,39,7,6,166,27,21,0.906196213425129,0.9572649572649572,0.8674698795180723
0022400188,21,8,7,197,24,17,0.3197969543147208,0.9111111111111112,0.2913705583756345
0022400189,29,5,5,161,26,21,0.9366459627329192,0.9038461538461539,0.846583850931677
0022400190,22,6,6,164,25,19,0.5589430894308943,0.88,0.49186991869918706
0022400191,22,6,5,192,33,28,0.6302083333333334,1.0082644628099173,0.6354166666666666
0022400192,48,5,5,160,30,25,1.7999999999999998,0.9166666666666667,1.65
0022400193,55,7,5,154,23,18,1.1734693877551021,1.039855072463768,1.2202380952380951
0022400194,44,6,4,164,22,18,0.9837398373983741,1.090909090909091,1.0731707317073171
0022400195,33,5,4,163,23,19,0.9312883435582822,1.0144927536231885,0.9447852760736197
0022400196,29,8,7,169,25,18,0.5362426035502958,0.9173333333333333,0.49191321499013807
0022400197,40,7,6,171,32,26,1.0693400167084377,0.9759615384615384,1.043634727845254
0022400198,41,6,5,171,27,22,1.0789473684210527,0.9898989898989898,1.0680489101541732
0022400199,22,5,4,165,23,19,0.6133333333333334,1.0144927536231885,0.6222222222222221
0022400200,27,5,4,169,31,27,0.9905325443786982,1.039426523297491,1.029585798816568
0022400201,43,8,6,149,26,20,0.9379194630872483,1.010989010989011,0.9482262703739213
0022400202,52,5,4,145,27,23,1.936551724137931,1.02880658436214,1.992337164750958
0022400203,48,7,7,152,31,24,1.3984962406015036,0.8870967741935484,1.2406015037593985
0022400204,36,3,3,154,34,31,2.6493506493506493,0.9558823529411764,2.5324675324675323
0022400205,52,6,4,165,32,28,1.6808080808080808,1.125,1.8909090909090909
0022400206,32,6,4,167,24,20,0.7664670658682634,1.1,0.8431137724550899
0022400207,44,3,3,155,34,31,3.2172043010752693,0.9558823529411764,3.0752688172043015
0022400208,24,8,6,176,22,16,0.375,0.987012987012987,0.3701298701298701
0022400209,59,7,5,170,28,23,1.388235294117647,1.0625,1.4749999999999999
0022400210,44,6,4,178,26,22,1.0711610486891385,1.1076923076923078,1.1865168539325843
0022400211,5,4,4,181,32,28,0.22099447513812154,0.9375,0.20718232044198892
0022400212,49,7,4,159,22,18,0.9685534591194969,1.15702479338843,1.1206403659233848
0022400213,41,6,4,165,25,21,1.0353535353535355,1.104,1.143030303030303
0022400214,34,6,4,156,21,17,0.7628205128205128,1.0857142857142859,0.8282051282051281
0022400215,44,5,4,162,34,30,1.8469135802469134,1.0457516339869282,1.931412894375857
0022400216,57,8,4,137,12,8,0.624087591240876,1.111111111111111,0.6934306569343065
0022400217,49,6,5,146,26,21,1.4543378995433789,0.9860139860139859,1.433997509339975
0022400218,22,7,5,175,27,22,0.48489795918367345,1.058641975308642,0.5133333333333334
0022400219,44,5,5,164,25,20,1.3414634146341464,0.9,1.207317073170732
0022400220,65,8,5,131,17,12,1.0543893129770991,1.0497737556561086,1.1068702290076335
0022400221,32,7,5,156,18,13,0.5274725274725275,1.0046296296296295,0.5299145299145299
0022400222,36,8,6,164,22,16,0.603658536585366,0.987012987012987,0.5958188153310104
0022400223,24,7,7,194,23,16,0.40648011782032395,0.8478260869565217,0.3446244477172312
0022400224,59,5,5,157,29,24,2.179617834394904,0.9137931034482758,1.9917197452229298
0022400225,38,5,5,175,39,34,1.693714285714286,0.9358974358974359,1.5851428571428572
0022400226,31,7,6,174,27,21,0.687192118226601,0.9572649572649572,0.6578249336870026
0022400227,42,6,4,154,22,18,1.0,1.090909090909091,1.0909090909090908
0022400228,25,5,4,169,27,23,0.7988165680473372,1.02880658436214,0.821827744904668
0022400229,32,7,7,163,24,17,0.6730937773882559,0.8541666666666667,0.574934268185802
0022400230,45,7,4,154,26,22,1.085343228200371,1.174825174825175,1.2750885478158205
0022400231,44,7,5,138,20,15,0.9109730848861284,1.0208333333333333,0.9299516908212562
0022400232,30,3,2,172,31,29,1.8023255813953487,1.1612903225806452,2.0930232558139537
0022400233,13,3,3,181,38,35,0.9097605893186003,0.9605263157894737,0.8738489871086557
0022400234,37,5,5,159,25,20,1.1635220125786163,0.9,1.0471698113207546
0022400235,46,5,3,141,21,18,1.3702127659574468,1.1607142857142856,1.5904255319148937
0022400236,28,3,3,174,31,28,1.6628352490421456,0.9516129032258065,1.582375478927203
0022400237,43,6,5,162,24,19,1.0617283950617284,0.9772727272727271,1.037598204264871
0022400238,51,6,6,145,19,13,1.113793103448276,0.8421052631578947,0.9379310344827586
0022400239,56,6,6,150,28,22,1.7422222222222223,0.8928571428571428,1.5555555555555556
0022400240,25,4,4,152,32,28,1.3157894736842104,0.9375,1.2335526315789473
0022400241,46,9,6,181,28,22,0.7906691221608348,1.0714285714285714,0.847145488029466
0022400242,16,4,4,183,41,37,0.8961748633879781,0.9512195121951219,0.8524590163934426
0022400243,80,5,4,113,16,12,2.265486725663717,0.9722222222222222,2.202556538839725
0022400244,14,5,4,181,27,23,0.4176795580110497,1.02880658436214,0.42971147943523635
0022400245,43,6,5,162,21,16,0.9290123456790123,0.9610389610389609,0.892817059483726
0022400246,27,5,4,164,22,18,0.7243902439024391,1.0101010101010102,0.7317073170731707
0022400247,39,5,4,173,32,28,1.4427745664739886,1.0416666666666667,1.5028901734104045
0022400248,36,7,6,163,19,13,0.5994741454864154,0.9068825910931173,0.5436526663520529
0022400249,15,5,5,166,31,26,0.5602409638554217,0.9193548387096775,0.5150602409638555
0022400250,41,7,5,158,23,18,0.8526220614828209,1.039855072463768,0.8866033755274262
0022400251,51,6,4,156,18,14,0.9807692307692308,1.0666666666666667,1.0461538461538462
0022400252,42,6,4,148,20,16,0.945945945945946,1.08,1.0216216216216218
0022400253,38,6,4,156,26,22,1.0555555555555556,1.1076923076923078,1.1692307692307693
0022400254,31,6,6,197,34,28,0.8917089678510998,0.9117647058823529,0.8130287648054145
0022400255,32,7,5,168,25,20,0.6802721088435374,1.05,0.7142857142857143
0022400256,57,4,4,141,29,25,2.9308510638297873,0.9310344827586207,2.7287234042553195
0022400257,66,7,6,140,21,15,1.4142857142857141,0.9230769230769231,1.3054945054945055
0022400258,36,6,4,189,24,20,0.7619047619047619,1.1,0.838095238095238
0022400259,18,4,3,174,29,26,0.75,1.083743842364532,0.812807881773399
0022400260,39,6,5,173,34,29,1.277456647398844,1.0106951871657754,1.2911192853389384
0022400261,28,5,5,171,40,35,1.3099415204678362,0.9375,1.2280701754385963
0022400262,22,6,6,196,38,32,0.7108843537414966,0.9210526315789473,0.6547619047619049
0022400263,32,8,7,165,28,21,0.6787878787878788,0.9333333333333333,0.6335353535353536
0022400264,26,7,5,182,24,19,0.489795918367347,1.0451388888888886,0.5119047619047619
0022400265,22,6,5,163,29,24,0.6523517382413089,0.9968652037617554,0.6503067484662577
0022400266,53,8,4,154,22,18,0.9464285714285714,1.2121212121212122,1.147186147186147
0022400267,16,5,3,183,33,30,0.5770491803278689,1.1931818181818181,0.6885245901639344
0022400268,37,10,8,173,24,16,0.5132947976878612,0.9259259259259258,0.47527296082209375
0022400269,39,5,4,146,29,25,1.5493150684931507,1.0344827586206895,1.602739726027397
0022400270,58,7,4,148,22,18,1.2316602316602316,1.15702479338843,1.4250614250614253
0022400271,32,9,6,150,24,18,0.5688888888888889,1.05,0.5973333333333334
0022400272,24,6,3,179,28,25,0.6256983240223464,1.2619047619047619,0.7895716945996276
0022400273,31,4,4,195,35,31,1.391025641025641,0.9428571428571428,1.3115384615384615
0022400274,40,5,5,156,29,24,1.4871794871794872,0.9137931034482758,1.358974358974359
0022400275,23,5,4,184,32,28,0.8,1.0416666666666667,0.8333333333333333
0022400276,10,5,5,182,31,26,0.34065934065934067,0.9193548387096775,0.3131868131868132
0022400277,47,8,8,142,25,17,1.034330985915493,0.8400000000000001,0.8688380281690141
0022400278,15,3,3,172,35,32,1.0174418604651163,0.9571428571428571,0.9738372093023256
0022400279,53,11,8,156,14,6,0.43240093240093236,0.8270676691729323,0.3576248313090418
0022400280,57,5,3,168,20,17,1.3571428571428572,1.15625,1.5691964285714286
0022400281,67,6,5,132,17,12,1.4381313131313131,0.93048128342246,1.3381542699724518
0022400282,19,6,6,192,31,25,0.5112847222222223,0.9032258064516129,0.46180555555555564
0022400283,38,8,7,164,25,18,0.7240853658536586,0.9173333333333333,0.6642276422764228
0022400284,34,4,3,166,32,29,1.63855421686747,1.0892857142857142,1.7848537005163514
0022400285,36,2,2,161,30,28,3.3540372670807455,0.9666666666666667,3.2422360248447206
0022400286,45,7,5,142,19,14,0.8601609657947685,1.013157894736842,0.8714788732394366
0022400287,8,4,4,205,34,30,0.33170731707317075,0.9411764705882353,0.3121951219512195
0022400288,40,6,6,149,25,19,1.1185682326621924,0.88,0.9843400447427294
0022400289,42,5,5,169,32,27,1.5905325443786982,0.921875,1.4662721893491126
0022400290,24,4,4,202,36,32,1.0693069306930694,0.9444444444444444,1.0099009900990101
0022400291,38,7,5,167,26,21,0.8451668092386656,1.0544871794871795,0.8912175648702595
0022400292,26,5,5,170,32,27,0.9788235294117646,0.921875,0.9023529411764705
0022400293,43,7,5,171,27,22,0.9699248120300751,1.058641975308642,1.026803118908382
0022400294,31,6,5,169,25,20,0.7642998027613412,0.9818181818181818,0.750403442711135
0022400295,50,8,4,154,21,17,0.8522727272727272,1.2063492063492063,1.0281385281385282
0022400296,42,6,4,152,20,16,0.9210526315789473,1.08,0.9947368421052631
0022400297,23,6,6,185,36,30,0.745945945945946,0.9166666666666667,0.6837837837837838
0022400298,50,6,6,142,22,16,1.2910798122065728,0.8636363636363636,1.1150234741784038
0022400299,18,8,8,185,27,19,0.3283783783783784,0.8518518518518519,0.27972972972972976
0022400300,33,4,3,166,30,27,1.4909638554216866,1.0857142857142856,1.618760757314974
0022400301,36,5,4,161,29,25,1.2968944099378883,1.0344827586206895,1.3416149068322982
0022400302,23,5,5,185,33,28,0.8205405405405406,0.9242424242424243,0.7583783783783784
0022400303,69,8,6,131,16,10,1.0534351145038168,0.9285714285714286,0.9781897491821155
0022400304,61,7,6,136,20,14,1.281512605042017,0.9153846153846154,1.1730769230769231
0022400305,24,5,5,174,39,34,1.0758620689655172,0.9358974358974359,1.006896551724138
0022400306,41,6,6,178,31,25,1.1900749063670413,0.9032258064516129,1.0749063670411985
0022400307,54,7,5,153,28,23,1.411764705882353,1.0625,1.5
0022400308,23,4,3,178,27,24,0.8721910112359551,1.0793650793650793,0.9414125200642053
0022400309,30,6,5,173,27,22,0.7803468208092486,0.9898989898989898,0.7724645296899634
0022400310,29,5,5,173,37,32,1.2404624277456646,0.9324324324324325,1.1566473988439305
0022400311,12,4,4,174,31,27,0.5344827586206897,0.935483870967742,0.5
0022400312,46,7,6,159,27,21,1.1159029649595686,0.9572649572649572,1.0682148040638606
0022400313,39,7,6,163,26,20,0.8886941279579316,0.9526627218934911,0.8466257668711656
0022400314,50,5,5,157,26,21,1.6560509554140126,0.9038461538461539,1.4968152866242037
0022400315,70,7,5,144,23,18,1.597222222222222,1.039855072463768,1.6608796296296295
0022400316,40,8,7,156,18,11,0.5769230769230769,0.8592592592592593,0.49572649572649574
0022400317,57,5,4,150,23,19,1.748,1.0144927536231885,1.7733333333333337
0022400318,46,8,7,150,19,12,0.7283333333333334,0.8701754385964912,0.6337777777777778
0022400319,49,7,6,157,25,19,1.1146496815286624,0.9476923076923076,1.0563449289563938
0022400320,34,5,5,159,27,22,1.1547169811320754,0.9074074074074074,1.0477987421383648
0022400321,53,8,3,140,13,10,0.6151785714285715,1.2867132867132867,0.7915584415584416
0022400322,24,6,5,155,27,22,0.6967741935483871,0.9898989898989898,0.6897360703812316
0022400323,3,3,3,206,40,37,0.1941747572815534,0.9625,0.18689320388349515
0022400324,44,5,4,158,20,16,1.1139240506329116,1.0,1.1139240506329113
0022400325,68,6,3,154,24,21,1.7662337662337662,1.25,2.207792207792208
0022400326,42,4,3,168,29,26,1.8125,1.083743842364532,1.9642857142857144
0022400327,34,7,6,153,24,18,0.761904761904762,0.9423076923076923,0.7179487179487181
0022400328,37,9,5,174,20,15,0.4725415070242656,1.125,0.5316091954022988
0022400329,21,4,3,194,36,33,0.9742268041237114,1.0952380952380951,1.0670103092783507
0022400330,29,6,5,180,31,26,0.8324074074074074,1.002932551319648,0.8348484848484848
0022400331,32,5,3,180,37,34,1.3155555555555556,1.1993243243243241,1.5777777777777777
0022400332,21,6,5,174,29,24,0.5833333333333334,0.9968652037617554,0.5815047021943573
0022400333,34,6,4,158,31,27,1.111814345991561,1.1225806451612905,1.2481012658227848
0022400334,47,9,7,183,28,21,0.7990285367334548,0.984375,0.7865437158469946
0022400335,40,5,5,150,24,19,1.28,0.8958333333333333,1.1466666666666667
0022400336,74,8,6,137,14,8,0.9452554744525546,0.8979591836734694,0.848800834202294
0022400337,26,5,4,182,32,28,0.9142857142857143,1.0416666666666667,0.9523809523809524
0022400338,66,6,6,134,16,10,1.3134328358208955,0.8125,1.0671641791044777
0022400339,31,4,4,179,31,27,1.3421787709497208,0.935483870967742,1.255586592178771
0022400340,22,4,4,163,35,31,1.1809815950920246,0.9428571428571428,1.1134969325153374
0022400341,32,5,4,178,36,32,1.29438202247191,1.0493827160493827,1.3583021223470662
0022400342,32,4,4,171,32,28,1.4970760233918128,0.9375,1.4035087719298245
0022400343,46,8,6,157,20,14,0.7324840764331211,0.9714285714285714,0.7115559599636032
0022400344,48,5,3,165,30,27,1.7454545454545454,1.1874999999999998,2.0727272727272728
0022400345,29,5,3,189,33,30,1.0126984126984127,1.1931818181818181,1.2083333333333333
0022400346,35,7,6,156,28,22,0.8974358974358974,0.9615384615384615,0.8629191321499015
0022400347,47,9,7,161,18,11,0.5838509316770186,0.9062500000000001,0.5291149068322981
0022400348,17,4,4,167,31,27,0.7889221556886228,0.935483870967742,0.7380239520958084
0022400349,39,9,7,165,21,14,0.5515151515151514,0.9375,0.5170454545454546
0022400350,29,6,4,188,34,30,0.874113475177305,1.1294117647058823,0.9872340425531914
0022400351,45,8,6,152,22,16,0.8141447368421053,0.987012987012987,0.8035714285714286
0022400352,24,4,4,176,32,28,1.090909090909091,0.9375,1.0227272727272727
0022400353,32,6,6,188,34,28,0.9645390070921986,0.9117647058823529,0.8794326241134751
0022400354,30,6,6,176,30,24,0.8522727272727272,0.9,0.7670454545454545
0022400355,24,5,4,170,29,25,0.8188235294117647,1.0344827586206895,0.8470588235294118
0022400356,27,5,3,164,30,27,0.9878048780487805,1.1874999999999998,1.173018292682927
0022400357,45,6,4,156,24,20,1.153846153846154,1.1,1.2692307692307694
0022400358,30,4,4,166,28,24,1.2650602409638554,0.9285714285714286,1.1746987951807228
0022400359,58,7,5,139,18,13,1.0729701952723536,1.0046296296296295,1.0779376498800959
0022400360,27,7,7,194,28,21,0.5567010309278351,0.875,0.48711340206185566
0022400361,35,5,5,158,29,24,1.2848101265822787,0.9137931034482758,1.1740506329113924
0022400362,45,3,3,158,31,28,2.943037974683544,0.9516129032258065,2.800632911392405
0022400363,46,5,4,151,22,18,1.3403973509933775,1.0101010101010102,1.3539367181751287
0022400364,13,4,3,173,33,30,0.6199421965317918,1.090909090909091,0.6763005780346821
0022400365,40,5,4,162,31,27,1.5308641975308641,1.039426523297491,1.5912208504801095
0022400366,41,7,6,171,23,17,0.7878028404344193,0.9364548494983277,0.7377417903733693
0022400367,59,7,3,148,15,12,0.8542471042471043,1.26,1.0763513513513514
0022400368,40,5,3,157,26,23,1.3248407643312101,1.1778846153846152,1.5605095541401273
0022400369,37,5,5,170,34,29,1.48,0.9264705882352942,1.3711764705882352
0022400370,42,8,8,191,27,19,0.7421465968586388,0.8518518518518519,0.6321989528795812
0022400371,30,8,7,172,27,20,0.5886627906976745,0.928395061728395,0.5465116279069767
0022400372,24,6,3,189,27,24,0.5714285714285714,1.2592592592592593,0.7195767195767195
0022400373,28,6,5,158,25,20,0.7383966244725739,0.9818181818181818,0.7249712313003452
0022400374,100,7,6,113,15,9,1.8963337547408343,0.8615384615384616,1.6337644656228727
0022400375,54,7,4,143,18,14,0.9710289710289711,1.1313131313131313,1.0985378258105531
0022400376,32,8,8,164,23,15,0.5609756097560976,0.8260869565217391,0.4634146341463415
0022400377,20,4,4,181,41,37,1.1325966850828728,0.9512195121951219,1.0773480662983426
0022400378,54,7,6,168,23,17,1.056122448979592,0.9364548494983277,0.989010989010989
0022400379,51,10,7,153,18,11,0.6,0.9477124183006537,0.5686274509803921
0022400380,52,5,5,143,27,22,1.9636363636363634,0.9074074074074074,1.7818181818181817
0022400381,43,8,5,163,17,12,0.5605828220858895,1.0497737556561086,0.5884851344974045
0022400382,63,8,5,141,12,7,0.6702127659574468,0.9743589743589745,0.6530278232405893
0022400383,32,4,3,162,33,30,1.6296296296296295,1.090909090909091,1.777777777777778
0022400384,38,4,4,152,30,26,1.8750000000000002,0.9333333333333333,1.75
0022400385,38,5,4,156,25,21,1.217948717948718,1.0222222222222221,1.2450142450142452
0022400386,55,7,5,141,19,14,1.0587639311043568,1.013157894736842,1.072695035460993
0022400387,44,5,4,163,29,25,1.5656441717791412,1.0344827586206895,1.6196319018404906
0022400388,42,7,5,171,24,19,0.8421052631578947,1.0451388888888886,0.8801169590643275
0022400389,71,6,3,125,15,12,1.42,1.2,1.704
0022400390,57,9,6,186,25,19,0.8512544802867383,1.056,0.8989247311827958
0022400391,37,7,4,160,19,15,0.6276785714285714,1.138755980861244,0.7147727272727272
0022400392,30,6,5,168,31,26,0.9226190476190477,1.002932551319648,0.9253246753246754
0022400393,35,6,5,176,30,25,0.9943181818181818,1.0,0.9943181818181819
0022400394,32,6,6,172,27,21,0.8372093023255814,0.8888888888888888,0.7441860465116279
0022400395,42,9,5,162,20,15,0.5761316872427984,1.125,0.6481481481481481
0022400396,30,5,3,160,26,23,0.9750000000000001,1.1778846153846152,1.1484375
0022400397,26,6,6,187,40,34,0.9269162210338681,0.925,0.857397504456328
0022400398,55,5,4,149,23,19,1.697986577181208,1.0144927536231885,1.722595078299776
0022400399,51,4,4,165,35,31,2.7045454545454546,0.9428571428571428,2.5500000000000003
0022400400,40,6,6,174,26,20,0.996168582375479,0.8846153846153846,0.8812260536398469
0022400401,29,3,2,174,38,36,2.111111111111111,1.168421052631579,2.4666666666666663
0022400402,37,7,4,152,18,14,0.6259398496240601,1.1313131313131313,0.708133971291866
0022400403,42,8,5,157,19,14,0.6353503184713376,1.0688259109311742,0.679078882900539
0022400404,41,9,8,158,18,10,0.5189873417721519,0.823529411764706,0.4274013402829486
0022400405,48,7,5,145,19,14,0.8985221674876848,1.013157894736842,0.9103448275862069
0022400406,62,6,5,123,17,12,1.4281842818428185,0.93048128342246,1.3288987435328898
0022400407,25,3,2,170,30,28,1.4705882352941178,1.1600000000000001,1.7058823529411764
0022400408,67,5,3,124,20,17,2.1612903225806455,1.15625,2.498991935483871
0022400409,33,5,3,154,28,25,1.2,1.1830357142857142,1.4196428571428572
0022400410,49,5,5,151,31,26,2.0119205298013245,0.9193548387096775,1.8496688741721854
0022400411,39,5,3,156,25,22,1.2500000000000002,1.1749999999999998,1.46875
0022400412,31,6,6,181,29,23,0.8278084714548803,0.896551724137931,0.7421731123388582
0022400413,19,4,3,193,31,28,0.7629533678756476,1.087557603686636,0.8297557364914878
0022400414,43,7,5,186,28,23,0.9247311827956989,1.0625,0.98252688172043
0022400415,59,8,6,141,13,7,0.6799645390070922,0.879120879120879,0.5977710233029382
0022400416,64,6,5,144,24,19,1.7777777777777777,0.9772727272727271,1.7373737373737372
0022400417,32,7,6,170,28,22,0.7529411764705882,0.9615384615384615,0.7239819004524887
0022400418,31,6,6,170,29,23,0.8813725490196079,0.896551724137931,0.7901960784313726
0022400419,22,4,4,171,32,28,1.0292397660818713,0.9375,0.9649122807017543
0022400420,42,4,2,155,31,29,2.1,1.2903225806451613,2.709677419354839
0022400421,36,6,6,152,23,17,0.9078947368421053,0.8695652173913043,0.7894736842105263
0022400422,26,6,6,166,26,20,0.678714859437751,0.8846153846153846,0.6004016064257028
0022400423,41,5,5,179,35,30,1.6033519553072626,0.9285714285714286,1.4888268156424582
0022400424,38,5,5,175,28,23,1.2160000000000002,0.9107142857142857,1.1074285714285714
0022400425,36,7,5,150,21,16,0.7200000000000001,1.0277777777777777,0.7400000000000001
0022400426,66,5,4,131,20,16,2.015267175572519,1.0,2.0152671755725193
0022400427,28,6,5,172,28,23,0.7596899224806203,0.9935064935064934,0.7547568710359409
0022400428,41,7,6,161,22,16,0.8003549245785271,0.93006993006993,0.7443860487338748
0022400429,62,8,6,163,22,16,1.0460122699386503,0.987012987012987,1.032427695004382
0022400430,33,6,6,175,24,18,0.7542857142857143,0.875,0.6599999999999999
0022400431,42,6,4,155,23,19,1.038709677419355,1.0956521739130436,1.1380645161290324
0022400432,24,6,6,182,31,25,0.6813186813186813,0.9032258064516129,0.6153846153846154
0022400433,28,6,5,169,32,27,0.8836291913214991,1.0056818181818181,0.8886498117267349
0022400434,36,5,4,173,31,27,1.290173410404624,1.039426523297491,1.3410404624277457
0022400435,34,6,5,166,31,26,1.0582329317269075,1.002932551319648,1.0613362541073383
0022400436,31,3,3,146,34,31,2.406392694063927,0.9558823529411764,2.300228310502283
0022400437,29,6,5,168,28,23,0.8055555555555555,0.9935064935064934,0.8003246753246753
0022400438,67,6,6,157,32,26,2.2760084925690025,0.90625,2.0626326963906583
0022400439,40,7,6,152,22,16,0.8270676691729324,0.93006993006993,0.7692307692307692
0022400440,39,8,7,175,25,18,0.6964285714285714,0.9173333333333333,0.6388571428571428
0022400441,44,5,4,152,33,29,1.9105263157894739,1.043771043771044,1.9941520467836256
0022400442,35,9,7,195,24,17,0.4786324786324787,0.9609375000000001,0.45993589743589747
0022400443,32,6,6,171,31,25,0.9668615984405458,0.9032258064516129,0.8732943469785575
0022400444,39,5,3,160,27,24,1.3162500000000001,1.1805555555555554,1.55390625
0022400445,44,6,6,159,23,17,1.0607966457023061,0.8695652173913043,0.9224318658280923
0022400446,45,7,4,165,23,19,0.8961038961038962,1.1620553359683796,1.0413223140495866
0022400447,13,2,2,184,38,36,1.342391304347826,0.9736842105263157,1.3070652173913042
0022400448,22,6,4,187,31,27,0.607843137254902,1.1225806451612905,0.6823529411764706
0022400449,52,9,4,142,14,10,0.5696400625978091,1.1868131868131868,0.676056338028169
0022400450,31,5,5,189,31,26,1.0169312169312168,0.9193548387096775,0.9349206349206349
0022400451,58,9,6,140,18,12,0.8285714285714285,1.0,0.8285714285714285
0022400452,46,8,6,158,19,13,0.6914556962025317,0.9624060150375939,0.6654611211573236
0022400453,28,5,4,185,42,38,1.2713513513513515,1.0582010582010581,1.3453453453453452
0022400454,48,6,2,155,20,18,1.032258064516129,1.425,1.4709677419354839
0022400455,30,8,5,167,25,20,0.561377245508982,1.1076923076923078,0.6218332565637955
0022400456,49,9,6,168,15,9,0.4861111111111111,0.9600000000000002,0.4666666666666666
0022400457,43,8,8,148,21,13,0.7626689189189189,0.8095238095238095,0.6173986486486487
0022400458,37,5,5,166,29,24,1.2927710843373494,0.9137931034482758,1.181325301204819
0022400459,42,4,4,154,29,25,1.9772727272727275,0.9310344827586207,1.840909090909091
0022400460,24,6,5,176,29,24,0.6590909090909091,0.9968652037617554,0.6570247933884298
0022400461,68,7,6,151,21,15,1.3509933774834437,0.9230769230769231,1.2470708099847174
0022400462,31,6,5,168,26,21,0.7996031746031746,0.9860139860139859,0.7884199134199134
0022400463,41,7,6,155,20,14,0.7557603686635944,0.9153846153846154,0.6918114143920595
0022400464,47,7,6,127,16,10,0.8458942632170979,0.875,0.7401574803149605
0022400465,28,5,4,172,33,29,1.0744186046511628,1.043771043771044,1.1214470284237725
0022400466,45,7,6,155,21,15,0.870967741935484,0.9230769230769231,0.8039702233250622
0022400467,35,4,4,164,30,26,1.600609756097561,0.9333333333333333,1.4939024390243905
0022400468,54,5,4,141,20,16,1.5319148936170215,1.0,1.5319148936170213
0022400469,46,8,5,152,25,20,0.9457236842105264,1.1076923076923078,1.0475708502024292
0022400470,35,6,4,145,18,14,0.7241379310344828,1.0666666666666667,0.7724137931034483
0022400471,32,5,3,144,23,20,1.0222222222222221,1.168478260869565,1.1944444444444444
0022400472,32,8,7,173,27,20,0.6242774566473989,0.928395061728395,0.5795761078998073
0022400473,52,7,6,148,25,19,1.2548262548262548,0.9476923076923076,1.1891891891891893
0022400474,36,6,6,172,29,23,1.0116279069767442,0.896551724137931,0.9069767441860465
0022400475,40,8,5,161,18,13,0.5590062111801242,1.0598290598290598,0.592451027233636
0022400476,16,6,6,202,35,29,0.46204620462046203,0.9142857142857144,0.42244224422442245
0022400477,22,6,5,175,30,25,0.6285714285714287,1.0,0.6285714285714286
0022400478,48,7,5,165,27,22,1.122077922077922,1.058641975308642,1.187878787878788
0022400479,39,5,4,162,32,28,1.5407407407407407,1.0416666666666667,1.604938271604938
0022400480,75,5,3,122,21,18,2.581967213114754,1.1607142857142856,2.9969262295081966
0022400481,37,8,8,172,24,16,0.6453488372093023,0.8333333333333333,0.5377906976744186
0022400482,53,7,7,159,24,17,1.1428571428571428,0.8541666666666667,0.9761904761904762
0022400483,86,7,6,117,13,7,1.365079365079365,0.8284023668639052,1.1308349769888233
0022400484,23,6,4,198,29,25,0.5614478114478114,1.1172413793103448,0.6272727272727272
0022400485,69,6,6,132,24,18,2.090909090909091,0.875,1.8295454545454546
0022400486,51,9,8,173,19,11,0.6223506743737958,0.8359133126934984,0.5202312138728324
0022400487,31,7,7,165,24,17,0.6441558441558441,0.8541666666666667,0.5502164502164502
0022400488,37,7,6,165,24,18,0.7688311688311688,0.9423076923076923,0.7244755244755243
0022400489,50,7,5,150,20,15,0.9523809523809523,1.0208333333333333,0.9722222222222223
0022400490,35,7,3,160,21,18,0.65625,1.3,0.853125
0022400491,36,5,4,151,30,26,1.4304635761589402,1.037037037037037,1.4834437086092715
0022400492,51,5,3,149,26,23,1.7798657718120805,1.1778846153846152,2.0964765100671143
0022400493,61,6,4,135,17,13,1.2802469135802468,1.0588235294117647,1.3555555555555556
0022400494,36,5,5,157,28,23,1.284076433121019,0.9107142857142857,1.1694267515923567
0022400495,24,6,6,167,26,20,0.6227544910179641,0.8846153846153846,0.5508982035928144
0022400496,27,6,5,156,25,20,0.7211538461538463,0.9818181818181818,0.708041958041958
0022400497,61,6,4,145,22,18,1.542528735632184,1.090909090909091,1.6827586206896552
0022400498,83,7,4,124,16,12,1.5299539170506913,1.1136363636363638,1.7038123167155423
0022400499,39,5,5,173,33,28,1.4878612716763007,0.9242424242424243,1.3751445086705203
0022400500,43,6,6,150,25,19,1.1944444444444444,0.88,1.051111111111111
0022400501,45,9,8,190,27,19,0.7105263157894737,0.9019607843137255,0.6408668730650156
0022400502,39,6,5,166,29,24,1.1355421686746987,0.9968652037617554,1.1319824753559693
0022400503,34,8,7,166,21,14,0.5376506024096386,0.8888888888888888,0.47791164658634544
0022400504,55,7,3,133,19,16,1.1224489795918369,1.2894736842105263,1.4473684210526314
0022400505,26,6,5,172,27,22,0.6802325581395349,0.9898989898989898,0.6733615221987316
0022400506,54,6,4,149,27,23,1.6308724832214765,1.1111111111111112,1.812080536912752
0022400507,43,8,7,149,19,12,0.6854026845637584,0.8701754385964912,0.596420581655481
0022400508,63,7,3,130,17,14,1.176923076923077,1.276470588235294,1.5023076923076926
0022400509,13,4,4,189,36,32,0.619047619047619,0.9444444444444444,0.5846560846560845
0022400510,38,6,4,168,33,29,1.244047619047619,1.1272727272727274,1.4023809523809525
0022400511,55,7,6,137,20,14,1.1470281543274243,0.9153846153846154,1.0499719258843347
0022400512,27,7,6,157,20,14,0.4913557779799818,0.9153846153846154,0.4497795198432141
0022400513,45,6,5,148,23,18,1.1655405405405406,0.9723320158102765,1.1332923832923834
0022400514,40,4,4,146,23,19,1.5753424657534245,0.9130434782608696,1.4383561643835614
0022400515,21,5,5,178,31,26,0.7314606741573034,0.9193548387096775,0.6724719101123596
0022400516,47,6,3,154,24,21,1.2207792207792207,1.25,1.525974025974026
0022400517,36,5,5,162,23,18,1.0222222222222221,0.8913043478260869,0.9111111111111111
0022400518,45,7,5,148,27,22,1.1727799227799227,1.058641975308642,1.2415540540540542
0022400519,31,4,4,156,31,27,1.5400641025641024,0.935483870967742,1.4407051282051282
0022400520,13,5,5,199,43,38,0.5618090452261306,0.9418604651162791,0.5291457286432161
0022400521,29,2,2,169,36,34,3.0887573964497044,0.9722222222222222,3.002958579881657
0022400522,50,6,5,145,25,20,1.4367816091954024,0.9818181818181818,1.4106583072100314
0022400523,64,6,4,132,17,13,1.3737373737373737,1.0588235294117647,1.4545454545454546
0022400524,35,6,3,170,20,17,0.6862745098039216,1.2333333333333334,0.84640522875817
0022400525,50,8,7,147,19,12,0.8078231292517007,0.8701754385964912,0.7029478458049887
0022400526,31,6,5,164,31,26,0.9766260162601627,1.002932551319648,0.9794900221729489
0022400527,28,5,3,170,30,27,0.9882352941176471,1.1874999999999998,1.173529411764706
0022400528,40,7,5,163,20,15,0.7011393514461,1.0208333333333333,0.7157464212678937
0022400529,39,7,5,166,23,18,0.7719449225473322,1.039855072463768,0.8027108433734939
0022400530,75,6,5,135,17,12,1.574074074074074,0.93048128342246,1.4646464646464648
0022400531,34,4,3,172,32,29,1.5813953488372092,1.0892857142857142,1.722591362126246
0022400532,46,6,6,160,28,22,1.3416666666666666,0.8928571428571428,1.1979166666666667
0022400533,46,6,5,144,25,20,1.3310185185185186,0.9818181818181818,1.3068181818181819
0022400534,24,5,5,178,34,29,0.9168539325842696,0.9264705882352942,0.8494382022471909
0022400535,47,6,5,161,27,22,1.313664596273292,0.9898989898989898,1.300395256916996
0022400536,34,8,5,162,18,13,0.4722222222222222,1.0598290598290598,0.5004748338081672
0022400537,42,8,7,159,17,10,0.5613207547169812,0.8470588235294119,0.4754716981132075
0022400538,46,7,6,153,21,15,0.9019607843137255,0.9230769230769231,0.832579185520362
0022400539,39,5,4,162,28,24,1.348148148148148,1.0317460317460319,1.390946502057613
0022400540,33,6,5,162,29,24,0.9845679012345678,0.9968652037617554,0.9814814814814815
0022400541,38,6,5,165,25,20,0.9595959595959597,0.9818181818181818,0.9421487603305784
0022400542,35,7,7,168,27,20,0.8035714285714286,0.8703703703703703,0.6994047619047619
0022400543,28,5,4,169,30,26,0.9940828402366864,1.037037037037037,1.0309007232084155
0022400544,22,5,4,164,34,30,0.9121951219512195,1.0457516339869282,0.9539295392953929
0022400545,28,7,6,186,32,26,0.6881720430107527,0.9759615384615384,0.6716294458229942
0022400546,22,3,3,187,40,37,1.5686274509803921,0.9625,1.5098039215686274
0022400547,27,8,5,174,26,21,0.5043103448275863,1.1124260355029585,0.5610079575596817
0022400548,59,6,4,142,25,21,1.731220657276995,1.104,1.911267605633803
0022400549,17,6,6,186,31,25,0.47222222222222215,0.9032258064516129,0.4265232974910394
0022400550,34,5,4,155,19,15,0.8335483870967741,0.9941520467836257,0.828673835125448
0022400551,35,9,7,166,27,20,0.6325301204819278,0.9791666666666667,0.6193524096385543
0022400552,39,7,6,155,21,15,0.7548387096774194,0.9230769230769231,0.6967741935483872
0022400553,69,7,5,134,15,10,1.103411513859275,0.9722222222222221,1.072761194029851
0022400554,44,7,4,159,26,22,1.0278526504941599,1.174825174825175,1.2075471698113207
0022400555,43,8,5,156,21,16,0.7235576923076923,1.0842490842490842,0.7845167652859961
0022400556,42,5,4,166,32,28,1.6192771084337352,1.0416666666666667,1.6867469879518073
0022400557,52,6,5,152,25,20,1.4254385964912282,0.9818181818181818,1.3995215311004783
0022400558,43,9,6,159,21,15,0.6310272536687631,1.0285714285714287,0.6490566037735849
0022400559,42,6,5,158,27,22,1.1962025316455696,0.9898989898989898,1.1841196777905638
0022400560,35,5,5,166,29,24,1.2228915662650603,0.9137931034482758,1.1174698795180722
0022400561,50,8,6,145,22,16,0.9482758620689655,0.987012987012987,0.9359605911330049
0022400562,25,4,4,165,28,24,1.0606060606060606,0.9285714285714286,0.9848484848484848
0022400563,56,3,3,155,26,23,3.1311827956989253,0.9423076923076923,2.9505376344086023
0022400564,18,5,4,192,35,31,0.6562499999999999,1.0476190476190477,0.6875
0022400565,32,7,5,149,30,25,0.9204218600191754,1.0694444444444444,0.9843400447427294
0022400566,45,9,5,165,23,18,0.696969696969697,1.1459627329192545,0.7987012987012987
0022400567,36,7,6,174,25,19,0.7389162561576355,0.9476923076923076,0.70026525198939
0022400568,21,5,4,169,27,23,0.6710059171597634,1.02880658436214,0.6903353057199212
0022400569,59,5,4,145,23,19,1.8717241379310348,1.0144927536231885,1.8988505747126436
0022400570,35,6,3,157,17,14,0.6316348195329087,1.2156862745098038,0.7678697806086342
0022400571,40,7,7,154,24,17,0.8905380333951763,0.8541666666666667,0.7606679035250463
0022400572,65,5,3,141,27,24,2.4893617021276593,1.1805555555555554,2.9388297872340425
0022400573,35,6,5,177,33,28,1.0875706214689265,1.0082644628099173,1.0965588084232152
0022400574,50,8,4,164,20,16,0.7621951219512195,1.2,0.9146341463414634
0022400575,41,6,4,158,23,19,0.9947257383966245,1.0956521739130436,1.0898734177215188
0022400576,49,9,4,163,22,18,0.7348329925017041,1.258741258741259,0.924964605946201
0022400577,33,4,4,150,35,31,1.925,0.9428571428571428,1.815
0022400578,58,8,5,128,16,11,0.90625,1.0384615384615385,0.9411057692307692
0022400579,51,8,6,149,17,11,0.7273489932885906,0.9411764705882353,0.6845637583892618
0022400580,8,5,4,196,38,34,0.31020408163265306,1.0526315789473684,0.326530612244898
0022400581,23,5,5,184,35,30,0.8750000000000001,0.9285714285714286,0.8125000000000001
0022400582,46,7,7,157,23,16,0.9626933575978162,0.8478260869565217,0.816196542311192
0022400583,34,5,5,156,24,19,1.0461538461538462,0.8958333333333333,0.9371794871794872
0022400584,48,5,4,157,25,21,1.5286624203821655,1.0222222222222221,1.562632696390658
0022400585,54,6,5,128,16,11,1.125,0.9204545454545454,1.0355113636363638
0022400586,15,3,3,187,44,41,1.176470588235294,0.9659090909090908,1.1363636363636362
0022400587,65,6,6,156,26,20,1.8055555555555554,0.8846153846153846,1.597222222222222
0022400588,33,6,5,161,27,22,0.922360248447205,0.9898989898989898,0.9130434782608696
0022400589,38,6,6,160,30,24,1.1875,0.9,1.06875
0022400590,42,8,6,153,26,20,0.8921568627450981,1.010989010989011,0.9019607843137255
0022400591,31,5,5,180,30,25,1.0333333333333332,0.9166666666666667,0.9472222222222223
0022400592,63,8,4,138,12,8,0.6847826086956522,1.111111111111111,0.7608695652173914
0022400593,37,7,5,160,26,21,0.8589285714285714,1.0544871794871795,0.9057291666666667
0022400594,26,6,6,169,31,25,0.7948717948717948,0.9032258064516129,0.717948717948718
0022400595,46,7,7,153,21,14,0.9019607843137255,0.8333333333333333,0.7516339869281045
0022400596,31,6,5,162,20,15,0.6378600823045267,0.9545454545454545,0.6088664421997755
0022400597,33,6,5,170,31,26,1.0029411764705882,1.002932551319648,1.0058823529411764
0022400598,43,7,6,174,27,21,0.9532019704433498,0.9572649572649572,0.9124668435013263
0022400599,51,5,4,147,24,20,1.6653061224489796,1.0185185185185186,1.696145124716553
0022400600,49,7,5,155,18,13,0.8129032258064517,1.0046296296296295,0.8166666666666668
0022400601,23,4,4,182,39,35,1.2321428571428572,0.9487179487179487,1.168956043956044
0022400602,34,6,5,163,29,24,1.0081799591002045,0.9968652037617554,1.0050195203569436
0022400603,30,6,5,167,28,23,0.8383233532934131,0.9935064935064934,0.8328796951551444
0022400604,78,7,4,114,10,6,0.9774436090225563,1.0181818181818183,0.9952153110047847
0022400605,26,8,7,199,32,25,0.5226130653266331,0.95,0.4964824120603016
0022400606,35,8,7,158,23,16,0.636867088607595,0.9043478260869565,0.5759493670886077
0022400607,51,6,5,143,18,13,1.06993006993007,0.9393939393939393,1.0050858232676414
0022400608,19,4,4,168,31,27,0.8764880952380953,0.935483870967742,0.8199404761904763
0022400609,44,5,5,152,22,17,1.273684210526316,0.8863636363636364,1.1289473684210527
0022400610,51,6,6,150,22,16,1.2466666666666666,0.8636363636363636,1.0766666666666669
0022400611,45,5,3,150,28,25,1.6800000000000002,1.1830357142857142,1.9874999999999998
0022400612,44,7,6,174,21,15,0.7586206896551725,0.9230769230769231,0.7002652519893898
0022400613,67,8,6,126,14,8,0.9305555555555555,0.8979591836734694,0.8356009070294784
0022400614,31,8,7,171,26,19,0.5891812865497076,0.9230769230769231,0.5438596491228069
0022400615,30,6,5,161,23,18,0.7142857142857142,0.9723320158102765,0.6945228684359119
0022400616,28,6,4,181,33,29,0.850828729281768,1.1272727272727274,0.9591160220994476
0022400617,42,8,5,159,17,12,0.5613207547169812,1.0497737556561086,0.5892597968069666
0022400618,42,8,5,166,26,21,0.8222891566265061,1.1124260355029585,0.9147358665430955
0022400619,41,5,4,160,30,26,1.5375,1.037037037037037,1.5944444444444443
0022400620,36,6,6,180,27,21,0.9,0.8888888888888888,0.8
0022400621,67,10,7,144,11,4,0.5118055555555556,0.8021390374331552,0.4105392156862745
0022400622,32,4,4,162,29,25,1.4320987654320987,0.9310344827586207,1.3333333333333333
0022400623,34,8,6,175,34,28,0.8257142857142857,1.0420168067226891,0.8604081632653061
0022400624,35,8,7,164,22,15,0.586890243902439,0.8969696969696969,0.5264227642276423
0022400625,25,5,5,180,36,31,1.0,0.9305555555555556,0.9305555555555556
0022400626,53,8,4,171,25,21,0.9685672514619883,1.2266666666666666,1.1881091617933723
0022400627,69,7,6,133,18,12,1.334049409237379,0.8974358974358974,1.1972238288027761
0022400628,45,5,5,155,29,24,1.6838709677419357,0.9137931034482758,1.538709677419355
0022400629,42,5,4,146,23,19,1.3232876712328767,1.0144927536231885,1.3424657534246576
0022400630,25,3,3,170,41,38,2.0098039215686274,0.9634146341463414,1.9362745098039218
0022400631,49,7,4,155,24,20,1.0838709677419356,1.1666666666666667,1.2645161290322582
0022400632,49,8,7,152,19,12,0.7656250000000001,0.8701754385964912,0.6662280701754386
0022400633,38,5,4,169,29,25,1.3041420118343194,1.0344827586206895,1.3491124260355032
0022400634,49,8,7,151,17,10,0.6895695364238411,0.8470588235294119,0.5841059602649007
0022400635,18,5,3,179,34,31,0.6837988826815642,1.1948529411764703,0.8170391061452514
0022400636,24,5,4,173,32,28,0.8878612716763005,1.0416666666666667,0.9248554913294798
0022400637,38,6,5,164,25,20,0.9654471544715447,0.9818181818181818,0.9478935698447893
0022400638,27,6,4,180,34,30,0.85,1.1294117647058823,0.9600000000000001
0022400639,49,7,7,174,30,23,1.2068965517241381,0.8833333333333333,1.0660919540229887
0022400640,11,3,3,192,45,42,0.8593750000000001,0.9666666666666667,0.8307291666666667
0022400641,37,7,5,173,20,15,0.611065235342692,1.0208333333333333,0.623795761078998
0022400642,64,5,4,140,25,21,2.2857142857142856,1.0222222222222221,2.3365079365079366
0022400643,25,3,3,181,32,29,1.4732965009208103,0.953125,1.4042357274401476
0022400644,42,10,7,152,14,7,0.3868421052631579,0.8823529411764706,0.34133126934984526
0022400645,39,7,5,160,19,14,0.6616071428571428,1.013157894736842,0.6703125
0022400646,22,5,5,187,34,29,0.8,0.9264705882352942,0.7411764705882353
0022400647,16,4,3,174,36,33,0.8275862068965517,1.0952380952380951,0.9064039408866995
0022400648,35,5,4,159,27,23,1.1886792452830188,1.02880658436214,1.222921034241789
0022400649,59,6,5,135,21,16,1.5296296296296295,0.9610389610389609,1.47003367003367
0022400650,23,6,6,166,28,22,0.646586345381526,0.8928571428571428,0.5773092369477912
0022400651,15,4,4,173,31,27,0.6719653179190751,0.935483870967742,0.6286127167630058
0022400652,27,7,5,200,29,24,0.5592857142857143,1.0660919540229883,0.5962500000000001
0022400653,50,6,6,163,24,18,1.2269938650306749,0.875,1.0736196319018405
0022400654,26,6,6,184,30,24,0.7065217391304347,0.9,0.6358695652173914
0022400655,86,8,3,127,11,8,0.9311023622047244,1.256198347107438,1.1696492483894059
0022400656,36,7,5,169,23,18,0.6999154691462384,1.039855072463768,0.727810650887574
0022400657,55,7,5,142,21,16,1.1619718309859155,1.0277777777777777,1.1942488262910798
0022400658,44,6,5,156,27,22,1.2692307692307694,0.9898989898989898,1.2564102564102564
0022400659,75,6,3,119,17,14,1.7857142857142856,1.2156862745098038,2.170868347338936
0022400660,37,5,4,166,30,26,1.3373493975903614,1.037037037037037,1.3868808567603748
0022400661,41,2,2,152,39,37,5.259868421052632,0.9743589743589743,5.125
0022400662,34,5,5,163,31,26,1.2932515337423314,0.9193548387096775,1.1889570552147237
0022400663,30,7,7,153,27,20,0.7563025210084034,0.8703703703703703,0.6582633053221288
0022400664,24,4,4,181,33,29,1.0939226519337018,0.9393939393939394,1.0276243093922652
0022400665,30,3,3,166,33,30,1.9879518072289155,0.9545454545454546,1.897590361445783
0022400666,55,6,4,152,24,20,1.4473684210526316,1.1,1.5921052631578947
0022400667,76,7,5,116,12,7,1.1231527093596059,0.9236111111111112,1.0373563218390804
0022400668,29,7,6,171,24,18,0.581453634085213,0.9423076923076923,0.5479082321187584
0022400669,36,6,5,156,26,21,1.0,0.9860139860139859,0.9860139860139859
0022400670,59,6,5,150,24,19,1.5733333333333333,0.9772727272727271,1.5375757575757576
0022400671,29,8,7,174,28,21,0.5833333333333334,0.9333333333333333,0.5444444444444444
0022400672,30,3,3,167,34,31,2.0359281437125745,0.9558823529411764,1.9461077844311376
0022400673,19,8,8,184,29,21,0.3743206521739131,0.8620689655172413,0.3226902173913043
0022400674,29,9,7,176,30,23,0.5492424242424242,0.99375,0.5458096590909092
0022400675,44,6,5,162,28,23,1.2674897119341564,0.9935064935064934,1.2592592592592593
0022400676,40,8,5,156,27,22,0.8653846153846153,1.1168091168091168,0.9664694280078895
0022400677,45,5,3,147,27,24,1.6530612244897962,1.1805555555555554,1.9515306122448979
0022400678,21,5,5,163,31,26,0.7987730061349694,0.9193548387096775,0.7343558282208589
0022400679,31,7,6,167,24,18,0.6364414029084687,0.9423076923076923,0.5997236296637494
0022400680,53,8,6,143,20,14,0.9265734265734267,0.9714285714285714,0.9000999000999002
0022400681,33,8,6,166,21,15,0.5218373493975903,0.979591836734694,0.5111876075731497
0022400682,61,6,5,142,22,17,1.5751173708920188,0.9669421487603305,1.5230473751600513
0022400683,68,4,3,141,27,24,3.25531914893617,1.0793650793650793,3.5136778115501524
0022400684,28,5,4,179,31,27,0.969832402234637,1.039426523297491,1.0080695220360023
0022400685,32,7,6,178,28,22,0.7191011235955056,0.9615384615384615,0.6914433880726016
0022400686,22,2,2,186,44,42,2.6021505376344085,0.9772727272727273,2.543010752688172
0022400687,13,3,3,195,40,37,0.8888888888888888,0.9625,0.8555555555555555
0022400688,61,6,5,141,22,17,1.58628841607565,0.9669421487603305,1.5338491295938104
0022400689,32,5,5,155,26,21,1.0735483870967744,0.9038461538461539,0.9703225806451613
0022400690,26,4,4,176,28,24,1.034090909090909,0.9285714285714286,0.9602272727272727
0022400691,59,8,7,154,19,12,0.9099025974025974,0.8701754385964912,0.7917748917748919
0022400692,32,7,5,166,23,18,0.6333907056798623,1.039855072463768,0.6586345381526104
0022400693,40,6,4,158,25,21,1.0548523206751057,1.104,1.1645569620253164
0022400694,26,7,5,180,30,25,0.6190476190476191,1.0694444444444444,0.6620370370370371
0022400695,42,6,4,174,21,17,0.8448275862068967,1.0857142857142859,0.9172413793103449
0022400696,63,10,7,152,16,9,0.6631578947368421,0.9191176470588236,0.6095201238390093
0022400697,38,5,3,155,24,21,1.1767741935483873,1.171875,1.3790322580645162
0022400698,16,5,5,179,29,24,0.5184357541899441,0.9137931034482758,0.4737430167597766
0022400699,29,4,3,177,27,24,1.1059322033898307,1.0793650793650793,1.1937046004842615
0022400700,22,7,6,186,28,22,0.4731182795698925,0.9615384615384615,0.4549214226633581
0022400701,18,5,3,193,41,38,0.7647668393782383,1.2042682926829267,0.9209844559585493
0022400702,31,6,4,177,31,27,0.9048964218455744,1.1225806451612905,1.015819209039548
0022400703,41,7,6,184,27,21,0.859472049689441,0.9572649572649572,0.822742474916388
0022400704,48,7,6,144,22,16,1.0476190476190477,0.93006993006993,0.9743589743589745
0022400705,70,9,5,140,17,12,0.9444444444444445,1.096638655462185,1.0357142857142858
0022400706,48,6,5,144,25,20,1.3888888888888888,0.9818181818181818,1.3636363636363638
0022400707,35,6,6,173,27,21,0.9104046242774567,0.8888888888888888,0.8092485549132947
0022400708,20,4,4,173,33,29,0.9537572254335259,0.9393939393939394,0.8959537572254335
0022400709,50,5,5,159,32,27,2.0125786163522013,0.921875,1.8553459119496853
0022400710,19,5,5,183,33,28,0.6852459016393443,0.9242424242424243,0.6333333333333333
0022400711,35,6,6,148,29,23,1.143018018018018,0.896551724137931,1.0247747747747749
0022400712,33,5,4,157,30,26,1.2611464968152866,1.037037037037037,1.3078556263269638
0022400713,41,9,6,151,21,15,0.6335540838852096,1.0285714285714287,0.6516556291390728
0022400714,40,8,7,169,24,17,0.7100591715976331,0.9111111111111112,0.6469428007889546
0022400715,22,6,5,172,20,15,0.42635658914728686,0.9545454545454545,0.4069767441860465
0022400716,47,6,6,150,20,14,1.0444444444444445,0.85,0.8877777777777778
0022400717,75,6,5,112,20,15,2.232142857142857,0.9545454545454545,2.1306818181818183
0022400718,40,7,7,165,31,24,1.0735930735930737,0.8870967741935484,0.9523809523809524
0022400719,58,7,5,159,21,16,1.0943396226415094,1.0277777777777777,1.1247379454926625
0022400720,12,5,4,175,30,26,0.4114285714285714,1.037037037037037,0.4266666666666667
0022400721,66,7,7,133,18,11,1.276047261009667,0.8055555555555556,1.0279269602577872
0022400722,16,3,3,183,40,37,1.1657559198542804,0.9625,1.122040072859745
0022400723,34,5,5,158,30,25,1.2911392405063291,0.9166666666666667,1.1835443037974684
0022400724,45,5,4,165,33,29,1.8000000000000003,1.043771043771044,1.8787878787878787
0022400725,48,7,5,165,35,30,1.4545454545454546,1.0833333333333333,1.5757575757575757
0022400726,43,8,6,168,22,16,0.7038690476190477,0.987012987012987,0.6947278911564625
0022400727,29,5,4,167,30,26,1.0419161676646707,1.037037037037037,1.0805056553559547
0022400728,42,5,4,151,23,19,1.2794701986754968,1.0144927536231885,1.2980132450331126
0022400729,39,5,4,156,30,26,1.5000000000000002,1.037037037037037,1.5555555555555556
0022400730,15,4,4,183,29,25,0.5942622950819673,0.9310344827586207,0.5532786885245902
0022400731,36,4,4,170,35,31,1.8529411764705883,0.9428571428571428,1.747058823529412
0022400732,29,5,5,167,27,22,0.9377245508982035,0.9074074074074074,0.8508982035928142
0022400733,56,9,5,149,19,14,0.7934377330350485,1.1165413533834587,0.8859060402684564
0022400734,22,5,4,174,28,24,0.7080459770114943,1.0317460317460319,0.7305236270753512
0022400735,33,4,2,171,30,28,1.4473684210526314,1.288888888888889,1.8654970760233918
0022400736,54,8,7,153,17,10,0.75,0.8470588235294119,0.6352941176470588
0022400737,29,9,6,162,20,14,0.3978052126200274,1.02,0.40576131687242795
0022400738,35,6,3,169,31,28,1.0700197238658777,1.2688172043010753,1.3576594345825117
0022400739,38,6,4,155,29,25,1.1849462365591399,1.1172413793103448,1.3238709677419356
0022400740,65,7,6,155,22,16,1.3179723502304146,0.93006993006993,1.225806451612903
0022400741,38,4,4,149,33,29,2.104026845637584,0.9393939393939394,1.976510067114094
0022400742,21,4,4,182,36,32,1.0384615384615385,0.9444444444444444,0.9807692307692308
0022400743,46,8,5,150,22,17,0.8433333333333334,1.0909090909090908,0.9200000000000002
0022400744,54,8,6,160,25,19,1.0546875,1.0057142857142858,1.060714285714286
0022400745,23,6,5,179,35,30,0.749534450651769,1.0129870129870129,0.7592686642965972
0022400746,30,6,6,171,37,31,1.0818713450292397,0.9189189189189189,0.9941520467836257
0022400747,53,6,5,153,29,24,1.6742919389978212,0.9968652037617554,1.6690433749257279
0022400748,37,5,4,156,29,25,1.3756410256410256,1.0344827586206895,1.423076923076923
0022400749,50,6,6,136,20,14,1.2254901960784315,0.85,1.0416666666666667
0022400750,39,5,4,186,38,34,1.5935483870967744,1.0526315789473684,1.6774193548387095
0022400751,33,7,5,171,25,20,0.6892230576441102,1.05,0.7236842105263157
0022400752,31,4,4,156,31,27,1.5400641025641024,0.935483870967742,1.4407051282051282
0022400753,22,4,4,176,35,31,1.09375,0.9428571428571428,1.03125
0022400754,38,8,8,170,27,19,0.7544117647058823,0.8518518518518519,0.6426470588235295
0022400755,24,6,5,182,36,31,0.7912087912087912,1.0151515151515151,0.8031968031968033
0022400756,43,7,6,159,25,19,0.9658580413297393,0.9476923076923076,0.9153362360909532
0022400757,31,6,6,174,30,24,0.8908045977011495,0.9,0.8017241379310345
0022400758,31,5,5,157,22,17,0.8687898089171975,0.8863636363636364,0.770063694267516
0022400759,61,8,5,126,11,6,0.6656746031746031,0.951048951048951,0.6330891330891331
0022400760,18,3,3,193,40,37,1.2435233160621761,0.9625,1.1968911917098446
0022400761,45,7,6,161,23,17,0.9183673469387754,0.9364548494983277,0.8600095556617297
0022400762,43,5,4,178,28,24,1.3528089887640449,1.0317460317460319,1.3957553058676653
0022400763,24,5,5,180,32,27,0.8533333333333333,0.921875,0.7866666666666666
0022400764,32,6,6,172,29,23,0.8992248062015503,0.896551724137931,0.8062015503875969
0022400765,26,4,4,177,33,29,1.211864406779661,0.9393939393939394,1.1384180790960452
0022400766,76,7,7,132,18,11,1.4805194805194806,0.8055555555555556,1.1926406926406927
0022400767,50,7,6,162,27,21,1.1904761904761902,0.9572649572649572,1.1396011396011394
0022400768,31,8,6,183,25,19,0.5293715846994537,1.0057142857142858,0.5323965651834505
0022400769,51,6,4,151,19,15,1.0695364238410596,1.0736842105263158,1.1483443708609273
0022400770,47,6,4,139,17,13,0.958033573141487,1.0588235294117647,1.014388489208633
0022400771,60,8,6,163,27,21,1.2423312883435582,1.0158730158730158,1.26205083260298
0022400772,57,5,3,131,24,21,2.0885496183206107,1.171875,2.447519083969466
0022400773,28,8,5,208,40,35,0.6730769230769231,1.1538461538461537,0.7766272189349112
0022400774,52,6,4,157,22,18,1.2144373673036093,1.090909090909091,1.3248407643312101
0022400775,25,6,6,187,37,31,0.8244206773618539,0.9189189189189189,0.7575757575757577
0022400776,56,8,5,155,16,11,0.7225806451612904,1.0384615384615385,0.7503722084367246
0022400777,44,7,7,152,28,21,1.1578947368421053,0.875,1.013157894736842
0022400778,26,5,4,169,25,21,0.7692307692307693,1.0222222222222221,0.7863247863247863
0022400779,25,9,8,177,24,16,0.3766478342749529,0.8823529411764706,0.33233632436025257
0022400780,32,6,5,181,28,23,0.8250460405156538,0.9935064935064934,0.8196885986941236
0022400781,40,4,4,171,35,31,2.0467836257309937,0.9428571428571428,1.9298245614035086
0022400782,53,5,5,146,24,19,1.7424657534246573,0.8958333333333333,1.560958904109589
0022400783,48,6,6,165,24,18,1.1636363636363636,0.875,1.018181818181818
0022400784,23,6,6,180,30,24,0.6388888888888888,0.9,0.575
0022400785,46,7,6,181,27,21,0.9802683504340963,0.9572649572649572,0.9383765405864853
0022400786,45,7,5,150,21,16,0.9,1.0277777777777777,0.925
0022400787,24,4,4,173,27,23,0.9364161849710984,0.9259259259259259,0.8670520231213874
0022400788,25,4,4,182,32,28,1.098901098901099,0.9375,1.0302197802197801
0022400789,27,7,5,167,24,19,0.5543199315654406,1.0451388888888886,0.5793413173652694
0022400790,22,4,4,177,38,34,1.1807909604519773,0.9473684210526316,1.1186440677966103
0022400791,26,6,5,178,32,27,0.7790262172284643,1.0056818181818181,0.7834525025536261
0022400792,78,5,5,144,17,12,1.8416666666666668,0.8529411764705883,1.5708333333333335
0022400793,40,5,4,158,35,31,1.7721518987341771,1.0476190476190477,1.8565400843881856
0022400794,31,6,5,174,24,19,0.7126436781609196,0.9772727272727271,0.6964472309299895
0022400795,47,4,3,160,33,30,2.4234375,1.090909090909091,2.6437500000000003
0022400796,42,8,7,168,26,19,0.8125000000000001,0.9230769230769231,0.75
0022400797,69,4,4,138,20,16,2.5,0.9,2.25
0022400798,21,6,5,184,37,32,0.703804347826087,1.017199017199017,0.7159090909090908
0022400799,30,3,3,175,35,32,2.0,0.9571428571428571,1.9142857142857141
0022400800,41,5,5,163,31,26,1.5595092024539878,0.9193548387096775,1.4337423312883435
0022400801,15,6,5,193,34,29,0.4404145077720207,1.0106951871657754,0.44512482336316533
0022400802,46,7,7,158,26,19,1.0813743218806509,0.8653846153846154,0.9358047016274864
0022400803,34,5,4,175,32,28,1.2434285714285713,1.0416666666666667,1.2952380952380953
0022400804,51,6,5,152,25,20,1.398026315789474,0.9818181818181818,1.3726076555023923
0022400805,23,4,3,171,27,24,0.9078947368421052,1.0793650793650793,0.9799498746867167
0022400806,32,7,7,176,24,17,0.6233766233766234,0.8541666666666667,0.5324675324675324
0022400807,25,3,3,163,27,24,1.3803680981595092,0.9444444444444444,1.3036809815950923
0022400808,32,7,5,163,30,25,0.8413672217353199,1.0694444444444444,0.8997955010224948
0022400809,45,8,6,160,21,15,0.73828125,0.979591836734694,0.7232142857142857
0022400810,23,6,6,191,32,26,0.6422338568935428,0.90625,0.5820244328097731
0022400811,37,9,7,158,16,9,0.4163150492264416,0.87890625,0.3659018987341772
0022400812,36,4,4,167,31,27,1.6706586826347305,0.935483870967742,1.5628742514970062
0022400813,23,3,3,182,38,35,1.6007326007326008,0.9605263157894737,1.5375457875457876
0022400814,32,7,5,197,34,29,0.788977519941987,1.0808823529411764,0.8527918781725888
0022400815,25,9,7,170,28,21,0.45751633986928103,0.984375,0.4503676470588235
0022400816,15,4,4,190,31,27,0.611842105263158,0.935483870967742,0.5723684210526316
0022400817,48,5,5,149,28,23,1.8040268456375839,0.9107142857142857,1.6429530201342282
0022400818,50,5,5,159,29,24,1.8238993710691822,0.9137931034482758,1.6666666666666665
0022400819,20,6,5,183,39,34,0.7103825136612022,1.0209790209790208,0.7252856433184302
0022400820,10,6,4,190,32,28,0.2807017543859649,1.125,0.3157894736842105
0022400821,26,7,6,175,30,24,0.6367346938775511,0.9692307692307692,0.6171428571428571
0022400822,39,7,4,172,23,19,0.745016611295681,1.1620553359683796,0.8657505285412261
0022400823,46,6,5,172,32,27,1.426356589147287,1.0056818181818181,1.43446088794926
0022400824,26,6,6,165,33,27,0.8666666666666667,0.9090909090909092,0.7878787878787878
0022400825,52,8,6,141,20,14,0.9219858156028369,0.9714285714285714,0.8956433637284701
0022400826,16,6,6,215,40,34,0.49612403100775193,0.925,0.4589147286821706
0022400827,40,6,6,165,25,19,1.0101010101010102,0.88,0.888888888888889
0022400828,52,5,5,147,28,23,1.9809523809523808,0.9107142857142857,1.804081632653061
0022400829,45,5,4,148,23,19,1.3986486486486487,1.0144927536231885,1.4189189189189189
0022400830,36,8,5,150,18,13,0.54,1.0598290598290598,0.5723076923076923
0022400831,38,8,5,160,19,14,0.5640625,1.0688259109311742,0.6028846153846154
0022400832,29,8,6,207,32,26,0.5603864734299516,1.0357142857142858,0.58040027605245
0022400833,30,7,6,177,26,20,0.6295399515738499,0.9526627218934911,0.5997392438070404
0022400834,38,7,5,169,23,18,0.738799661876585,1.039855072463768,0.7682445759368837
0022400835,56,8,6,144,17,11,0.826388888888889,0.9411764705882353,0.7777777777777778
0022400836,49,10,6,147,18,12,0.6,1.0416666666666665,0.6250000000000001
0022400837,67,5,5,140,20,15,1.9142857142857144,0.875,1.675
0022400838,27,7,5,172,25,20,0.5606312292358805,1.05,0.5886627906976745
0022400839,13,7,6,205,39,33,0.35331010452961675,0.9940828402366864,0.35121951219512193
0022400840,15,5,5,187,38,33,0.609625668449198,0.9342105263157895,0.5695187165775402
0022400841,40,6,5,148,20,15,0.900900900900901,0.9545454545454545,0.8599508599508598
0022400842,75,8,6,122,14,8,1.0758196721311475,0.8979591836734694,0.9660421545667447
0022400843,50,6,5,147,18,13,1.0204081632653061,0.9393939393939393,0.95856524427953
0022400844,43,7,6,165,20,14,0.7445887445887446,0.9153846153846154,0.6815850815850816
0022400845,19,3,2,176,36,34,1.2954545454545456,1.1666666666666667,1.5113636363636365
0022400846,62,10,4,154,17,13,0.6844155844155844,1.2605042016806722,0.862708719851577
0022400847,52,11,7,153,12,5,0.37076648841354726,0.8657407407407408,0.32098765432098764
0022400848,60,8,6,134,16,10,0.8955223880597015,0.9285714285714286,0.8315565031982942
0022400849,24,3,3,170,42,39,1.9764705882352942,0.9642857142857143,1.9058823529411764
0022400850,29,6,6,181,31,25,0.8278084714548803,0.9032258064516129,0.7476979742173112
0022400851,41,8,5,175,20,15,0.5857142857142856,1.0769230769230769,0.6307692307692307
0022400852,41,4,3,146,23,20,1.6147260273972601,1.0683229813664596,1.7250489236790607
0022400853,34,4,3,170,33,30,1.6500000000000001,1.090909090909091,1.8000000000000003
0022400854,63,8,6,123,14,8,0.8963414634146342,0.8979591836734694,0.8048780487804879
0022400855,50,4,3,174,31,28,2.2270114942528734,1.087557603686636,2.422003284072249
0022400856,44,7,6,161,24,18,0.9370008873114464,0.9423076923076923,0.882943143812709
0022400857,43,6,5,148,19,14,0.920045045045045,0.9473684210526315,0.8716216216216216
0022400858,55,6,5,151,18,13,1.0927152317880795,0.9393939393939393,1.0264900662251655
0022400859,45,5,3,148,26,23,1.5810810810810814,1.1778846153846152,1.8623310810810811
0022400860,86,9,6,117,11,5,0.8983855650522317,0.8727272727272728,0.7840455840455841
0022400861,25,6,6,186,37,31,0.828853046594982,0.9189189189189189,0.7616487455197133
0022400862,38,6,6,156,22,16,0.8931623931623932,0.8636363636363636,0.7713675213675214
0022400863,27,7,7,180,25,18,0.5357142857142858,0.86,0.46071428571428574
0022400864,39,4,4,161,29,25,1.7562111801242237,0.9310344827586207,1.6350931677018634
0022400865,23,7,5,182,30,25,0.5416012558869702,1.0694444444444444,0.5792124542124542
0022400866,24,4,4,165,30,26,1.090909090909091,0.9333333333333333,1.0181818181818183
0022400867,32,5,4,198,39,35,1.2606060606060605,1.054131054131054,1.3288439955106623
0022400868,53,6,6,147,20,14,1.2018140589569162,0.85,1.0215419501133787
0022400869,58,7,5,144,20,15,1.1507936507936507,1.0208333333333333,1.1747685185185186
0022400870,5,1,1,183,49,48,1.3387978142076502,0.9897959183673469,1.325136612021858
0022400871,50,5,4,157,25,21,1.592356687898089,1.0222222222222221,1.6277423920736023
0022400872,60,6,5,147,20,15,1.3605442176870748,0.9545454545454545,1.2987012987012987
0022400873,62,6,5,147,21,16,1.476190476190476,0.9610389610389609,1.4186765615337043
0022400874,33,8,6,153,26,20,0.7009803921568628,1.010989010989011,0.7086834733893557
0022400875,37,7,7,173,33,26,1.0082576383154416,0.8939393939393939,0.9013212221304706
0022400876,53,7,5,139,17,12,0.9260020554984584,0.9950980392156863,0.9214628297362111
0022400877,26,6,5,170,29,24,0.7392156862745097,0.9968652037617554,0.7368983957219252
0022400878,50,7,5,155,28,23,1.290322580645161,1.0625,1.370967741935484
0022400879,34,6,5,186,27,22,0.8225806451612904,0.9898989898989898,0.8142717497556207
0022400880,47,6,5,141,19,14,1.0555555555555556,0.9473684210526315,1.0
0022400881,28,3,3,189,39,36,1.9259259259259258,0.9615384615384616,1.8518518518518519
0022400882,47,8,6,149,15,9,0.5914429530201342,0.9142857142857144,0.5407478427612655
0022400883,13,2,2,183,43,41,1.5273224043715847,0.9767441860465116,1.4918032786885245
0022400884,37,6,5,183,26,21,0.8761384335154826,0.9860139860139859,0.8638847491306507
0022400885,45,4,3,150,24,21,1.8,1.0714285714285714,1.9285714285714284
0022400886,56,7,4,160,25,21,1.25,1.170909090909091,1.4636363636363636
0022400887,60,7,5,140,25,20,1.530612244897959,1.05,1.6071428571428572
0022400888,41,6,5,156,22,17,0.9636752136752137,0.9669421487603305,0.9318181818181818
0022400889,18,6,6,169,33,27,0.5857988165680473,0.9090909090909092,0.5325443786982249
0022400890,45,9,6,154,18,12,0.5844155844155844,1.0,0.5844155844155845
0022400891,34,6,4,159,20,16,0.7127882599580713,1.08,0.7698113207547169
0022400892,53,4,3,141,28,25,2.6312056737588656,1.0816326530612244,2.845997973657548
0022400893,31,6,5,167,26,21,0.8043912175648703,0.9860139860139859,0.7931409907457811
0022400894,36,5,4,173,27,23,1.1236994219653178,1.02880658436214,1.1560693641618498
0022400895,33,5,5,180,32,27,1.1733333333333333,0.921875,1.0816666666666666
0022400896,49,8,8,151,22,14,0.892384105960265,0.8181818181818181,0.7301324503311258
0022400897,81,9,5,129,10,5,0.6976744186046512,0.9642857142857143,0.6727574750830565
0022400898,37,7,6,155,25,19,0.8525345622119815,0.9476923076923076,0.807940446650124
0022400899,36,7,7,164,23,16,0.7212543554006969,0.8478260869565217,0.6114982578397212
0022400900,39,8,8,149,17,9,0.5562080536912752,0.7647058823529411,0.42533557046979864
0022400901,27,3,2,170,36,34,1.9058823529411766,1.1666666666666667,2.223529411764706
0022400902,17,4,4,180,34,30,0.8027777777777778,0.9411764705882353,0.7555555555555556
0022400903,18,6,5,195,37,32,0.5692307692307692,1.017199017199017,0.579020979020979
0022400904,18,4,4,190,44,40,1.0421052631578949,0.9545454545454546,0.9947368421052631
0022400905,15,4,4,195,37,33,0.7115384615384616,0.9459459459459459,0.6730769230769231
0022400906,40,6,3,172,23,20,0.8914728682170542,1.2463768115942029,1.1111111111111112
0022400907,58,6,5,132,14,9,1.0252525252525253,0.896103896103896,0.9187327823691461
0022400908,61,6,4,145,20,16,1.4022988505747127,1.08,1.5144827586206897
0022400909,47,10,7,175,24,17,0.6445714285714286,1.004901960784314,0.6477310924369748
0022400910,46,4,3,144,27,24,2.15625,1.0793650793650793,2.3273809523809526
0022400911,50,8,6,146,18,12,0.7705479452054794,0.9523809523809523,0.7338551859099803
0022400912,42,6,6,134,20,14,1.044776119402985,0.85,0.8880597014925374
0022400913,46,6,4,159,20,16,0.9643605870020965,1.08,1.0415094339622641
0022400914,45,5,5,158,31,26,1.7658227848101267,0.9193548387096775,1.6234177215189873
0022400915,23,6,6,182,26,20,0.5476190476190476,0.8846153846153846,0.48443223443223443
0022400916,64,7,6,149,22,16,1.3499520613614575,0.93006993006993,1.2555498193082086
0022400917,22,3,2,169,36,34,1.562130177514793,1.1666666666666667,1.8224852071005917
0022400918,50,7,5,142,19,14,0.9557344064386316,1.013157894736842,0.9683098591549296
0022400919,19,3,2,193,50,48,1.6407599309153713,1.1760000000000002,1.929533678756477
0022400920,18,4,4,181,31,27,0.770718232044199,0.935483870967742,0.7209944751381216
0022400921,58,7,4,141,14,10,0.8226950354609929,1.090909090909091,0.8974854932301741
0022400922,40,9,8,160,16,8,0.4444444444444445,0.7941176470588236,0.35294117647058826
0022400923,33,7,6,161,28,22,0.8198757763975155,0.9615384615384615,0.7883420926899187
0022400924,41,7,4,179,31,27,1.014365522745411,1.1906158357771262,1.2077196546470288
0022400925,57,6,5,143,23,18,1.527972027972028,0.9723320158102765,1.4856961220597584
0022400926,20,4,3,191,39,36,1.0209424083769632,1.098901098901099,1.1219147344801796
0022400927,20,5,3,181,32,29,0.7071823204419889,1.19140625,0.8425414364640884
0022400928,37,5,5,168,26,21,1.1452380952380952,0.9038461538461539,1.0351190476190475
0022400929,61,6,5,138,16,11,1.1787439613526571,0.9204545454545454,1.0849802371541502
0022400930,19,5,4,170,29,25,0.6482352941176471,1.0344827586206895,0.6705882352941176
0022400931,47,6,5,145,20,15,1.0804597701149425,0.9545454545454545,1.031347962382445
0022400932,29,5,5,173,29,24,0.9722543352601155,0.9137931034482758,0.8884393063583815
0022400933,33,6,6,183,24,18,0.7213114754098361,0.875,0.6311475409836066
0022400934,44,5,5,141,27,22,1.6851063829787234,0.9074074074074074,1.5290780141843971
0022400935,34,5,5,165,33,28,1.36,0.9242424242424243,1.2569696969696968
0022400936,27,5,3,173,25,22,0.7803468208092487,1.1749999999999998,0.916907514450867
0022400937,18,3,3,180,38,35,1.2666666666666668,0.9605263157894737,1.2166666666666668
0022400938,43,8,8,159,17,9,0.574685534591195,0.7647058823529411,0.43946540880503143
0022400939,23,6,5,178,31,26,0.6676029962546817,1.002932551319648,0.6695607763023493
0022400940,21,9,6,173,20,14,0.2697495183044316,1.02,0.27514450867052026
0022400941,37,7,5,171,25,20,0.7727652464494569,1.05,0.8114035087719297
0022400942,27,7,5,171,28,23,0.631578947368421,1.0625,0.6710526315789473
0022400943,37,7,5,161,23,18,0.7551020408163265,1.039855072463768,0.7851966873706003
0022400944,12,5,5,195,38,33,0.4676923076923077,0.9342105263157895,0.43692307692307686
0022400945,50,6,5,164,33,28,1.676829268292683,1.0082644628099173,1.6906873614190687
0022400946,28,6,5,166,34,29,0.9558232931726908,1.0106951871657754,0.9660460021905806
0022400947,44,6,5,167,26,21,1.1417165668662677,0.9860139860139859,1.125748502994012
0022400948,58,6,6,129,19,13,1.4237726098191217,0.8421052631578947,1.198966408268734
0022400949,40,5,5,151,29,24,1.5364238410596027,0.9137931034482758,1.403973509933775
0022400950,40,7,6,176,27,21,0.8766233766233767,0.9572649572649572,0.8391608391608391
0022400951,48,9,7,159,19,12,0.6373165618448637,0.9177631578947368,0.5849056603773586
0022400952,39,5,4,154,25,21,1.2662337662337664,1.0222222222222221,1.2943722943722942
0022400953,33,7,5,175,22,17,0.5926530612244898,1.034090909090909,0.6128571428571429
0022400954,22,5,5,195,40,35,0.9025641025641026,0.9375,0.8461538461538463
0022400955,40,5,5,167,32,27,1.532934131736527,0.921875,1.4131736526946108
0022400956,41,4,3,156,32,29,2.102564102564102,1.0892857142857142,2.29029304029304
0022400957,40,7,6,157,26,20,0.9463148316651502,0.9526627218934911,0.9015188633023027
0022400958,34,3,3,151,24,21,1.8013245033112582,0.9375,1.6887417218543046
0022400959,24,7,5,165,24,19,0.49870129870129865,1.0451388888888886,0.5212121212121212
0022400960,43,8,5,157,22,17,0.7531847133757962,1.0909090909090908,0.821656050955414
0022400961,76,7,4,130,13,9,1.0857142857142859,1.0769230769230769,1.1692307692307693
0022400962,18,7,5,202,32,27,0.4073550212164074,1.0755208333333333,0.4381188118811881
0022400963,19,3,3,182,35,32,1.217948717948718,0.9571428571428571,1.1657509157509158
0022400964,31,7,4,169,24,20,0.6289095519864751,1.1666666666666667,0.7337278106508875
0022400965,40,5,4,166,33,29,1.5903614457831325,1.043771043771044,1.6599732262382862
0022400966,18,6,6,210,41,35,0.5857142857142857,0.9268292682926829,0.5428571428571429
0022400967,49,6,4,144,24,20,1.3611111111111112,1.1,1.4972222222222222
0022400968,42,5,4,129,25,21,1.6279069767441863,1.0222222222222221,1.6640826873385015
0022400969,57,8,6,154,21,15,0.9715909090909091,0.979591836734694,0.9517625231910947
0022400970,29,4,4,178,33,29,1.3441011235955056,0.9393939393939394,1.2626404494382024
0022400971,38,8,4,161,18,14,0.5310559006211181,1.1851851851851851,0.629399585921325
0022400972,62,8,4,141,18,14,0.9893617021276595,1.1851851851851851,1.1725768321513002
0022400973,49,6,6,154,23,17,1.2196969696969697,0.8695652173913043,1.0606060606060606
0022400974,46,6,4,143,22,18,1.1794871794871795,1.090909090909091,1.2867132867132869
0022400975,33,6,4,178,25,21,0.7724719101123596,1.104,0.852808988764045
0022400976,29,4,4,179,34,30,1.3770949720670391,0.9411764705882353,1.2960893854748603
0022400977,7,2,2,186,42,40,0.7903225806451614,0.9761904761904762,0.7715053763440861
0022400978,22,8,6,180,24,18,0.36666666666666664,1.0,0.3666666666666667
0022400979,37,5,5,165,32,27,1.435151515151515,0.921875,1.323030303030303
0022400980,18,6,4,180,29,25,0.4833333333333334,1.1172413793103448,0.5399999999999999
0022400981,39,4,4,168,28,24,1.625,0.9285714285714286,1.5089285714285716
0022400982,22,4,4,177,36,32,1.1186440677966103,0.9444444444444444,1.0564971751412429
0022400983,44,9,7,166,25,18,0.7362784471218207,0.9675,0.7123493975903614
0022400984,68,7,7,126,15,8,1.1564625850340136,0.7666666666666666,0.8866213151927438
0022400985,27,6,4,194,36,32,0.8350515463917526,1.1333333333333333,0.9463917525773196
0022400986,34,7,5,197,32,27,0.788977519941987,1.0755208333333333,0.8485617597292724
0022400987,43,5,4,158,26,22,1.4151898734177215,1.0256410256410258,1.4514767932489452
0022400988,49,5,5,142,22,17,1.5183098591549293,0.8863636363636364,1.345774647887324
0022400989,50,7,6,163,24,18,1.0517090271691498,0.9423076923076923,0.9910335063709297
0022400990,33,6,5,174,28,23,0.8850574712643677,0.9935064935064934,0.8793103448275862
0022400991,26,5,5,166,27,22,0.8457831325301204,0.9074074074074074,0.7674698795180722
0022400992,30,7,5,178,30,25,0.7223113964686998,1.0694444444444444,0.7724719101123595
0022400993,33,5,4,165,27,23,1.08,1.02880658436214,1.1111111111111112
0022400994,33,6,5,154,23,18,0.8214285714285714,0.9723320158102765,0.7987012987012987
0022400995,67,7,7,134,16,9,1.1428571428571428,0.78125,0.8928571428571429
0022400996,45,4,4,151,29,25,2.160596026490066,0.9310344827586207,2.0115894039735096
0022400997,21,4,4,170,38,34,1.173529411764706,0.9473684210526316,1.111764705882353
0022400998,13,4,4,200,41,37,0.6662499999999999,0.9512195121951219,0.63375
0022400999,42,6,5,154,28,23,1.272727272727273,0.9935064935064934,1.2644628099173554
0022401000,27,8,5,174,21,16,0.4073275862068966,1.0842490842490842,0.4416445623342175
0022401001,21,4,4,176,36,32,1.0738636363636365,0.9444444444444444,1.0142045454545454
0022401002,62,5,5,137,21,16,1.9007299270072995,0.8809523809523809,1.6744525547445257
0022401003,31,8,5,162,24,19,0.5740740740740741,1.1025641025641024,0.6329534662867996
0022401004,20,5,4,199,35,31,0.7035175879396985,1.0476190476190477,0.7370184254606365
0022401005,57,5,5,152,30,25,2.25,0.9166666666666667,2.0625
0022401006,47,6,6,159,25,19,1.2316561844863732,0.88,1.0838574423480085
0022401007,68,6,5,135,22,17,1.8469135802469137,0.9669421487603305,1.7858585858585856
0022401008,39,6,4,164,22,18,0.8719512195121951,1.090909090909091,0.951219512195122
0022401009,39,6,4,157,24,20,0.9936305732484075,1.1,1.0929936305732484
0022401010,44,7,7,151,26,19,1.0823084200567643,0.8653846153846154,0.936613055818354
0022401011,43,6,5,177,31,26,1.2551789077212805,1.002932551319648,1.258859784283513
0022401012,25,3,3,169,31,28,1.5285996055226825,0.9516129032258065,1.4546351084812623
0022401013,35,3,2,163,34,32,2.4335378323108383,1.1647058823529413,2.834355828220859
0022401014,42,5,4,159,22,18,1.1622641509433962,1.0101010101010102,1.1740041928721174
0022401015,52,6,6,139,20,14,1.2470023980815346,0.85,1.0599520383693046
0022401016,27,7,5,172,26,21,0.5830564784053156,1.0544871794871795,0.6148255813953488
0022401017,61,6,4,134,19,15,1.4415422885572138,1.0736842105263158,1.547761194029851
0022401018,55,6,3,152,22,19,1.3267543859649125,1.2424242424242424,1.648391812865497
0022401019,45,5,5,163,29,24,1.6012269938650308,0.9137931034482758,1.46319018404908
0022401020,39,5,5,155,23,18,1.1574193548387097,0.8913043478260869,1.0316129032258066
0022401021,53,6,6,141,21,15,1.3156028368794326,0.8571428571428572,1.127659574468085
0022401022,12,5,4,183,32,28,0.419672131147541,1.0416666666666667,0.4371584699453552
0022401023,47,5,4,153,25,21,1.5359477124183007,1.0222222222222221,1.570079883805374
0022401024,26,8,7,178,27,20,0.49297752808988765,0.928395061728395,0.45767790262172287
0022401025,54,8,7,148,24,17,1.0945945945945947,0.9111111111111112,0.9972972972972972
0022401026,37,7,7,173,28,21,0.8554913294797688,0.875,0.7485549132947977
0022401027,21,4,4,163,27,23,0.8696319018404908,0.9259259259259259,0.8052147239263804
0022401028,23,7,6,188,22,16,0.3844984802431611,0.93006993006993,0.3576104746317512
0022401029,26,6,6,173,32,26,0.8015414258188824,0.90625,0.7263969171483622
0022401030,30,6,6,172,31,25,0.9011627906976744,0.9032258064516129,0.813953488372093
0022401031,21,6,4,179,35,31,0.6843575418994413,1.1314285714285715,0.7743016759776536
0022401032,46,6,4,146,20,16,1.0502283105022832,1.08,1.1342465753424658
0022401033,56,7,5,152,24,19,1.263157894736842,1.0451388888888886,1.3201754385964912
0022401034,31,5,4,155,19,15,0.76,0.9941520467836257,0.7555555555555555
0022401035,41,4,3,146,32,29,2.246575342465753,1.0892857142857142,2.447162426614481
0022401036,41,5,5,154,31,26,1.6506493506493507,0.9193548387096775,1.5175324675324675
0022401037,77,8,7,132,14,7,1.0208333333333333,0.8,0.8166666666666667
0022401038,17,3,2,166,31,29,1.0582329317269075,1.1612903225806452,1.2289156626506024
0022401039,26,6,5,188,32,27,0.7375886524822695,1.0056818181818181,0.741779497098646
0022401040,44,5,3,147,20,17,1.197278911564626,1.15625,1.3843537414965985
0022401041,35,5,4,157,27,23,1.2038216560509554,1.02880658436214,1.2384996461429583
0022401042,37,8,5,166,23,18,0.6408132530120482,1.0969899665551839,0.7029657089898053
0022401043,22,3,2,163,33,31,1.4846625766871167,1.1636363636363638,1.7276073619631902
0022401044,23,5,4,175,25,21,0.6571428571428571,1.0222222222222221,0.6717460317460316
0022401045,15,3,3,176,32,29,0.9090909090909091,0.953125,0.8664772727272727
0022401046,46,4,3,142,32,29,2.591549295774648,1.0892857142857142,2.822937625754527
0022401047,41,6,5,143,19,14,0.907925407925408,0.9473684210526315,0.8601398601398601
0022401048,58,5,4,147,22,18,1.7360544217687073,1.0101010101010102,1.7535903250188964
0022401049,38,6,5,168,31,26,1.1686507936507937,1.002932551319648,1.172077922077922
0022401050,30,3,3,164,33,30,2.0121951219512195,0.9545454545454546,1.920731707317073
0022401051,43,7,7,151,23,16,0.9356669820245979,0.8478260869565217,0.7932828760643329
0022401052,58,4,4,144,23,19,2.315972222222222,0.9130434782608696,2.1145833333333335
0022401053,50,9,5,145,17,12,0.6513409961685824,1.096638655462185,0.7142857142857143
0022401054,31,5,5,178,34,29,1.1842696629213483,0.9264705882352942,1.097191011235955
0022401055,29,3,3,164,33,30,1.9451219512195124,0.9545454545454546,1.8567073170731707
0022401056,13,4,3,174,28,25,0.5229885057471264,1.0816326530612244,0.5656814449917899
0022401057,55,7,4,145,16,12,0.8669950738916257,1.1136363636363638,0.9655172413793103
0022401058,26,4,2,168,29,27,1.1220238095238095,1.2873563218390804,1.4444444444444442
0022401059,37,9,5,168,23,18,0.5628306878306879,1.1459627329192545,0.6449829931972788
0022401060,35,7,6,160,24,18,0.7499999999999999,0.9423076923076923,0.7067307692307693
0022401061,38,7,5,169,22,17,0.7066779374471682,1.034090909090909,0.7307692307692308
0022401062,69,9,7,129,12,5,0.7131782945736435,0.7968750000000001,0.5683139534883721
0022401063,60,7,5,150,22,17,1.2571428571428571,1.034090909090909,1.3
0022401064,32,6,4,178,29,25,0.8689138576779026,1.1172413793103448,0.9707865168539327
0022401065,28,7,5,167,24,19,0.5748502994011976,1.0451388888888886,0.6007984031936128
0022401066,32,6,6,163,30,24,0.9815950920245399,0.9,0.8834355828220858
0022401067,8,4,4,197,44,40,0.4467005076142132,0.9545454545454546,0.4263959390862944
0022401068,28,4,4,176,35,31,1.3920454545454546,0.9428571428571428,1.3125
0022401069,64,5,4,134,20,16,1.9104477611940296,1.0,1.9104477611940298
0022401070,28,7,5,165,20,15,0.48484848484848486,1.0208333333333333,0.494949494949495
0022401071,41,7,4,151,22,18,0.8533585619678334,1.15702479338843,0.9873570138470801
0022401072,15,2,2,176,40,38,1.7045454545454546,0.975,1.6619318181818181
0022401073,40,8,7,168,24,17,0.7142857142857142,0.9111111111111112,0.6507936507936508
0022401074,39,3,3,158,29,26,2.3860759493670884,0.9482758620689655,2.2626582278481013
0022401075,23,7,6,173,27,21,0.5127993393889347,0.9572649572649572,0.49088483770564695
0022401076,67,6,5,120,19,14,1.7680555555555555,0.9473684210526315,1.675
0022401077,35,8,7,185,24,17,0.5675675675675677,0.9111111111111112,0.5171171171171172
0022401078,25,5,5,183,35,30,0.9562841530054644,0.9285714285714286,0.8879781420765027
0022401079,42,6,4,168,26,22,1.0833333333333335,1.1076923076923078,1.2
0022401080,53,6,5,138,26,21,1.6642512077294687,0.9860139860139859,1.6409749670619236
0022401081,47,7,5,165,25,20,1.0173160173160174,1.05,1.0681818181818181
0022401082,48,7,5,142,18,13,0.8692152917505029,1.0046296296296295,0.8732394366197183
0022401083,12,2,2,199,45,43,1.35678391959799,0.9777777777777779,1.326633165829146
0022401084,26,4,4,169,38,34,1.4615384615384615,0.9473684210526316,1.3846153846153846
0022401085,59,8,6,150,24,18,1.18,1.0,1.1800000000000002
0022401086,41,7,6,170,24,18,0.826890756302521,0.9423076923076923,0.779185520361991
0022401087,61,7,5,157,17,12,0.9435850773430391,0.9950980392156863,0.9389596602972399
0022401088,41,6,4,169,29,25,1.1725838264299802,1.1172413793103448,1.3100591715976333
0022401089,48,9,6,144,14,8,0.5185185185185185,0.942857142857143,0.48888888888888893
0022401090,49,9,6,155,19,13,0.6673835125448028,1.0105263157894737,0.6744086021505377
0022401091,38,8,4,151,24,20,0.7549668874172186,1.2222222222222223,0.9227373068432672
0022401092,53,9,8,162,21,13,0.7633744855967078,0.8571428571428572,0.654320987654321
0022401093,51,9,7,155,17,10,0.621505376344086,0.8933823529411766,0.555241935483871
0022401094,70,10,8,158,16,8,0.7088607594936709,0.8333333333333333,0.5907172995780592
0022401095,23,5,5,170,31,26,0.8388235294117646,0.9193548387096775,0.7711764705882352
0022401096,39,7,4,161,22,18,0.7613132209405502,1.15702479338843,0.88085827216262
0022401097,30,7,5,193,30,25,0.6661732050333087,1.0694444444444444,0.7124352331606217
0022401098,28,5,5,168,29,24,0.9666666666666667,0.9137931034482758,0.8833333333333333
0022401099,69,6,3,140,21,18,1.725,1.2380952380952381,2.1357142857142857
0022401100,26,7,6,189,32,26,0.6288737717309146,0.9759615384615384,0.6137566137566137
0022401101,25,7,5,171,24,19,0.5012531328320802,1.0451388888888886,0.5238791423001949
0022401102,31,6,6,199,42,36,1.0904522613065326,0.9285714285714286,1.0125628140703518
0022401103,41,7,7,153,27,20,1.0336134453781511,0.8703703703703703,0.8996265172735761
0022401104,71,6,6,121,21,15,2.053719008264463,0.8571428571428572,1.7603305785123968
0022401105,48,6,6,153,29,23,1.5163398692810457,0.896551724137931,1.3594771241830066
0022401106,25,6,6,150,22,16,0.6111111111111112,0.8636363636363636,0.5277777777777778
0022401107,61,6,5,146,24,19,1.6712328767123288,0.9772727272727271,1.6332503113325032
0022401108,23,5,3,184,35,32,0.8750000000000001,1.1964285714285712,1.046875
0022401109,47,6,3,162,26,23,1.257201646090535,1.2564102564102564,1.5795610425240056
0022401110,65,7,5,147,19,14,1.2001943634596695,1.013157894736842,1.215986394557823
0022401111,47,6,6,147,19,13,1.0124716553287982,0.8421052631578947,0.8526077097505669
0022401112,38,6,6,142,23,17,1.0258215962441315,0.8695652173913043,0.8920187793427231
0022401113,44,6,6,142,21,15,1.0845070422535212,0.8571428571428572,0.9295774647887325
0022401114,36,6,3,162,26,23,0.9629629629629629,1.2564102564102564,1.2098765432098766
0022401115,43,8,7,151,23,16,0.8187086092715232,0.9043478260869565,0.7403973509933774
0022401116,46,5,4,158,26,22,1.5139240506329112,1.0256410256410258,1.5527426160337552
0022401117,28,2,2,159,36,34,3.169811320754717,0.9722222222222222,3.0817610062893084
0022401118,38,6,6,157,33,27,1.3312101910828027,0.9090909090909092,1.210191082802548
0022401119,30,7,3,176,31,28,0.7548701298701299,1.332258064516129,1.0056818181818181
0022401120,52,7,3,137,17,14,0.9217935349322212,1.276470588235294,1.1766423357664233
0022401121,38,7,4,167,29,25,0.9426860564585117,1.1849529780564263,1.1170386499727816
0022401122,33,7,5,184,26,21,0.6661490683229813,1.0544871794871795,0.7024456521739131
0022401123,51,6,5,155,27,22,1.4806451612903226,0.9898989898989898,1.4656891495601172
0022401124,61,5,4,144,19,15,1.6097222222222223,0.9941520467836257,1.6003086419753085
0022401125,32,8,6,164,19,13,0.4634146341463415,0.9624060150375939,0.445993031358885
0022401126,25,6,6,166,29,23,0.7279116465863454,0.896551724137931,0.6526104417670683
0022401127,42,5,4,159,29,25,1.532075471698113,1.0344827586206895,1.5849056603773586
0022401128,48,5,5,148,25,20,1.6216216216216215,0.9,1.4594594594594594
0022401129,38,7,6,171,28,22,0.8888888888888888,0.9615384615384615,0.8547008547008547
0022401130,44,4,4,148,32,28,2.3783783783783785,0.9375,2.22972972972973
0022401131,41,6,6,172,28,22,1.112403100775194,0.8928571428571428,0.993217054263566
0022401132,39,5,5,166,33,28,1.5506024096385544,0.9242424242424243,1.433132530120482
0022401133,32,8,7,178,33,26,0.7415730337078652,0.9535353535353536,0.7071161048689139
0022401134,33,6,5,190,27,22,0.781578947368421,0.9898989898989898,0.7736842105263159
0022401135,29,5,5,163,22,17,0.7828220858895705,0.8863636363636364,0.6938650306748466
0022401136,43,6,4,162,28,24,1.2386831275720165,1.1142857142857143,1.3802469135802469
0022401137,76,6,5,107,12,7,1.4205607476635516,0.8636363636363636,1.2268479184367034
0022401138,57,6,6,141,22,16,1.4822695035460993,0.8636363636363636,1.2801418439716312
0022401139,51,8,6,163,26,20,1.0168711656441718,1.010989010989011,1.0280455740578438
0022401140,29,8,6,161,26,20,0.5854037267080745,1.010989010989011,0.5918367346938775
0022401141,37,5,5,148,29,24,1.45,0.9137931034482758,1.325
0022401142,30,7,6,182,25,19,0.5886970172684459,0.9476923076923076,0.5579036348267117
0022401143,67,7,5,132,16,11,1.1601731601731602,0.9843749999999999,1.1420454545454546
0022401144,22,4,2,168,34,32,1.1130952380952381,1.2941176470588236,1.4404761904761905
0022401145,37,7,5,159,19,14,0.6316262353998203,1.013157894736842,0.639937106918239
0022401146,36,5,4,164,27,23,1.1853658536585365,1.02880658436214,1.2195121951219512
0022401147,39,6,4,168,23,19,0.8898809523809524,1.0956521739130436,0.9750000000000001
0022401148,38,3,3,155,36,33,2.941935483870968,0.9583333333333333,2.819354838709678
0022401149,14,3,2,182,39,37,1.0,1.1692307692307693,1.1692307692307693
0022401150,20,5,4,186,34,30,0.7311827956989247,1.0457516339869282,0.7646356033452808
0022401151,39,5,4,169,30,26,1.3846153846153846,1.037037037037037,1.435897435897436
0022401152,39,7,5,150,19,14,0.7057142857142857,1.013157894736842,0.715
0022401153,20,6,5,181,31,26,0.5709023941068141,1.002932551319648,0.572576594676042
0022401154,54,8,7,151,20,13,0.8940397350993379,0.88,0.7867549668874172
0022401155,65,7,6,137,21,15,1.4233576642335766,0.9230769230769231,1.313868613138686
0022401156,77,6,4,105,8,4,0.9777777777777779,0.9000000000000001,0.88
0022401157,38,8,6,172,30,24,0.8284883720930233,1.0285714285714287,0.8521594684385383
0022401158,77,6,6,129,18,12,1.7906976744186047,0.8333333333333333,1.4922480620155039
0022401159,34,6,4,156,23,19,0.8354700854700854,1.0956521739130436,0.9153846153846154
0022401160,83,9,6,124,12,6,0.8924731182795699,0.9000000000000001,0.803225806451613
0022401161,59,5,3,156,29,26,2.193589743589744,1.1853448275862069,2.6001602564102564
0022401162,30,8,7,206,33,26,0.6007281553398058,0.9535353535353536,0.5728155339805825
0022401163,17,5,5,173,35,30,0.6878612716763006,0.9285714285714286,0.6387283236994219
0022401164,28,4,4,177,29,25,1.1468926553672316,0.9310344827586207,1.0677966101694916
0022401165,24,4,4,165,30,26,1.090909090909091,0.9333333333333333,1.0181818181818183
0022401166,61,9,7,139,14,7,0.6826538768984812,0.84375,0.5759892086330936
0022401167,27,4,4,164,33,29,1.3582317073170733,0.9393939393939394,1.2759146341463417
0022401168,39,9,7,162,21,14,0.5617283950617283,0.9375,0.5266203703703703
0022401169,23,6,6,194,34,28,0.6718213058419243,0.9117647058823529,0.6125429553264604
0022401170,40,6,4,166,28,24,1.1244979919678715,1.1142857142857143,1.2530120481927711
0022401171,38,8,7,163,26,19,0.7576687116564418,0.9230769230769231,0.6993865030674847
0022401172,34,6,4,179,33,29,1.0446927374301676,1.1272727272727274,1.1776536312849162
0022401173,46,6,4,157,21,17,1.0254777070063694,1.0857142857142859,1.113375796178344
0022401174,68,7,6,133,16,10,1.1686358754027928,0.875,1.0225563909774436
0022401175,22,5,5,167,27,22,0.7113772455089821,0.9074074074074074,0.6455089820359281
0022401176,71,7,5,136,20,15,1.4915966386554624,1.0208333333333333,1.5226715686274508
0022401177,69,9,8,145,19,11,1.0045977011494254,0.8359133126934984,0.8397565922920892
0022401178,63,7,3,147,19,16,1.1632653061224492,1.2894736842105263,1.5
0022401179,32,3,3,153,33,30,2.300653594771242,0.9545454545454546,2.1960784313725488
0022401180,17,5,5,191,32,27,0.5696335078534032,0.921875,0.525130890052356
0022401181,59,6,4,158,20,16,1.2447257383966244,1.08,1.3443037974683545
0022401182,100,6,5,98,9,4,1.5306122448979593,0.7878787878787878,1.2059369202226347
0022401183,24,5,5,183,29,24,0.760655737704918,0.9137931034482758,0.6950819672131147
0022401184,53,6,4,133,21,17,1.394736842105263,1.0857142857142859,1.514285714285714
0022401185,32,9,6,180,22,16,0.4345679012345679,1.0363636363636364,0.45037037037037037
0022401186,53,8,5,147,11,6,0.4957482993197279,0.951048951048951,0.4714809000523286
0022401187,41,7,4,142,21,17,0.8661971830985915,1.1515151515151516,0.9974391805377719
0022401188,14,6,6,183,32,26,0.4080145719489982,0.90625,0.36976320582877964
0022401189,45,6,6,207,32,26,1.1594202898550725,0.90625,1.0507246376811594
0022401190,56,8,6,149,17,11,0.7986577181208054,0.9411764705882353,0.7516778523489933
0022401191,44,7,6,171,22,16,0.808688387635756,0.93006993006993,0.752136752136752
0022401192,69,7,5,150,26,21,1.7085714285714286,1.0544871794871795,1.8016666666666667
0022401193,31,6,6,169,30,24,0.9171597633136095,0.9,0.8254437869822486
0022401194,61,9,3,148,17,14,0.7785285285285286,1.3676470588235294,1.0647522522522523
0022401195,44,5,4,152,21,17,1.2157894736842108,1.0052910052910053,1.222222222222222
0022401196,43,6,6,161,34,28,1.513457556935818,0.9117647058823529,1.3799171842650104
0022401197,42,6,5,168,27,22,1.1250000000000002,0.9898989898989898,1.1136363636363638
0022401198,22,4,3,179,32,29,0.9832402234636871,1.0892857142857142,1.0710295291300878
0022401199,35,7,6,149,22,16,0.738255033557047,0.93006993006993,0.6866288074341766
0022401200,68,6,5,114,9,4,0.894736842105263,0.7878787878787878,0.7049441786283891
0022401201,50,5,5,149,28,23,1.8791946308724832,0.9107142857142857,1.7114093959731542
0022401202,42,8,5,160,17,12,0.5578125,1.0497737556561086,0.585576923076923
0022401203,46,8,5,156,17,12,0.6266025641025641,1.0497737556561086,0.6577909270216963
0022401204,46,7,6,140,17,11,0.7979591836734693,0.8868778280542986,0.7076923076923077
0022401205,74,6,3,129,14,11,1.338501291989664,1.1904761904761905,1.5934539190353143
0022401206,49,6,5,154,25,20,1.3257575757575757,0.9818181818181818,1.3016528925619835
0022401207,44,6,5,155,31,26,1.4666666666666668,1.002932551319648,1.4709677419354839
0022401208,23,6,4,177,30,26,0.6497175141242938,1.12,0.7276836158192092
0022401209,46,6,5,153,28,23,1.4030501089324618,0.9935064935064934,1.3939393939393938
0022401210,41,7,7,159,22,15,0.8104222821203952,0.8409090909090908,0.6814914645103324
0022401211,40,8,6,172,27,21,0.7848837209302325,1.0158730158730158,0.7973421926910299
0022401212,34,7,6,176,29,23,0.8003246753246753,0.9655172413793103,0.7727272727272728
0022401213,17,4,4,197,33,29,0.7119289340101523,0.9393939393939394,0.6687817258883249
0022401214,27,8,6,165,22,16,0.45,0.987012987012987,0.4441558441558442
0022401215,30,5,4,165,26,22,0.9454545454545454,1.0256410256410258,0.9696969696969697
0022401216,40,6,5,163,29,24,1.1860940695296525,0.9968652037617554,1.1823759063022865
0022401217,39,8,6,168,23,17,0.6674107142857144,0.9937888198757764,0.6632653061224489
0022401218,50,5,3,151,20,17,1.3245033112582782,1.15625,1.531456953642384
0022401219,31,6,5,166,23,18,0.7158634538152611,0.9723320158102765,0.6960569550930996
0022401220,19,3,3,201,46,43,1.449419568822554,0.9673913043478262,1.4021558872305142
0022401221,35,8,8,197,30,22,0.666243654822335,0.8666666666666667,0.5774111675126904
0022401222,55,7,7,152,31,24,1.6024436090225564,0.8870967741935484,1.4215225563909777
0022401223,30,7,4,189,34,30,0.7709750566893423,1.1978609625668448,0.9235209235209235
0022401224,13,5,4,183,38,34,0.5398907103825137,1.0526315789473684,0.5683060109289617
0022401225,36,7,4,185,30,26,0.833976833976834,1.187878787878788,0.9906633906633906
0022401226,38,4,4,172,32,28,1.7674418604651163,0.9375,1.6569767441860466
0022401227,34,6,5,154,27,22,0.9935064935064934,0.9898989898989898,0.9834710743801652
0022401228,54,6,6,149,22,16,1.3288590604026846,0.8636363636363636,1.1476510067114096
0022401229,20,3,3,191,37,34,1.2914485165794067,0.9594594594594594,1.2390924956369984
0022401230,17,2,2,181,43,41,2.019337016574586,0.9767441860465116,1.9723756906077348
