game_id,n0,f0,c0,n1,f1,c1,immediate,continuation,WMI
0022400001,109,12,3,92,13,10,1.283514492753623,1.4153846153846152,1.8166666666666667
0022400002,95,17,10,120,21,11,0.9779411764705882,0.9594356261022926,0.9382716049382716
0022400003,74,15,9,128,16,7,0.6166666666666666,0.8984375,0.5540364583333333
0022400004,91,17,6,110,13,7,0.6326203208556149,1.137123745819398,0.7193675889328064
0022400005,102,13,5,97,12,7,0.9706582077716099,1.1435185185185186,1.1099656357388314
0022400006,92,13,9,99,13,4,0.9292929292929295,0.7727272727272727,0.7180899908172635
0022400007,72,19,9,137,17,8,0.47022666154437187,0.9978991596638657,0.4692387904066736
0022400008,69,15,9,135,22,13,0.7496296296296298,0.9943181818181818,0.7453703703703703
0022400009,110,16,7,93,9,2,0.6653225806451613,0.8502415458937199,0.5656848994857411
0022400010,66,14,10,121,21,11,0.8181818181818182,0.8888888888888887,0.7272727272727273
0022400011,110,13,6,96,13,7,1.1458333333333333,1.0526315789473681,1.206140350877193
0022400012,114,14,10,111,20,10,1.4671814671814671,0.8749999999999999,1.283783783783784
0022400013,85,16,9,134,18,9,0.7136194029850746,0.96,0.6850746268656717
0022400014,78,14,9,122,24,15,1.0960187353629975,0.9891304347826088,1.084105488239487
0022400015,94,12,6,102,16,10,1.2287581699346406,1.0833333333333333,1.3311546840958606
0022400016,83,17,10,128,17,7,0.6484375,0.8888888888888887,0.576388888888889
0022400017,90,16,7,98,12,5,0.6887755102040816,0.9855072463768116,0.678793256433008
0022400018,76,11,8,119,27,19,1.5676088617265087,0.98635477582846,1.546218487394958
0022400019,92,13,7,131,26,19,1.4045801526717558,1.1250000000000002,1.5801526717557253
0022400020,90,14,10,126,19,9,0.9693877551020408,0.8596491228070174,0.8333333333333333
0022400021,87,14,5,106,15,10,0.8793800539083558,1.2280701754385963,1.079940417080437
0022400022,89,14,5,108,16,11,0.9417989417989417,1.243421052631579,1.1710526315789473
0022400023,78,16,10,148,28,18,0.9222972972972974,1.010989010989011,0.9324324324324325
0022400024,80,12,9,125,22,13,1.1733333333333333,0.9090909090909091,1.0666666666666667
0022400025,96,14,8,105,14,6,0.9142857142857143,0.9090909090909092,0.8311688311688311
0022400026,56,14,9,144,23,14,0.6388888888888888,0.9792060491493384,0.6256038647342995
0022400027,78,12,6,108,17,11,1.0231481481481481,1.0980392156862744,1.1234567901234567
0022400028,86,14,8,122,25,17,1.2587822014051522,1.0690909090909093,1.34575260804769
0022400029,102,14,9,112,19,10,1.235969387755102,0.9290617848970251,1.1482919254658386
0022400030,99,18,9,119,13,4,0.6008403361344538,0.8717948717948718,0.5238095238095238
0022400031,76,12,7,130,23,16,1.1205128205128205,1.0709382151029747,1.2
0022400032,72,13,8,130,25,17,1.0650887573964498,1.04,1.1076923076923078
0022400033,86,12,7,117,25,18,1.5313390313390314,1.0863157894736841,1.6635177687809268
0022400034,99,11,7,102,19,12,1.6764705882352942,0.9970760233918129,1.6715686274509802
0022400035,78,15,8,139,23,15,0.8604316546762589,1.0775047258979207,0.9271191742258368
0022400036,73,14,9,107,15,6,0.7309746328437917,0.8521739130434782,0.6229175132060139
0022400037,96,13,8,120,19,11,1.1692307692307693,0.9774436090225563,1.1428571428571428
0022400038,83,13,8,119,21,13,1.1266968325791855,1.002267573696145,1.129251700680272
0022400039,111,11,9,95,16,7,1.6995215311004783,0.7906249999999999,1.3436842105263158
0022400040,96,11,7,92,18,11,1.707509881422925,0.984567901234568,1.6811594202898552
0022400041,88,14,8,120,22,14,1.1523809523809523,1.0413223140495866,1.2
0022400042,84,14,11,125,21,10,1.0080000000000002,0.8266666666666668,0.83328
0022400043,84,14,10,115,17,7,0.8869565217391305,0.8235294117647057,0.7304347826086957
0022400044,80,16,5,109,11,6,0.5045871559633027,1.1774891774891774,0.5941459152468327
0022400045,92,15,7,114,14,7,0.7532163742690058,1.0227272727272727,0.770334928229665
0022400046,94,12,6,99,18,12,1.4242424242424243,1.111111111111111,1.5824915824915826
0022400047,110,14,6,101,15,9,1.166902404526167,1.12,1.3069306930693068
0022400048,80,14,9,107,15,6,0.8010680907877169,0.8521739130434782,0.6826493295408371
0022400049,89,13,6,108,18,12,1.141025641025641,1.1403508771929822,1.301169590643275
0022400050,76,11,7,113,24,17,1.4674175382139982,1.0439814814814816,1.5319567354965586
0022400051,82,13,10,127,24,14,1.1920048455481527,0.8949275362318841,1.0667579596028758
0022400052,81,13,9,124,21,12,1.0552109181141438,0.9285714285714286,0.9798387096774194
0022400053,80,13,10,126,24,14,1.172161172161172,0.8949275362318841,1.048999309868875
0022400054,76,16,8,140,24,16,0.8142857142857144,1.111111111111111,0.9047619047619048
0022400055,89,11,7,106,21,14,1.602915951972556,1.0185185185185186,1.6325995807127882
0022400056,74,18,11,142,22,11,0.6369327073552424,0.9310344827586207,0.5930063137445362
0022400057,85,14,8,115,16,8,0.84472049689441,0.9545454545454546,0.8063241106719367
0022400058,77,16,11,139,20,9,0.6924460431654675,0.8592592592592593,0.5949906741273648
0022400059,56,16,9,135,18,9,0.4666666666666667,0.96,0.448
0022400060,87,14,7,101,13,6,0.7998585572842999,0.9743589743589745,0.7793493635077793
0022400061,93,12,7,91,13,6,1.1071428571428572,0.9230769230769231,1.021978021978022
0022400062,60,13,7,131,24,17,0.8455666470933646,1.1104166666666668,0.9389312977099238
0022400063,81,13,10,122,24,14,1.2257250945775537,0.8949275362318841,1.0969351389878832
0022400064,63,16,9,147,31,22,0.8303571428571429,1.0941935483870968,0.9085714285714287
0022400065,74,13,8,125,24,16,1.0929230769230769,1.0317460317460316,1.1276190476190477
0022400066,63,12,8,140,31,23,1.1625,1.0451612903225806,1.215
0022400067,63,15,12,142,25,13,0.7394366197183099,0.8444444444444444,0.6244131455399061
0022400068,64,16,10,130,21,11,0.6461538461538462,0.9377289377289377,0.6059171597633136
0022400069,96,18,7,121,12,5,0.5289256198347108,1.02,0.5395041322314049
0022400070,59,14,10,151,38,28,1.0605487228003785,1.013157894736842,1.074503311258278
0022400071,101,12,10,129,32,22,2.0878552971576227,0.9204545454545454,1.9217758985200846
0022400072,61,17,9,158,24,15,0.5450483991064781,1.0625,0.579113924050633
0022400073,91,14,9,117,19,10,1.0555555555555556,0.9290617848970251,0.9806763285024155
0022400074,98,15,6,114,21,15,1.2035087719298245,1.2244897959183676,1.4736842105263157
0022400075,85,17,7,117,9,2,0.38461538461538464,0.8657407407407409,0.332977207977208
0022400076,71,18,10,135,18,8,0.5259259259259259,0.9285714285714285,0.4883597883597884
0022400077,52,16,11,147,27,16,0.5969387755102041,0.943758573388203,0.5633660871756109
0022400078,40,12,12,165,48,36,0.9696969696969697,0.875,0.8484848484848484
0022400079,66,9,7,143,38,31,1.948717948717949,1.0213815789473686,1.9903846153846152
0022400080,87,13,6,113,19,13,1.1252552756977536,1.152354570637119,1.2966930600838378
0022400081,73,14,7,124,22,15,0.925115207373272,1.121212121212121,1.0372503840245777
0022400082,48,14,9,170,36,27,0.7260504201680672,1.065217391304348,0.7734015345268542
0022400083,92,15,8,125,14,6,0.6869333333333333,0.9316770186335405,0.64
0022400084,86,14,8,122,17,9,0.8559718969555034,0.9732620320855615,0.8330849478390461
0022400085,75,12,9,130,27,18,1.2980769230769231,0.9523809523809523,1.236263736263736
0022400086,85,16,11,119,19,8,0.8482142857142857,0.8421052631578947,0.7142857142857143
0022400087,69,13,9,125,23,14,0.9766153846153846,0.9505928853754941,0.9283636363636364
0022400088,61,17,10,138,19,9,0.49403239556692247,0.9278752436647172,0.4584004294149222
0022400089,87,13,6,110,20,14,1.2167832167832167,1.163157894736842,1.4153110047846889
0022400090,66,15,9,147,32,23,0.9578231292517007,1.07421875,1.0289115646258504
0022400091,99,18,7,133,17,10,0.7030075187969924,1.1435294117647061,0.8039097744360901
0022400092,68,14,6,144,25,19,0.8432539682539683,1.232,1.038888888888889
0022400093,86,16,8,115,15,7,0.7010869565217391,0.9777777777777779,0.6855072463768116
0022400094,57,14,10,136,25,15,0.7484243697478993,0.9333333333333333,0.698529411764706
0022400095,70,15,11,127,23,12,0.8451443569553807,0.8779264214046822,0.7419745608721987
0022400096,98,13,10,116,21,11,1.3647214854111405,0.8612836438923396,1.1754122938530733
0022400097,80,15,9,137,25,16,0.9732360097323601,1.025,0.9975669099756692
0022400098,67,13,7,132,24,17,0.9370629370629371,1.1104166666666668,1.040530303030303
0022400099,68,11,8,128,27,19,1.3039772727272727,0.98635477582846,1.2861842105263157
0022400100,76,13,8,129,24,16,1.0876565295169947,1.0317460317460316,1.1221853082318198
0022400101,82,15,9,126,21,12,0.9111111111111111,0.9821428571428571,0.89484126984127
0022400102,63,12,9,140,34,25,1.2750000000000001,0.9915966386554622,1.2642857142857145
0022400103,81,15,11,132,26,15,1.0636363636363637,0.9097633136094674,0.9676573426573427
0022400104,86,13,10,119,20,10,1.1118293471234648,0.8478260869565217,0.9426379247351115
0022400105,89,15,8,106,13,5,0.7276729559748428,0.9030100334448161,0.6570959803117309
0022400106,78,11,9,119,21,12,1.251336898395722,0.8642857142857142,1.081512605042017
0022400107,93,19,12,136,20,8,0.7198142414860681,0.8580645161290322,0.6176470588235294
0022400108,102,13,10,109,17,7,1.2237120677487652,0.7979539641943734,0.9764658954926208
0022400109,62,14,8,127,23,15,0.8020247469066367,1.051383399209486,0.8432355046528275
0022400110,84,16,12,118,18,6,0.8008474576271187,0.7619047619047619,0.6101694915254238
0022400111,70,13,10,125,22,12,0.9476923076923076,0.8735177865612649,0.8278260869565218
0022400112,64,13,10,136,29,19,1.0497737556561086,0.9355322338830585,0.9820971867007673
0022400113,53,16,10,159,33,23,0.6875000000000001,1.0442890442890442,0.717948717948718
0022400114,74,15,8,122,21,13,0.8491803278688524,1.0559006211180124,0.8966500356379187
0022400115,98,11,5,98,18,13,1.6363636363636365,1.184027777777778,1.9375000000000002
0022400116,86,10,8,109,18,10,1.4201834862385323,0.8641975308641975,1.2273190621814476
0022400117,80,14,9,128,25,16,1.1160714285714286,0.9982608695652175,1.1141304347826089
0022400118,101,13,5,112,17,12,1.1792582417582416,1.2320261437908497,1.4528769841269844
0022400119,103,13,8,138,25,17,1.435340022296544,1.04,1.492753623188406
0022400120,64,12,9,121,23,14,1.0137741046831956,0.9192546583850932,0.9319165682802046
0022400121,93,14,9,122,20,11,1.0889929742388758,0.9434782608695653,1.0274411974340698
0022400122,83,9,6,109,20,14,1.6921508664627931,1.02,1.725993883792049
0022400123,90,17,9,114,15,6,0.696594427244582,0.9153846153846154,0.6376518218623483
0022400124,78,15,10,124,20,10,0.8387096774193548,0.9000000000000001,0.7548387096774193
0022400125,125,14,3,76,3,0,0.35244360902255634,0.823529411764706,0.2902476780185758
0022400126,72,12,7,116,19,12,0.9827586206896551,1.0304709141274238,1.012704174228675
0022400127,67,16,8,124,16,8,0.5403225806451613,1.0,0.5403225806451613
0022400128,70,16,12,137,26,14,0.8302919708029197,0.879120879120879,0.72992700729927
0022400129,63,14,9,126,24,15,0.8571428571428571,0.9891304347826088,0.8478260869565218
0022400130,92,13,8,111,20,12,1.2751212751212753,0.9904761904761905,1.262977262977263
0022400131,79,12,6,123,26,20,1.39159891598916,1.1794871794871795,1.6413730803974707
0022400132,83,16,8,115,16,8,0.7217391304347825,1.0,0.7217391304347825
0022400133,85,14,6,121,21,15,1.053719008264463,1.2,1.2644628099173554
0022400134,108,15,6,91,8,2,0.6329670329670329,0.8928571428571429,0.5651491365777079
0022400135,98,12,7,113,25,18,1.8067846607669618,1.0863157894736841,1.9627387051700047
0022400136,102,15,7,104,14,7,0.9153846153846154,1.0227272727272727,0.9361888111888111
0022400137,83,16,11,123,23,12,0.9700203252032519,0.9017713365539453,0.8747365251430292
0022400138,102,15,6,97,12,6,0.8412371134020619,1.0714285714285714,0.9013254786450664
0022400139,92,13,8,111,19,11,1.2113652113652114,0.9774436090225563,1.1840411840411842
0022400140,73,12,10,130,26,16,1.2166666666666668,0.881118881118881,1.0720279720279722
0022400141,85,15,9,111,16,7,0.8168168168168167,0.8984375,0.7338588588588588
0022400142,75,16,9,128,17,8,0.62255859375,0.9411764705882354,0.5859375
0022400143,94,19,10,140,22,12,0.7774436090225564,1.0125391849529781,0.787192118226601
0022400144,48,16,14,167,34,20,0.6107784431137725,0.8470588235294119,0.5173652694610779
0022400145,92,12,6,102,14,8,1.0522875816993464,1.0476190476190477,1.10239651416122
0022400146,89,15,9,103,12,3,0.6912621359223301,0.78125,0.5400485436893203
0022400147,79,14,10,127,22,12,0.9775028121484814,0.9015151515151514,0.881233595800525
0022400148,76,14,9,137,25,16,0.9906152241918665,0.9982608695652175,0.9888924151063155
0022400149,116,12,9,92,14,5,1.4710144927536233,0.7755102040816327,1.1407867494824016
0022400150,76,16,9,126,19,10,0.7162698412698413,0.9768421052631578,0.6996825396825396
0022400151,56,11,7,133,31,24,1.186602870813397,1.0842293906810037,1.286549707602339
0022400152,92,12,3,105,14,11,1.0222222222222221,1.4285714285714284,1.4603174603174602
0022400153,75,13,9,127,27,18,1.2265293761356755,0.9848484848484848,1.2079455977093772
0022400154,109,15,8,95,12,4,0.9178947368421052,0.8695652173913043,0.7981693363844393
0022400155,91,11,10,118,25,15,1.7526964560862865,0.8380952380952381,1.4689265536723162
0022400156,80,15,8,118,20,12,0.903954802259887,1.0434782608695654,0.9432571849668386
0022400157,108,14,7,106,11,4,0.8005390835579516,0.9090909090909092,0.7277628032345013
0022400158,73,17,9,115,14,5,0.5227621483375959,0.8873626373626374,0.46387959866220735
0022400159,48,12,10,138,22,12,0.6376811594202898,0.8429752066115701,0.5375494071146245
0022400160,85,13,10,123,25,15,1.32895559724828,0.9043478260869566,1.201838105337575
0022400161,74,11,7,111,21,14,1.2727272727272727,1.0185185185185186,1.2962962962962963
0022400162,66,13,7,133,24,17,0.9161364950838635,1.1104166666666668,1.0172932330827067
0022400163,84,14,10,120,19,9,0.95,0.8596491228070174,0.8166666666666668
0022400164,93,13,5,94,15,10,1.1415711947626843,1.2037037037037037,1.374113475177305
0022400165,90,17,7,122,13,6,0.5641272902603665,1.0352564102564104,0.584016393442623
0022400166,69,15,10,138,27,17,0.9,0.977777777777778,0.8799999999999999
0022400167,92,13,11,111,17,6,1.0838530838530838,0.7328431372549019,0.7942942942942943
0022400168,70,10,7,115,24,17,1.4608695652173913,1.004901960784314,1.4680306905370843
0022400169,84,16,9,121,12,3,0.5206611570247934,0.8,0.41652892561983473
0022400170,63,12,7,130,26,19,1.05,1.0931174089068825,1.1477732793522268
0022400171,108,12,6,93,17,11,1.6451612903225807,1.0980392156862744,1.806451612903226
0022400172,92,11,8,102,24,16,1.9679144385026737,0.9649122807017543,1.8988648090815272
0022400173,108,15,6,99,9,3,0.6545454545454545,0.9523809523809524,0.6233766233766234
0022400174,101,14,8,107,17,9,1.146194926568758,0.9732620320855615,1.1155480033984706
0022400175,91,15,10,109,17,7,0.9461773700305811,0.8470588235294118,0.8014678899082569
0022400176,96,15,8,120,16,8,0.8533333333333333,0.9782608695652175,0.8347826086956522
0022400177,56,14,9,163,31,22,0.7607361963190185,1.0406732117812063,0.7916777807415312
0022400178,97,16,4,102,11,7,0.6537990196078431,1.309090909090909,0.8558823529411765
0022400179,66,12,6,117,22,16,1.034188034188034,1.1515151515151516,1.190883190883191
0022400180,75,14,10,114,17,7,0.7988721804511277,0.8235294117647057,0.6578947368421052
0022400181,89,12,6,107,17,11,1.1783489096573208,1.0980392156862744,1.2938733125649013
0022400182,76,17,8,120,17,9,0.6333333333333333,1.0399999999999998,0.6586666666666666
0022400183,93,13,7,100,14,7,1.0015384615384617,0.9750000000000001,0.9764999999999999
0022400184,83,13,7,106,13,6,0.7830188679245282,0.9500000000000002,0.7438679245283019
0022400185,80,17,10,134,17,7,0.5970149253731344,0.8888888888888887,0.5306799336650082
0022400186,88,14,7,107,15,8,0.8811748998664886,1.0222222222222221,0.9007565643079661
0022400187,85,17,9,120,17,8,0.7083333333333333,0.9615384615384617,0.6810897435897436
0022400188,85,17,8,133,15,7,0.5639097744360901,0.9973333333333333,0.5624060150375939
0022400189,66,13,8,124,18,10,0.7369727047146403,0.9629629629629629,0.7096774193548387
0022400190,73,14,7,113,17,10,0.7844500632111253,1.0588235294117647,0.8305941845764856
0022400191,72,15,10,142,24,14,0.8112676056338027,0.9500000000000002,0.7707042253521126
0022400192,91,13,11,117,22,11,1.3162393162393162,0.8125,1.0694444444444444
0022400193,100,13,6,109,17,11,1.1997177134791814,1.1269349845201238,1.3520038628681796
0022400194,98,16,5,110,12,7,0.6681818181818182,1.2063492063492065,0.8060606060606061
0022400195,86,15,8,110,13,5,0.6775757575757575,0.9030100334448161,0.6118577075098814
0022400196,79,14,8,119,19,11,0.9009603841536614,1.0047846889952154,0.9052711993888465
0022400197,82,11,7,129,28,21,1.6180408738548273,1.0694444444444444,1.7304048234280793
0022400198,88,13,9,124,20,11,1.0918114143920594,0.9159090909090909,1.0
0022400199,73,14,8,114,14,6,0.6403508771929824,0.9090909090909092,0.5821371610845295
0022400200,70,13,7,126,23,16,0.9829059829059829,1.1021739130434784,1.0833333333333335
0022400201,87,13,10,105,21,11,1.3384615384615384,0.8612836438923396,1.1527950310559008
0022400202,88,12,7,109,20,13,1.3455657492354742,1.0421052631578946,1.4022211492032834
0022400203,92,13,11,108,25,14,1.6381766381766383,0.845,1.3842592592592593
0022400204,67,10,7,123,27,20,1.4707317073170734,1.0239651416122004,1.5059780009564803
0022400205,99,13,7,118,25,18,1.6134289439374183,1.118,1.8038135593220337
0022400206,82,16,7,117,14,7,0.6132478632478633,1.0434782608695652,0.6399108138238573
0022400207,77,10,4,122,27,23,1.7040983606557378,1.3227513227513228,2.2540983606557377
0022400208,82,17,7,118,13,6,0.5314057826520439,1.0352564102564104,0.550141242937853
0022400209,105,13,8,124,22,14,1.433002481389578,1.0129870129870129,1.4516129032258065
0022400210,92,18,9,130,14,5,0.5504273504273505,0.9047619047619048,0.498005698005698
0022400211,47,14,8,139,22,14,0.5313463514902363,1.0413223140495866,0.5533028122956181
0022400212,103,14,9,105,15,6,1.0510204081632653,0.8521739130434782,0.8956521739130435
0022400213,92,14,9,114,17,8,0.9799498746867167,0.8951406649616369,0.8771929824561403
0022400214,83,13,6,107,14,8,0.835370237239396,1.075187969924812,0.898180029513035
0022400215,83,11,6,123,28,22,1.7176644493717663,1.1554621848739495,1.9846963175514107
0022400216,110,13,4,84,7,3,0.7051282051282051,1.092436974789916,0.7703081232492996
0022400217,84,10,7,111,22,15,1.664864864864865,0.9893048128342246,1.6470588235294117
0022400218,67,13,7,130,21,14,0.8325443786982248,1.0833333333333333,0.9019230769230769
0022400219,94,16,5,114,14,9,0.7214912280701754,1.251700680272109,0.9030910609857978
0022400220,110,12,7,86,13,6,1.3856589147286822,0.9230769230769231,1.2790697674418605
0022400221,86,15,6,102,10,4,0.5620915032679739,1.0,0.562091503267974
0022400222,87,14,7,113,16,9,0.8798988621997471,1.0416666666666667,0.9165613147914032
0022400223,85,18,6,133,12,6,0.42606516290726815,1.125,0.47932330827067665
0022400224,101,13,8,115,21,13,1.4187290969899666,1.002267573696145,1.4219461697722569
0022400225,72,11,10,141,33,23,1.5319148936170213,0.8888888888888888,1.3617021276595744
0022400226,91,15,8,114,19,11,1.011111111111111,1.0297482837528604,1.0411899313501145
0022400227,93,16,8,103,12,4,0.6771844660194174,0.8888888888888888,0.6019417475728155
0022400228,69,16,8,125,16,8,0.552,1.0,0.552
0022400229,78,13,10,117,18,8,0.9230769230769231,0.8164251207729469,0.753623188405797
0022400230,88,11,5,111,22,17,1.5855855855855856,1.21875,1.9324324324324325
0022400231,89,13,7,93,14,7,1.0306038047973531,0.9750000000000001,1.0048387096774194
0022400232,74,14,9,128,20,11,0.8258928571428571,0.9434782608695653,0.7792119565217391
0022400233,55,13,8,139,28,20,0.8522412838959602,1.0612244897959184,0.9044193216855088
0022400234,81,13,9,115,17,8,0.9210702341137125,0.8689839572192514,0.8003952569169961
0022400235,88,13,6,99,13,7,0.888888888888889,1.0526315789473681,0.935672514619883
0022400236,68,13,8,134,21,13,0.8197474167623422,1.002267573696145,0.8216062544420754
0022400237,87,15,8,118,15,7,0.7372881355932203,0.9565217391304349,0.7052321296978629
0022400238,99,14,8,97,11,3,0.8019145802650958,0.8099173553719008,0.6494845360824743
0022400239,98,14,8,108,20,12,1.2962962962962963,1.0181818181818183,1.3198653198653199
0022400240,62,12,7,115,24,17,1.0782608695652174,1.0789473684210527,1.1633867276887873
0022400241,99,16,8,128,21,13,1.01513671875,1.0793650793650793,1.095703125
0022400242,52,12,8,147,33,25,0.9727891156462585,1.0545454545454547,1.0258503401360544
0022400243,115,9,8,78,12,4,1.9658119658119657,0.7058823529411764,1.38763197586727
0022400244,63,17,10,132,15,5,0.42112299465240643,0.839506172839506,0.3535353535353536
0022400245,91,17,6,114,10,4,0.46955624355005154,1.034782608695652,0.4858886346300534
0022400246,80,17,6,111,10,4,0.4239533651298357,1.034782608695652,0.43869956913435176
0022400247,84,12,8,128,25,17,1.3671875,1.0080000000000002,1.378125
0022400248,92,15,6,107,11,5,0.6305295950155763,1.038961038961039,0.6550956831330663
0022400249,55,14,9,126,22,13,0.6859410430839002,0.9683794466403162,0.6642512077294687
0022400250,84,12,7,115,18,11,1.0956521739130436,1.0175438596491226,1.11487414187643
0022400251,102,15,7,105,9,2,0.5828571428571429,0.8333333333333334,0.4857142857142857
0022400252,91,14,6,99,12,6,0.7878787878787878,1.05,0.8272727272727273
0022400253,78,11,7,116,21,14,1.2836990595611286,1.0185185185185186,1.307471264367816
0022400254,78,16,9,150,24,15,0.78,1.04,0.8111999999999999
0022400255,79,13,4,121,19,15,0.9542275905912271,1.368421052631579,1.3057851239669422
0022400256,85,11,8,113,22,14,1.5044247787610618,0.9473684210526315,1.4252445272473218
0022400257,109,12,8,97,16,8,1.4982817869415805,0.9000000000000001,1.3484536082474226
0022400258,101,18,7,124,12,5,0.543010752688172,1.02,0.5538709677419354
0022400259,65,16,10,127,17,7,0.5437992125984252,0.8687782805429863,0.47244094488188976
0022400260,88,14,10,124,26,16,1.3179723502304148,0.9423076923076923,1.2419354838709677
0022400261,63,13,9,136,32,23,1.1402714932126696,1.015625,1.1580882352941178
0022400262,74,17,13,144,27,14,0.8161764705882353,0.8604938271604939,0.7023148148148147
0022400263,79,14,9,118,22,13,1.0520581113801453,0.9683794466403162,1.018791451731761
0022400264,81,18,9,127,13,4,0.46062992125984253,0.8717948717948718,0.40157480314960636
0022400265,65,13,9,120,22,13,0.9166666666666665,0.9400826446280991,0.8617424242424242
0022400266,103,11,7,104,19,12,1.7106643356643356,0.9970760233918129,1.705662393162393
0022400267,64,14,8,135,24,16,0.8126984126984127,1.0606060606060606,0.8619528619528619
0022400268,102,15,10,108,19,9,1.1962962962962962,0.8842105263157896,1.0577777777777777
0022400269,73,12,7,112,22,15,1.1949404761904763,1.0622009569377988,1.2692669172932332
0022400270,106,11,6,100,18,12,1.7345454545454544,1.0784313725490196,1.8705882352941177
0022400271,78,12,8,104,21,13,1.3125,0.9714285714285715,1.2750000000000001
0022400272,73,15,8,130,19,11,0.7112820512820514,1.0297482837528604,0.7324414715719064
0022400273,83,18,14,143,21,7,0.6771561771561772,0.75,0.5078671328671328
0022400274,80,10,9,116,24,15,1.6551724137931034,0.8552631578947368,1.4156079854809438
0022400275,66,14,7,141,23,16,0.7689969604863223,1.1304347826086956,0.8693009118541034
0022400276,55,13,10,137,23,13,0.7102751263335204,0.88468809073724,0.6283719454141543
0022400277,89,11,9,100,22,13,1.78,0.8749999999999999,1.5574999999999999
0022400278,58,15,9,129,23,14,0.6894056847545219,1.0054347826086956,0.6931524547803618
0022400279,111,15,7,98,10,3,0.7551020408163265,0.8863636363636364,0.6692949907235622
0022400280,123,16,6,102,9,3,0.6783088235294117,0.9696969696969696,0.6577540106951871
0022400281,110,10,7,89,13,6,1.6067415730337078,0.8597285067873304,1.3813615333773959
0022400282,75,17,10,136,20,10,0.6487889273356402,0.9444444444444444,0.6127450980392157
0022400283,86,14,8,116,19,11,1.0061576354679802,1.0047846889952154,1.010971786833856
0022400284,73,12,10,127,24,14,1.1496062992125984,0.8636363636363636,0.9928418038654261
0022400285,79,14,8,118,18,10,0.8607748184019371,0.98989898989899,0.852080123266564
0022400286,97,13,7,90,13,6,1.0777777777777777,0.9500000000000002,1.0238888888888888
0022400287,60,19,7,153,19,12,0.3921568627450981,1.1923076923076923,0.4675716440422323
0022400288,77,11,7,112,20,13,1.25,1.0083333333333333,1.2604166666666667
0022400289,86,13,9,125,24,15,1.2701538461538462,0.9602272727272727,1.2196363636363636
0022400290,84,19,10,142,21,11,0.653817642698295,0.9983579638752053,0.6527440505099563
0022400291,86,15,8,119,18,10,0.8672268907563024,1.0144927536231885,0.8797953964194374
0022400292,59,11,11,137,26,15,1.017916390179164,0.7884615384615384,0.8025879230258793
0022400293,86,12,8,128,22,14,1.2317708333333333,0.9818181818181818,1.209375
0022400294,87,15,7,113,16,9,0.8212389380530973,1.065340909090909,0.8748994368463394
0022400295,99,11,5,105,18,13,1.542857142857143,1.184027777777778,1.8267857142857142
0022400296,89,13,8,105,13,5,0.8476190476190477,0.8571428571428571,0.726530612244898
0022400297,60,12,10,148,30,20,1.0135135135135136,0.909090909090909,0.9213759213759214
0022400298,86,11,7,106,17,10,1.2538593481989708,0.9705882352941178,1.2169811320754715
0022400299,81,16,11,122,19,8,0.788422131147541,0.8421052631578947,0.6639344262295083
0022400300,74,14,12,125,20,8,0.8457142857142856,0.7538461538461537,0.6375384615384615
0022400301,77,14,8,120,20,12,0.9166666666666666,1.0181818181818183,0.9333333333333333
0022400302,74,17,8,134,21,13,0.6821773485513608,1.100952380952381,0.751044776119403
0022400303,113,11,7,87,13,6,1.5350052246603971,0.8931623931623933,1.3710089399744574
0022400304,104,12,7,93,15,8,1.3978494623655913,0.9684210526315787,1.3537068477645728
0022400305,55,11,10,143,33,23,1.1538461538461537,0.8888888888888888,1.0256410256410255
0022400306,83,14,8,136,23,15,1.0026260504201683,1.051383399209486,1.054144385026738
0022400307,105,14,8,102,21,13,1.5441176470588234,1.0303030303030303,1.5909090909090908
0022400308,72,14,9,129,17,8,0.6777408637873754,0.8951406649616369,0.6066734074823055
0022400309,81,15,10,122,18,8,0.7967213114754098,0.8666666666666667,0.6904918032786885
0022400310,76,14,12,126,28,16,1.2063492063492063,0.8461538461538461,1.0207570207570207
0022400311,64,15,10,122,20,10,0.6994535519125683,0.9000000000000001,0.6295081967213114
0022400312,89,13,7,116,21,14,1.2393899204244032,1.0833333333333333,1.3426724137931034
0022400313,84,12,8,118,21,13,1.2457627118644068,0.9714285714285715,1.2101694915254237
0022400314,93,16,4,114,15,11,0.7648026315789472,1.3866666666666667,1.0605263157894735
0022400315,105,9,7,109,21,14,2.2477064220183487,0.9375,2.1072247706422016
0022400316,94,16,8,102,10,2,0.5759803921568627,0.7999999999999999,0.4607843137254902
0022400317,100,11,6,107,17,11,1.4443500424808835,1.065743944636678,1.5393073117097305
0022400318,98,13,10,98,14,4,1.0769230769230769,0.7267080745341614,0.782608695652174
0022400319,94,14,8,112,18,10,1.0790816326530615,0.98989898989899,1.0681818181818181
0022400320,75,11,9,118,21,12,1.2134052388289676,0.8642857142857142,1.048728813559322
0022400321,110,12,5,83,9,4,0.9939759036144579,1.0196078431372548,1.0134656272147413
0022400322,63,11,8,116,22,14,1.0862068965517242,0.9473684210526315,1.0290381125226862
0022400323,46,18,10,163,25,15,0.39195637355146556,1.0285714285714287,0.4031551270815074
0022400324,92,15,5,110,10,5,0.5575757575757576,1.125,0.6272727272727272
0022400325,117,15,7,105,15,8,1.1142857142857143,1.0454545454545452,1.164935064935065
0022400326,87,14,7,123,19,12,0.9599303135888503,1.087719298245614,1.0441347270615562
0022400327,73,10,9,114,21,12,1.3447368421052632,0.8270676691729324,1.1121883656509697
0022400328,96,17,7,115,12,5,0.5892583120204603,1.0034722222222223,0.591304347826087
0022400329,68,18,10,147,22,12,0.565381708238851,0.9935064935064934,0.5617103984450924
0022400330,81,15,9,128,22,13,0.9281250000000001,0.9943181818181818,0.9228515625
0022400331,70,12,7,142,30,23,1.232394366197183,1.1157894736842104,1.3750926612305412
0022400332,69,14,8,126,21,13,0.8214285714285713,1.0303030303030303,0.8463203463203464
0022400333,79,14,9,113,23,14,1.1485461441213654,0.9792060491493384,1.1246633320507888
0022400334,102,14,9,128,23,14,1.3091517857142856,0.9792060491493384,1.281929347826087
0022400335,83,15,10,107,14,4,0.7239875389408099,0.7714285714285715,0.5585046728971962
0022400336,121,11,7,90,11,4,1.3444444444444443,0.8333333333333335,1.1203703703703702
0022400337,66,14,11,142,23,12,0.7635814889336017,0.8521739130434783,0.6507042253521127
0022400338,111,12,7,89,10,3,1.0393258426966292,0.8210526315789474,0.8533412182140745
0022400339,84,15,10,126,20,10,0.8888888888888888,0.9000000000000001,0.7999999999999999
0022400340,59,9,6,126,30,24,1.5608465608465607,1.08,1.6857142857142857
0022400341,71,13,8,139,28,20,1.1001660210293303,1.0612244897959184,1.1675231243576567
0022400342,75,14,8,128,22,14,0.9207589285714285,1.0413223140495866,0.9588068181818182
0022400343,93,15,5,110,13,8,0.7327272727272728,1.2115384615384617,0.8877272727272727
0022400344,98,12,8,115,23,15,1.6333333333333335,0.991304347826087,1.6191304347826085
0022400345,81,19,11,137,19,8,0.5912408759124088,0.9,0.5321167883211679
0022400346,70,10,8,121,25,17,1.4462809917355373,0.9333333333333333,1.3498622589531681
0022400347,102,15,9,106,12,3,0.7698113207547169,0.78125,0.6014150943396226
0022400348,59,15,9,125,20,11,0.6293333333333334,0.96875,0.6096666666666666
0022400349,91,14,9,113,16,7,0.9203539823008849,0.875,0.8053097345132744
0022400350,73,15,10,144,25,15,0.8449074074074074,0.9600000000000002,0.8111111111111112
0022400351,89,11,8,108,19,11,1.4234006734006734,0.9141274238227147,1.301169590643275
0022400352,66,15,11,134,21,10,0.6895522388059702,0.8516483516483516,0.5872560275545351
0022400353,77,14,8,143,26,18,1.0,1.0769230769230769,1.076923076923077
0022400354,80,16,11,126,20,9,0.7936507936507936,0.8592592592592593,0.6819517930629041
0022400355,83,14,8,111,20,12,1.0682110682110681,1.0181818181818183,1.0876330876330875
0022400356,74,14,9,117,21,12,0.9487179487179487,0.9565217391304348,0.907469342251951
0022400357,93,12,8,108,18,10,1.2916666666666667,0.9333333333333335,1.2055555555555555
0022400358,74,14,7,122,18,11,0.7798594847775175,1.0740740740740742,0.8376268540202967
0022400359,102,12,6,95,13,7,1.1631578947368422,1.0256410256410255,1.1929824561403508
0022400360,85,18,10,136,17,7,0.5902777777777778,0.9075630252100839,0.5357142857142858
0022400361,73,13,10,120,21,11,0.9826923076923076,0.8612836438923396,0.846376811594203
0022400362,86,15,9,117,19,10,0.931054131054131,0.9539473684210525,0.8881766381766382
0022400363,88,14,6,109,13,7,0.7496723460026213,1.0769230769230769,0.8073394495412844
0022400364,52,12,9,134,25,16,0.8084577114427861,0.9371428571428572,0.757640369580668
0022400365,75,13,9,127,23,14,1.0448213204118717,0.9505928853754941,0.9931997136721545
0022400366,90,14,8,122,16,8,0.8430913348946136,0.9545454545454546,0.8047690014903129
0022400367,109,15,6,98,7,1,0.519047619047619,0.8163265306122449,0.42371234207968894
0022400368,85,11,6,112,20,14,1.3798701298701297,1.1,1.5178571428571426
0022400369,76,13,12,131,26,14,1.1603053435114503,0.7999999999999999,0.9282442748091603
0022400370,99,18,9,134,17,8,0.6977611940298507,0.9803921568627452,0.6840796019900498
0022400371,87,15,10,115,20,10,1.008695652173913,0.9000000000000001,0.9078260869565218
0022400372,76,17,8,137,16,8,0.5221124946328897,1.02,0.5325547445255474
0022400373,76,13,8,110,18,10,0.9566433566433566,0.9629629629629629,0.921212121212121
0022400374,142,9,7,71,13,6,2.888888888888889,0.8221153846153847,2.3749999999999996
0022400375,103,13,6,94,12,6,1.011456628477905,1.026315789473684,1.0380739081746921
0022400376,81,14,9,115,17,8,0.8552795031055902,0.8951406649616369,0.7655954631379962
0022400377,58,13,9,143,32,23,0.9983862291554599,1.015625,1.0139860139860142
0022400378,112,17,7,110,13,6,0.7786096256684493,1.0352564102564104,0.8060606060606061
0022400379,103,11,6,101,17,11,1.5760576057605762,1.065743944636678,1.6796738497379151
0022400380,89,11,8,106,21,13,1.602915951972556,0.9373433583959899,1.5024826216484608
0022400381,97,16,7,109,9,2,0.5005733944954128,0.8502415458937199,0.4256082967690467
0022400382,117,14,4,87,6,2,0.5763546798029556,1.037037037037037,0.5977011494252873
0022400383,67,12,7,127,25,18,1.0990813648293964,1.0863157894736841,1.19394944053046
0022400384,75,12,10,115,22,12,1.1956521739130435,0.8429752066115701,1.007905138339921
0022400385,80,13,9,114,17,8,0.9176788124156544,0.8689839572192514,0.7974481658692184
0022400386,96,12,5,100,14,9,1.12,1.1596638655462184,1.2988235294117647
0022400387,87,14,7,120,20,13,1.0357142857142856,1.0999999999999999,1.1392857142857142
0022400388,97,18,8,116,13,5,0.603927203065134,0.9585798816568047,0.5789124668435014
0022400389,115,13,3,81,8,5,0.8736942070275403,1.3203125,1.1535493827160492
0022400390,118,19,11,125,15,4,0.7452631578947368,0.8022222222222222,0.5978666666666667
0022400391,88,15,6,109,11,5,0.5920489296636087,1.038961038961039,0.6151157710790739
0022400392,67,12,7,131,25,18,1.065521628498728,1.0863157894736841,1.157492969063881
0022400393,86,13,9,125,23,14,1.2172307692307693,0.9505928853754941,1.157090909090909
0022400394,83,16,9,121,17,8,0.7288223140495868,0.9411764705882354,0.6859504132231404
0022400395,95,17,6,109,12,6,0.6152185644900162,1.108695652173913,0.6820901475867571
0022400396,71,12,7,119,19,12,0.9446778711484594,1.0304709141274238,0.9734630694383017
0022400397,74,14,13,139,32,19,1.2168550873586845,0.8263888888888888,1.0055955235811351
0022400398,95,12,7,109,16,9,1.162079510703364,0.9868421052631579,1.146788990825688
0022400399,86,13,10,130,26,16,1.3230769230769233,0.9130434782608696,1.208026755852843
0022400400,103,17,8,111,15,7,0.8187599364069952,0.9973333333333333,0.8165765765765766
0022400401,67,13,9,136,28,19,1.0610859728506787,0.9918831168831169,1.0524732620320856
0022400402,85,15,5,104,10,5,0.5448717948717948,1.125,0.6129807692307692
0022400403,92,15,6,107,12,6,0.6878504672897197,1.0714285714285714,0.7369826435246996
0022400404,92,15,8,107,12,4,0.6878504672897197,0.8695652173913043,0.5981308411214953
0022400405,91,13,9,102,13,4,0.892156862745098,0.7727272727272727,0.6893939393939393
0022400406,96,9,4,89,14,10,1.6779026217228463,1.1868131868131868,1.9913569576490926
0022400407,73,16,8,122,17,9,0.6357581967213115,1.0196078431372548,0.648224043715847
0022400408,104,11,6,87,14,8,1.5214211076280042,1.0168067226890756,1.5469912102772145
0022400409,69,12,6,118,21,15,1.0233050847457628,1.142857142857143,1.169491525423729
0022400410,84,11,7,116,25,18,1.6457680250783697,1.051111111111111,1.7298850574712645
0022400411,77,14,8,118,16,8,0.7457627118644068,0.9545454545454546,0.7118644067796611
0022400412,85,17,10,127,18,8,0.7086614173228346,0.9094650205761315,0.6445027704870225
0022400413,75,18,10,137,17,7,0.5170316301703163,0.9075630252100839,0.4692387904066736
0022400414,99,16,11,130,19,8,0.9043269230769231,0.8421052631578947,0.7615384615384616
0022400415,113,14,5,87,7,2,0.6494252873563219,0.9473684210526314,0.6152450090744102
0022400416,98,11,8,110,19,11,1.5388429752066115,0.9141274238227147,1.4066985645933014
0022400417,82,16,10,120,19,9,0.8114583333333333,0.9068825910931173,0.735897435897436
0022400418,76,14,11,125,21,10,0.9120000000000001,0.8266666666666668,0.7539199999999999
0022400419,74,15,8,119,21,13,0.8705882352941177,1.0559006211180124,0.9192546583850931
0022400420,80,13,6,117,22,16,1.1571334648257725,1.1818181818181817,1.3675213675213675
0022400421,75,13,7,113,16,9,0.8168822328114363,1.015625,0.8296460176991151
0022400422,77,15,10,115,17,7,0.758840579710145,0.8470588235294118,0.6427826086956522
0022400423,84,14,9,136,26,17,1.1470588235294117,1.0066889632107023,1.1547314578005115
0022400424,84,15,7,129,18,11,0.7813953488372093,1.0984848484848484,0.8583509513742071
0022400425,82,13,6,104,15,9,0.9097633136094674,1.094736842105263,0.9959514170040485
0022400426,102,11,5,95,14,9,1.3665071770334927,1.1294642857142856,1.543421052631579
0022400427,73,14,12,127,20,8,0.8211473565804275,0.7538461538461537,0.6190187764990915
0022400428,90,14,7,112,15,8,0.860969387755102,1.0222222222222221,0.8801020408163265
0022400429,116,16,6,109,14,8,0.9311926605504588,1.1428571428571428,1.0642201834862386
0022400430,95,18,8,113,12,4,0.56047197640118,0.923076923076923,0.517358747447243
0022400431,91,14,6,106,15,9,0.9198113207547169,1.12,1.030188679245283
0022400432,63,15,9,143,22,13,0.6461538461538462,0.9943181818181818,0.6424825174825175
0022400433,73,12,8,124,26,18,1.2755376344086022,1.0153846153846156,1.2951612903225809
0022400434,79,15,8,130,21,13,0.8507692307692307,1.0559006211180124,0.8983277591973244
0022400435,75,13,8,125,24,16,1.1076923076923078,1.0317460317460316,1.1428571428571428
0022400436,57,9,7,120,28,21,1.4777777777777779,0.984375,1.4546875000000001
0022400437,75,13,11,122,21,10,0.9930643127364438,0.7996031746031746,0.7940573770491803
0022400438,107,12,7,117,26,19,1.9814814814814814,1.0931174089068825,2.1659919028340084
0022400439,86,14,9,106,15,6,0.8692722371967654,0.8521739130434782,0.7407711238720264
0022400440,99,16,9,115,17,8,0.9146739130434782,0.9411764705882354,0.8608695652173912
0022400441,77,12,9,119,26,17,1.4019607843137256,0.945054945054945,1.3249299719887957
0022400442,99,17,10,131,16,6,0.7112707678491244,0.8657407407407407,0.6157760814249365
0022400443,76,13,9,127,24,15,1.1047849788007267,0.9602272727272727,1.0608446671438798
0022400444,84,13,7,115,19,12,1.0675585284280935,1.0605263157894738,1.1321739130434783
0022400445,87,12,10,116,17,7,1.0625,0.7700534759358287,0.8181818181818181
0022400446,100,15,6,110,15,9,0.9090909090909091,1.142857142857143,1.0389610389610389
0022400447,59,15,10,138,25,15,0.71256038647343,0.9600000000000002,0.6840579710144928
0022400448,66,11,6,143,26,20,1.090909090909091,1.1447963800904977,1.248868778280543
0022400449,100,11,6,94,12,6,1.1605415860735009,0.9705882352941176,1.1264080100125156
0022400450,83,18,10,137,18,8,0.6058394160583942,0.9285714285714285,0.5625651720542232
0022400451,108,11,7,90,16,9,1.7454545454545456,0.9548611111111112,1.6666666666666667
0022400452,101,15,6,103,12,6,0.7844660194174757,1.0714285714285714,0.8404993065187241
0022400453,71,12,9,142,35,26,1.4583333333333335,0.9959183673469388,1.4523809523809523
0022400454,95,14,7,108,12,5,0.753968253968254,0.9444444444444445,0.7120811287477955
0022400455,82,15,7,115,18,11,0.8556521739130436,1.0984848484848484,0.9399209486166007
0022400456,113,18,5,104,6,1,0.3621794871794872,0.9130434782608697,0.33068561872909696
0022400457,90,13,9,101,16,7,1.096725057121097,0.8494318181818182,0.9315931593159317
0022400458,77,12,10,126,22,12,1.1203703703703702,0.8429752066115701,0.9444444444444444
0022400459,76,12,8,120,21,13,1.1083333333333334,0.9714285714285715,1.0766666666666667
0022400460,72,13,10,128,22,12,0.951923076923077,0.8735177865612649,0.8315217391304348
0022400461,113,12,7,106,16,9,1.421383647798742,0.9868421052631579,1.4026812313803376
0022400462,85,15,10,114,17,7,0.8450292397660818,0.8470588235294118,0.7157894736842104
0022400463,93,15,6,103,12,6,0.7223300970873787,1.0714285714285714,0.7739251040221915
0022400464,88,11,5,86,12,7,1.1162790697674418,1.0885416666666667,1.2151162790697674
0022400465,68,11,9,132,27,18,1.2644628099173554,0.9166666666666665,1.159090909090909
0022400466,95,12,9,105,16,7,1.2063492063492065,0.8214285714285714,0.9909297052154196
0022400467,82,14,7,117,20,13,1.0012210012210012,1.0999999999999999,1.1013431013431012
0022400468,100,14,8,95,11,3,0.8270676691729323,0.8099173553719008,0.6698564593301435
0022400469,88,11,5,110,22,17,1.6,1.21875,1.95
0022400470,84,13,6,96,11,5,0.7403846153846153,0.9952153110047847,0.7368421052631579
0022400471,72,13,6,104,15,9,0.7988165680473372,1.094736842105263,0.8744939271255061
0022400472,76,13,10,129,22,12,0.9970184853905784,0.8735177865612649,0.8709133805190429
0022400473,90,9,6,110,23,17,2.090909090909091,1.0434782608695652,2.181818181818182
0022400474,81,14,10,127,21,11,0.9566929133858268,0.8888888888888887,0.8503937007874016
0022400475,100,16,6,101,10,4,0.6188118811881188,1.018181818181818,0.6300630063006302
0022400476,66,15,10,152,26,16,0.7526315789473684,0.9692307692307693,0.7294736842105264
0022400477,76,14,8,121,22,14,0.9870129870129871,1.0413223140495866,1.0277986476333583
0022400478,94,14,11,119,20,9,1.128451380552221,0.812,0.9163025210084034
0022400479,83,11,8,118,26,18,1.6625577812018488,0.979757085020243,1.6289027653880466
0022400480,108,11,7,89,15,8,1.6547497446373851,0.937037037037037,1.5505617977528092
0022400481,92,15,8,117,17,9,0.8911680911680913,0.9974424552429667,0.8888888888888888
0022400482,103,14,9,109,17,8,1.1474442988204456,0.8951406649616369,1.027124052652573
0022400483,128,11,5,75,9,4,1.3963636363636363,0.9930555555555555,1.3866666666666667
0022400484,80,18,8,141,17,9,0.5358550039401103,1.0588235294117647,0.5673758865248226
0022400485,106,11,9,95,19,10,1.9272727272727272,0.8394736842105261,1.6178947368421053
0022400486,111,14,5,113,14,9,0.9823008849557523,1.2105263157894737,1.1891010712622265
0022400487,82,15,9,114,16,7,0.7672514619883041,0.8984375,0.689327485380117
0022400488,88,15,9,114,16,7,0.8233918128654971,0.8984375,0.7397660818713451
0022400489,95,14,9,105,13,4,0.8401360544217689,0.7959866220735786,0.6687370600414079
0022400490,87,15,7,108,13,6,0.6981481481481481,0.9965034965034966,0.6957070707070706
0022400491,67,11,10,120,24,14,1.2181818181818183,0.8293650793650794,1.0103174603174603
0022400492,95,14,6,105,17,11,1.0986394557823131,1.1529411764705881,1.2666666666666668
0022400493,106,13,6,90,10,4,0.905982905982906,0.9578947368421051,0.8678362573099416
0022400494,78,10,5,115,23,18,1.5600000000000003,1.1884057971014492,1.8539130434782607
0022400495,70,13,7,121,19,12,0.8455181182453909,1.0605263157894738,0.8966942148760331
0022400496,75,16,7,108,15,8,0.6510416666666666,1.0666666666666667,0.6944444444444445
0022400497,99,12,6,107,16,10,1.233644859813084,1.0833333333333333,1.3364485981308412
0022400498,124,10,4,83,13,9,1.9421686746987954,1.208791208791209,2.347676419965577
0022400499,90,14,6,122,24,18,1.2646370023419202,1.2249999999999999,1.5491803278688525
0022400500,88,15,8,105,16,8,0.8939682539682541,0.9782608695652175,0.8745341614906832
0022400501,105,17,8,130,19,11,0.9027149321266968,1.0736842105263158,0.9692307692307693
0022400502,86,14,10,119,21,11,1.084033613445378,0.8888888888888887,0.9635854341736695
0022400503,85,14,7,115,15,8,0.7919254658385093,1.0222222222222221,0.8095238095238095
0022400504,92,11,4,96,15,11,1.3068181818181819,1.271111111111111,1.661111111111111
0022400505,74,16,8,124,17,9,0.6340725806451613,1.0196078431372548,0.646505376344086
0022400506,94,12,7,109,21,14,1.5091743119266057,1.0526315789473681,1.5886045388701113
0022400507,93,13,7,99,14,7,1.0116550116550118,0.9750000000000001,0.9863636363636363
0022400508,99,10,5,94,14,9,1.474468085106383,1.0952380952380951,1.6148936170212764
0022400509,56,14,11,146,26,15,0.7123287671232876,0.8830769230769231,0.6290410958904109
0022400510,75,11,6,131,28,22,1.4573213046495488,1.1554621848739495,1.6838796587337226
0022400511,94,11,6,98,16,10,1.3951762523191094,1.0514705882352942,1.4669867947178872
0022400512,76,16,6,108,11,5,0.4837962962962963,1.0578512396694215,0.5117845117845118
0022400513,77,11,5,116,18,13,1.0862068965517242,1.184027777777778,1.2860991379310343
0022400514,88,14,8,98,13,5,0.8338192419825073,0.8811188811188811,0.7346938775510204
0022400515,63,16,9,136,20,11,0.5790441176470589,0.992,0.5744117647058824
0022400516,90,12,7,111,18,11,1.2162162162162162,1.0175438596491226,1.2375533428165006
0022400517,92,14,7,106,14,7,0.8679245283018867,1.0,0.8679245283018869
0022400518,83,10,8,110,24,16,1.8109090909090908,0.9259259259259258,1.6767676767676767
0022400519,65,15,9,122,20,11,0.7103825136612021,0.96875,0.6881830601092896
0022400520,55,14,9,157,34,25,0.8507734303912649,1.0562659846547315,0.8986430351703131
0022400521,61,13,8,137,25,17,0.8562605277933746,1.04,0.8905109489051095
0022400522,89,10,8,106,21,13,1.7632075471698114,0.8994708994708994,1.5859538784067087
0022400523,102,12,5,94,11,6,0.9946808510638299,1.0909090909090908,1.0851063829787235
0022400524,97,17,7,108,9,2,0.4754901960784314,0.8657407407407409,0.4116512345679012
0022400525,98,13,5,99,14,9,1.066045066045066,1.1865079365079365,1.264870931537598
0022400526,78,15,8,117,22,14,0.9777777777777777,1.0671936758893281,1.0434782608695652
0022400527,64,11,6,134,24,18,1.0420624151967435,1.1323529411764706,1.179982440737489
0022400528,96,18,5,107,9,4,0.4485981308411215,1.1304347826086958,0.5071109305160504
0022400529,88,14,5,117,16,11,0.8595848595848596,1.243421052631579,1.0688259109311742
0022400530,122,11,7,88,12,5,1.5123966942148759,0.8657407407407408,1.3093434343434343
0022400531,80,15,9,126,21,12,0.8888888888888888,0.9821428571428571,0.8730158730158731
0022400532,86,13,8,120,21,13,1.1576923076923078,1.002267573696145,1.1603174603174604
0022400533,80,9,8,110,22,14,1.777777777777778,0.8663101604278074,1.5401069518716577
0022400534,75,15,8,127,24,16,0.9448818897637795,1.0869565217391304,1.0270455323519343
0022400535,87,12,8,121,21,13,1.2582644628099173,0.9714285714285715,1.2223140495867768
0022400536,92,14,5,104,12,7,0.7582417582417582,1.1666666666666667,0.8846153846153846
0022400537,98,16,7,103,9,2,0.5351941747572816,0.8502415458937199,0.45504432249894466
0022400538,97,15,7,102,13,6,0.8241830065359477,0.9965034965034966,0.821301247771836
0022400539,79,13,10,122,20,10,0.9962168978562421,0.8478260869565217,0.8446186742694226
0022400540,77,12,10,118,23,13,1.2507062146892656,0.8537549407114623,1.0677966101694916
0022400541,89,16,6,114,15,9,0.731907894736842,1.1636363636363638,0.8516746411483254
0022400542,79,13,10,124,21,11,1.0291563275434243,0.8612836438923396,0.8863955119214586
0022400543,73,14,9,124,21,12,0.8830645161290323,0.9565217391304348,0.8446704067321178
0022400544,62,14,8,124,25,17,0.8928571428571428,1.0690909090909093,0.9545454545454545
0022400545,78,16,7,136,23,16,0.8244485294117648,1.1795841209829867,0.9725063938618925
0022400546,60,13,8,149,30,22,0.9292720702116675,1.073015873015873,0.9971236816874401
0022400547,78,16,8,123,18,10,0.7134146341463414,1.037037037037037,0.7398373983739837
0022400548,99,11,7,102,20,13,1.7647058823529413,1.0083333333333333,1.7794117647058825
0022400549,66,14,9,137,23,14,0.7914494264859228,0.9792060491493384,0.7749920660107902
0022400550,87,14,6,102,10,4,0.6092436974789915,0.9799999999999999,0.5970588235294119
0022400551,91,14,8,110,22,14,1.3,1.0413223140495866,1.3537190082644628
0022400552,87,13,9,107,15,6,0.938173975557153,0.8272727272727273,0.7761257434154629
0022400553,109,12,6,94,10,4,0.9663120567375886,0.9333333333333332,0.9018912529550827
0022400554,85,14,9,118,19,10,0.9776029055690072,0.9290617848970251,0.90825350036846
0022400555,94,13,6,105,16,10,1.101831501831502,1.1118421052631577,1.225062656641604
0022400556,82,14,8,126,23,15,1.0691609977324261,1.051383399209486,1.124098124098124
0022400557,94,12,8,110,19,11,1.3530303030303032,0.9473684210526316,1.2818181818181817
0022400558,92,14,7,110,16,9,0.9558441558441557,1.0416666666666667,0.9956709956709957
0022400559,92,15,8,108,18,10,1.0222222222222221,1.0144927536231885,1.037037037037037
0022400560,78,13,10,123,21,11,1.0243902439024393,0.8612836438923396,0.8822905620360553
0022400561,99,12,9,96,18,9,1.546875,0.8571428571428571,1.3258928571428572
0022400562,69,15,10,121,17,7,0.6462809917355372,0.8470588235294118,0.5474380165289257
0022400563,101,12,8,110,17,9,1.3007575757575758,0.9176470588235295,1.1936363636363636
0022400564,68,17,8,142,23,15,0.647887323943662,1.123478260869565,0.7278873239436618
0022400565,69,9,6,112,28,22,1.9166666666666667,1.0714285714285714,2.053571428571429
0022400566,101,14,6,109,18,12,1.1913499344692005,1.1666666666666665,1.389908256880734
0022400567,88,16,6,122,16,10,0.7213114754098361,1.1818181818181819,0.8524590163934426
0022400568,70,16,10,120,16,6,0.5833333333333334,0.8461538461538461,0.49358974358974356
0022400569,107,15,7,97,13,6,0.9560137457044674,0.9965034965034966,0.9526710402999063
0022400570,90,15,5,102,8,3,0.47058823529411764,1.03125,0.4852941176470589
0022400571,84,13,7,110,18,11,1.0573426573426572,1.0472222222222223,1.1072727272727272
0022400572,97,11,6,109,21,15,1.6989157631359468,1.1092436974789917,1.8845116028062603
0022400573,76,13,9,136,26,17,1.1176470588235292,0.9772727272727272,1.0922459893048126
0022400574,103,15,7,111,13,6,0.8042042042042042,0.9965034965034966,0.8013923013923014
0022400575,85,14,4,114,15,11,0.7988721804511277,1.3481481481481483,1.0769980506822612
0022400576,99,14,6,113,17,11,1.0638432364096082,1.1529411764705881,1.2265486725663717
0022400577,61,8,5,122,31,26,1.9375,1.13151364764268,2.1923076923076925
0022400578,97,10,4,89,14,10,1.5258426966292136,1.2244897959183676,1.868378812199037
0022400579,96,13,7,104,12,5,0.8520710059171599,0.9208333333333335,0.7846153846153846
0022400580,47,15,7,157,28,21,0.5588110403397027,1.1931818181818181,0.6667631731325998
0022400581,66,16,9,141,24,15,0.7021276595744681,1.04,0.7302127659574469
0022400582,89,14,10,114,16,6,0.8922305764411027,0.8020833333333333,0.7156432748538012
0022400583,77,15,6,113,14,8,0.6359882005899704,1.1224489795918369,0.7138643067846608
0022400584,91,13,7,114,17,10,1.043859649122807,1.0323529411764707,1.0776315789473683
0022400585,98,11,6,84,11,5,1.1666666666666667,0.9411764705882354,1.0980392156862744
0022400586,51,12,8,151,35,27,0.9850993377483444,1.062857142857143,1.047019867549669
0022400587,114,14,7,107,18,11,1.369826435246996,1.0740740740740742,1.4712950600801067
0022400588,76,14,6,118,19,13,0.87409200968523,1.1789473684210525,1.0305084745762711
0022400589,82,13,9,116,23,14,1.2506631299734747,0.9505928853754941,1.188871473354232
0022400590,87,15,8,108,19,11,1.0203703703703704,1.0297482837528604,1.0507246376811594
0022400591,83,19,12,128,16,4,0.5460526315789473,0.7661290322580645,0.41834677419354843
0022400592,116,14,4,85,6,2,0.5848739495798319,1.037037037037037,0.6065359477124183
0022400593,83,11,5,114,22,17,1.4561403508771928,1.21875,1.774671052631579
0022400594,69,14,10,126,23,13,0.8996598639455782,0.9130434782608694,0.8214285714285714
0022400595,96,13,6,103,15,9,1.075429424943988,1.094736842105263,1.1773122125702606
0022400596,85,15,6,108,11,5,0.5771604938271604,1.038961038961039,0.599647266313933
0022400597,73,11,10,130,26,16,1.3272727272727274,0.8461538461538461,1.1230769230769233
0022400598,91,15,10,126,19,9,0.9148148148148147,0.8842105263157896,0.8088888888888888
0022400599,98,12,7,100,17,10,1.3883333333333334,1.0030959752321982,1.3926315789473687
0022400600,101,15,6,103,10,4,0.6537216828478964,1.0,0.6537216828478964
0022400601,64,16,10,141,27,17,0.7659574468085106,1.002849002849003,0.768139661756683
0022400602,78,12,9,119,23,14,1.2563025210084033,0.9192546583850932,1.1548619447779112
0022400603,82,14,7,115,20,13,1.0186335403726707,1.0999999999999999,1.1204968944099378
0022400604,119,10,4,73,7,3,1.1410958904109587,1.0204081632653061,1.1643835616438356
0022400605,82,17,9,143,23,14,0.7758124228712464,1.0518394648829432,0.8160301237224314
0022400606,87,16,8,106,15,7,0.7694575471698113,0.9777777777777779,0.7523584905660378
0022400607,106,14,5,88,10,5,0.8603896103896104,1.1052631578947367,0.950956937799043
0022400608,53,15,9,134,20,11,0.5273631840796019,0.96875,0.5108830845771144
0022400609,93,13,7,103,14,7,0.9723674383868559,0.9750000000000001,0.9480582524271844
0022400610,89,12,6,112,16,10,1.0595238095238095,1.0833333333333333,1.1478174603174605
0022400611,89,13,8,106,20,12,1.2917271407837447,0.9904761904761905,1.2794249775381852
0022400612,107,16,6,111,12,6,0.722972972972973,1.0909090909090908,0.7886977886977887
0022400613,109,13,5,84,9,4,0.8983516483516483,1.0432098765432098,0.9371693121693121
0022400614,81,14,8,121,20,12,0.9563164108618655,1.0181818181818183,0.9737039819684449
0022400615,79,15,6,112,14,8,0.6583333333333333,1.1224489795918369,0.7389455782312926
0022400616,75,13,10,134,26,16,1.1194029850746268,0.9130434782608696,1.0220635950681376
0022400617,94,15,7,107,10,3,0.5856697819314641,0.8863636363636364,0.5191163976210705
0022400618,89,14,5,119,20,15,1.0684273709483794,1.2894736842105263,1.3777089783281735
0022400619,82,13,9,119,22,13,1.1661279896574015,0.9400826446280991,1.0962566844919786
0022400620,89,16,9,127,17,8,0.7445866141732285,0.9411764705882354,0.7007874015748031
0022400621,125,13,5,86,8,3,0.8944543828264758,0.9930555555555556,0.8882428940568476
0022400622,73,16,9,121,17,8,0.641012396694215,0.9411764705882354,0.603305785123967
0022400623,84,15,8,125,27,19,1.2096,1.1111111111111112,1.3439999999999999
0022400624,84,15,6,115,15,9,0.7304347826086957,1.142857142857143,0.8347826086956521
0022400625,64,15,9,141,26,17,0.7867612293144207,1.033653846153846,0.8132387706855791
0022400626,103,15,9,121,18,9,1.0214876033057851,0.9375,0.9576446280991735
0022400627,113,11,7,89,14,7,1.6159346271705821,0.9166666666666667,1.4812734082397003
0022400628,84,13,8,116,21,13,1.169761273209549,1.002267573696145,1.1724137931034482
0022400629,88,12,8,100,16,8,1.1733333333333333,0.9000000000000001,1.056
0022400630,58,12,8,137,32,24,1.1289537712895377,1.05,1.1854014598540146
0022400631,95,13,7,109,18,11,1.206774876499647,1.0472222222222223,1.2637614678899085
0022400632,101,15,7,100,12,5,0.808,0.9659090909090908,0.7804545454545455
0022400633,82,14,9,125,20,11,0.937142857142857,0.9434782608695653,0.8841739130434781
0022400634,102,12,7,98,13,6,1.1275510204081634,0.9230769230769231,1.0408163265306123
0022400635,58,13,10,139,26,16,0.8345323741007195,0.9130434782608696,0.7619643415702221
0022400636,70,14,10,127,23,13,0.9055118110236221,0.9130434782608694,0.8267716535433071
0022400637,85,14,8,117,17,9,0.8821733821733823,0.9732620320855615,0.8585858585858585
0022400638,74,14,10,133,26,16,1.033297529538131,0.9423076923076923,0.9736842105263157
0022400639,94,13,11,129,24,13,1.3452593917710196,0.8350694444444443,1.1233850129198968
0022400640,55,13,11,148,35,24,1.0005197505197505,0.9130952380952381,0.9135698198198198
0022400641,92,16,6,118,11,5,0.5360169491525424,1.0578512396694215,0.5670261941448382
0022400642,97,14,10,107,16,6,1.0360480640854473,0.8020833333333333,0.8309968847352024
0022400643,74,14,7,132,21,14,0.8409090909090908,1.111111111111111,0.9343434343434344
0022400644,99,14,5,95,10,5,0.7443609022556391,1.1052631578947367,0.8227146814404432
0022400645,93,18,5,106,8,3,0.38993710691823896,1.0760869565217392,0.4196062346185398
0022400646,78,15,10,131,24,14,0.9526717557251908,0.9500000000000002,0.9050381679389312
0022400647,52,12,9,138,28,19,0.8792270531400966,0.9591836734693878,0.8433402346445825
0022400648,76,13,9,118,19,10,0.9413298565840937,0.901913875598086,0.8489984591679507
0022400649,96,11,7,98,16,9,1.424860853432282,0.9548611111111112,1.3605442176870748
0022400650,76,15,8,113,19,11,0.8519174041297936,1.0297482837528604,0.8772604848018469
0022400651,52,12,9,136,23,14,0.7328431372549019,0.9192546583850932,0.6736694677871148
0022400652,91,16,7,136,20,13,0.8363970588235293,1.1478260869565218,0.9600383631713555
0022400653,97,15,8,116,15,7,0.8362068965517242,0.9565217391304349,0.7998500749625187
0022400654,75,16,6,135,20,14,0.6944444444444443,1.2363636363636363,0.8585858585858585
0022400655,135,12,5,78,7,2,1.0096153846153846,0.9075630252100839,0.9162895927601812
0022400656,95,15,6,110,15,9,0.8636363636363636,1.142857142857143,0.987012987012987
0022400657,101,12,7,96,16,9,1.4027777777777777,0.9868421052631579,1.3843201754385965
0022400658,83,12,7,117,21,14,1.2414529914529915,1.0526315789473681,1.3067926225820963
0022400659,113,12,6,81,11,5,1.27880658436214,0.9696969696969697,1.2400548696844993
0022400660,73,13,10,130,22,12,0.9502958579881657,0.8735177865612649,0.8301003344481607
0022400661,67,9,6,126,32,26,1.8906525573192239,1.0875000000000001,2.0560846560846557
0022400662,70,11,8,127,25,17,1.2526843235504654,0.9726315789473685,1.2184003315375054
0022400663,81,13,7,102,21,14,1.2828054298642535,1.0833333333333333,1.3897058823529413
0022400664,68,16,8,137,21,13,0.6514598540145986,1.0793650793650793,0.7031630170316301
0022400665,72,17,9,124,19,10,0.648956356736243,0.9979757085020242,0.6476426799007444
0022400666,101,13,7,106,17,10,1.246008708272859,1.0323529411764707,1.286320754716981
0022400667,114,11,6,78,8,2,1.062937062937063,0.8088235294117647,0.8597285067873303
0022400668,84,15,8,116,16,8,0.7724137931034483,0.9782608695652175,0.7556221889055471
0022400669,81,12,8,111,20,12,1.2162162162162162,0.9600000000000002,1.1675675675675676
0022400670,106,13,9,103,17,8,1.345780433159074,0.8689839572192514,1.1694616063548102
0022400671,79,15,10,124,21,11,0.8919354838709677,0.9142857142857144,0.8154838709677419
0022400672,71,16,11,126,21,10,0.7395833333333333,0.8747795414462082,0.6469723691945914
0022400673,71,14,9,132,23,14,0.8836580086580088,0.9792060491493384,0.8652832674571804
0022400674,77,12,9,128,27,18,1.353515625,0.9523809523809523,1.2890625
0022400675,91,13,8,115,21,13,1.2782608695652176,1.002267573696145,1.281159420289855
0022400676,86,15,7,110,20,13,1.0424242424242425,1.1249999999999998,1.1727272727272726
0022400677,83,11,7,109,21,14,1.4537114261884905,1.0185185185185186,1.480632008154944
0022400678,55,12,9,129,24,15,0.8527131782945737,0.9285714285714286,0.7918050941306755
0022400679,82,15,7,116,16,9,0.7540229885057471,1.065340909090909,0.8032915360501567
0022400680,98,11,6,98,17,11,1.5454545454545454,1.065743944636678,1.6470588235294117
0022400681,81,15,7,118,14,7,0.6406779661016949,1.0227272727272727,0.6552388289676425
0022400682,103,12,7,100,16,9,1.3733333333333333,0.9868421052631579,1.3552631578947367
0022400683,99,11,7,110,20,13,1.6363636363636365,1.0083333333333333,1.65
0022400684,83,16,11,124,20,9,0.8366935483870968,0.8592592592592593,0.7189366786140979
0022400685,84,17,7,126,18,11,0.7058823529411764,1.141203703703704,0.8055555555555556
0022400686,56,12,10,152,34,24,1.0438596491228072,0.93048128342246,0.9712918660287082
0022400687,62,17,11,146,26,15,0.6494762288477035,0.9574175824175825,0.6218199608610568
0022400688,100,11,6,102,17,11,1.5151515151515151,1.065743944636678,1.6147635524798154
0022400689,76,14,9,111,17,8,0.8314028314028314,0.8951406649616369,0.7442224833529182
0022400690,69,14,8,133,18,10,0.6670247046186895,0.98989898989899,0.6602870813397129
0022400691,105,13,8,108,14,6,1.0470085470085468,0.8843537414965986,0.9259259259259258
0022400692,81,15,9,117,15,6,0.6923076923076923,0.8749999999999999,0.6057692307692308
0022400693,84,13,9,114,18,9,1.020242914979757,0.8863636363636364,0.9043062200956937
0022400694,78,15,7,128,22,15,0.8937499999999999,1.1466942148760328,1.0248579545454546
0022400695,102,17,6,114,10,4,0.5263157894736842,1.034782608695652,0.5446224256292905
0022400696,118,13,6,97,13,7,1.2164948453608246,1.0526315789473681,1.2805208898534997
0022400697,82,15,8,111,14,6,0.6894894894894894,0.9316770186335405,0.6423815119467292
0022400698,67,17,10,128,17,7,0.5234375,0.8888888888888887,0.4652777777777778
0022400699,77,18,8,129,13,5,0.43109388458225667,0.9585798816568047,0.41323792486583183
0022400700,72,15,10,136,20,10,0.7058823529411765,0.9000000000000001,0.6352941176470588
0022400701,60,15,9,151,31,22,0.8211920529801324,1.0685483870967742,0.8774834437086093
0022400702,78,15,9,130,22,13,0.88,0.9943181818181818,0.8749999999999999
0022400703,94,16,10,131,18,8,0.8072519083969466,0.8888888888888888,0.7175572519083969
0022400704,92,12,7,100,17,10,1.3033333333333335,1.0030959752321982,1.3073684210526317
0022400705,120,12,6,90,14,8,1.5555555555555556,1.0476190476190477,1.6296296296296295
0022400706,87,13,9,105,18,9,1.1472527472527472,0.8863636363636364,1.0168831168831167
0022400707,83,17,9,125,16,7,0.6249411764705882,0.9399038461538463,0.5873846153846154
0022400708,59,13,8,134,24,16,0.8128587830080367,1.0317460317460316,0.8386638237384505
0022400709,94,14,9,115,23,14,1.342857142857143,0.9792060491493384,1.3149338374291115
0022400710,68,16,9,134,22,13,0.6977611940298508,1.018181818181818,0.7104477611940297
0022400711,70,9,9,113,26,17,1.7895771878072764,0.8269230769230769,1.47984267453294
0022400712,74,14,8,116,21,13,0.9568965517241379,1.0303030303030303,0.9858934169278996
0022400713,88,11,7,104,19,12,1.4615384615384615,0.9970760233918129,1.4572649572649572
0022400714,94,16,7,115,16,9,0.8173913043478261,1.0869565217391304,0.888468809073724
0022400715,85,17,7,109,9,2,0.41284403669724773,0.8657407407407409,0.3574159021406728
0022400716,102,14,9,95,12,3,0.9203007518796992,0.7608695652173914,0.700228832951945
0022400717,108,9,6,79,17,11,2.5822784810126587,0.9882352941176471,2.551898734177215
0022400718,80,13,10,125,25,15,1.2307692307692308,0.9043478260869566,1.1130434782608696
0022400719,113,14,6,104,14,8,1.0865384615384615,1.0999999999999999,1.1951923076923077
0022400720,64,16,10,123,19,9,0.6178861788617886,0.9068825910931173,0.5603502188868043
0022400721,107,10,8,92,15,7,1.7445652173913044,0.8148148148148149,1.421497584541063
0022400722,61,16,10,138,27,17,0.7459239130434783,1.002849002849003,0.7480490523968785
0022400723,64,10,5,128,25,20,1.25,1.2,1.5
0022400724,82,14,9,128,24,15,1.0982142857142856,0.9891304347826088,1.0862771739130435
0022400725,89,10,8,124,32,24,2.296774193548387,0.9722222222222222,2.2329749103942653
0022400726,92,15,8,119,15,7,0.7731092436974789,0.9565217391304349,0.7394957983193278
0022400727,63,12,9,133,23,14,0.9078947368421053,0.9192546583850932,0.8345864661654135
0022400728,83,15,5,110,13,8,0.6539393939393939,1.2115384615384617,0.7922727272727274
0022400729,80,12,7,115,23,16,1.3333333333333335,1.0709382151029747,1.4279176201372998
0022400730,65,20,10,133,13,3,0.31766917293233077,0.8205128205128206,0.2606516290726817
0022400731,81,14,8,125,25,17,1.1571428571428573,1.0690909090909093,1.2370909090909092
0022400732,78,15,10,118,17,7,0.7491525423728813,0.8470588235294118,0.6345762711864407
0022400733,104,12,7,101,16,9,1.372937293729373,0.9868421052631579,1.354872329338197
0022400734,69,16,8,127,17,9,0.5772637795275591,1.0196078431372548,0.5885826771653543
0022400735,76,14,9,128,20,11,0.8482142857142858,0.9434782608695653,0.8002717391304348
0022400736,109,14,7,98,11,4,0.8739067055393586,0.9090909090909092,0.7944606413994169
0022400737,84,15,8,107,14,6,0.7327102803738317,0.9316770186335405,0.682649329540837
0022400738,81,14,9,123,23,14,1.0818815331010454,0.9792060491493384,1.059384941675504
0022400739,83,11,7,110,24,17,1.646280991735537,1.0439814814814816,1.7186868686868688
0022400740,114,14,8,106,15,7,1.1522911051212938,0.9333333333333335,1.0754716981132078
0022400741,65,11,7,122,26,19,1.2593144560357674,1.0576923076923077,1.3319672131147542
0022400742,65,14,9,138,26,17,0.8747412008281573,1.0066889632107023,0.8805923125393824
0022400743,94,12,6,102,18,12,1.3823529411764708,1.111111111111111,1.5359477124183007
0022400744,98,11,7,116,22,15,1.689655172413793,1.0277777777777777,1.7365900383141764
0022400745,58,11,7,144,30,23,1.0984848484848486,1.0796296296296297,1.185956790123457
0022400746,74,13,10,127,30,20,1.3446396123561477,0.9420289855072463,1.266689489900719
0022400747,91,14,12,115,21,9,1.1869565217391305,0.7692307692307693,0.9130434782608696
0022400748,76,13,8,117,21,13,1.04930966469428,1.002267573696145,1.0516890516890516
0022400749,94,11,7,92,15,8,1.3932806324110671,0.937037037037037,1.3055555555555556
0022400750,84,17,11,141,26,15,0.9111389236545682,0.9574175824175825,0.8723404255319148
0022400751,86,15,10,118,17,7,0.8259887005649718,0.8470588235294118,0.6996610169491525
0022400752,62,12,7,125,23,16,0.9506666666666667,1.0709382151029747,1.0181052631578946
0022400753,65,14,12,133,25,13,0.8727175080558538,0.8184615384615385,0.7142857142857142
0022400754,88,16,10,120,19,9,0.8708333333333332,0.9068825910931173,0.7897435897435897
0022400755,68,12,8,138,30,22,1.2318840579710144,1.04,1.281159420289855
0022400756,85,11,9,117,21,12,1.3869463869463867,0.8642857142857142,1.1987179487179487
0022400757,78,13,10,127,23,13,1.0866141732283465,0.88468809073724,0.9613146182814104
0022400758,78,15,7,110,12,5,0.5672727272727273,0.9659090909090908,0.5479338842975207
0022400759,112,12,4,75,7,3,0.8711111111111112,1.0714285714285716,0.9333333333333333
0022400760,58,15,11,153,28,17,0.7076252723311546,0.9271978021978022,0.6561085972850679
0022400761,93,12,7,113,18,11,1.2345132743362832,1.0175438596491226,1.256171401956218
0022400762,94,15,10,127,18,8,0.8881889763779527,0.8666666666666667,0.769763779527559
0022400763,64,14,9,140,23,14,0.7510204081632653,0.9792060491493384,0.7354037267080745
0022400764,78,13,9,126,22,13,1.0476190476190477,0.9400826446280991,0.9848484848484849
0022400765,71,14,9,132,23,14,0.8836580086580088,0.9792060491493384,0.8652832674571804
0022400766,119,13,8,89,12,4,1.2342264477095937,0.8253968253968254,1.0187265917602994
0022400767,97,14,10,115,20,10,1.204968944099379,0.8749999999999999,1.0543478260869565
0022400768,90,18,10,124,15,5,0.6048387096774194,0.8571428571428571,0.5184331797235023
0022400769,99,15,3,103,10,7,0.6407766990291262,1.4166666666666667,0.9077669902912622
0022400770,89,11,7,97,12,5,1.0009372071227742,0.8657407407407408,0.8665521191294386
0022400771,114,15,8,109,20,12,1.3944954128440368,1.0434782608695654,1.4551256481850818
0022400772,87,10,7,101,19,12,1.6366336633663368,0.9597523219814241,1.5707629586488059
0022400773,74,15,11,162,33,22,1.0049382716049382,0.9615384615384615,0.966286799620133
0022400774,98,15,6,111,13,7,0.7651651651651651,1.0989010989010988,0.8408408408408409
0022400775,75,13,10,137,30,20,1.2633352049410445,0.9420289855072463,1.1900983814662014
0022400776,110,15,4,101,9,5,0.6534653465346535,1.2280701754385965,0.8025013027618552
0022400777,86,11,9,110,24,15,1.705785123966942,0.8937499999999999,1.5245454545454546
0022400778,85,16,9,110,14,5,0.6761363636363635,0.8685714285714287,0.5872727272727273
0022400779,78,15,10,124,18,8,0.7548387096774194,0.8666666666666667,0.6541935483870968
0022400780,86,15,10,127,19,9,0.857742782152231,0.8842105263157896,0.7584251968503937
0022400781,76,14,10,135,25,15,1.0052910052910053,0.9333333333333333,0.9382716049382716
0022400782,93,12,5,106,17,12,1.2429245283018868,1.2041522491349481,1.4966703662597114
0022400783,99,14,9,114,16,7,0.9924812030075187,0.875,0.8684210526315789
0022400784,68,17,10,135,19,9,0.562962962962963,0.9278752436647172,0.5223593964334705
0022400785,103,15,8,124,19,11,1.0521505376344087,1.0297482837528604,1.0834502103786816
0022400786,88,13,7,107,15,8,0.948957584471603,0.9966666666666667,0.9457943925233645
0022400787,76,14,8,121,17,9,0.7626918536009446,0.9732620320855615,0.7422990232907588
0022400788,70,13,9,137,23,14,0.9039865244244806,0.9505928853754941,0.8593231585932316
0022400789,83,15,8,111,16,8,0.7975975975975976,0.9782608695652175,0.7802585193889542
0022400790,64,13,10,135,29,19,1.0575498575498576,0.9355322338830585,0.9893719806763286
0022400791,67,12,10,137,26,16,1.059610705596107,0.881118881118881,0.93364299933643
0022400792,127,14,5,95,8,3,0.7639097744360902,1.013157894736842,0.773961218836565
0022400793,67,9,7,131,31,24,1.7616624257845632,0.997983870967742,1.7581106870229006
0022400794,85,15,6,120,15,9,0.7083333333333333,1.142857142857143,0.8095238095238095
0022400795,77,10,7,130,27,20,1.5992307692307695,1.0239651416122004,1.6375565610859728
0022400796,94,17,9,116,17,8,0.8103448275862067,0.9615384615384617,0.7791777188328912
0022400797,111,12,6,96,12,6,1.15625,1.0,1.15625
0022400798,66,13,9,139,30,21,1.0957387935805203,1.0045454545454546,1.1007194244604317
0022400799,72,12,11,133,26,15,1.1729323308270676,0.822742474916388,0.9650212487741092
0022400800,81,15,11,123,21,10,0.9219512195121953,0.8516483516483516,0.7851782363977485
0022400801,73,17,11,135,23,12,0.7315904139433551,0.923913043478261,0.6759259259259259
0022400802,94,13,11,110,20,9,1.3146853146853146,0.7854166666666667,1.0325757575757575
0022400803,80,13,8,129,24,16,1.144901610017889,1.0317460317460316,1.1812476928755997
0022400804,94,14,8,109,17,9,1.0471821756225428,0.9732620320855615,1.0191826522101752
0022400805,71,15,9,123,16,7,0.6157181571815719,0.8984375,0.5531842818428184
0022400806,91,17,7,117,14,7,0.6405228758169935,1.0625,0.6805555555555556
0022400807,67,16,8,121,14,6,0.484504132231405,0.9523809523809524,0.4614325068870524
0022400808,78,12,8,117,25,17,1.3888888888888888,1.0080000000000002,1.4000000000000001
0022400809,98,14,9,107,15,6,0.9813084112149533,0.8521739130434782,0.8362454286875254
0022400810,76,14,9,138,24,15,0.9440993788819876,0.9891304347826088,0.9338374291115311
0022400811,95,14,8,100,11,3,0.7464285714285716,0.8099173553719008,0.6045454545454546
0022400812,73,16,9,130,19,10,0.6668269230769232,0.9768421052631578,0.6513846153846155
0022400813,63,14,11,142,27,16,0.8556338028169015,0.8918518518518519,0.7630985915492958
0022400814,87,16,8,142,25,17,0.957306338028169,1.12,1.0721830985915493
0022400815,76,12,8,119,25,17,1.3305322128851542,1.0080000000000002,1.3411764705882354
0022400816,68,17,9,137,18,9,0.5255474452554745,0.9807692307692308,0.5154407636159462
0022400817,85,8,7,112,25,18,2.371651785714286,0.9173333333333333,2.175595238095238
0022400818,86,13,5,123,21,16,1.129455909943715,1.2724867724867726,1.4372177055103885
0022400819,59,13,9,144,32,23,1.0085470085470085,1.015625,1.0243055555555556
0022400820,63,20,11,137,18,7,0.41386861313868617,0.8960573476702508,0.37085001177301624
0022400821,69,13,9,132,24,15,0.965034965034965,0.9602272727272727,0.9266528925619836
0022400822,98,16,8,113,14,6,0.7588495575221239,0.9523809523809524,0.7227138643067846
0022400823,99,14,10,119,24,14,1.426170468187275,0.9236111111111112,1.3172268907563023
0022400824,67,13,8,124,26,18,1.0806451612903225,1.0476190476190477,1.1321044546850998
0022400825,96,11,8,97,17,9,1.529522024367385,0.8854489164086686,1.3543136190992946
0022400826,75,17,11,156,29,18,0.8201357466063349,0.9839901477832512,0.8070054945054944
0022400827,85,13,7,120,18,11,0.9807692307692306,1.0472222222222223,1.0270833333333333
0022400828,88,12,10,111,21,11,1.3873873873873876,0.831168831168831,1.1531531531531531
0022400829,86,12,8,107,16,8,1.071651090342679,0.9000000000000001,0.9644859813084112
0022400830,90,13,6,96,13,7,0.9375,1.0526315789473681,0.986842105263158
0022400831,94,17,6,104,10,4,0.5316742081447964,1.034782608695652,0.5501672240802675
0022400832,92,19,9,144,21,12,0.7061403508771931,1.066326530612245,0.7529761904761904
0022400833,85,16,8,122,17,9,0.7402663934426229,1.0196078431372548,0.7547814207650273
0022400834,93,15,7,114,15,8,0.8157894736842105,1.0454545454545452,0.8528708133971291
0022400835,107,13,8,93,12,4,1.0620347394540943,0.8253968253968254,0.8766001024065542
0022400836,101,13,7,95,15,8,1.2267206477732793,0.9966666666666667,1.2226315789473683
0022400837,112,14,7,95,11,4,0.9263157894736842,0.9090909090909092,0.8421052631578947
0022400838,82,17,7,117,15,8,0.6184012066365008,1.086111111111111,0.6716524216524217
0022400839,68,19,12,150,27,15,0.6442105263157895,0.953405017921147,0.6141935483870968
0022400840,62,16,11,140,27,16,0.7473214285714286,0.943758573388203,0.7052910052910053
0022400841,88,14,5,100,12,7,0.7542857142857142,1.1666666666666667,0.88
0022400842,115,12,5,82,10,5,1.16869918699187,1.0588235294117647,1.2374461979913915
0022400843,95,12,5,102,12,7,0.9313725490196078,1.1176470588235294,1.0409457900807382
0022400844,98,16,8,110,11,3,0.6125,0.8484848484848485,0.5196969696969697
0022400845,66,15,10,129,24,14,0.8186046511627907,0.9500000000000002,0.7776744186046513
0022400846,117,14,3,99,13,10,1.0974025974025974,1.4570135746606336,1.5989304812834224
0022400847,109,14,6,96,9,3,0.7299107142857142,0.9333333333333332,0.6812499999999999
0022400848,112,13,7,82,11,4,1.1557223264540337,0.8863636363636366,1.024390243902439
0022400849,55,12,7,139,33,26,1.0881294964028778,1.1291866028708133,1.2287012495266945
0022400850,79,15,11,131,22,11,0.8844783715012722,0.8653846153846153,0.7654139753376394
0022400851,102,15,7,114,13,6,0.775438596491228,0.9965034965034966,0.7727272727272726
0022400852,80,15,7,107,12,5,0.5981308411214953,0.9659090909090908,0.5777400169923533
0022400853,77,13,9,127,24,15,1.1193216232586312,0.9602272727272727,1.0748031496062993
0022400854,104,11,6,82,11,5,1.2682926829268293,0.9411764705882354,1.1936872309899569
0022400855,81,15,9,143,20,11,0.7552447552447553,0.96875,0.7316433566433567
0022400856,89,13,7,116,18,11,1.0623342175066313,1.0472222222222223,1.1125
0022400857,91,15,8,100,10,2,0.6066666666666667,0.782608695652174,0.4747826086956522
0022400858,104,14,6,102,10,4,0.7282913165266107,0.9799999999999999,0.7137254901960784
0022400859,87,13,7,106,18,11,1.1364296081277212,1.0472222222222223,1.1900943396226416
0022400860,130,11,6,73,9,3,1.457036114570361,0.8627450980392156,1.257050765511684
0022400861,76,14,9,135,29,20,1.1661375661375661,1.0284857571214394,1.1993558776167472
0022400862,85,11,9,109,17,8,1.2051709758131777,0.8088235294117647,0.974770642201835
0022400863,78,16,8,129,16,8,0.6046511627906976,1.0,0.6046511627906976
0022400864,77,12,9,123,21,12,1.095528455284553,0.8979591836734694,0.9837398373983741
0022400865,80,15,9,125,22,13,0.9386666666666666,0.9943181818181818,0.9333333333333335
0022400866,66,16,9,123,18,9,0.6036585365853658,0.96,0.5795121951219512
0022400867,80,16,11,150,28,17,0.9333333333333333,0.9523809523809524,0.8888888888888888
0022400868,103,15,6,97,11,5,0.7786941580756014,1.038961038961039,0.8090328915071183
0022400869,107,13,5,95,14,9,1.2129554655870445,1.1865079365079365,1.4391812865497078
0022400870,24,11,10,164,39,29,0.5188470066518847,0.9133089133089133,0.4738675958188153
0022400871,96,15,8,111,15,7,0.8648648648648649,0.9565217391304349,0.827262044653349
0022400872,103,16,6,104,10,4,0.6189903846153847,1.018181818181818,0.6302447552447552
0022400873,105,12,8,104,15,7,1.2620192307692306,0.8800000000000001,1.1105769230769231
0022400874,80,13,10,106,21,11,1.2191582002902759,0.8612836438923396,1.0500410172272354
0022400875,85,14,7,125,26,19,1.262857142857143,1.153846153846154,1.457142857142857
0022400876,99,13,5,93,11,6,0.9007444168734491,1.1161616161616161,1.0053763440860215
0022400877,74,16,9,122,19,10,0.7202868852459017,0.9768421052631578,0.7036065573770491
0022400878,91,12,10,114,23,13,1.529970760233918,0.8537549407114623,1.3062200956937797
0022400879,86,18,12,134,15,3,0.5348258706467661,0.7200000000000001,0.3850746268656716
0022400880,90,14,7,98,11,4,0.7215743440233237,0.9090909090909092,0.6559766763848397
0022400881,75,17,11,142,25,14,0.7767191383595692,0.9471428571428572,0.7356639839034206
0022400882,102,14,6,94,9,3,0.6975683890577506,0.9333333333333332,0.651063829787234
0022400883,46,13,9,150,32,23,0.754871794871795,1.015625,0.7666666666666666
0022400884,90,19,9,130,13,4,0.4736842105263158,0.8873626373626374,0.42032967032967034
0022400885,91,14,5,104,14,9,0.8749999999999999,1.2105263157894737,1.0592105263157894
0022400886,102,12,6,114,20,14,1.4912280701754386,1.1333333333333333,1.6900584795321636
0022400887,95,9,6,105,23,17,2.312169312169312,1.0434782608695652,2.4126984126984126
0022400888,90,13,8,107,15,7,0.9705248023005032,0.907936507936508,0.8811748998664887
0022400889,64,13,9,123,26,17,1.0406504065040652,0.9772727272727272,1.0169992609017
0022400890,93,12,5,106,15,10,1.096698113207547,1.176470588235294,1.2902330743618202
0022400891,91,15,5,102,11,6,0.6542483660130719,1.1590909090909092,0.7583333333333333
0022400892,84,11,4,110,21,17,1.4578512396694214,1.326984126984127,1.9345454545454546
0022400893,77,14,4,121,18,14,0.8181818181818182,1.3827160493827162,1.1313131313131313
0022400894,80,16,9,129,16,7,0.6201550387596899,0.92,0.5705426356589147
0022400895,81,16,9,132,21,12,0.8053977272727273,1.0057142857142858,0.81
0022400896,100,13,11,100,17,6,1.3076923076923077,0.7328431372549019,0.9583333333333334
0022400897,130,12,5,80,7,2,0.9479166666666665,0.9075630252100839,0.8602941176470588
0022400898,76,15,9,116,17,8,0.7425287356321838,0.9191176470588236,0.6824712643678161
0022400899,89,14,9,111,16,7,0.9163449163449163,0.875,0.8018018018018017
0022400900,94,14,6,94,11,5,0.7857142857142858,1.018181818181818,0.7999999999999999
0022400901,65,12,8,132,27,19,1.1079545454545454,1.0222222222222224,1.1325757575757576
0022400902,67,15,11,130,23,12,0.7902564102564102,0.8779264214046822,0.6937869822485206
0022400903,62,15,8,151,28,20,0.7664459161147903,1.1180124223602486,0.8568960552836165
0022400904,56,15,9,152,33,24,0.8105263157894738,1.0795454545454546,0.875
0022400905,62,17,10,148,24,14,0.5914149443561209,0.9969135802469136,0.5895895895895895
0022400906,93,16,6,119,13,7,0.6349789915966386,1.1188811188811187,0.7104660045836516
0022400907,105,13,5,85,7,2,0.665158371040724,0.9285714285714285,0.6176470588235294
0022400908,107,12,8,99,14,6,1.2609427609427608,0.8571428571428572,1.0808080808080809
0022400909,102,16,9,120,18,9,0.9562499999999999,0.96,0.918
0022400910,81,11,8,109,20,12,1.3511259382819016,0.9263157894736842,1.251569290197972
0022400911,95,11,7,101,15,8,1.2826282628262826,0.937037037037037,1.2018701870187019
0022400912,86,13,8,90,13,5,0.9555555555555555,0.8571428571428571,0.8190476190476191
0022400913,100,16,6,105,10,4,0.5952380952380952,1.018181818181818,0.6060606060606061
0022400914,74,10,9,129,26,17,1.4914728682170542,0.8704453441295547,1.2982456140350878
0022400915,85,17,11,120,15,4,0.625,0.7690476190476191,0.48065476190476186
0022400916,104,12,6,109,17,11,1.3516819571865444,1.0980392156862744,1.4841997961264017
0022400917,54,14,8,137,25,17,0.7038581856100105,1.0690909090909093,0.752488387524884
0022400918,93,12,6,99,14,8,1.095959595959596,1.0476190476190477,1.1481481481481481
0022400919,49,13,9,163,40,31,0.924964605946201,1.0488636363636363,0.9701617401003904
0022400920,67,15,7,132,20,13,0.6767676767676768,1.1249999999999998,0.7613636363636364
0022400921,109,13,4,90,8,4,0.7452991452991453,1.1470588235294117,0.8549019607843137
0022400922,101,15,6,99,10,4,0.6801346801346801,1.0,0.6801346801346801
0022400923,79,13,11,115,22,11,1.162541806020067,0.8125,0.9445652173913044
0022400924,88,13,8,132,25,17,1.282051282051282,1.04,1.3333333333333333
0022400925,103,12,8,97,17,9,1.5042955326460479,0.9176470588235295,1.3804123711340206
0022400926,66,14,9,145,29,20,0.9428571428571428,1.0284857571214394,0.9697151424287855
0022400927,73,17,10,128,20,10,0.6709558823529412,0.9444444444444444,0.6336805555555556
0022400928,86,17,7,119,14,7,0.5951557093425606,1.0625,0.6323529411764707
0022400929,103,12,5,96,10,5,0.8940972222222222,1.0588235294117647,0.9466911764705882
0022400930,60,13,7,129,21,14,0.7513416815742398,1.0833333333333333,0.813953488372093
0022400931,92,11,6,100,15,9,1.2545454545454544,1.035294117647059,1.2988235294117647
0022400932,73,14,8,129,20,12,0.8084163898117387,1.0181818181818183,0.8231148696264976
0022400933,91,19,7,125,11,4,0.4214736842105263,0.9965034965034966,0.42
0022400934,83,11,9,102,21,12,1.5534759358288768,0.8642857142857142,1.3426470588235295
0022400935,66,11,10,133,27,17,1.218045112781955,0.853615520282187,1.0397422126745435
0022400936,81,16,7,119,14,7,0.5955882352941176,1.0434782608695652,0.6214833759590793
0022400937,63,15,10,135,26,16,0.808888888888889,0.9692307692307693,0.784
0022400938,98,15,8,104,10,2,0.6282051282051282,0.782608695652174,0.4916387959866221
0022400939,73,14,8,128,23,15,0.9369419642857143,1.051383399209486,0.9850852272727273
0022400940,78,15,7,116,14,7,0.6275862068965518,1.0227272727272727,0.6418495297805643
0022400941,98,15,8,110,17,9,1.0096969696969695,0.9974424552429667,1.0071146245059288
0022400942,76,14,8,122,21,13,0.9344262295081968,1.0303030303030303,0.9627421758569298
0022400943,90,15,7,108,15,8,0.8333333333333334,1.0454545454545452,0.8712121212121212
0022400944,58,16,9,149,27,18,0.6568791946308724,1.0666666666666667,0.7006711409395974
0022400945,92,13,10,122,26,16,1.5081967213114755,0.9130434782608696,1.3770491803278688
0022400946,69,11,8,125,29,21,1.4552727272727275,0.998185117967332,1.4526315789473685
0022400947,91,16,9,120,16,7,0.7583333333333333,0.92,0.6976666666666667
0022400948,94,11,8,93,14,6,1.2864125122189638,0.8270676691729323,1.0639501980758348
0022400949,74,12,8,117,22,14,1.1595441595441596,0.9818181818181818,1.1384615384615384
0022400950,90,14,7,126,20,13,1.0204081632653061,1.0999999999999999,1.1224489795918369
0022400951,99,13,8,108,15,7,1.0576923076923077,0.907936507936508,0.9603174603174602
0022400952,81,12,8,112,18,10,1.0848214285714286,0.9333333333333335,1.0125
0022400953,97,17,10,111,12,2,0.616852146263911,0.7345679012345678,0.45311978645311973
0022400954,75,18,12,142,27,15,0.7922535211267606,0.9333333333333335,0.7394366197183098
0022400955,83,13,7,124,24,17,1.2357320099255582,1.1104166666666668,1.3721774193548386
0022400956,78,12,10,119,24,14,1.3109243697478992,0.8636363636363636,1.1321619556913673
0022400957,88,13,10,109,20,10,1.242060691601976,0.8478260869565217,1.0530514559234145
0022400958,77,13,9,108,14,5,0.7678062678062677,0.801948051948052,0.6157407407407408
0022400959,74,14,9,115,17,8,0.7813664596273292,0.8951406649616369,0.6994328922495274
0022400960,94,14,10,106,16,6,1.013477088948787,0.8020833333333333,0.8128930817610064
0022400961,124,12,5,82,8,3,1.0081300813008132,0.9705882352941176,0.9784791965566716
0022400962,74,18,9,146,21,12,0.5913242009132419,1.0476190476190477,0.619482496194825
0022400963,68,17,9,133,21,12,0.631578947368421,1.0274725274725276,0.64893001735107
0022400964,92,19,7,108,12,5,0.5380116959064327,1.0352564102564104,0.556980056980057
0022400965,74,12,6,132,26,20,1.2146464646464645,1.1794871794871795,1.4326599326599327
0022400966,69,17,14,159,30,16,0.7658157602663708,0.8408602150537634,0.6439440048691418
0022400967,92,12,7,101,18,11,1.3663366336633662,1.0175438596491226,1.3903074517978113
0022400968,78,9,6,93,21,15,1.9569892473118278,1.0285714285714287,2.0129032258064514
0022400969,103,14,8,108,15,7,1.021825396825397,0.9333333333333335,0.9537037037037037
0022400970,69,17,8,138,20,12,0.5882352941176471,1.088,0.64
0022400971,94,14,5,105,12,7,0.7673469387755102,1.1666666666666667,0.8952380952380953
0022400972,109,13,6,94,13,7,1.1595744680851063,1.0526315789473681,1.2206047032474803
0022400973,101,14,6,102,15,9,1.0609243697478992,1.12,1.188235294117647
0022400974,94,14,7,95,14,7,0.9894736842105263,1.0,0.9894736842105263
0022400975,84,17,7,127,14,7,0.5446966188050023,1.0625,0.578740157480315
0022400976,67,12,8,141,26,18,1.029550827423168,1.0153846153846156,1.0453900709219859
0022400977,42,14,9,151,30,21,0.5960264900662252,1.0347826086956522,0.6167578462424417
0022400978,80,17,7,122,15,8,0.5785920925747348,1.086111111111111,0.6284153005464481
0022400979,84,15,10,118,22,12,1.0440677966101695,0.9272727272727274,0.968135593220339
0022400980,70,17,10,128,18,8,0.5790441176470589,0.9094650205761315,0.5266203703703703
0022400981,89,15,7,118,17,10,0.8548022598870058,1.0828877005347595,0.9256548536209553
0022400982,56,13,12,143,27,15,0.8133405056481979,0.8088888888888889,0.6579020979020979
0022400983,93,13,8,117,21,13,1.2840236686390534,1.002267573696145,1.286935286935287
0022400984,109,11,6,85,11,5,1.2823529411764707,0.9411764705882354,1.2069204152249133
0022400985,81,15,7,140,27,20,1.0414285714285716,1.1868686868686869,1.236038961038961
0022400986,87,14,9,144,25,16,1.0788690476190477,0.9982608695652175,1.0769927536231882
0022400987,93,14,9,108,17,8,1.0456349206349207,0.8951406649616369,0.9359903381642513
0022400988,93,12,9,98,15,6,1.1862244897959184,0.7999999999999999,0.9489795918367346
0022400989,99,13,7,114,18,11,1.2024291497975708,1.0472222222222223,1.2592105263157896
0022400990,88,15,8,119,19,11,0.9366946778711485,1.0297482837528604,0.9645597369382536
0022400991,68,14,9,124,18,9,0.7050691244239632,0.9130434782608696,0.6437587657784011
0022400992,78,14,7,130,23,16,0.9857142857142858,1.1304347826086956,1.1142857142857143
0022400993,81,12,10,117,20,10,1.153846153846154,0.8181818181818181,0.9440559440559441
0022400994,76,14,8,111,15,7,0.7335907335907337,0.9333333333333335,0.6846846846846847
0022400995,112,12,7,89,11,4,1.1535580524344569,0.8612440191387559,0.9934949733885274
0022400996,82,13,10,114,20,10,1.106612685560054,0.8478260869565217,0.9382151029748282
0022400997,58,11,7,133,31,24,1.2289815447710184,1.0842293906810037,1.3324979114452797
0022400998,66,15,7,147,30,23,0.8979591836734694,1.2045454545454544,1.0816326530612246
0022400999,89,13,8,107,21,13,1.3436376707404745,1.002267573696145,1.3466844681797951
0022401000,82,15,7,119,14,7,0.6431372549019608,1.0227272727272727,0.6577540106951871
0022401001,61,11,10,136,29,19,1.1824866310160427,0.8669950738916256,1.0252100840336136
0022401002,99,11,6,100,15,9,1.35,1.035294117647059,1.3976470588235295
0022401003,73,11,7,120,21,14,1.1613636363636364,1.0185185185185186,1.1828703703703705
0022401004,70,14,9,149,26,17,0.87248322147651,1.0066889632107023,0.8783192296469216
0022401005,94,12,9,115,23,14,1.5666666666666669,0.9192546583850932,1.4401656314699793
0022401006,92,16,9,114,15,6,0.756578947368421,0.8959999999999999,0.6778947368421052
0022401007,107,11,8,96,17,9,1.722537878787879,0.8854489164086686,1.525219298245614
0022401008,89,14,7,114,14,7,0.7807017543859649,1.0,0.7807017543859649
0022401009,86,15,7,110,15,8,0.7818181818181817,1.0454545454545452,0.8173553719008264
0022401010,85,11,9,110,22,13,1.5454545454545454,0.8749999999999999,1.3522727272727273
0022401011,93,13,7,127,24,17,1.3519079345851,1.1104166666666668,1.5011811023622046
0022401012,67,13,7,127,21,14,0.8522107813446397,1.0833333333333333,0.923228346456693
0022401013,75,13,10,123,24,14,1.125703564727955,0.8949275362318841,1.0074231177094382
0022401014,88,14,8,113,13,5,0.7231352718078382,0.8811188811188811,0.6371681415929203
0022401015,92,10,7,99,16,9,1.4868686868686871,0.9191176470588236,1.3666072489601904
0022401016,78,15,7,121,18,11,0.7735537190082644,1.0984848484848484,0.8497370398196845
0022401017,103,13,5,92,12,7,1.0334448160535117,1.1435185185185186,1.1817632850241546
0022401018,98,12,6,109,16,10,1.198776758409786,1.0833333333333333,1.2986748216106014
0022401019,85,13,8,123,21,13,1.1163227016885553,1.002267573696145,1.118854045683314
0022401020,92,14,7,102,14,7,0.9019607843137255,1.0,0.9019607843137255
0022401021,95,12,8,99,15,7,1.1994949494949494,0.8800000000000001,1.0555555555555556
0022401022,52,14,9,143,23,14,0.5974025974025974,0.9792060491493384,0.5849802371541503
0022401023,85,10,9,115,20,11,1.4782608695652173,0.8157894736842106,1.205949656750572
0022401024,76,14,11,128,21,10,0.890625,0.8266666666666668,0.73625
0022401025,96,11,10,106,21,11,1.7289879931389367,0.7981859410430838,1.380053908355795
0022401026,83,14,10,127,21,11,0.9803149606299214,0.8888888888888887,0.8713910761154856
0022401027,63,15,8,121,16,8,0.5553719008264463,0.9782608695652175,0.5432985986345671
0022401028,82,17,7,129,12,5,0.4487004103967168,1.0034722222222223,0.4502583979328166
0022401029,62,10,7,137,28,21,1.267153284671533,1.0294117647058825,1.304422498926578
0022401030,74,12,10,128,25,15,1.2044270833333333,0.8727272727272727,1.0511363636363635
0022401031,61,12,8,139,29,21,1.0605515587529977,1.0344827586206897,1.0971223021582734
0022401032,91,14,8,101,12,4,0.7722772277227722,0.8484848484848485,0.6552655265526552
0022401033,102,15,9,106,16,7,1.0264150943396226,0.8984375,0.9221698113207547
0022401034,83,16,6,103,8,2,0.40291262135922323,0.9090909090909091,0.3662842012356575
0022401035,76,9,7,111,27,20,2.0540540540540544,0.9791666666666667,2.0112612612612613
0022401036,74,10,7,121,26,19,1.5900826446280991,1.0180995475113124,1.6188624210014582
0022401037,124,13,6,85,9,3,1.0099547511312217,0.9122807017543858,0.9213622291021671
0022401038,55,14,7,128,20,13,0.6138392857142858,1.0999999999999999,0.6752232142857143
0022401039,77,16,10,137,22,12,0.7728102189781021,0.951048951048951,0.7349803481190342
0022401040,94,12,7,97,13,6,1.0498281786941581,0.9230769230769231,0.9690721649484537
0022401041,84,14,10,108,18,8,1.0,0.8425925925925926,0.8425925925925926
0022401042,90,16,8,113,15,7,0.7466814159292036,0.9777777777777779,0.7300884955752213
0022401043,65,15,9,120,21,12,0.7583333333333332,0.9821428571428571,0.7447916666666667
0022401044,72,15,7,126,15,8,0.5714285714285714,1.0454545454545452,0.5974025974025973
0022401045,64,13,9,127,22,13,0.8528164748637189,0.9400826446280991,0.8017179670722978
0022401046,75,9,6,113,27,21,1.9911504424778763,1.0666666666666667,2.1238938053097343
0022401047,85,14,7,99,11,4,0.6746031746031745,0.9090909090909092,0.6132756132756133
0022401048,101,13,8,104,14,6,1.0458579881656804,0.8843537414965986,0.924908424908425
0022401049,84,13,11,122,24,13,1.271122320302648,0.8350694444444443,1.0614754098360657
0022401050,76,13,8,118,23,15,1.139504563233377,1.0227743271221532,1.1654560129136398
0022401051,87,10,8,107,20,12,1.6261682242990654,0.888888888888889,1.4454828660436136
0022401052,100,13,7,102,14,7,1.0558069381598794,0.9750000000000001,1.0294117647058822
0022401053,99,13,7,96,13,6,1.0312499999999998,0.9500000000000002,0.9796874999999999
0022401054,83,16,11,126,23,12,0.946924603174603,0.9017713365539453,0.8539094650205762
0022401055,66,14,10,127,22,12,0.8166479190101237,0.9015151515151514,0.7362204724409449
0022401056,60,13,7,127,19,12,0.6904906117504543,1.0605263157894738,0.7322834645669292
0022401057,108,14,6,92,9,3,0.7546583850931677,0.9333333333333332,0.7043478260869566
0022401058,71,15,8,123,18,10,0.6926829268292682,1.0144927536231885,0.7027218098267939
0022401059,88,15,6,117,17,11,0.8524216524216526,1.1764705882352942,1.002849002849003
0022401060,81,14,8,114,17,9,0.8627819548872181,0.9732620320855615,0.8397129186602871
0022401061,94,17,8,113,12,4,0.5871941697032795,0.9066666666666665,0.5323893805309734
0022401062,117,12,6,81,9,3,1.0833333333333333,0.8888888888888888,0.9629629629629629
0022401063,100,11,7,110,18,11,1.487603305785124,0.984567901234568,1.4646464646464645
0022401064,82,14,8,128,21,13,0.9609374999999999,1.0303030303030303,0.9900568181818181
0022401065,79,14,9,116,17,8,0.8269704433497537,0.8951406649616369,0.7402548725637181
0022401066,74,12,10,121,24,14,1.2231404958677685,0.8636363636363636,1.0563486100676183
0022401067,56,17,12,149,31,19,0.6853533359652586,0.9454949944382646,0.6479981485767183
0022401068,65,14,11,139,25,14,0.8350462487153134,0.8736,0.7294964028776978
0022401069,106,10,6,92,15,9,1.7282608695652173,1.0,1.7282608695652175
0022401070,79,16,5,114,11,6,0.4764254385964912,1.1774891774891774,0.5609857978279031
0022401071,87,12,8,105,17,9,1.1738095238095239,0.9176470588235295,1.0771428571428572
0022401072,52,14,10,139,28,18,0.7482014388489209,0.9583333333333333,0.7170263788968825
0022401073,93,15,7,115,17,10,0.9165217391304349,1.0828877005347595,0.992490118577075
0022401074,77,12,8,120,20,12,1.0694444444444444,0.9600000000000002,1.0266666666666668
0022401075,68,16,10,128,18,8,0.59765625,0.8888888888888888,0.53125
0022401076,102,10,7,85,15,8,1.8,0.9019607843137254,1.6235294117647059
0022401077,93,17,8,127,15,7,0.6461324687355257,0.9973333333333333,0.6444094488188977
0022401078,71,16,8,137,24,16,0.7773722627737226,1.111111111111111,0.8637469586374695
0022401079,91,14,7,119,18,11,0.9831932773109242,1.0740740740740742,1.0560224089635855
0022401080,89,10,5,102,22,17,1.919607843137255,1.1818181818181819,2.268627450980392
0022401081,93,17,10,119,15,5,0.6895699456253089,0.839506172839506,0.5788982259570495
0022401082,96,13,8,94,12,4,0.9427168576104746,0.8253968253968254,0.7781155015197568
0022401083,52,16,7,159,31,24,0.6336477987421384,1.2342215988779803,0.7820617992890347
0022401084,63,9,7,132,33,26,1.75,1.0056818181818181,1.7599431818181819
0022401085,104,12,7,105,20,13,1.6507936507936507,1.0421052631578946,1.7203007518796993
0022401086,96,14,11,115,17,6,1.013664596273292,0.7576470588235296,0.768
0022401087,119,16,5,99,8,3,0.6010101010101011,1.0476190476190477,0.6296296296296295
0022401088,85,12,7,125,23,16,1.3033333333333332,1.0709382151029747,1.3957894736842105
0022401089,103,15,6,89,8,2,0.6172284644194757,0.8928571428571429,0.5510968432316747
0022401090,103,15,7,101,13,6,0.8838283828382839,0.9965034965034966,0.8807380738073808
0022401091,83,12,6,106,20,14,1.3050314465408805,1.1333333333333333,1.4790356394129978
0022401092,109,13,9,106,17,8,1.3447024673439767,0.8689839572192514,1.16852487135506
0022401093,102,13,8,104,13,5,0.9807692307692308,0.8571428571428571,0.8406593406593407
0022401094,125,14,8,103,12,4,1.0402219140083218,0.8484848484848485,0.8826125330979699
0022401095,66,14,8,127,22,14,0.8166479190101237,1.0413223140495866,0.8503937007874016
0022401096,92,15,7,108,14,7,0.7950617283950616,1.0227272727272727,0.8131313131313131
0022401097,85,18,11,138,19,8,0.6501610305958132,0.882032667876588,0.5734632683658171
0022401098,81,15,9,115,19,10,0.8921739130434783,0.9539473684210525,0.8510869565217392
0022401099,116,13,6,93,14,8,1.3432588916459884,1.075187969924812,1.4442558007923034
0022401100,79,14,11,136,25,14,1.0372899159663866,0.8736,0.9061764705882351
0022401101,81,14,7,115,17,10,0.8552795031055902,1.0588235294117647,0.9055900621118013
0022401102,75,13,10,155,35,25,1.3027295285359801,0.9689440993788822,1.262272089761571
0022401103,86,13,9,108,21,12,1.2863247863247864,0.9285714285714286,1.1944444444444444
0022401104,103,8,6,89,19,13,2.7485955056179776,0.9624060150375939,2.6452648475120384
0022401105,94,11,9,107,24,15,1.9167374681393372,0.8937499999999999,1.7130841121495326
0022401106,70,13,10,105,15,5,0.7692307692307692,0.7536231884057971,0.5797101449275363
0022401107,97,10,6,110,20,14,1.7636363636363637,1.0625,1.8738636363636363
0022401108,77,16,9,130,24,15,0.8884615384615384,1.04,0.9239999999999999
0022401109,92,16,7,117,16,9,0.7863247863247864,1.0869565217391304,0.8547008547008547
0022401110,110,13,7,102,13,6,1.0784313725490196,0.9500000000000002,1.0245098039215685
0022401111,95,13,8,99,12,4,0.8857808857808858,0.8253968253968254,0.7311207311207312
0022401112,80,11,8,100,18,10,1.3090909090909089,0.9005847953216374,1.1789473684210527
0022401113,87,11,8,99,16,8,1.278236914600551,0.868421052631579,1.1100478468899522
0022401114,80,14,6,118,18,12,0.8716707021791769,1.1666666666666665,1.0169491525423728
0022401115,88,12,8,106,19,11,1.3144654088050314,0.9473684210526316,1.2452830188679245
0022401116,91,12,5,113,19,14,1.2750737463126844,1.2260061919504643,1.5632483081728268
0022401117,62,14,8,125,24,16,0.8502857142857143,1.0606060606060606,0.9018181818181817
0022401118,72,11,9,123,28,19,1.490022172949002,0.9232142857142857,1.375609756097561
0022401119,72,14,10,134,24,14,0.9211087420042643,0.9236111111111112,0.8507462686567164
0022401120,100,12,6,89,12,6,1.1235955056179776,1.0,1.1235955056179776
0022401121,89,15,7,116,21,14,1.0741379310344827,1.1363636363636362,1.2206112852664577
0022401122,87,15,8,130,18,10,0.803076923076923,1.0144927536231885,0.8147157190635451
0022401123,91,13,6,115,20,14,1.2173913043478262,1.163157894736842,1.4160183066361556
0022401124,104,11,6,101,13,7,1.216921692169217,0.9954751131221719,1.211415259172976
0022401125,89,15,6,107,12,6,0.6654205607476635,1.0714285714285714,0.7129506008010681
0022401126,74,15,9,117,20,11,0.8433048433048432,0.96875,0.8169515669515669
0022401127,82,12,8,119,22,14,1.2633053221288517,0.9818181818181818,1.2403361344537815
0022401128,85,11,8,111,19,11,1.3226863226863226,0.9141274238227147,1.209103840682788
0022401129,90,14,8,119,21,13,1.134453781512605,1.0303030303030303,1.1688311688311688
0022401130,80,12,9,112,24,15,1.4285714285714286,0.9285714285714286,1.3265306122448979
0022401131,94,17,8,119,17,9,0.7899159663865545,1.0399999999999998,0.8215126050420168
0022401132,77,13,6,128,25,19,1.1568509615384615,1.2042105263157894,1.393092105263158
0022401133,80,13,11,130,28,17,1.3254437869822486,0.8705357142857143,1.153846153846154
0022401134,101,18,9,122,15,6,0.6898907103825137,0.9333333333333332,0.6438979963570127
0022401135,83,15,9,109,12,3,0.6091743119266055,0.78125,0.4759174311926606
0022401136,86,15,8,119,19,11,0.9154061624649859,1.0297482837528604,0.9426379247351115
0022401137,110,8,4,73,10,6,1.8835616438356164,1.0666666666666667,2.009132420091324
0022401138,100,14,8,98,14,6,1.020408163265306,0.9090909090909092,0.927643784786642
0022401139,100,15,9,114,19,10,1.1111111111111112,0.9539473684210525,1.0599415204678364
0022401140,72,12,7,118,22,15,1.1186440677966103,1.0622009569377988,1.1882247992863515
0022401141,72,12,7,113,22,15,1.168141592920354,1.0622009569377988,1.240801117838845
0022401142,86,16,9,126,16,7,0.6825396825396826,0.92,0.6279365079365079
0022401143,108,11,7,91,12,5,1.2947052947052948,0.8657407407407408,1.120879120879121
0022401144,68,13,7,122,25,18,1.0718789407313998,1.118,1.198360655737705
0022401145,98,15,5,98,11,6,0.7333333333333333,1.1590909090909092,0.85
0022401146,82,14,6,118,18,12,0.8934624697336562,1.1666666666666665,1.042372881355932
0022401147,94,15,9,113,14,5,0.7764011799410029,0.8482142857142857,0.6585545722713865
0022401148,65,11,9,128,28,19,1.2926136363636362,0.9232142857142857,1.193359375
0022401149,51,16,9,145,26,17,0.571551724137931,1.0584615384615383,0.6049655172413793
0022401150,74,15,9,132,24,15,0.896969696969697,1.015625,0.9109848484848485
0022401151,85,15,8,123,20,12,0.9214092140921408,1.0434782608695654,0.9614704842700602
0022401152,90,14,5,99,12,7,0.7792207792207793,1.1666666666666667,0.9090909090909091
0022401153,71,16,10,130,21,11,0.7168269230769231,0.9377289377289377,0.672189349112426
0022401154,103,14,9,102,14,5,1.0098039215686276,0.8260869565217392,0.8341858482523444
0022401155,104,10,8,98,18,10,1.910204081632653,0.8641975308641975,1.6507936507936507
0022401156,120,10,2,62,4,2,0.7741935483870968,1.25,0.9677419354838709
0022401157,85,12,8,125,26,18,1.4733333333333334,1.0153846153846156,1.496
0022401158,118,12,6,88,12,6,1.3409090909090908,1.0,1.3409090909090908
0022401159,81,13,6,109,16,10,0.9146083274523642,1.1118421052631577,1.0169000482858523
0022401160,130,12,7,77,9,2,1.2662337662337662,0.7719298245614035,0.9774436090225563
0022401161,99,12,6,116,22,16,1.564655172413793,1.1515151515151516,1.8017241379310345
0022401162,92,19,13,144,22,9,0.7397660818713451,0.8366477272727274,0.6189236111111112
0022401163,56,13,10,134,27,17,0.8679678530424799,0.9210950080515299,0.7994808565866321
0022401164,78,17,10,127,16,6,0.5780453913849004,0.8657407407407407,0.5004374453193351
0022401165,65,14,8,124,20,12,0.748847926267281,1.0181818181818183,0.7624633431085044
0022401166,113,13,8,87,10,2,0.9991158267020336,0.7428571428571428,0.7422003284072249
0022401167,70,13,9,121,24,15,1.0680228862047043,0.9602272727272727,1.0255447032306535
0022401168,93,13,8,108,17,9,1.1260683760683763,0.9467787114845938,1.066137566137566
0022401169,76,16,10,141,24,14,0.8085106382978724,0.9743589743589745,0.7877795962902345
0022401170,82,13,7,124,21,14,1.0682382133995036,1.0833333333333333,1.1572580645161292
0022401171,86,14,8,115,20,12,1.0683229813664594,1.0181818181818183,1.0877470355731225
0022401172,77,13,8,136,26,18,1.1323529411764706,1.0476190476190477,1.1862745098039218
0022401173,90,13,5,113,14,9,0.8577263444520082,1.1865079365079365,1.0176991150442478
0022401174,111,12,7,90,11,4,1.1305555555555555,0.8612440191387559,0.9736842105263157
0022401175,66,12,7,123,20,13,0.8943089430894309,1.0421052631578946,0.9319640564826701
0022401176,117,10,6,90,17,11,2.21,1.0294117647058822,2.275
0022401177,120,12,9,94,16,7,1.7021276595744679,0.8214285714285714,1.3981762917933132
0022401178,113,13,7,97,13,6,1.1649484536082475,0.9500000000000002,1.1067010309278351
0022401179,66,14,9,119,22,13,0.8715486194477792,0.9683794466403162,0.8439897698209718
0022401180,67,19,11,141,18,7,0.4501679731243001,0.8796296296296295,0.3959810874704492
0022401181,107,15,5,110,11,6,0.7133333333333335,1.1590909090909092,0.8268181818181818
0022401182,132,10,4,66,5,1,1.0,0.8571428571428572,0.8571428571428571
0022401183,75,17,9,132,17,8,0.5681818181818182,0.9615384615384617,0.5463286713286714
0022401184,97,12,6,89,15,9,1.3623595505617976,1.0666666666666667,1.453183520599251
0022401185,91,15,8,121,16,8,0.8022038567493114,0.9782608695652175,0.7847646424721524
0022401186,114,15,3,86,4,1,0.35348837209302325,1.0416666666666667,0.3682170542635659
0022401187,85,13,7,98,15,8,1.0007849293563578,0.9966666666666667,0.9974489795918368
0022401188,60,15,10,137,23,13,0.6715328467153284,0.9391304347826087,0.6306569343065693
0022401189,107,19,10,145,19,9,0.7379310344827588,0.9655172413793104,0.7124851367419739
0022401190,111,15,6,94,10,4,0.7872340425531914,1.0,0.7872340425531914
0022401191,99,15,8,116,14,6,0.7965517241379311,0.9316770186335405,0.7421289355322339
0022401192,108,12,6,111,21,15,1.7027027027027029,1.142857142857143,1.945945945945946
0022401193,75,12,9,125,24,15,1.2,0.9285714285714286,1.114285714285714
0022401194,108,11,4,101,15,11,1.458145814581458,1.271111111111111,1.8534653465346533
0022401195,97,15,7,99,11,4,0.7185185185185184,0.9297520661157025,0.6680440771349863
0022401196,82,13,11,122,27,16,1.3959646910466583,0.8626543209876543,1.2042349726775956
0022401197,92,14,8,118,19,11,1.0581113801452784,1.0047846889952154,1.0631741140215716
0022401198,66,15,9,135,21,12,0.6844444444444445,0.9821428571428571,0.6722222222222222
0022401199,82,12,7,102,17,10,1.1388888888888888,1.0030959752321982,1.1424148606811144
0022401200,113,13,2,69,2,0,0.25195094760312153,0.8666666666666667,0.2183574879227053
0022401201,93,12,7,106,21,14,1.5353773584905661,1.0526315789473681,1.616186693147964
0022401202,102,16,5,100,9,4,0.57375,1.1005291005291005,0.6314285714285715
0022401203,99,16,5,103,9,4,0.5406553398058253,1.1005291005291005,0.59500693481276
0022401204,98,15,6,88,9,3,0.6681818181818182,0.9523809523809524,0.6363636363636364
0022401205,122,13,6,81,7,1,0.8110161443494777,0.781954887218045,0.6341780376868096
0022401206,84,12,9,119,19,10,1.1176470588235294,0.8721804511278195,0.9747899159663865
0022401207,82,12,9,117,25,16,1.46011396011396,0.9371428571428572,1.3683353683353683
0022401208,70,15,8,130,21,13,0.7538461538461539,1.0559006211180124,0.7959866220735786
0022401209,89,12,8,110,22,14,1.4833333333333334,0.9818181818181818,1.4563636363636363
0022401210,90,14,7,110,15,8,0.8766233766233765,1.0222222222222221,0.8961038961038961
0022401211,85,14,9,127,21,12,1.0039370078740157,0.9565217391304348,0.9602875727490585
0022401212,80,14,8,130,22,14,0.9670329670329672,1.0413223140495866,1.0069930069930069
0022401213,67,19,12,147,18,6,0.4317937701396348,0.8172043010752688,0.3528637261356155
0022401214,83,15,7,109,15,8,0.761467889908257,1.0454545454545452,0.7960800667222685
0022401215,80,15,8,115,16,8,0.7420289855072464,0.9782608695652175,0.725897920604915
0022401216,82,12,8,121,23,15,1.2988980716253444,0.991304347826087,1.287603305785124
0022401217,93,15,9,114,16,7,0.8701754385964912,0.8984375,0.7817982456140351
0022401218,105,14,6,96,11,5,0.859375,1.018181818181818,0.875
0022401219,81,13,7,116,16,9,0.8594164456233422,1.015625,0.8728448275862069
0022401220,56,15,11,164,34,23,0.7739837398373983,0.9671945701357466,0.74859287054409
0022401221,92,17,11,140,21,10,0.8117647058823529,0.8962585034013606,0.7275510204081632
0022401222,95,11,10,112,27,17,2.0819805194805197,0.853615520282187,1.7772108843537415
0022401223,81,14,7,138,27,20,1.1319875776397517,1.1604938271604939,1.313664596273292
0022401224,48,11,8,148,32,24,0.9434889434889436,1.013157894736842,0.9559032716927455
0022401225,89,16,13,132,21,8,0.8849431818181819,0.7619047619047619,0.6742424242424242
0022401226,83,13,10,127,23,13,1.1562689279224712,0.88468809073724,1.0229373502225265
0022401227,75,11,7,113,22,15,1.3274336283185841,1.0277777777777777,1.364306784660767
0022401228,92,10,6,111,18,12,1.491891891891892,1.0416666666666665,1.5540540540540542
0022401229,74,17,10,137,23,13,0.7307857449549162,0.9855072463768114,0.7201946472019465
0022401230,42,15,11,156,30,19,0.5384615384615384,0.9423076923076923,0.507396449704142
