game_id,possessions,date,post,count,exposure
0022100001,207,2021-10-19,0,0,5.332718793265369
0022100002,227,2021-10-19,0,4,5.424950017481403
0022100003,216,2021-10-20,0,2,5.375278407684165
0022100004,197,2021-10-20,0,0,5.2832037287379885
0022100005,252,2021-10-20,0,1,5.529429087511423
0022100006,217,2021-10-20,0,1,5.37989735354046
0022100007,211,2021-10-20,0,1,5.351858133476067
0022100008,217,2021-10-20,0,2,5.37989735354046
0022100009,200,2021-10-20,0,1,5.298317366548036
0022100010,194,2021-10-20,0,2,5.267858159063328
0022100011,194,2021-10-20,0,0,5.267858159063328
0022100012,204,2021-10-20,0,4,5.318119993844216
0022100013,214,2021-10-20,0,2,5.365976015021851
0022100014,208,2021-10-21,0,3,5.337538079701318
0022100015,215,2021-10-21,0,1,5.3706380281276624
0022100016,207,2021-10-21,0,3,5.332718793265369
0022100017,215,2021-10-22,0,0,5.3706380281276624
0022100018,199,2021-10-22,0,2,5.293304824724492
0022100019,213,2021-10-22,0,0,5.3612921657094255
0022100020,203,2021-10-22,0,1,5.313205979041787
0022100021,197,2021-10-22,0,1,5.2832037287379885
0022100022,208,2021-10-22,0,1,5.337538079701318
0022100023,210,2021-10-22,0,2,5.3471075307174685
0022100024,206,2021-10-22,0,1,5.327876168789581
0022100025,203,2021-10-22,0,2,5.313205979041787
0022100026,207,2021-10-22,0,3,5.332718793265369
0022100027,197,2021-10-23,0,0,5.2832037287379885
0022100028,217,2021-10-23,0,1,5.37989735354046
0022100029,186,2021-10-23,0,1,5.225746673713202
0022100030,203,2021-10-23,0,0,5.313205979041787
0022100031,214,2021-10-23,0,1,5.365976015021851
0022100032,209,2021-10-23,0,0,5.342334251964811
0022100033,207,2021-10-23,0,1,5.332718793265369
0022100034,200,2021-10-23,0,3,5.298317366548036
0022100035,204,2021-10-24,0,2,5.318119993844216
0022100036,208,2021-10-24,0,1,5.337538079701318
0022100037,201,2021-10-24,0,0,5.303304908059076
0022100038,196,2021-10-24,0,3,5.278114659230517
0022100039,202,2021-10-24,0,2,5.308267697401205
0022100040,205,2021-10-24,0,7,5.3230099791384085
0022100041,231,2021-10-25,0,4,5.442417710521793
0022100042,214,2021-10-25,0,4,5.365976015021851
0022100043,208,2021-10-25,0,2,5.337538079701318
0022100044,209,2021-10-25,0,0,5.342334251964811
0022100045,197,2021-10-25,0,2,5.2832037287379885
0022100046,196,2021-10-25,0,1,5.278114659230517
0022100047,205,2021-10-25,0,0,5.3230099791384085
0022100048,197,2021-10-25,0,4,5.2832037287379885
0022100049,231,2021-10-25,0,4,5.442417710521793
0022100050,188,2021-10-26,0,2,5.236441962829949
0022100051,200,2021-10-26,0,3,5.298317366548036
0022100052,214,2021-10-26,0,2,5.365976015021851
0022100053,236,2021-10-26,0,2,5.4638318050256105
0022100054,205,2021-10-26,0,3,5.3230099791384085
0022100055,205,2021-10-27,0,0,5.3230099791384085
0022100056,201,2021-10-27,0,0,5.303304908059076
0022100057,205,2021-10-27,0,0,5.3230099791384085
0022100058,196,2021-10-27,0,3,5.278114659230517
0022100059,190,2021-10-27,0,1,5.247024072160486
0022100060,200,2021-10-27,0,2,5.298317366548036
0022100061,213,2021-10-27,0,1,5.3612921657094255
0022100062,204,2021-10-27,0,2,5.318119993844216
0022100063,201,2021-10-27,0,2,5.303304908059076
0022100064,194,2021-10-27,0,1,5.267858159063328
0022100065,200,2021-10-28,0,2,5.298317366548036
0022100066,204,2021-10-28,0,3,5.318119993844216
0022100067,190,2021-10-28,0,0,5.247024072160486
0022100068,209,2021-10-28,0,2,5.342334251964811
0022100069,193,2021-10-28,0,6,5.262690188904886
0022100070,220,2021-10-28,0,2,5.393627546352362
0022100071,189,2021-10-29,0,1,5.241747015059643
0022100072,205,2021-10-29,0,3,5.3230099791384085
0022100073,201,2021-10-29,0,0,5.303304908059076
0022100074,204,2021-10-29,0,1,5.318119993844216
0022100075,204,2021-10-29,0,1,5.318119993844216
0022100076,203,2021-10-29,0,3,5.313205979041787
0022100077,187,2021-10-29,0,3,5.231108616854587
0022100078,245,2021-10-30,0,1,5.501258210544727
0022100079,200,2021-10-30,0,0,5.298317366548036
0022100080,200,2021-10-30,0,2,5.298317366548036
0022100081,199,2021-10-30,0,2,5.293304824724492
0022100082,200,2021-10-30,0,1,5.298317366548036
0022100083,207,2021-10-30,0,1,5.332718793265369
0022100084,201,2021-10-30,0,2,5.303304908059076
0022100085,217,2021-10-30,0,1,5.37989735354046
0022100086,206,2021-10-30,0,3,5.327876168789581
0022100087,193,2021-10-30,0,3,5.262690188904886
0022100088,206,2021-10-30,0,0,5.327876168789581
0022100089,194,2021-10-31,0,1,5.267858159063328
0022100090,194,2021-10-31,0,0,5.267858159063328
0022100091,186,2021-10-31,0,3,5.225746673713202
0022100092,195,2021-10-31,0,0,5.272999558563747
0022100093,206,2021-10-31,0,3,5.327876168789581
0022100094,201,2021-11-01,0,1,5.303304908059076
0022100095,201,2021-11-01,0,3,5.303304908059076
0022100096,190,2021-11-01,0,0,5.247024072160486
0022100097,194,2021-11-01,0,5,5.267858159063328
0022100098,204,2021-11-01,0,1,5.318119993844216
0022100099,197,2021-11-01,0,4,5.2832037287379885
0022100100,198,2021-11-01,0,1,5.288267030694535
0022100101,200,2021-11-01,0,0,5.298317366548036
0022100102,200,2021-11-01,0,1,5.298317366548036
0022100103,201,2021-11-02,0,1,5.303304908059076
0022100104,190,2021-11-02,0,1,5.247024072160486
0022100105,210,2021-11-02,0,3,5.3471075307174685
0022100106,204,2021-11-02,0,1,5.318119993844216
0022100107,216,2021-11-02,0,2,5.375278407684165
0022100108,191,2021-11-03,0,3,5.25227342804663
0022100109,194,2021-11-03,0,4,5.267858159063328
0022100110,191,2021-11-03,0,0,5.25227342804663
0022100111,197,2021-11-03,0,0,5.2832037287379885
0022100112,193,2021-11-03,0,0,5.262690188904886
0022100113,208,2021-11-03,0,1,5.337538079701318
0022100114,193,2021-11-03,0,4,5.262690188904886
0022100115,202,2021-11-03,0,1,5.308267697401205
0022100116,213,2021-11-03,0,2,5.3612921657094255
0022100117,211,2021-11-03,0,3,5.351858133476067
0022100118,194,2021-11-03,0,1,5.267858159063328
0022100119,188,2021-11-04,0,2,5.236441962829949
0022100120,189,2021-11-04,0,6,5.241747015059643
0022100121,184,2021-11-04,0,0,5.214935757608986
0022100122,212,2021-11-04,0,0,5.356586274672012
0022100123,202,2021-11-04,0,3,5.308267697401205
0022100124,200,2021-11-05,0,2,5.298317366548036
0022100125,205,2021-11-05,0,0,5.3230099791384085
0022100126,202,2021-11-05,0,2,5.308267697401205
0022100127,183,2021-11-05,0,0,5.209486152841421
0022100128,199,2021-11-05,0,2,5.293304824724492
0022100129,209,2021-11-05,0,1,5.342334251964811
0022100130,200,2021-11-05,0,2,5.298317366548036
0022100131,194,2021-11-05,0,3,5.267858159063328
0022100132,209,2021-11-05,0,0,5.342334251964811
0022100133,197,2021-11-06,0,3,5.2832037287379885
0022100134,184,2021-11-06,0,1,5.214935757608986
0022100135,195,2021-11-06,0,0,5.272999558563747
0022100136,187,2021-11-06,0,1,5.231108616854587
0022100137,213,2021-11-06,0,2,5.3612921657094255
0022100138,218,2021-11-06,0,0,5.384495062789089
0022100139,190,2021-11-07,0,1,5.247024072160486
0022100140,199,2021-11-07,0,4,5.293304824724492
0022100141,195,2021-11-07,0,0,5.272999558563747
0022100142,200,2021-11-07,0,1,5.298317366548036
0022100143,193,2021-11-07,0,1,5.262690188904886
0022100144,206,2021-11-07,0,2,5.327876168789581
0022100145,205,2021-11-07,0,2,5.3230099791384085
0022100146,215,2021-11-07,0,2,5.3706380281276624
0022100147,191,2021-11-08,0,5,5.25227342804663
0022100148,203,2021-11-08,0,2,5.313205979041787
0022100149,213,2021-11-08,0,2,5.3612921657094255
0022100150,189,2021-11-08,0,2,5.241747015059643
0022100151,192,2021-11-08,0,1,5.2574953720277815
0022100152,207,2021-11-08,0,4,5.332718793265369
0022100153,212,2021-11-08,0,1,5.356586274672012
0022100154,231,2021-11-08,0,1,5.442417710521793
0022100155,199,2021-11-09,0,0,5.293304824724492
0022100156,185,2021-11-09,0,2,5.220355825078324
0022100157,195,2021-11-09,0,2,5.272999558563747
0022100158,188,2021-11-10,0,2,5.236441962829949
0022100159,212,2021-11-10,0,1,5.356586274672012
0022100160,200,2021-11-10,0,0,5.298317366548036
0022100161,191,2021-11-10,0,3,5.25227342804663
0022100162,202,2021-11-10,0,0,5.308267697401205
0022100163,199,2021-11-10,0,2,5.293304824724492
0022100164,215,2021-11-10,0,4,5.3706380281276624
0022100165,200,2021-11-10,0,1,5.298317366548036
0022100166,207,2021-11-10,0,6,5.332718793265369
0022100167,183,2021-11-10,0,2,5.209486152841421
0022100168,197,2021-11-10,0,1,5.2832037287379885
0022100169,202,2021-11-10,0,1,5.308267697401205
0022100170,225,2021-11-10,0,3,5.41610040220442
0022100171,194,2021-11-11,0,1,5.267858159063328
0022100172,199,2021-11-11,0,6,5.293304824724492
0022100173,198,2021-11-11,0,1,5.288267030694535
0022100174,203,2021-11-12,0,0,5.313205979041787
0022100175,208,2021-11-12,0,0,5.337538079701318
0022100176,195,2021-11-12,0,2,5.272999558563747
0022100177,201,2021-11-12,0,1,5.303304908059076
0022100178,209,2021-11-12,0,4,5.342334251964811
0022100179,194,2021-11-12,0,2,5.267858159063328
0022100180,200,2021-11-12,0,2,5.298317366548036
0022100181,202,2021-11-12,0,1,5.308267697401205
0022100182,190,2021-11-12,0,2,5.247024072160486
0022100183,201,2021-11-12,0,3,5.303304908059076
0022100184,195,2021-11-12,0,3,5.272999558563747
0022100185,196,2021-11-13,0,1,5.278114659230517
0022100186,192,2021-11-13,0,2,5.2574953720277815
0022100187,195,2021-11-13,0,1,5.272999558563747
0022100188,185,2021-11-13,0,2,5.220355825078324
0022100189,194,2021-11-13,0,1,5.267858159063328
0022100190,193,2021-11-13,0,1,5.262690188904886
0022100191,209,2021-11-13,0,1,5.342334251964811
0022100192,196,2021-11-14,0,1,5.278114659230517
0022100193,196,2021-11-14,0,3,5.278114659230517
0022100194,203,2021-11-14,0,2,5.313205979041787
0022100195,207,2021-11-14,0,2,5.332718793265369
0022100196,200,2021-11-14,0,3,5.298317366548036
0022100197,184,2021-11-14,0,8,5.214935757608986
0022100198,202,2021-11-14,0,0,5.308267697401205
0022100199,194,2021-11-15,0,3,5.267858159063328
0022100200,206,2021-11-15,0,2,5.327876168789581
0022100201,189,2021-11-15,0,1,5.241747015059643
0022100202,205,2021-11-15,0,6,5.3230099791384085
0022100203,182,2021-11-15,0,1,5.204006687076795
0022100204,189,2021-11-15,0,2,5.241747015059643
0022100205,213,2021-11-15,0,2,5.3612921657094255
0022100206,207,2021-11-15,0,0,5.332718793265369
0022100207,198,2021-11-15,0,2,5.288267030694535
0022100208,188,2021-11-15,0,1,5.236441962829949
0022100209,211,2021-11-15,0,3,5.351858133476067
0022100210,212,2021-11-16,0,0,5.356586274672012
0022100211,200,2021-11-16,0,2,5.298317366548036
0022100212,216,2021-11-16,0,3,5.375278407684165
0022100213,189,2021-11-17,0,2,5.241747015059643
0022100214,194,2021-11-17,0,2,5.267858159063328
0022100215,190,2021-11-17,0,6,5.247024072160486
0022100216,200,2021-11-17,0,0,5.298317366548036
0022100217,192,2021-11-17,0,0,5.2574953720277815
0022100218,199,2021-11-17,0,2,5.293304824724492
0022100219,209,2021-11-17,0,0,5.342334251964811
0022100220,194,2021-11-17,0,1,5.267858159063328
0022100221,204,2021-11-17,0,4,5.318119993844216
0022100222,192,2021-11-17,0,0,5.2574953720277815
0022100223,198,2021-11-17,0,3,5.288267030694535
0022100224,184,2021-11-18,0,1,5.214935757608986
0022100225,190,2021-11-18,0,0,5.247024072160486
0022100226,194,2021-11-18,0,3,5.267858159063328
0022100227,191,2021-11-18,0,1,5.25227342804663
0022100228,188,2021-11-18,0,6,5.236441962829949
0022100229,198,2021-11-18,0,4,5.288267030694535
0022100230,213,2021-11-19,0,4,5.3612921657094255
0022100231,186,2021-11-19,0,3,5.225746673713202
0022100232,201,2021-11-19,0,0,5.303304908059076
0022100233,197,2021-11-19,0,0,5.2832037287379885
0022100234,197,2021-11-19,0,2,5.2832037287379885
0022100235,187,2021-11-19,0,2,5.231108616854587
0022100236,197,2021-11-19,0,1,5.2832037287379885
0022100237,202,2021-11-19,0,1,5.308267697401205
0022100238,195,2021-11-19,0,4,5.272999558563747
0022100239,204,2021-11-20,0,3,5.318119993844216
0022100240,207,2021-11-20,0,0,5.332718793265369
0022100241,186,2021-11-20,0,0,5.225746673713202
0022100242,196,2021-11-20,0,1,5.278114659230517
0022100243,190,2021-11-20,0,3,5.247024072160486
0022100244,208,2021-11-20,0,1,5.337538079701318
0022100245,199,2021-11-20,0,0,5.293304824724492
0022100246,193,2021-11-20,0,5,5.262690188904886
0022100247,195,2021-11-20,0,2,5.272999558563747
0022100248,185,2021-11-21,0,1,5.220355825078324
0022100249,210,2021-11-21,0,0,5.3471075307174685
0022100250,191,2021-11-21,0,2,5.25227342804663
0022100251,197,2021-11-21,0,1,5.2832037287379885
0022100252,194,2021-11-21,0,0,5.267858159063328
0022100253,208,2021-11-22,0,1,5.337538079701318
0022100254,208,2021-11-22,0,2,5.337538079701318
0022100255,190,2021-11-22,0,2,5.247024072160486
0022100256,209,2021-11-22,0,3,5.342334251964811
0022100257,191,2021-11-22,0,1,5.25227342804663
0022100258,198,2021-11-22,0,0,5.288267030694535
0022100259,203,2021-11-22,0,3,5.313205979041787
0022100260,201,2021-11-22,0,0,5.303304908059076
0022100261,201,2021-11-22,0,1,5.303304908059076
0022100262,188,2021-11-22,0,3,5.236441962829949
0022100263,188,2021-11-23,0,1,5.236441962829949
0022100264,201,2021-11-23,0,2,5.303304908059076
0022100265,190,2021-11-23,0,3,5.247024072160486
0022100266,203,2021-11-23,0,2,5.313205979041787
0022100267,205,2021-11-24,0,1,5.3230099791384085
0022100268,223,2021-11-24,0,2,5.407171771460119
0022100269,201,2021-11-24,0,0,5.303304908059076
0022100270,197,2021-11-24,0,2,5.2832037287379885
0022100271,217,2021-11-24,0,2,5.37989735354046
0022100272,191,2021-11-24,0,1,5.25227342804663
0022100273,205,2021-11-24,0,0,5.3230099791384085
0022100274,207,2021-11-24,0,1,5.332718793265369
0022100275,217,2021-11-24,0,3,5.37989735354046
0022100276,199,2021-11-24,0,0,5.293304824724492
0022100277,200,2021-11-24,0,1,5.298317366548036
0022100278,204,2021-11-24,0,0,5.318119993844216
0022100279,205,2021-11-24,0,2,5.3230099791384085
0022100280,208,2021-11-26,0,1,5.337538079701318
0022100281,208,2021-11-26,0,1,5.337538079701318
0022100282,195,2021-11-26,0,1,5.272999558563747
0022100283,200,2021-11-26,0,3,5.298317366548036
0022100284,191,2021-11-26,0,1,5.25227342804663
0022100285,203,2021-11-26,0,1,5.313205979041787
0022100286,192,2021-11-26,0,1,5.2574953720277815
0022100287,194,2021-11-26,0,0,5.267858159063328
0022100288,192,2021-11-26,0,2,5.2574953720277815
0022100289,195,2021-11-26,0,3,5.272999558563747
0022100290,198,2021-11-26,0,2,5.288267030694535
0022100291,251,2021-11-26,0,2,5.5254529391317835
0022100292,228,2021-11-27,0,0,5.429345628954441
0022100293,190,2021-11-27,0,2,5.247024072160486
0022100294,206,2021-11-27,0,0,5.327876168789581
0022100295,196,2021-11-27,0,3,5.278114659230517
0022100296,198,2021-11-27,0,0,5.288267030694535
0022100297,220,2021-11-27,0,0,5.393627546352362
0022100298,194,2021-11-27,0,0,5.267858159063328
0022100299,205,2021-11-27,0,4,5.3230099791384085
0022100300,201,2021-11-28,0,2,5.303304908059076
0022100301,203,2021-11-28,0,0,5.313205979041787
0022100302,196,2021-11-28,0,0,5.278114659230517
0022100303,214,2021-11-28,0,1,5.365976015021851
0022100304,207,2021-11-28,0,1,5.332718793265369
0022100305,207,2021-11-29,0,1,5.332718793265369
0022100306,186,2021-11-29,0,1,5.225746673713202
0022100307,204,2021-11-29,0,1,5.318119993844216
0022100308,208,2021-11-29,0,1,5.337538079701318
0022100309,203,2021-11-29,0,0,5.313205979041787
0022100310,201,2021-11-29,0,0,5.303304908059076
0022100311,183,2021-11-29,0,0,5.209486152841421
0022100312,192,2021-11-29,0,3,5.2574953720277815
0022100313,186,2021-11-29,0,0,5.225746673713202
0022100314,188,2021-11-30,0,1,5.236441962829949
0022100315,200,2021-11-30,0,1,5.298317366548036
0022100316,192,2021-11-30,0,2,5.2574953720277815
0022100317,199,2021-11-30,0,0,5.293304824724492
0022100318,200,2021-11-30,0,2,5.298317366548036
0022100319,197,2021-12-01,0,5,5.2832037287379885
0022100320,199,2021-12-01,0,3,5.293304824724492
0022100321,200,2021-12-01,0,0,5.298317366548036
0022100322,187,2021-12-01,0,3,5.231108616854587
0022100323,187,2021-12-01,0,0,5.231108616854587
0022100324,215,2021-12-01,0,1,5.3706380281276624
0022100325,192,2021-12-01,0,4,5.2574953720277815
0022100326,197,2021-12-01,0,1,5.2832037287379885
0022100327,202,2021-12-01,0,1,5.308267697401205
0022100328,202,2021-12-02,0,4,5.308267697401205
0022100329,181,2021-12-02,0,1,5.198497031265826
0022100330,198,2021-12-02,0,1,5.288267030694535
0022100331,197,2021-12-02,0,1,5.2832037287379885
0022100332,203,2021-12-02,0,5,5.313205979041787
0022100333,181,2021-12-03,0,3,5.198497031265826
0022100334,191,2021-12-03,0,0,5.25227342804663
0022100335,185,2021-12-03,0,3,5.220355825078324
0022100336,209,2021-12-03,0,0,5.342334251964811
0022100337,201,2021-12-03,0,0,5.303304908059076
0022100338,198,2021-12-03,0,1,5.288267030694535
0022100339,201,2021-12-03,0,3,5.303304908059076
0022100340,198,2021-12-03,0,1,5.288267030694535
0022100341,189,2021-12-03,0,3,5.241747015059643
0022100342,179,2021-12-04,0,1,5.187385805840755
0022100343,200,2021-12-04,0,1,5.298317366548036
0022100344,200,2021-12-04,0,1,5.298317366548036
0022100345,194,2021-12-04,0,2,5.267858159063328
0022100346,201,2021-12-04,0,2,5.303304908059076
0022100347,197,2021-12-04,0,0,5.2832037287379885
0022100348,205,2021-12-04,0,2,5.3230099791384085
0022100349,189,2021-12-05,0,4,5.241747015059643
0022100350,203,2021-12-05,0,3,5.313205979041787
0022100351,187,2021-12-05,0,2,5.231108616854587
0022100352,185,2021-12-05,0,1,5.220355825078324
0022100353,207,2021-12-06,0,1,5.332718793265369
0022100354,202,2021-12-06,0,0,5.308267697401205
0022100355,183,2021-12-06,0,1,5.209486152841421
0022100356,199,2021-12-06,0,1,5.293304824724492
0022100357,197,2021-12-06,0,0,5.2832037287379885
0022100358,206,2021-12-06,0,0,5.327876168789581
0022100359,198,2021-12-06,0,3,5.288267030694535
0022100360,205,2021-12-06,0,2,5.3230099791384085
0022100361,208,2021-12-06,0,2,5.337538079701318
0022100362,199,2021-12-06,0,2,5.293304824724492
0022100363,187,2021-12-07,0,2,5.231108616854587
0022100364,194,2021-12-07,0,2,5.267858159063328
0022100365,199,2021-12-07,0,1,5.293304824724492
0022100366,196,2021-12-08,0,2,5.278114659230517
0022100367,195,2021-12-08,0,3,5.272999558563747
0022100368,206,2021-12-08,0,0,5.327876168789581
0022100369,195,2021-12-08,0,4,5.272999558563747
0022100370,201,2021-12-08,0,0,5.303304908059076
0022100371,198,2021-12-08,0,0,5.288267030694535
0022100372,188,2021-12-08,0,2,5.236441962829949
0022100373,191,2021-12-08,0,3,5.25227342804663
0022100374,208,2021-12-08,0,5,5.337538079701318
0022100375,214,2021-12-08,0,4,5.365976015021851
0022100376,204,2021-12-08,0,1,5.318119993844216
0022100377,204,2021-12-08,0,1,5.318119993844216
0022100378,211,2021-12-08,0,2,5.351858133476067
0022100379,190,2021-12-09,0,3,5.247024072160486
0022100380,203,2021-12-09,0,2,5.313205979041787
0022100381,198,2021-12-09,0,7,5.288267030694535
0022100382,203,2021-12-10,0,2,5.313205979041787
0022100383,182,2021-12-10,0,3,5.204006687076795
0022100384,206,2021-12-10,0,2,5.327876168789581
0022100385,183,2021-12-10,0,2,5.209486152841421
0022100386,204,2021-12-10,0,0,5.318119993844216
0022100387,210,2021-12-10,0,3,5.3471075307174685
0022100388,200,2021-12-10,0,1,5.298317366548036
0022100389,198,2021-12-10,0,1,5.288267030694535
0022100390,201,2021-12-10,0,1,5.303304908059076
0022100391,184,2021-12-11,0,2,5.214935757608986
0022100392,198,2021-12-11,0,2,5.288267030694535
0022100393,217,2021-12-11,0,1,5.37989735354046
0022100394,188,2021-12-11,0,2,5.236441962829949
0022100395,184,2021-12-11,0,1,5.214935757608986
0022100396,188,2021-12-11,0,1,5.236441962829949
0022100397,199,2021-12-11,0,2,5.293304824724492
0022100398,193,2021-12-12,0,1,5.262690188904886
0022100399,209,2021-12-12,0,2,5.342334251964811
0022100400,189,2021-12-12,0,5,5.241747015059643
0022100401,195,2021-12-12,0,2,5.272999558563747
0022100402,202,2021-12-12,0,3,5.308267697401205
0022100403,197,2021-12-12,0,3,5.2832037287379885
0022100404,188,2021-12-13,0,1,5.236441962829949
0022100405,191,2021-12-13,0,1,5.25227342804663
0022100406,203,2021-12-13,0,0,5.313205979041787
0022100407,210,2021-12-13,0,4,5.3471075307174685
0022100408,197,2021-12-13,0,2,5.2832037287379885
0022100409,201,2021-12-13,0,2,5.303304908059076
0022100410,173,2021-12-13,0,4,5.153291594497779
0022100411,201,2021-12-13,0,3,5.303304908059076
0022100412,194,2021-12-13,0,2,5.267858159063328
0022100413,219,2021-12-14,0,0,5.389071729816501
0022100414,185,2021-12-14,0,3,5.220355825078324
0022100415,209,2022-01-11,0,1,5.342334251964811
0022100416,213,2021-12-14,0,3,5.3612921657094255
0022100417,196,2021-12-15,0,0,5.278114659230517
0022100418,199,2021-12-15,0,1,5.293304824724492
0022100419,183,2021-12-15,0,2,5.209486152841421
0022100420,213,2021-12-15,0,1,5.3612921657094255
0022100421,193,2021-12-15,0,3,5.262690188904886
0022100422,200,2021-12-15,0,1,5.298317366548036
0022100423,198,2021-12-15,0,3,5.288267030694535
0022100424,202,2021-12-15,0,1,5.308267697401205
0022100425,202,2021-12-15,0,5,5.308267697401205
0022100426,204,2021-12-15,0,1,5.318119993844216
0022100427,200,2021-12-15,0,1,5.298317366548036
0022100428,202,2021-12-16,0,0,5.308267697401205
0022100429,199,2021-12-16,0,0,5.293304824724492
0022100430,219,2022-02-03,0,0,5.389071729816501
0022100431,180,2021-12-16,0,1,5.19295685089021
0022100432,202,2021-12-16,0,1,5.308267697401205
0022100433,189,2021-12-17,0,0,5.241747015059643
0022100434,214,2021-12-17,0,3,5.365976015021851
0022100435,195,2021-12-17,0,0,5.272999558563747
0022100436,215,2021-12-17,0,2,5.3706380281276624
0022100437,211,2021-12-17,0,4,5.351858133476067
0022100438,218,2021-12-17,0,1,5.384495062789089
0022100439,202,2021-12-17,0,2,5.308267697401205
0022100440,213,2021-12-17,0,0,5.3612921657094255
0022100441,211,2021-12-18,0,3,5.351858133476067
0022100442,202,2021-12-18,0,1,5.308267697401205
0022100443,192,2021-12-18,0,0,5.2574953720277815
0022100444,194,2021-12-18,0,2,5.267858159063328
0022100445,197,2021-12-18,0,1,5.2832037287379885
0022100446,196,2021-12-18,0,1,5.278114659230517
0022100447,203,2021-12-18,0,3,5.313205979041787
0022100448,203,2021-12-19,0,1,5.313205979041787
0022100449,192,2021-12-19,0,0,5.2574953720277815
0022100450,192,2021-12-19,0,1,5.2574953720277815
0022100451,197,2021-12-19,0,2,5.2832037287379885
0022100452,202,2022-03-31,0,1,5.308267697401205
0022100453,205,2022-01-26,0,1,5.3230099791384085
0022100454,183,2022-01-25,0,2,5.209486152841421
0022100455,187,2021-12-19,0,2,5.231108616854587
0022100456,215,2021-12-19,0,2,5.3706380281276624
0022100457,203,2021-12-20,0,2,5.313205979041787
0022100458,205,2022-03-04,0,1,5.3230099791384085
0022100459,191,2021-12-20,0,2,5.25227342804663
0022100460,200,2021-12-20,0,1,5.298317366548036
0022100461,214,2021-12-20,0,4,5.365976015021851
0022100462,198,2021-12-20,0,0,5.288267030694535
0022100463,204,2021-12-20,0,3,5.318119993844216
0022100464,195,2022-02-17,0,0,5.272999558563747
0022100465,193,2021-12-21,0,1,5.262690188904886
0022100466,198,2021-12-21,0,3,5.288267030694535
0022100467,186,2021-12-21,0,1,5.225746673713202
0022100468,191,2021-12-21,0,2,5.25227342804663
0022100469,211,2021-12-21,0,3,5.351858133476067
0022100470,191,2021-12-22,0,1,5.25227342804663
0022100471,203,2021-12-22,0,5,5.313205979041787
0022100472,188,2022-01-26,0,0,5.236441962829949
0022100473,204,2021-12-22,0,0,5.318119993844216
0022100474,199,2021-12-22,0,2,5.293304824724492
0022100475,194,2021-12-22,0,0,5.267858159063328
0022100476,186,2021-12-23,0,2,5.225746673713202
0022100477,191,2021-12-23,0,0,5.25227342804663
0022100478,182,2021-12-23,0,4,5.204006687076795
0022100479,203,2021-12-23,0,0,5.313205979041787
0022100480,192,2021-12-23,0,1,5.2574953720277815
0022100481,194,2021-12-23,0,0,5.267858159063328
0022100482,205,2021-12-23,0,2,5.3230099791384085
0022100483,204,2021-12-23,0,2,5.318119993844216
0022100484,204,2021-12-23,0,4,5.318119993844216
0022100485,195,2021-12-23,0,0,5.272999558563747
0022100486,198,2022-01-10,0,0,5.288267030694535
0022100487,212,2021-12-23,0,3,5.356586274672012
0022100488,188,2021-12-25,0,2,5.236441962829949
0022100489,201,2021-12-25,0,1,5.303304908059076
0022100490,189,2021-12-25,0,0,5.241747015059643
0022100491,206,2021-12-25,0,4,5.327876168789581
0022100492,211,2021-12-25,0,1,5.351858133476067
0022100493,182,2021-12-26,0,1,5.204006687076795
0022100494,220,2021-12-26,0,0,5.393627546352362
0022100495,194,2021-12-26,0,1,5.267858159063328
0022100496,203,2021-12-26,0,1,5.313205979041787
0022100497,212,2021-12-26,0,3,5.356586274672012
0022100498,223,2021-12-26,0,1,5.407171771460119
0022100499,200,2021-12-26,0,2,5.298317366548036
0022100500,198,2021-12-26,0,2,5.288267030694535
0022100501,210,2021-12-27,0,4,5.3471075307174685
0022100502,198,2021-12-27,0,1,5.288267030694535
0022100503,201,2021-12-27,0,1,5.303304908059076
0022100504,212,2021-12-27,0,4,5.356586274672012
0022100505,198,2021-12-27,0,3,5.288267030694535
0022100506,198,2021-12-27,0,0,5.288267030694535
0022100507,200,2021-12-27,0,4,5.298317366548036
0022100508,201,2021-12-28,0,0,5.303304908059076
0022100509,190,2021-12-28,0,1,5.247024072160486
0022100510,187,2021-12-28,0,0,5.231108616854587
0022100511,205,2021-12-28,0,0,5.3230099791384085
0022100512,186,2021-12-28,0,2,5.225746673713202
0022100513,193,2021-12-28,0,0,5.262690188904886
0022100514,187,2021-12-28,0,0,5.231108616854587
0022100515,213,2021-12-28,0,0,5.3612921657094255
0022100516,193,2021-12-29,0,3,5.262690188904886
0022100517,210,2021-12-29,0,0,5.3471075307174685
0022100518,178,2021-12-29,0,1,5.181783550292085
0022100519,210,2021-12-29,0,1,5.3471075307174685
0022100520,193,2021-12-29,0,0,5.262690188904886
0022100521,196,2022-02-03,0,2,5.278114659230517
0022100522,199,2021-12-29,0,2,5.293304824724492
0022100523,196,2021-12-29,0,1,5.278114659230517
0022100524,181,2021-12-29,0,2,5.198497031265826
0022100525,192,2021-12-30,0,1,5.2574953720277815
0022100526,207,2021-12-30,0,0,5.332718793265369
0022100527,193,2021-12-30,0,0,5.262690188904886
0022100528,205,2022-03-07,0,1,5.3230099791384085
0022100529,199,2021-12-31,0,2,5.293304824724492
0022100530,204,2021-12-31,0,2,5.318119993844216
0022100531,189,2021-12-31,0,0,5.241747015059643
0022100532,207,2021-12-31,0,1,5.332718793265369
0022100533,191,2021-12-31,0,2,5.25227342804663
0022100534,196,2021-12-31,0,2,5.278114659230517
0022100535,201,2021-12-31,0,1,5.303304908059076
0022100536,189,2021-12-31,0,3,5.241747015059643
0022100537,202,2021-12-31,0,5,5.308267697401205
0022100538,202,2021-12-31,0,4,5.308267697401205
0022100539,219,2022-01-01,0,1,5.389071729816501
0022100540,227,2022-01-01,0,0,5.424950017481403
0022100541,209,2022-01-01,0,0,5.342334251964811
0022100542,210,2022-01-01,0,2,5.3471075307174685
0022100543,204,2022-01-01,0,3,5.318119993844216
0022100544,200,2022-01-01,0,3,5.298317366548036
0022100545,201,2022-01-02,0,4,5.303304908059076
0022100546,221,2022-01-02,0,2,5.3981627015177525
0022100547,191,2022-01-02,0,3,5.25227342804663
0022100548,196,2022-01-02,0,2,5.278114659230517
0022100549,210,2022-01-02,0,2,5.3471075307174685
0022100550,190,2022-01-02,0,2,5.247024072160486
0022100551,202,2022-01-02,0,0,5.308267697401205
0022100552,209,2022-01-03,0,1,5.342334251964811
0022100553,214,2022-01-03,0,1,5.365976015021851
0022100554,199,2022-01-03,0,1,5.293304824724492
0022100555,200,2022-01-03,0,4,5.298317366548036
0022100556,200,2022-01-03,0,1,5.298317366548036
0022100557,198,2022-01-03,0,5,5.288267030694535
0022100558,190,2022-01-03,0,3,5.247024072160486
0022100559,206,2022-01-03,0,0,5.327876168789581
0022100560,200,2022-01-03,0,1,5.298317366548036
0022100561,200,2022-01-03,0,1,5.298317366548036
0022100562,195,2022-01-04,0,0,5.272999558563747
0022100563,215,2022-01-04,0,0,5.3706380281276624
0022100564,182,2022-01-04,0,1,5.204006687076795
0022100565,200,2022-01-04,0,0,5.298317366548036
0022100566,199,2022-01-04,0,2,5.293304824724492
0022100567,208,2022-01-05,0,2,5.337538079701318
0022100568,204,2022-01-05,0,1,5.318119993844216
0022100569,215,2022-01-05,0,0,5.3706380281276624
0022100570,187,2022-01-05,0,0,5.231108616854587
0022100571,206,2022-01-05,0,2,5.327876168789581
0022100572,193,2022-01-05,0,2,5.262690188904886
0022100573,206,2022-01-05,0,0,5.327876168789581
0022100574,197,2022-01-05,0,1,5.2832037287379885
0022100575,201,2022-01-05,0,4,5.303304908059076
0022100576,182,2022-01-05,0,3,5.204006687076795
0022100577,198,2022-01-05,0,2,5.288267030694535
0022100578,182,2022-01-06,0,0,5.204006687076795
0022100579,211,2022-01-06,0,2,5.351858133476067
0022100580,203,2022-01-06,0,0,5.313205979041787
0022100581,198,2022-01-06,0,1,5.288267030694535
0022100582,198,2022-01-07,0,1,5.288267030694535
0022100583,197,2022-01-07,0,0,5.2832037287379885
0022100584,197,2022-01-07,0,2,5.2832037287379885
0022100585,212,2022-01-07,0,1,5.356586274672012
0022100586,211,2022-01-07,0,1,5.351858133476067
0022100587,210,2022-01-07,0,1,5.3471075307174685
0022100588,202,2022-01-07,0,1,5.308267697401205
0022100589,214,2022-01-07,0,1,5.365976015021851
0022100590,187,2022-01-07,0,1,5.231108616854587
0022100591,209,2022-01-08,0,4,5.342334251964811
0022100592,206,2022-01-08,0,1,5.327876168789581
0022100593,193,2022-01-08,0,1,5.262690188904886
0022100594,199,2022-01-08,0,3,5.293304824724492
0022100595,173,2022-01-08,0,2,5.153291594497779
0022100596,203,2022-01-08,0,0,5.313205979041787
0022100597,189,2022-01-09,0,1,5.241747015059643
0022100598,194,2022-01-09,0,2,5.267858159063328
0022100599,181,2022-01-09,0,0,5.198497031265826
0022100600,219,2022-01-09,0,2,5.389071729816501
0022100601,183,2022-01-09,0,0,5.209486152841421
0022100602,231,2022-01-09,0,0,5.442417710521793
0022100603,188,2022-01-09,0,2,5.236441962829949
0022100604,184,2022-01-09,0,1,5.214935757608986
0022100605,199,2022-01-09,0,2,5.293304824724492
0022100606,203,2022-01-09,0,2,5.313205979041787
0022100607,205,2022-01-10,0,1,5.3230099791384085
0022100608,202,2022-01-10,0,4,5.308267697401205
0022100609,217,2022-01-10,0,0,5.37989735354046
0022100610,194,2022-01-10,0,1,5.267858159063328
0022100611,193,2022-01-10,0,0,5.262690188904886
0022100612,199,2022-01-11,0,0,5.293304824724492
0022100613,185,2022-01-11,0,1,5.220355825078324
0022100614,211,2022-01-11,0,3,5.351858133476067
0022100615,203,2022-01-11,0,0,5.313205979041787
0022100616,189,2022-01-11,0,4,5.241747015059643
0022100617,202,2022-01-16,0,1,5.308267697401205
0022100618,183,2022-01-12,0,2,5.209486152841421
0022100619,196,2022-01-12,0,1,5.278114659230517
0022100620,189,2022-01-12,0,0,5.241747015059643
0022100621,203,2022-01-12,0,0,5.313205979041787
0022100622,187,2022-01-12,0,0,5.231108616854587
0022100623,212,2022-01-12,0,1,5.356586274672012
0022100624,191,2022-01-12,0,3,5.25227342804663
0022100625,204,2022-01-12,0,0,5.318119993844216
0022100626,201,2022-01-12,0,2,5.303304908059076
0022100627,216,2022-01-13,0,2,5.375278407684165
0022100628,209,2022-01-13,0,2,5.342334251964811
0022100629,197,2022-01-13,0,1,5.2832037287379885
0022100630,197,2022-01-13,0,0,5.2832037287379885
0022100631,204,2022-01-13,0,5,5.318119993844216
0022100632,215,2022-01-14,0,3,5.3706380281276624
0022100633,180,2022-01-14,0,0,5.19295685089021
0022100634,198,2022-01-14,0,3,5.288267030694535
0022100635,197,2022-01-14,0,3,5.2832037287379885
0022100636,190,2022-01-14,0,2,5.247024072160486
0022100637,192,2022-01-14,0,1,5.2574953720277815
0022100638,205,2022-01-14,0,2,5.3230099791384085
0022100639,201,2022-01-14,0,1,5.303304908059076
0022100640,217,2022-01-14,0,1,5.37989735354046
0022100641,190,2022-01-15,0,1,5.247024072160486
0022100642,212,2022-01-15,0,3,5.356586274672012
0022100643,186,2022-01-15,0,2,5.225746673713202
0022100644,195,2022-01-15,0,1,5.272999558563747
0022100645,190,2022-01-15,0,1,5.247024072160486
0022100646,194,2022-01-15,0,1,5.267858159063328
0022100647,183,2022-01-15,0,0,5.209486152841421
0022100648,193,2022-01-15,0,0,5.262690188904886
0022100649,191,2022-01-15,0,2,5.25227342804663
0022100650,189,2022-01-15,0,0,5.241747015059643
0022100651,210,2022-01-16,0,1,5.3471075307174685
0022100652,208,2022-01-16,0,0,5.337538079701318
0022100653,199,2022-01-16,0,6,5.293304824724492
0022100654,196,2022-01-17,0,2,5.278114659230517
0022100655,179,2022-01-17,0,2,5.187385805840755
0022100656,199,2022-01-17,0,1,5.293304824724492
0022100657,196,2022-01-17,0,0,5.278114659230517
0022100658,210,2022-01-17,0,0,5.3471075307174685
0022100659,205,2022-01-17,0,0,5.3230099791384085
0022100660,207,2022-01-17,0,3,5.332718793265369
0022100661,207,2022-01-17,0,1,5.332718793265369
0022100662,184,2022-01-17,0,1,5.214935757608986
0022100663,202,2022-01-17,0,3,5.308267697401205
0022100664,193,2022-01-17,0,1,5.262690188904886
0022100665,193,2022-01-17,0,3,5.262690188904886
0022100666,202,2022-01-18,0,4,5.308267697401205
0022100667,199,2022-01-18,0,1,5.293304824724492
0022100668,196,2022-01-19,0,2,5.278114659230517
0022100669,196,2022-01-19,0,1,5.278114659230517
0022100670,204,2022-01-19,0,4,5.318119993844216
0022100671,197,2022-01-19,0,1,5.2832037287379885
0022100672,191,2022-01-19,0,1,5.25227342804663
0022100673,193,2022-01-19,0,1,5.262690188904886
0022100674,219,2022-01-19,0,1,5.389071729816501
0022100675,191,2022-01-19,0,2,5.25227342804663
0022100676,204,2022-01-19,0,1,5.318119993844216
0022100677,192,2022-01-19,0,3,5.2574953720277815
0022100678,211,2022-01-19,0,2,5.351858133476067
0022100679,198,2022-01-19,0,0,5.288267030694535
0022100680,188,2022-01-19,0,4,5.236441962829949
0022100681,190,2022-01-20,0,1,5.247024072160486
0022100682,201,2022-01-20,0,0,5.303304908059076
0022100683,223,2022-01-20,0,1,5.407171771460119
0022100684,208,2022-01-21,0,2,5.337538079701318
0022100685,213,2022-01-21,0,3,5.3612921657094255
0022100686,186,2022-01-21,0,1,5.225746673713202
0022100687,185,2022-01-21,0,1,5.220355825078324
0022100688,191,2022-01-21,0,0,5.25227342804663
0022100689,188,2022-01-21,0,0,5.236441962829949
0022100690,195,2022-01-21,0,1,5.272999558563747
0022100691,195,2022-01-21,0,2,5.272999558563747
0022100692,208,2022-01-21,0,2,5.337538079701318
0022100693,194,2022-01-21,0,3,5.267858159063328
0022100694,196,2022-01-21,0,0,5.278114659230517
0022100695,192,2022-01-22,0,2,5.2574953720277815
0022100696,207,2022-01-22,0,2,5.332718793265369
0022100697,196,2022-01-22,0,2,5.278114659230517
0022100698,192,2022-01-23,0,2,5.2574953720277815
0022100699,196,2022-01-23,0,3,5.278114659230517
0022100700,199,2022-01-23,0,2,5.293304824724492
0022100701,205,2022-01-23,0,0,5.3230099791384085
0022100702,202,2022-01-23,0,2,5.308267697401205
0022100703,203,2022-01-23,0,3,5.313205979041787
0022100704,195,2022-01-23,0,0,5.272999558563747
0022100705,194,2022-01-23,0,2,5.267858159063328
0022100706,206,2022-01-23,0,1,5.327876168789581
0022100707,194,2022-01-23,0,0,5.267858159063328
0022100708,172,2022-01-23,0,3,5.147494476813453
0022100709,192,2022-01-24,0,1,5.2574953720277815
0022100710,197,2022-03-03,0,1,5.2832037287379885
0022100711,203,2022-01-10,0,1,5.313205979041787
0022100712,205,2022-01-24,0,2,5.3230099791384085
0022100713,198,2022-01-24,0,3,5.288267030694535
0022100714,204,2022-01-25,0,2,5.318119993844216
0022100715,202,2022-01-25,0,1,5.308267697401205
0022100716,215,2022-01-25,0,4,5.3706380281276624
0022100717,194,2022-01-25,0,2,5.267858159063328
0022100718,193,2022-01-25,0,1,5.262690188904886
0022100719,210,2022-01-25,0,2,5.3471075307174685
0022100720,201,2022-01-25,0,2,5.303304908059076
0022100721,206,2022-01-25,0,6,5.327876168789581
0022100722,193,2022-01-26,0,0,5.262690188904886
0022100723,215,2022-01-26,0,3,5.3706380281276624
0022100724,201,2022-01-26,0,2,5.303304908059076
0022100725,201,2022-01-26,0,1,5.303304908059076
0022100726,201,2022-02-28,0,0,5.303304908059076
0022100727,188,2022-01-26,0,1,5.236441962829949
0022100728,201,2022-01-26,0,1,5.303304908059076
0022100729,206,2022-01-28,0,1,5.327876168789581
0022100730,210,2022-01-24,0,0,5.3471075307174685
0022100731,188,2022-01-26,0,2,5.236441962829949
0022100732,197,2022-01-26,0,2,5.2832037287379885
0022100733,200,2022-01-27,0,1,5.298317366548036
0022100734,209,2022-01-27,0,0,5.342334251964811
0022100735,194,2022-01-28,0,3,5.267858159063328
0022100736,204,2022-01-28,0,2,5.318119993844216
0022100737,197,2022-01-28,0,2,5.2832037287379885
0022100738,208,2022-01-28,0,0,5.337538079701318
0022100739,205,2022-01-28,0,1,5.3230099791384085
0022100740,202,2022-01-28,0,0,5.308267697401205
0022100741,217,2022-01-28,0,3,5.37989735354046
0022100742,203,2022-01-28,0,0,5.313205979041787
0022100743,203,2022-01-28,0,0,5.313205979041787
0022100744,206,2022-01-28,0,2,5.327876168789581
0022100745,195,2022-01-29,0,1,5.272999558563747
0022100746,198,2022-01-29,0,2,5.288267030694535
0022100747,190,2022-01-29,0,1,5.247024072160486
0022100748,238,2022-01-29,0,3,5.472270673671475
0022100749,189,2022-01-29,0,1,5.241747015059643
0022100750,197,2022-01-29,0,1,5.2832037287379885
0022100751,206,2022-01-30,0,2,5.327876168789581
0022100752,209,2022-01-30,0,2,5.342334251964811
0022100753,195,2022-01-30,0,0,5.272999558563747
0022100754,187,2022-01-30,0,1,5.231108616854587
0022100755,197,2022-01-30,0,0,5.2832037287379885
0022100756,194,2022-01-30,0,0,5.267858159063328
0022100757,204,2022-01-30,0,7,5.318119993844216
0022100758,198,2022-01-30,0,1,5.288267030694535
0022100759,181,2022-01-31,0,3,5.198497031265826
0022100760,202,2022-01-31,0,2,5.308267697401205
0022100761,222,2022-01-31,0,3,5.402677381872279
0022100762,196,2022-01-31,0,1,5.278114659230517
0022100763,201,2022-01-31,0,3,5.303304908059076
0022100764,197,2022-01-31,0,0,5.2832037287379885
0022100765,190,2022-01-31,0,1,5.247024072160486
0022100766,196,2022-02-01,0,0,5.278114659230517
0022100767,198,2022-01-31,0,1,5.288267030694535
0022100768,187,2022-02-01,0,3,5.231108616854587
0022100769,200,2022-02-01,0,2,5.298317366548036
0022100770,205,2022-02-01,0,2,5.3230099791384085
0022100771,203,2022-02-01,0,2,5.313205979041787
0022100772,199,2022-02-01,0,0,5.293304824724492
0022100773,218,2022-02-02,0,1,5.384495062789089
0022100774,182,2022-02-02,0,0,5.204006687076795
0022100775,203,2022-02-02,0,5,5.313205979041787
0022100776,209,2022-02-02,0,0,5.342334251964811
0022100777,197,2022-02-02,0,1,5.2832037287379885
0022100778,205,2022-02-02,0,0,5.3230099791384085
0022100779,186,2022-02-02,0,2,5.225746673713202
0022100780,190,2022-02-02,0,1,5.247024072160486
0022100781,199,2022-02-02,0,2,5.293304824724492
0022100782,210,2022-02-03,0,2,5.3471075307174685
0022100783,205,2022-02-03,0,5,5.3230099791384085
0022100784,191,2022-02-01,0,1,5.25227342804663
0022100785,197,2022-02-03,0,3,5.2832037287379885
0022100786,192,2022-02-03,0,3,5.2574953720277815
0022100787,193,2022-02-04,0,1,5.262690188904886
0022100788,195,2022-02-04,0,3,5.272999558563747
0022100789,200,2022-02-04,0,1,5.298317366548036
0022100790,198,2022-02-04,0,2,5.288267030694535
0022100791,180,2022-02-04,0,1,5.19295685089021
0022100792,205,2022-02-04,0,0,5.3230099791384085
0022100793,196,2022-02-04,0,3,5.278114659230517
0022100794,190,2022-02-04,0,1,5.247024072160486
0022100795,196,2022-02-04,0,2,5.278114659230517
0022100796,208,2022-02-05,0,2,5.337538079701318
0022100797,202,2022-02-05,0,2,5.308267697401205
0022100798,184,2022-02-05,0,0,5.214935757608986
0022100799,222,2022-02-05,0,3,5.402677381872279
0022100800,203,2022-02-05,0,1,5.313205979041787
0022100801,203,2022-02-05,0,0,5.313205979041787
0022100802,191,2022-02-06,0,0,5.25227342804663
0022100803,196,2022-02-06,0,1,5.278114659230517
0022100804,201,2022-02-06,0,3,5.303304908059076
0022100805,188,2022-02-06,0,1,5.236441962829949
0022100806,203,2022-02-06,0,3,5.313205979041787
0022100807,191,2022-02-06,0,2,5.25227342804663
0022100808,197,2022-02-06,0,0,5.2832037287379885
0022100809,208,2022-02-06,0,0,5.337538079701318
0022100810,205,2022-02-07,0,1,5.3230099791384085
0022100811,200,2022-02-07,0,0,5.298317366548036
0022100812,198,2022-02-07,0,0,5.288267030694535
0022100813,199,2022-02-07,0,2,5.293304824724492
0022100814,199,2022-02-07,0,2,5.293304824724492
0022100815,211,2022-02-08,0,2,5.351858133476067
0022100816,200,2022-02-08,0,1,5.298317366548036
0022100817,198,2022-02-08,0,1,5.288267030694535
0022100818,208,2022-02-08,0,0,5.337538079701318
0022100819,200,2022-02-08,0,2,5.298317366548036
0022100820,192,2022-02-08,0,3,5.2574953720277815
0022100821,199,2022-02-08,0,4,5.293304824724492
0022100822,204,2022-02-08,0,2,5.318119993844216
0022100823,198,2022-02-08,0,3,5.288267030694535
0022100824,216,2022-02-08,0,2,5.375278407684165
0022100825,199,2022-02-09,0,1,5.293304824724492
0022100826,198,2022-02-09,0,0,5.288267030694535
0022100827,198,2022-02-09,0,3,5.288267030694535
0022100828,187,2022-02-09,0,0,5.231108616854587
0022100829,194,2022-02-09,0,4,5.267858159063328
0022100830,210,2022-02-09,0,0,5.3471075307174685
0022100831,207,2022-02-10,0,3,5.332718793265369
0022100832,190,2022-02-10,0,1,5.247024072160486
0022100833,190,2022-02-10,0,1,5.247024072160486
0022100834,206,2022-02-10,0,1,5.327876168789581
0022100835,189,2022-02-10,0,3,5.241747015059643
0022100836,200,2022-02-10,0,2,5.298317366548036
0022100837,199,2022-02-10,0,2,5.293304824724492
0022100838,218,2022-02-11,0,1,5.384495062789089
0022100839,202,2022-02-11,0,0,5.308267697401205
0022100840,198,2022-02-11,0,2,5.288267030694535
0022100841,214,2022-02-11,0,4,5.365976015021851
0022100842,208,2022-02-11,0,2,5.337538079701318
0022100843,208,2022-02-11,0,2,5.337538079701318
0022100844,203,2022-02-11,0,2,5.313205979041787
0022100845,201,2022-02-12,0,4,5.303304908059076
0022100846,220,2022-02-12,0,1,5.393627546352362
0022100847,192,2022-02-12,0,1,5.2574953720277815
0022100848,198,2022-02-12,0,0,5.288267030694535
0022100849,188,2022-02-12,0,0,5.236441962829949
0022100850,190,2022-02-12,0,1,5.247024072160486
0022100851,200,2022-02-12,0,2,5.298317366548036
0022100852,207,2022-02-12,0,0,5.332718793265369
0022100853,189,2022-02-12,0,1,5.241747015059643
0022100854,202,2022-02-12,0,0,5.308267697401205
0022100855,214,2022-02-12,0,1,5.365976015021851
0022100856,198,2022-02-13,0,0,5.288267030694535
0022100857,204,2022-02-13,0,2,5.318119993844216
0022100858,191,2022-02-14,0,2,5.25227342804663
0022100859,209,2022-02-14,0,0,5.342334251964811
0022100860,223,2022-02-14,0,3,5.407171771460119
0022100861,207,2022-02-14,0,0,5.332718793265369
0022100862,213,2022-02-14,0,1,5.3612921657094255
0022100863,190,2022-02-14,0,1,5.247024072160486
0022100864,218,2022-02-14,0,2,5.384495062789089
0022100865,193,2022-02-14,0,1,5.262690188904886
0022100866,197,2022-02-14,0,2,5.2832037287379885
0022100867,190,2022-02-15,0,1,5.247024072160486
0022100868,180,2022-02-15,0,1,5.19295685089021
0022100869,189,2022-02-15,0,1,5.241747015059643
0022100870,213,2022-02-15,0,2,5.3612921657094255
0022100871,239,2022-02-15,0,2,5.476463551931511
0022100872,195,2022-02-15,0,1,5.272999558563747
0022100873,198,2022-02-15,0,1,5.288267030694535
0022100874,204,2022-02-16,0,1,5.318119993844216
0022100875,200,2022-02-16,0,1,5.298317366548036
0022100876,200,2022-02-16,0,0,5.298317366548036
0022100877,190,2022-02-16,0,3,5.247024072160486
0022100878,206,2022-02-16,0,1,5.327876168789581
0022100879,195,2022-02-16,0,3,5.272999558563747
0022100880,200,2022-02-16,0,1,5.298317366548036
0022100881,209,2022-02-16,0,0,5.342334251964811
0022100882,215,2022-02-16,0,1,5.3706380281276624
0022100883,207,2022-02-16,0,3,5.332718793265369
0022100884,186,2022-02-16,0,7,5.225746673713202
0022100885,222,2022-02-17,0,2,5.402677381872279
0022100886,194,2022-02-17,0,0,5.267858159063328
0022100887,207,2022-02-17,0,0,5.332718793265369
0022100888,215,2022-02-17,0,1,5.3706380281276624
0022100889,192,2022-02-24,0,2,5.2574953720277815
0022100890,210,2022-02-24,0,1,5.3471075307174685
0022100891,201,2022-02-24,0,1,5.303304908059076
0022100892,204,2022-02-24,0,2,5.318119993844216
0022100893,215,2022-02-24,0,1,5.3706380281276624
0022100894,199,2022-02-24,0,2,5.293304824724492
0022100895,208,2022-02-24,0,4,5.337538079701318
0022100896,205,2022-02-25,0,4,5.3230099791384085
0022100897,228,2022-02-25,0,4,5.429345628954441
0022100898,211,2022-02-25,0,0,5.351858133476067
0022100899,248,2022-02-25,0,4,5.5134287461649825
0022100900,207,2022-02-25,0,3,5.332718793265369
0022100901,205,2022-02-25,0,1,5.3230099791384085
0022100902,199,2022-02-25,0,0,5.293304824724492
0022100903,190,2022-02-25,0,2,5.247024072160486
0022100904,204,2022-02-25,0,2,5.318119993844216
0022100905,192,2022-02-26,0,1,5.2574953720277815
0022100906,201,2022-02-26,0,6,5.303304908059076
0022100907,188,2022-02-26,0,1,5.236441962829949
0022100908,213,2022-02-26,0,0,5.3612921657094255
0022100909,212,2022-02-26,0,2,5.356586274672012
0022100910,208,2022-02-26,0,0,5.337538079701318
0022100911,211,2022-02-26,0,3,5.351858133476067
0022100912,211,2022-02-27,0,0,5.351858133476067
0022100913,184,2022-02-27,0,2,5.214935757608986
0022100914,200,2022-02-27,0,2,5.298317366548036
0022100915,222,2022-02-27,0,2,5.402677381872279
0022100916,196,2022-02-27,0,3,5.278114659230517
0022100917,198,2022-02-27,0,1,5.288267030694535
0022100918,212,2022-02-27,0,3,5.356586274672012
0022100919,212,2022-02-27,0,3,5.356586274672012
0022100920,201,2022-02-28,0,0,5.303304908059076
0022100921,204,2022-02-28,0,3,5.318119993844216
0022100922,196,2022-02-28,0,1,5.278114659230517
0022100923,209,2022-02-28,0,2,5.342334251964811
0022100924,205,2022-02-28,0,2,5.3230099791384085
0022100925,214,2022-02-28,0,2,5.365976015021851
0022100926,194,2022-03-01,0,0,5.267858159063328
0022100927,191,2022-03-01,0,1,5.25227342804663
0022100928,193,2022-03-01,0,0,5.262690188904886
0022100929,204,2022-03-01,0,1,5.318119993844216
0022100930,212,2022-03-01,0,2,5.356586274672012
0022100931,193,2022-03-01,0,2,5.262690188904886
0022100932,196,2022-03-02,0,4,5.278114659230517
0022100933,228,2022-03-02,0,3,5.429345628954441
0022100934,197,2022-03-02,0,3,5.2832037287379885
0022100935,225,2022-03-02,0,2,5.41610040220442
0022100936,212,2022-03-02,0,1,5.356586274672012
0022100937,198,2022-03-02,0,0,5.288267030694535
0022100938,209,2022-03-02,0,0,5.342334251964811
0022100939,203,2022-03-02,0,1,5.313205979041787
0022100940,189,2022-03-03,0,2,5.241747015059643
0022100941,191,2022-03-03,0,0,5.25227342804663
0022100942,186,2022-03-03,0,5,5.225746673713202
0022100943,185,2022-03-03,0,3,5.220355825078324
0022100944,212,2022-03-03,0,0,5.356586274672012
0022100945,196,2022-03-03,0,5,5.278114659230517
0022100946,195,2022-03-04,0,0,5.272999558563747
0022100947,197,2022-03-04,0,0,5.2832037287379885
0022100948,193,2022-03-04,0,5,5.262690188904886
0022100949,206,2022-03-04,0,0,5.327876168789581
0022100950,197,2022-03-04,0,2,5.2832037287379885
0022100951,215,2022-03-04,0,2,5.3706380281276624
0022100952,195,2022-03-04,0,2,5.272999558563747
0022100953,203,2022-03-04,0,1,5.313205979041787
0022100954,196,2022-03-05,0,2,5.278114659230517
0022100955,206,2022-03-05,0,2,5.327876168789581
0022100956,181,2022-03-05,0,2,5.198497031265826
0022100957,207,2022-03-05,0,1,5.332718793265369
0022100958,200,2022-03-05,0,0,5.298317366548036
0022100959,211,2022-03-05,0,1,5.351858133476067
0022100960,202,2022-03-06,0,1,5.308267697401205
0022100961,202,2022-03-06,0,0,5.308267697401205
0022100962,198,2022-03-06,0,2,5.288267030694535
0022100963,200,2022-03-06,0,2,5.298317366548036
0022100964,209,2022-03-06,0,2,5.342334251964811
0022100965,191,2022-03-06,0,3,5.25227342804663
0022100966,194,2022-03-06,0,0,5.267858159063328
0022100967,226,2022-03-06,0,2,5.420534999272286
0022100968,203,2022-03-07,0,3,5.313205979041787
0022100969,199,2022-03-07,0,2,5.293304824724492
0022100970,194,2022-03-07,0,2,5.267858159063328
0022100971,223,2022-03-07,0,2,5.407171771460119
0022100972,187,2022-03-07,0,0,5.231108616854587
0022100973,209,2022-03-07,0,1,5.342334251964811
0022100974,208,2022-03-07,0,1,5.337538079701318
0022100975,210,2022-03-08,0,4,5.3471075307174685
0022100976,200,2022-03-08,0,2,5.298317366548036
0022100977,213,2022-03-08,0,1,5.3612921657094255
0022100978,206,2022-03-08,0,1,5.327876168789581
0022100979,211,2022-03-08,0,3,5.351858133476067
0022100980,205,2022-03-08,0,1,5.3230099791384085
0022100981,192,2022-03-09,0,3,5.2574953720277815
0022100982,198,2022-03-09,0,1,5.288267030694535
0022100983,204,2022-03-09,0,4,5.318119993844216
0022100984,202,2022-03-09,0,3,5.308267697401205
0022100985,239,2022-03-09,0,0,5.476463551931511
0022100986,208,2022-03-09,0,1,5.337538079701318
0022100987,200,2022-03-09,0,0,5.298317366548036
0022100988,187,2022-03-09,0,0,5.231108616854587
0022100989,195,2022-03-09,0,1,5.272999558563747
0022100990,192,2022-03-09,0,3,5.2574953720277815
0022100991,199,2022-03-09,0,0,5.293304824724492
0022100992,194,2022-03-09,0,0,5.267858159063328
0022100993,202,2022-03-10,0,3,5.308267697401205
0022100994,196,2022-03-10,0,2,5.278114659230517
0022100995,197,2022-03-11,0,1,5.2832037287379885
0022100996,189,2022-03-11,0,1,5.241747015059643
0022100997,194,2022-03-11,0,0,5.267858159063328
0022100998,197,2022-03-11,0,1,5.2832037287379885
0022100999,198,2022-03-11,0,0,5.288267030694535
0022101000,211,2022-03-11,0,4,5.351858133476067
0022101001,204,2022-03-11,0,2,5.318119993844216
0022101002,203,2022-03-11,0,2,5.313205979041787
0022101003,209,2022-03-11,0,1,5.342334251964811
0022101004,195,2022-03-11,0,2,5.272999558563747
0022101005,208,2022-03-12,0,0,5.337538079701318
0022101006,195,2022-03-12,0,0,5.272999558563747
0022101007,209,2022-03-12,0,4,5.342334251964811
0022101008,195,2022-03-12,0,2,5.272999558563747
0022101009,194,2022-03-12,0,3,5.267858159063328
0022101010,198,2022-03-12,0,3,5.288267030694535
0022101011,200,2022-03-12,0,1,5.298317366548036
0022101012,196,2022-03-13,0,0,5.278114659230517
0022101013,183,2022-03-13,0,0,5.209486152841421
0022101014,190,2022-03-13,0,0,5.247024072160486
0022101015,211,2022-03-13,0,1,5.351858133476067
0022101016,202,2022-03-13,0,3,5.308267697401205
0022101017,208,2022-03-13,0,1,5.337538079701318
0022101018,206,2022-03-13,0,3,5.327876168789581
0022101019,209,2022-03-13,0,2,5.342334251964811
0022101020,200,2022-03-14,0,2,5.298317366548036
0022101021,212,2022-03-14,0,3,5.356586274672012
0022101022,204,2022-03-14,0,0,5.318119993844216
0022101023,200,2022-03-14,0,2,5.298317366548036
0022101024,227,2022-03-14,0,1,5.424950017481403
0022101025,202,2022-03-14,0,2,5.308267697401205
0022101026,203,2022-03-14,0,0,5.313205979041787
0022101027,205,2022-03-14,0,4,5.3230099791384085
0022101028,209,2022-03-14,0,3,5.342334251964811
0022101029,212,2022-03-15,0,3,5.356586274672012
0022101030,211,2022-03-15,0,2,5.351858133476067
0022101031,193,2022-03-15,0,1,5.262690188904886
0022101032,199,2022-03-15,0,1,5.293304824724492
0022101033,191,2022-03-16,0,4,5.25227342804663
0022101034,190,2022-03-16,0,1,5.247024072160486
0022101035,204,2022-03-16,0,2,5.318119993844216
0022101036,178,2022-03-16,0,0,5.181783550292085
0022101037,198,2022-03-16,0,1,5.288267030694535
0022101038,193,2022-03-16,0,3,5.262690188904886
0022101039,204,2022-03-16,0,2,5.318119993844216
0022101040,206,2022-03-16,0,0,5.327876168789581
0022101041,205,2022-03-16,0,2,5.3230099791384085
0022101042,186,2022-03-16,0,2,5.225746673713202
0022101043,220,2022-03-16,0,1,5.393627546352362
0022101044,179,2022-03-16,0,0,5.187385805840755
0022101045,210,2022-03-17,0,1,5.3471075307174685
0022101046,184,2022-03-18,0,0,5.214935757608986
0022101047,198,2022-03-18,0,2,5.288267030694535
0022101048,203,2022-03-18,0,3,5.313205979041787
0022101049,212,2022-03-18,0,2,5.356586274672012
0022101050,197,2022-03-18,0,2,5.2832037287379885
0022101051,205,2022-03-18,0,2,5.3230099791384085
0022101052,190,2022-03-18,0,3,5.247024072160486
0022101053,207,2022-03-18,0,2,5.332718793265369
0022101054,202,2022-03-18,0,2,5.308267697401205
0022101055,200,2022-03-18,0,5,5.298317366548036
0022101056,198,2022-03-18,0,0,5.288267030694535
0022101057,194,2022-03-18,0,1,5.267858159063328
0022101058,215,2022-03-19,0,0,5.3706380281276624
0022101059,198,2022-03-19,0,4,5.288267030694535
0022101060,197,2022-03-19,0,1,5.2832037287379885
0022101061,200,2022-03-19,0,1,5.298317366548036
0022101062,192,2022-03-20,0,1,5.2574953720277815
0022101063,218,2022-03-20,0,1,5.384495062789089
0022101064,214,2022-03-20,0,3,5.365976015021851
0022101065,200,2022-03-20,0,2,5.298317366548036
0022101066,226,2022-03-20,0,0,5.420534999272286
0022101067,182,2022-03-20,0,2,5.204006687076795
0022101068,186,2022-03-20,0,0,5.225746673713202
0022101069,188,2022-03-20,0,1,5.236441962829949
0022101070,191,2022-03-20,0,1,5.25227342804663
0022101071,194,2022-03-21,0,1,5.267858159063328
0022101072,199,2022-03-21,0,1,5.293304824724492
0022101073,208,2022-03-21,0,0,5.337538079701318
0022101074,194,2022-03-21,0,2,5.267858159063328
0022101075,191,2022-03-21,0,1,5.25227342804663
0022101076,187,2022-03-21,0,0,5.231108616854587
0022101077,191,2022-03-21,0,3,5.25227342804663
0022101078,202,2022-03-21,0,1,5.308267697401205
0022101079,198,2022-03-21,0,1,5.288267030694535
0022101080,191,2022-03-22,0,1,5.25227342804663
0022101081,197,2022-03-22,0,1,5.2832037287379885
0022101082,202,2022-03-22,0,0,5.308267697401205
0022101083,194,2022-03-22,0,1,5.267858159063328
0022101084,187,2022-03-23,0,3,5.231108616854587
0022101085,209,2022-03-23,0,3,5.342334251964811
0022101086,200,2022-03-23,0,1,5.298317366548036
0022101087,187,2022-03-23,0,4,5.231108616854587
0022101088,187,2022-03-23,0,1,5.231108616854587
0022101089,203,2022-03-23,0,1,5.313205979041787
0022101090,198,2022-03-23,0,0,5.288267030694535
0022101091,201,2022-03-23,0,1,5.303304908059076
0022101092,197,2022-03-23,0,1,5.2832037287379885
0022101093,205,2022-03-23,0,1,5.3230099791384085
0022101094,203,2022-03-23,0,0,5.313205979041787
0022101095,182,2022-03-24,0,0,5.204006687076795
0022101096,198,2022-03-24,0,2,5.288267030694535
0022101097,197,2022-03-24,0,0,5.2832037287379885
0022101098,196,2022-03-24,0,1,5.278114659230517
0022101099,199,2022-03-24,0,2,5.293304824724492
0022101100,181,2022-03-25,0,3,5.198497031265826
0022101101,206,2022-03-25,0,0,5.327876168789581
0022101102,196,2022-03-25,0,3,5.278114659230517
0022101103,177,2022-03-25,0,2,5.176149732573829
0022101104,195,2022-03-25,0,3,5.272999558563747
0022101105,196,2022-03-25,0,1,5.278114659230517
0022101106,201,2022-03-25,0,2,5.303304908059076
0022101107,183,2022-03-26,0,0,5.209486152841421
0022101108,216,2022-03-26,0,0,5.375278407684165
0022101109,187,2022-03-26,0,0,5.231108616854587
0022101110,188,2022-03-26,0,0,5.236441962829949
0022101111,201,2022-03-26,0,0,5.303304908059076
0022101112,206,2022-03-26,0,4,5.327876168789581
0022101113,206,2022-03-26,0,5,5.327876168789581
0022101114,200,2022-03-26,0,1,5.298317366548036
0022101115,190,2022-03-27,0,2,5.247024072160486
0022101116,199,2022-03-27,0,3,5.293304824724492
0022101117,202,2022-03-27,0,2,5.308267697401205
0022101118,198,2022-03-27,0,1,5.288267030694535
0022101119,191,2022-03-27,0,0,5.25227342804663
0022101120,203,2022-03-27,0,1,5.313205979041787
0022101121,177,2022-03-27,0,2,5.176149732573829
0022101122,200,2022-03-28,0,0,5.298317366548036
0022101123,202,2022-03-28,0,0,5.308267697401205
0022101124,197,2022-03-28,0,3,5.2832037287379885
0022101125,194,2022-03-28,0,2,5.267858159063328
0022101126,193,2022-03-28,0,1,5.262690188904886
0022101127,213,2022-03-28,0,0,5.3612921657094255
0022101128,212,2022-03-28,0,0,5.356586274672012
0022101129,210,2022-03-28,0,0,5.3471075307174685
0022101130,217,2022-03-28,0,1,5.37989735354046
0022101131,198,2022-03-29,0,0,5.288267030694535
0022101132,185,2022-03-29,0,0,5.220355825078324
0022101133,208,2022-03-29,0,3,5.337538079701318
0022101134,192,2022-03-29,0,2,5.2574953720277815
0022101135,190,2022-03-29,0,2,5.247024072160486
0022101136,192,2022-03-30,0,0,5.2574953720277815
0022101137,194,2022-03-30,0,8,5.267858159063328
0022101138,206,2022-03-30,0,0,5.327876168789581
0022101139,207,2022-03-30,0,0,5.332718793265369
0022101140,200,2022-03-30,0,3,5.298317366548036
0022101141,214,2022-03-30,0,0,5.365976015021851
0022101142,210,2022-03-30,0,0,5.3471075307174685
0022101143,214,2022-03-30,0,1,5.365976015021851
0022101144,191,2022-03-30,0,0,5.25227342804663
0022101145,212,2022-03-30,0,1,5.356586274672012
0022101146,200,2022-03-30,0,0,5.298317366548036
0022101147,183,2022-03-31,0,1,5.209486152841421
0022101148,229,2022-03-31,0,3,5.43372200355424
0022101149,219,2022-03-31,0,1,5.389071729816501
0022101150,191,2022-03-31,0,2,5.25227342804663
0022101151,194,2022-04-01,0,1,5.267858159063328
0022101152,199,2022-04-01,0,2,5.293304824724492
0022101153,202,2022-04-01,0,3,5.308267697401205
0022101154,204,2022-04-01,0,0,5.318119993844216
0022101155,214,2022-04-01,0,4,5.365976015021851
0022101156,200,2022-04-01,0,1,5.298317366548036
0022101157,202,2022-04-01,0,3,5.308267697401205
0022101158,199,2022-04-01,0,0,5.293304824724492
0022101159,211,2022-04-01,0,1,5.351858133476067
0022101160,210,2022-04-01,0,1,5.3471075307174685
0022101161,210,2022-04-02,0,2,5.3471075307174685
0022101162,191,2022-04-02,0,2,5.25227342804663
0022101163,213,2022-04-02,0,2,5.3612921657094255
0022101164,191,2022-04-02,0,0,5.25227342804663
0022101165,188,2022-04-02,0,4,5.236441962829949
0022101166,194,2022-04-03,0,1,5.267858159063328
0022101167,197,2022-04-03,0,2,5.2832037287379885
0022101168,207,2022-04-03,0,2,5.332718793265369
0022101169,205,2022-04-03,0,1,5.3230099791384085
0022101170,199,2022-04-03,0,0,5.293304824724492
0022101171,194,2022-04-03,0,1,5.267858159063328
0022101172,196,2022-04-03,0,1,5.278114659230517
0022101173,219,2022-04-03,0,2,5.389071729816501
0022101174,203,2022-04-03,0,1,5.313205979041787
0022101175,198,2022-04-03,0,1,5.288267030694535
0022101176,191,2022-04-03,0,0,5.25227342804663
0022101177,189,2022-04-03,0,2,5.241747015059643
0022101178,211,2022-04-05,0,1,5.351858133476067
0022101179,199,2022-04-05,0,2,5.293304824724492
0022101180,205,2022-04-05,0,1,5.3230099791384085
0022101181,203,2022-04-05,0,2,5.313205979041787
0022101182,196,2022-04-05,0,1,5.278114659230517
0022101183,206,2022-04-05,0,0,5.327876168789581
0022101184,214,2022-04-05,0,1,5.365976015021851
0022101185,195,2022-04-05,0,0,5.272999558563747
0022101186,208,2022-04-05,0,5,5.337538079701318
0022101187,237,2022-04-05,0,6,5.4680601411351315
0022101188,197,2022-04-05,0,0,5.2832037287379885
0022101189,221,2022-04-05,0,3,5.3981627015177525
0022101190,196,2022-04-06,0,0,5.278114659230517
0022101191,203,2022-04-06,0,1,5.313205979041787
0022101192,198,2022-04-06,0,1,5.288267030694535
0022101193,198,2022-04-06,0,0,5.288267030694535
0022101194,191,2022-04-06,0,2,5.25227342804663
0022101195,213,2022-04-06,0,1,5.3612921657094255
0022101196,216,2022-04-07,0,1,5.375278407684165
0022101197,189,2022-04-07,0,0,5.241747015059643
0022101198,206,2022-04-07,0,2,5.327876168789581
0022101199,212,2022-04-07,0,2,5.356586274672012
0022101200,188,2022-04-07,0,2,5.236441962829949
0022101201,203,2022-04-07,0,3,5.313205979041787
0022101202,214,2022-04-07,0,1,5.365976015021851
0022101203,211,2022-04-08,0,1,5.351858133476067
0022101204,196,2022-04-08,0,3,5.278114659230517
0022101205,187,2022-04-08,0,2,5.231108616854587
0022101206,206,2022-04-08,0,1,5.327876168789581
0022101207,196,2022-04-08,0,0,5.278114659230517
0022101208,191,2022-04-08,0,3,5.25227342804663
0022101209,198,2022-04-08,0,1,5.288267030694535
0022101210,199,2022-04-08,0,2,5.293304824724492
0022101211,201,2022-04-08,0,0,5.303304908059076
0022101212,200,2022-04-09,0,4,5.298317366548036
0022101213,214,2022-04-09,0,4,5.365976015021851
0022101214,206,2022-04-09,0,1,5.327876168789581
0022101215,196,2022-04-09,0,1,5.278114659230517
0022101216,211,2022-04-10,0,3,5.351858133476067
0022101217,200,2022-04-10,0,1,5.298317366548036
0022101218,211,2022-04-10,0,2,5.351858133476067
0022101219,200,2022-04-10,0,4,5.298317366548036
0022101220,231,2022-04-10,0,3,5.442417710521793
0022101221,197,2022-04-10,0,1,5.2832037287379885
0022101222,198,2022-04-10,0,5,5.288267030694535
0022101223,206,2022-04-10,0,2,5.327876168789581
0022101224,208,2022-04-10,0,0,5.337538079701318
0022101225,192,2022-04-10,0,3,5.2574953720277815
0022101226,194,2022-04-10,0,3,5.267858159063328
0022101227,204,2022-04-10,0,0,5.318119993844216
0022101228,195,2022-04-10,0,1,5.272999558563747
0022101229,198,2022-04-10,0,2,5.288267030694535
0022101230,199,2022-04-10,0,1,5.293304824724492
0022200001,198,2022-10-18,1,1,5.288267030694535
0022200002,229,2022-10-18,1,0,5.43372200355424
0022200003,203,2022-10-19,1,1,5.313205979041787
0022200004,210,2022-10-19,1,0,5.3471075307174685
0022200005,214,2022-10-19,1,0,5.365976015021851
0022200006,207,2022-10-19,1,0,5.332718793265369
0022200007,212,2022-10-19,1,0,5.356586274672012
0022200008,198,2022-10-19,1,0,5.288267030694535
0022200009,214,2022-10-19,1,0,5.365976015021851
0022200010,213,2022-10-19,1,0,5.3612921657094255
0022200011,214,2022-10-19,1,0,5.365976015021851
0022200012,206,2022-10-19,1,0,5.327876168789581
0022200013,189,2022-10-19,1,0,5.241747015059643
0022200014,202,2022-10-19,1,0,5.308267697401205
0022200015,190,2022-10-20,1,0,5.247024072160486
0022200016,209,2022-10-20,1,0,5.342334251964811
0022200017,208,2022-10-21,1,1,5.337538079701318
0022200018,225,2022-10-21,1,6,5.41610040220442
0022200019,197,2022-10-21,1,0,5.2832037287379885
0022200020,205,2022-10-21,1,1,5.3230099791384085
0022200021,194,2022-10-21,1,1,5.267858159063328
0022200022,191,2022-10-21,1,0,5.25227342804663
0022200023,209,2022-10-21,1,0,5.342334251964811
0022200024,207,2022-10-21,1,2,5.332718793265369
0022200025,229,2022-10-21,1,0,5.43372200355424
0022200026,215,2022-10-21,1,0,5.3706380281276624
0022200027,222,2022-10-21,1,4,5.402677381872279
0022200028,190,2022-10-22,1,0,5.247024072160486
0022200029,206,2022-10-22,1,0,5.327876168789581
0022200030,199,2022-10-22,1,0,5.293304824724492
0022200031,191,2022-10-22,1,1,5.25227342804663
0022200032,195,2022-10-22,1,1,5.272999558563747
0022200033,200,2022-10-22,1,1,5.298317366548036
0022200034,205,2022-10-22,1,1,5.3230099791384085
0022200035,210,2022-10-22,1,0,5.3471075307174685
0022200036,199,2022-10-22,1,0,5.293304824724492
0022200037,205,2022-10-23,1,0,5.3230099791384085
0022200038,203,2022-10-23,1,1,5.313205979041787
0022200039,206,2022-10-23,1,1,5.327876168789581
0022200040,222,2022-10-23,1,0,5.402677381872279
0022200041,202,2022-10-23,1,0,5.308267697401205
0022200042,222,2022-10-23,1,0,5.402677381872279
0022200043,198,2022-10-23,1,0,5.288267030694535
0022200044,188,2022-10-24,1,0,5.236441962829949
0022200045,197,2022-10-24,1,1,5.2832037287379885
0022200046,197,2022-10-24,1,0,5.2832037287379885
0022200047,205,2022-10-24,1,0,5.3230099791384085
0022200048,199,2022-10-24,1,0,5.293304824724492
0022200049,195,2022-10-24,1,0,5.272999558563747
0022200050,209,2022-10-24,1,1,5.342334251964811
0022200051,193,2022-10-24,1,1,5.262690188904886
0022200052,200,2022-10-25,1,1,5.298317366548036
0022200053,188,2022-10-25,1,0,5.236441962829949
0022200054,207,2022-10-25,1,0,5.332718793265369
0022200055,210,2022-10-25,1,1,5.3471075307174685
0022200056,196,2022-10-26,1,0,5.278114659230517
0022200057,199,2022-10-26,1,0,5.293304824724492
0022200058,225,2022-10-26,1,3,5.41610040220442
0022200059,190,2022-10-26,1,1,5.247024072160486
0022200060,211,2022-10-26,1,0,5.351858133476067
0022200061,209,2022-10-26,1,0,5.342334251964811
0022200062,211,2022-10-26,1,0,5.351858133476067
0022200063,219,2022-10-26,1,2,5.389071729816501
0022200064,210,2022-10-26,1,2,5.3471075307174685
0022200065,195,2022-10-26,1,0,5.272999558563747
0022200066,218,2022-10-27,1,1,5.384495062789089
0022200067,202,2022-10-27,1,0,5.308267697401205
0022200068,202,2022-10-27,1,0,5.308267697401205
0022200069,201,2022-10-27,1,0,5.303304908059076
0022200070,198,2022-10-28,1,0,5.288267030694535
0022200071,203,2022-10-28,1,0,5.313205979041787
0022200072,219,2022-10-28,1,0,5.389071729816501
0022200073,189,2022-10-28,1,0,5.241747015059643
0022200074,203,2022-10-28,1,0,5.313205979041787
0022200075,207,2022-10-28,1,0,5.332718793265369
0022200076,219,2022-10-28,1,1,5.389071729816501
0022200077,213,2022-10-28,1,1,5.3612921657094255
0022200078,193,2022-10-28,1,0,5.262690188904886
0022200079,198,2022-10-28,1,0,5.288267030694535
0022200080,206,2022-10-28,1,0,5.327876168789581
0022200081,204,2022-10-29,1,0,5.318119993844216
0022200082,212,2022-10-29,1,2,5.356586274672012
0022200083,196,2022-10-29,1,1,5.278114659230517
0022200084,206,2022-10-29,1,0,5.327876168789581
0022200085,204,2022-10-29,1,0,5.318119993844216
0022200086,218,2022-10-29,1,0,5.384495062789089
0022200087,207,2022-10-29,1,0,5.332718793265369
0022200088,190,2022-10-30,1,0,5.247024072160486
0022200089,194,2022-10-30,1,0,5.267858159063328
0022200090,199,2022-10-30,1,1,5.293304824724492
0022200091,210,2022-10-30,1,0,5.3471075307174685
0022200092,199,2022-10-30,1,0,5.293304824724492
0022200093,184,2022-10-30,1,1,5.214935757608986
0022200094,197,2022-10-30,1,1,5.2832037287379885
0022200095,201,2022-10-30,1,0,5.303304908059076
0022200096,207,2022-10-31,1,1,5.332718793265369
0022200097,199,2022-10-31,1,0,5.293304824724492
0022200098,210,2022-10-31,1,1,5.3471075307174685
0022200099,207,2022-10-31,1,0,5.332718793265369
0022200100,199,2022-10-31,1,0,5.293304824724492
0022200101,213,2022-10-31,1,0,5.3612921657094255
0022200102,201,2022-10-31,1,1,5.303304908059076
0022200103,195,2022-11-01,1,0,5.272999558563747
0022200104,196,2022-11-01,1,0,5.278114659230517
0022200105,218,2022-11-01,1,0,5.384495062789089
0022200106,199,2022-11-01,1,1,5.293304824724492
0022200107,225,2022-11-02,1,0,5.41610040220442
0022200108,189,2022-11-02,1,1,5.241747015059643
0022200109,194,2022-11-02,1,0,5.267858159063328
0022200110,203,2022-11-02,1,0,5.313205979041787
0022200111,206,2022-11-02,1,1,5.327876168789581
0022200112,198,2022-11-02,1,1,5.288267030694535
0022200113,209,2022-11-02,1,0,5.342334251964811
0022200114,221,2022-11-02,1,0,5.3981627015177525
0022200115,186,2022-11-02,1,0,5.225746673713202
0022200116,204,2022-11-02,1,0,5.318119993844216
0022200117,235,2022-11-02,1,1,5.459585514144159
0022200118,209,2022-11-03,1,0,5.342334251964811
0022200119,205,2022-11-03,1,0,5.3230099791384085
0022200120,194,2022-11-04,1,0,5.267858159063328
0022200121,204,2022-11-04,1,0,5.318119993844216
0022200122,210,2022-11-04,1,0,5.3471075307174685
0022200123,197,2022-11-04,1,0,5.2832037287379885
0022200124,208,2022-11-04,1,0,5.337538079701318
0022200125,215,2022-11-04,1,1,5.3706380281276624
0022200126,201,2022-11-04,1,0,5.303304908059076
0022200127,195,2022-11-04,1,2,5.272999558563747
0022200128,200,2022-11-04,1,0,5.298317366548036
0022200129,209,2022-11-04,1,0,5.342334251964811
0022200130,195,2022-11-04,1,0,5.272999558563747
0022200131,195,2022-11-04,1,1,5.272999558563747
0022200132,225,2022-11-05,1,1,5.41610040220442
0022200133,188,2022-11-05,1,0,5.236441962829949
0022200134,229,2022-11-05,1,0,5.43372200355424
0022200135,198,2022-11-05,1,0,5.288267030694535
0022200136,197,2022-11-05,1,0,5.2832037287379885
0022200137,208,2022-11-05,1,0,5.337538079701318
0022200138,196,2022-11-05,1,1,5.278114659230517
0022200139,191,2022-11-05,1,0,5.25227342804663
0022200140,204,2022-11-06,1,1,5.318119993844216
0022200141,193,2022-11-06,1,0,5.262690188904886
0022200142,192,2022-11-06,1,0,5.2574953720277815
0022200143,198,2022-11-06,1,0,5.288267030694535
0022200144,195,2022-11-07,1,0,5.272999558563747
0022200145,207,2022-11-07,1,0,5.332718793265369
0022200146,206,2022-11-07,1,1,5.327876168789581
0022200147,207,2022-11-07,1,1,5.332718793265369
0022200148,187,2022-11-07,1,0,5.231108616854587
0022200149,205,2022-11-07,1,0,5.3230099791384085
0022200150,192,2022-11-07,1,1,5.2574953720277815
0022200151,209,2022-11-07,1,0,5.342334251964811
0022200152,201,2022-11-07,1,0,5.303304908059076
0022200153,211,2022-11-07,1,1,5.351858133476067
0022200154,208,2022-11-07,1,0,5.337538079701318
0022200155,180,2022-11-07,1,1,5.19295685089021
0022200156,211,2022-11-07,1,1,5.351858133476067
0022200157,209,2022-11-07,1,0,5.342334251964811
0022200158,200,2022-11-07,1,0,5.298317366548036
0022200159,184,2022-11-09,1,0,5.214935757608986
0022200160,219,2022-11-09,1,0,5.389071729816501
0022200161,191,2022-11-09,1,0,5.25227342804663
0022200162,210,2022-11-09,1,0,5.3471075307174685
0022200163,206,2022-11-09,1,0,5.327876168789581
0022200164,203,2022-11-09,1,0,5.313205979041787
0022200165,196,2022-11-09,1,0,5.278114659230517
0022200166,208,2022-11-09,1,0,5.337538079701318
0022200167,208,2022-11-09,1,0,5.337538079701318
0022200168,241,2022-11-09,1,0,5.484796933490655
0022200169,212,2022-11-09,1,0,5.356586274672012
0022200170,203,2022-11-09,1,1,5.313205979041787
0022200171,199,2022-11-09,1,0,5.293304824724492
0022200172,205,2022-11-10,1,0,5.3230099791384085
0022200173,215,2022-11-10,1,0,5.3706380281276624
0022200174,216,2022-11-10,1,1,5.375278407684165
0022200175,190,2022-11-10,1,0,5.247024072160486
0022200176,189,2022-11-11,1,0,5.241747015059643
0022200177,189,2022-11-11,1,1,5.241747015059643
0022200178,201,2022-11-11,1,0,5.303304908059076
0022200179,209,2022-11-11,1,0,5.342334251964811
0022200180,195,2022-11-11,1,0,5.272999558563747
0022200181,190,2022-11-11,1,0,5.247024072160486
0022200182,196,2022-11-11,1,0,5.278114659230517
0022200183,203,2022-11-11,1,1,5.313205979041787
0022200184,198,2022-11-12,1,0,5.288267030694535
0022200185,202,2022-11-12,1,0,5.308267697401205
0022200186,199,2022-11-12,1,1,5.293304824724492
0022200187,205,2022-11-12,1,1,5.3230099791384085
0022200188,203,2022-11-12,1,0,5.313205979041787
0022200189,207,2022-11-12,1,0,5.332718793265369
0022200190,193,2022-11-12,1,1,5.262690188904886
0022200191,204,2022-11-12,1,0,5.318119993844216
0022200192,219,2022-11-13,1,0,5.389071729816501
0022200193,203,2022-11-13,1,0,5.313205979041787
0022200194,200,2022-11-13,1,0,5.298317366548036
0022200195,197,2022-11-13,1,0,5.2832037287379885
0022200196,203,2022-11-13,1,1,5.313205979041787
0022200197,209,2022-11-13,1,0,5.342334251964811
0022200198,192,2022-11-13,1,0,5.2574953720277815
0022200199,199,2022-11-14,1,0,5.293304824724492
0022200200,194,2022-11-14,1,0,5.267858159063328
0022200201,228,2022-11-14,1,0,5.429345628954441
0022200202,183,2022-11-14,1,0,5.209486152841421
0022200203,203,2022-11-14,1,0,5.313205979041787
0022200204,206,2022-11-14,1,0,5.327876168789581
0022200205,202,2022-11-14,1,0,5.308267697401205
0022200206,197,2022-11-15,1,0,5.2832037287379885
0022200207,191,2022-11-15,1,0,5.25227342804663
0022200208,208,2022-11-15,1,0,5.337538079701318
0022200209,197,2022-11-15,1,0,5.2832037287379885
0022200210,219,2022-11-15,1,2,5.389071729816501
0022200211,208,2022-11-16,1,0,5.337538079701318
0022200212,204,2022-11-16,1,0,5.318119993844216
0022200213,203,2022-11-16,1,0,5.313205979041787
0022200214,205,2022-11-16,1,0,5.3230099791384085
0022200215,188,2022-11-16,1,0,5.236441962829949
0022200216,191,2022-11-16,1,0,5.25227342804663
0022200217,199,2022-11-16,1,0,5.293304824724492
0022200218,197,2022-11-16,1,0,5.2832037287379885
0022200219,190,2022-11-16,1,0,5.247024072160486
0022200220,215,2022-11-16,1,0,5.3706380281276624
0022200221,200,2022-11-17,1,2,5.298317366548036
0022200222,202,2022-11-17,1,0,5.308267697401205
0022200223,195,2022-11-17,1,0,5.272999558563747
0022200224,219,2022-11-18,1,1,5.389071729816501
0022200225,233,2022-11-18,1,0,5.4510384535657
0022200226,205,2022-11-18,1,1,5.3230099791384085
0022200227,195,2022-11-18,1,0,5.272999558563747
0022200228,194,2022-11-18,1,0,5.267858159063328
0022200229,206,2022-11-18,1,0,5.327876168789581
0022200230,192,2022-11-18,1,1,5.2574953720277815
0022200231,201,2022-11-18,1,0,5.303304908059076
0022200232,211,2022-11-18,1,0,5.351858133476067
0022200233,207,2022-11-18,1,0,5.332718793265369
0022200234,216,2022-11-18,1,0,5.375278407684165
0022200235,228,2022-11-19,1,0,5.429345628954441
0022200236,197,2022-11-19,1,0,5.2832037287379885
0022200237,210,2022-11-19,1,0,5.3471075307174685
0022200238,204,2022-11-19,1,0,5.318119993844216
0022200239,194,2022-11-19,1,0,5.267858159063328
0022200240,191,2022-11-20,1,0,5.25227342804663
0022200241,204,2022-11-20,1,0,5.318119993844216
0022200242,205,2022-11-20,1,0,5.3230099791384085
0022200243,210,2022-11-20,1,0,5.3471075307174685
0022200244,193,2022-11-20,1,1,5.262690188904886
0022200245,205,2022-11-20,1,0,5.3230099791384085
0022200246,191,2022-11-20,1,0,5.25227342804663
0022200247,209,2022-11-20,1,0,5.342334251964811
0022200248,202,2022-11-21,1,0,5.308267697401205
0022200249,203,2022-11-21,1,0,5.313205979041787
0022200250,206,2022-11-21,1,1,5.327876168789581
0022200251,208,2022-11-21,1,0,5.337538079701318
0022200252,210,2022-11-21,1,0,5.3471075307174685
0022200253,205,2022-11-21,1,0,5.3230099791384085
0022200254,210,2022-11-21,1,0,5.3471075307174685
0022200255,198,2022-11-21,1,0,5.288267030694535
0022200256,188,2022-11-22,1,0,5.236441962829949
0022200257,216,2022-11-22,1,1,5.375278407684165
0022200258,194,2022-11-22,1,1,5.267858159063328
0022200259,219,2022-11-22,1,0,5.389071729816501
0022200260,204,2022-11-23,1,0,5.318119993844216
0022200261,181,2022-11-23,1,0,5.198497031265826
0022200262,202,2022-11-23,1,0,5.308267697401205
0022200263,208,2022-11-23,1,0,5.337538079701318
0022200264,196,2022-11-23,1,0,5.278114659230517
0022200265,201,2022-11-23,1,0,5.303304908059076
0022200266,197,2022-11-23,1,0,5.2832037287379885
0022200267,209,2022-11-23,1,0,5.342334251964811
0022200268,215,2022-11-23,1,0,5.3706380281276624
0022200269,215,2022-11-23,1,1,5.3706380281276624
0022200270,192,2022-11-23,1,0,5.2574953720277815
0022200271,206,2022-11-23,1,0,5.327876168789581
0022200272,219,2022-11-25,1,0,5.389071729816501
0022200273,188,2022-11-25,1,0,5.236441962829949
0022200274,221,2022-11-25,1,0,5.3981627015177525
0022200275,203,2022-11-25,1,0,5.313205979041787
0022200276,212,2022-11-25,1,0,5.356586274672012
0022200277,198,2022-11-25,1,1,5.288267030694535
0022200278,213,2022-11-25,1,1,5.3612921657094255
0022200279,204,2022-11-25,1,1,5.318119993844216
0022200280,197,2022-11-25,1,1,5.2832037287379885
0022200281,225,2022-11-25,1,0,5.41610040220442
0022200282,206,2022-11-25,1,0,5.327876168789581
0022200283,200,2022-11-25,1,0,5.298317366548036
0022200284,210,2022-11-25,1,0,5.3471075307174685
0022200285,187,2022-11-25,1,0,5.231108616854587
0022200286,190,2022-11-26,1,0,5.247024072160486
0022200287,214,2022-11-26,1,1,5.365976015021851
0022200288,219,2022-11-26,1,1,5.389071729816501
0022200289,190,2022-11-26,1,0,5.247024072160486
0022200290,182,2022-11-27,1,1,5.204006687076795
0022200291,212,2022-11-27,1,0,5.356586274672012
0022200292,216,2022-11-27,1,1,5.375278407684165
0022200293,199,2022-11-27,1,0,5.293304824724492
0022200294,189,2022-11-27,1,1,5.241747015059643
0022200295,189,2022-11-27,1,0,5.241747015059643
0022200296,199,2022-11-27,1,0,5.293304824724492
0022200297,196,2022-11-27,1,0,5.278114659230517
0022200298,199,2022-11-27,1,1,5.293304824724492
0022200299,194,2022-11-28,1,0,5.267858159063328
0022200300,208,2022-11-28,1,0,5.337538079701318
0022200301,203,2022-11-28,1,0,5.313205979041787
0022200302,194,2022-11-28,1,0,5.267858159063328
0022200303,188,2022-11-28,1,0,5.236441962829949
0022200304,205,2022-11-28,1,0,5.3230099791384085
0022200305,197,2022-11-28,1,1,5.2832037287379885
0022200306,199,2022-11-28,1,0,5.293304824724492
0022200307,209,2022-11-28,1,0,5.342334251964811
0022200308,208,2022-11-28,1,1,5.337538079701318
0022200309,206,2022-11-29,1,0,5.327876168789581
0022200310,211,2022-11-29,1,0,5.351858133476067
0022200311,195,2022-11-29,1,2,5.272999558563747
0022200312,184,2022-11-30,1,0,5.214935757608986
0022200313,207,2022-11-30,1,1,5.332718793265369
0022200314,201,2022-11-30,1,0,5.303304908059076
0022200315,203,2022-11-30,1,0,5.313205979041787
0022200316,192,2022-11-30,1,0,5.2574953720277815
0022200317,204,2022-11-30,1,0,5.318119993844216
0022200318,213,2022-11-30,1,1,5.3612921657094255
0022200319,203,2022-11-30,1,0,5.313205979041787
0022200320,190,2022-11-30,1,0,5.247024072160486
0022200321,211,2022-11-30,1,0,5.351858133476067
0022200322,196,2022-11-30,1,0,5.278114659230517
0022200323,229,2022-11-30,1,0,5.43372200355424
0022200324,201,2022-11-30,1,0,5.303304908059076
0022200325,214,2022-12-01,1,1,5.365976015021851
0022200326,189,2022-12-02,1,0,5.241747015059643
0022200327,196,2022-12-02,1,0,5.278114659230517
0022200328,224,2022-12-02,1,0,5.4116460518550396
0022200329,204,2022-12-02,1,0,5.318119993844216
0022200330,187,2022-12-02,1,0,5.231108616854587
0022200331,201,2022-12-02,1,0,5.303304908059076
0022200332,203,2022-12-02,1,0,5.313205979041787
0022200333,210,2022-12-02,1,0,5.3471075307174685
0022200334,201,2022-12-02,1,0,5.303304908059076
0022200335,233,2022-12-02,1,1,5.4510384535657
0022200336,218,2022-12-02,1,0,5.384495062789089
0022200337,205,2022-12-03,1,1,5.3230099791384085
0022200338,203,2022-12-03,1,0,5.313205979041787
0022200339,210,2022-12-03,1,0,5.3471075307174685
0022200340,199,2022-12-03,1,0,5.293304824724492
0022200341,229,2022-12-03,1,0,5.43372200355424
0022200342,195,2022-12-03,1,0,5.272999558563747
0022200343,200,2022-12-03,1,0,5.298317366548036
0022200344,202,2022-12-04,1,1,5.308267697401205
0022200345,199,2022-12-04,1,1,5.293304824724492
0022200346,195,2022-12-04,1,0,5.272999558563747
0022200347,206,2022-12-04,1,0,5.327876168789581
0022200348,200,2022-12-04,1,0,5.298317366548036
0022200349,217,2022-12-04,1,0,5.37989735354046
0022200350,208,2022-12-04,1,0,5.337538079701318
0022200351,198,2022-12-04,1,0,5.288267030694535
0022200352,199,2022-12-05,1,0,5.293304824724492
0022200353,207,2022-12-05,1,0,5.332718793265369
0022200354,219,2022-12-05,1,0,5.389071729816501
0022200355,196,2022-12-05,1,0,5.278114659230517
0022200356,224,2022-12-05,1,0,5.4116460518550396
0022200357,192,2022-12-05,1,1,5.2574953720277815
0022200358,197,2022-12-05,1,0,5.2832037287379885
0022200359,203,2022-12-05,1,0,5.313205979041787
0022200360,201,2022-12-06,1,0,5.303304908059076
0022200361,192,2022-12-06,1,0,5.2574953720277815
0022200362,196,2022-12-06,1,0,5.278114659230517
0022200363,208,2022-12-07,1,1,5.337538079701318
0022200364,194,2022-12-07,1,0,5.267858159063328
0022200365,189,2022-12-07,1,0,5.241747015059643
0022200366,218,2022-12-07,1,0,5.384495062789089
0022200367,214,2022-12-07,1,0,5.365976015021851
0022200368,213,2022-12-07,1,1,5.3612921657094255
0022200369,194,2022-12-07,1,0,5.267858159063328
0022200370,215,2022-12-07,1,0,5.3706380281276624
0022200371,199,2022-12-07,1,0,5.293304824724492
0022200372,208,2022-12-07,1,0,5.337538079701318
0022200373,213,2022-12-07,1,0,5.3612921657094255
0022200374,198,2022-12-08,1,0,5.288267030694535
0022200375,200,2022-12-08,1,0,5.298317366548036
0022200376,198,2022-12-08,1,0,5.288267030694535
0022200377,197,2022-12-09,1,0,5.2832037287379885
0022200378,185,2022-12-09,1,2,5.220355825078324
0022200379,198,2022-12-09,1,0,5.288267030694535
0022200380,208,2022-12-09,1,0,5.337538079701318
0022200381,195,2022-12-09,1,0,5.272999558563747
0022200382,230,2022-12-09,1,0,5.438079308923196
0022200383,212,2022-12-09,1,0,5.356586274672012
0022200384,202,2022-12-09,1,0,5.308267697401205
0022200385,201,2022-12-09,1,0,5.303304908059076
0022200386,195,2022-12-09,1,1,5.272999558563747
0022200387,192,2022-12-10,1,1,5.2574953720277815
0022200388,213,2022-12-10,1,0,5.3612921657094255
0022200389,203,2022-12-10,1,1,5.313205979041787
0022200390,192,2022-12-10,1,0,5.2574953720277815
0022200391,206,2022-12-10,1,0,5.327876168789581
0022200392,210,2022-12-10,1,0,5.3471075307174685
0022200393,194,2022-12-10,1,0,5.267858159063328
0022200394,201,2022-12-10,1,1,5.303304908059076
0022200395,213,2022-12-11,1,0,5.3612921657094255
0022200396,201,2022-12-11,1,0,5.303304908059076
0022200397,207,2022-12-11,1,0,5.332718793265369
0022200398,188,2022-12-11,1,0,5.236441962829949
0022200399,206,2022-12-11,1,2,5.327876168789581
0022200400,227,2022-12-11,1,0,5.424950017481403
0022200401,199,2022-12-11,1,0,5.293304824724492
0022200402,188,2022-12-12,1,0,5.236441962829949
0022200403,204,2022-12-12,1,0,5.318119993844216
0022200404,209,2022-12-12,1,2,5.342334251964811
0022200405,201,2022-12-12,1,0,5.303304908059076
0022200406,197,2022-12-12,1,0,5.2832037287379885
0022200407,215,2022-12-12,1,2,5.3706380281276624
0022200408,197,2022-12-12,1,0,5.2832037287379885
0022200409,210,2022-12-13,1,0,5.3471075307174685
0022200410,217,2022-12-13,1,0,5.37989735354046
0022200411,201,2022-12-13,1,0,5.303304908059076
0022200412,212,2022-12-13,1,1,5.356586274672012
0022200413,226,2022-12-13,1,0,5.420534999272286
0022200414,226,2022-12-14,1,0,5.420534999272286
0022200415,217,2022-12-14,1,0,5.37989735354046
0022200416,207,2022-12-14,1,0,5.332718793265369
0022200417,206,2022-12-14,1,0,5.327876168789581
0022200418,210,2022-12-14,1,1,5.3471075307174685
0022200419,198,2022-12-14,1,0,5.288267030694535
0022200420,198,2022-12-14,1,0,5.288267030694535
0022200421,178,2022-12-14,1,0,5.181783550292085
0022200422,219,2022-12-14,1,0,5.389071729816501
0022200423,197,2022-12-14,1,0,5.2832037287379885
0022200424,194,2022-12-15,1,0,5.267858159063328
0022200425,207,2022-12-15,1,0,5.332718793265369
0022200426,218,2022-12-15,1,1,5.384495062789089
0022200427,191,2022-12-15,1,1,5.25227342804663
0022200428,200,2022-12-16,1,1,5.298317366548036
0022200429,202,2022-12-16,1,0,5.308267697401205
0022200430,210,2022-12-16,1,0,5.3471075307174685
0022200431,187,2022-12-16,1,0,5.231108616854587
0022200432,208,2022-12-16,1,0,5.337538079701318
0022200433,192,2022-12-16,1,0,5.2574953720277815
0022200434,199,2022-12-16,1,0,5.293304824724492
0022200435,207,2022-12-16,1,0,5.332718793265369
0022200436,200,2022-12-16,1,0,5.298317366548036
0022200437,209,2022-12-16,1,1,5.342334251964811
0022200438,196,2022-12-17,1,0,5.278114659230517
0022200439,196,2022-12-17,1,1,5.278114659230517
0022200440,203,2022-12-17,1,1,5.313205979041787
0022200441,191,2022-12-17,1,0,5.25227342804663
0022200442,193,2022-12-17,1,0,5.262690188904886
0022200443,211,2022-12-17,1,0,5.351858133476067
0022200444,192,2022-12-17,1,1,5.2574953720277815
0022200445,204,2022-12-18,1,0,5.318119993844216
0022200446,198,2022-12-18,1,0,5.288267030694535
0022200447,197,2022-12-18,1,0,5.2832037287379885
0022200448,195,2022-12-18,1,0,5.272999558563747
0022200449,203,2022-12-18,1,0,5.313205979041787
0022200450,215,2022-12-18,1,0,5.3706380281276624
0022200451,209,2022-12-18,1,0,5.342334251964811
0022200452,202,2022-12-19,1,1,5.308267697401205
0022200453,207,2022-12-19,1,0,5.332718793265369
0022200454,203,2022-12-19,1,0,5.313205979041787
0022200455,204,2022-12-19,1,1,5.318119993844216
0022200456,195,2022-12-19,1,0,5.272999558563747
0022200457,213,2022-12-19,1,0,5.3612921657094255
0022200458,202,2022-12-19,1,0,5.308267697401205
0022200459,196,2022-12-19,1,0,5.278114659230517
0022200460,215,2022-12-19,1,0,5.3706380281276624
0022200461,192,2022-12-20,1,0,5.2574953720277815
0022200462,191,2022-12-20,1,0,5.25227342804663
0022200463,197,2022-12-20,1,0,5.2832037287379885
0022200464,195,2022-12-20,1,0,5.272999558563747
0022200465,202,2022-12-20,1,0,5.308267697401205
0022200466,199,2022-12-21,1,0,5.293304824724492
0022200467,208,2022-12-21,1,0,5.337538079701318
0022200468,204,2022-12-21,1,1,5.318119993844216
0022200469,208,2022-12-21,1,0,5.337538079701318
0022200470,209,2022-12-21,1,0,5.342334251964811
0022200471,179,2022-12-21,1,0,5.187385805840755
0022200472,205,2022-12-21,1,1,5.3230099791384085
0022200473,185,2022-12-21,1,0,5.220355825078324
0022200474,190,2022-12-21,1,0,5.247024072160486
0022200475,213,2022-12-21,1,0,5.3612921657094255
0022200476,224,2022-12-21,1,0,5.4116460518550396
0022200477,207,2022-12-22,1,0,5.332718793265369
0022200478,200,2022-12-22,1,0,5.298317366548036
0022200479,210,2022-12-23,1,0,5.3471075307174685
0022200480,190,2022-12-23,1,1,5.247024072160486
0022200481,206,2022-12-23,1,1,5.327876168789581
0022200482,204,2022-12-23,1,0,5.318119993844216
0022200483,194,2022-12-23,1,0,5.267858159063328
0022200484,198,2022-12-23,1,0,5.288267030694535
0022200485,186,2022-12-23,1,0,5.225746673713202
0022200486,190,2022-12-23,1,0,5.247024072160486
0022200487,196,2022-12-23,1,0,5.278114659230517
0022200488,244,2022-12-23,1,0,5.497168225293202
0022200489,196,2022-12-23,1,0,5.278114659230517
0022200490,198,2022-12-23,1,1,5.288267030694535
0022200491,202,2022-12-23,1,0,5.308267697401205
0022200492,216,2022-12-23,1,0,5.375278407684165
0022200493,184,2022-12-25,1,1,5.214935757608986
0022200494,191,2022-12-25,1,0,5.25227342804663
0022200495,210,2022-12-25,1,1,5.3471075307174685
0022200496,213,2022-12-25,1,2,5.3612921657094255
0022200497,217,2022-12-25,1,1,5.37989735354046
0022200498,197,2022-12-26,1,1,5.2832037287379885
0022200499,230,2022-12-26,1,0,5.438079308923196
0022200500,199,2022-12-26,1,0,5.293304824724492
0022200501,203,2022-12-26,1,0,5.313205979041787
0022200502,198,2022-12-26,1,0,5.288267030694535
0022200503,211,2022-12-26,1,0,5.351858133476067
0022200504,210,2022-12-26,1,2,5.3471075307174685
0022200505,203,2022-12-27,1,0,5.313205979041787
0022200506,201,2022-12-27,1,0,5.303304908059076
0022200507,203,2022-12-27,1,0,5.313205979041787
0022200508,212,2022-12-27,1,0,5.356586274672012
0022200509,197,2022-12-27,1,0,5.2832037287379885
0022200510,208,2022-12-27,1,0,5.337538079701318
0022200511,199,2022-12-27,1,1,5.293304824724492
0022200512,211,2022-12-27,1,0,5.351858133476067
0022200513,212,2022-12-27,1,1,5.356586274672012
0022200514,201,2022-12-27,1,1,5.303304908059076
0022200515,200,2022-12-28,1,1,5.298317366548036
0022200516,183,2022-12-28,1,0,5.209486152841421
0022200517,193,2022-12-28,1,0,5.262690188904886
0022200518,190,2022-12-28,1,0,5.247024072160486
0022200519,225,2022-12-28,1,1,5.41610040220442
0022200520,202,2022-12-28,1,0,5.308267697401205
0022200521,209,2022-12-28,1,0,5.342334251964811
0022200522,200,2022-12-28,1,0,5.298317366548036
0022200523,210,2022-12-29,1,0,5.3471075307174685
0022200524,198,2022-12-29,1,1,5.288267030694535
0022200525,201,2022-12-29,1,0,5.303304908059076
0022200526,194,2022-12-29,1,0,5.267858159063328
0022200527,203,2022-12-29,1,0,5.313205979041787
0022200528,206,2022-12-29,1,0,5.327876168789581
0022200529,216,2022-12-30,1,1,5.375278407684165
0022200530,212,2022-12-30,1,0,5.356586274672012
0022200531,197,2022-12-30,1,0,5.2832037287379885
0022200532,195,2022-12-30,1,0,5.272999558563747
0022200533,215,2022-12-30,1,0,5.3706380281276624
0022200534,197,2022-12-30,1,1,5.2832037287379885
0022200535,203,2022-12-30,1,0,5.313205979041787
0022200536,196,2022-12-30,1,0,5.278114659230517
0022200537,203,2022-12-30,1,0,5.313205979041787
0022200538,207,2022-12-31,1,1,5.332718793265369
0022200539,204,2022-12-31,1,0,5.318119993844216
0022200540,203,2022-12-31,1,0,5.313205979041787
0022200541,197,2022-12-31,1,0,5.2832037287379885
0022200542,194,2022-12-31,1,0,5.267858159063328
0022200543,215,2022-12-31,1,0,5.3706380281276624
0022200544,203,2022-12-31,1,0,5.313205979041787
0022200545,206,2022-12-31,1,1,5.327876168789581
0022200546,197,2022-12-31,1,0,5.2832037287379885
0022200547,203,2023-01-01,1,0,5.313205979041787
0022200548,209,2023-01-01,1,0,5.342334251964811
0022200549,205,2023-01-01,1,0,5.3230099791384085
0022200550,175,2023-01-02,1,0,5.1647859739235145
0022200551,223,2023-01-02,1,0,5.407171771460119
0022200552,220,2023-01-02,1,0,5.393627546352362
0022200553,198,2023-01-02,1,0,5.288267030694535
0022200554,198,2023-01-02,1,0,5.288267030694535
0022200555,213,2023-01-02,1,0,5.3612921657094255
0022200556,195,2023-01-02,1,0,5.272999558563747
0022200557,200,2023-01-02,1,0,5.298317366548036
0022200558,259,2023-01-02,1,1,5.556828061699537
0022200559,225,2023-01-02,1,0,5.41610040220442
0022200560,191,2023-01-02,1,0,5.25227342804663
0022200561,206,2023-01-03,1,0,5.327876168789581
0022200562,215,2023-01-03,1,1,5.3706380281276624
0022200563,206,2023-01-03,1,0,5.327876168789581
0022200564,218,2023-01-04,1,0,5.384495062789089
0022200565,192,2023-01-04,1,1,5.2574953720277815
0022200566,202,2023-01-04,1,1,5.308267697401205
0022200567,213,2023-01-04,1,1,5.3612921657094255
0022200568,205,2023-01-04,1,0,5.3230099791384085
0022200569,232,2023-01-04,1,1,5.44673737166631
0022200570,212,2023-01-04,1,0,5.356586274672012
0022200571,193,2023-01-04,1,0,5.262690188904886
0022200572,198,2023-01-04,1,0,5.288267030694535
0022200573,200,2023-01-04,1,1,5.298317366548036
0022200574,199,2023-01-04,1,0,5.293304824724492
0022200575,206,2023-01-04,1,0,5.327876168789581
0022200576,202,2023-01-05,1,0,5.308267697401205
0022200577,200,2023-01-05,1,1,5.298317366548036
0022200578,206,2023-01-05,1,0,5.327876168789581
0022200579,199,2023-01-05,1,0,5.293304824724492
0022200580,214,2023-01-06,1,0,5.365976015021851
0022200581,193,2023-01-06,1,0,5.262690188904886
0022200582,190,2023-01-06,1,1,5.247024072160486
0022200583,205,2023-01-06,1,0,5.3230099791384085
0022200584,209,2023-01-06,1,0,5.342334251964811
0022200585,207,2023-01-06,1,1,5.332718793265369
0022200586,196,2023-01-06,1,1,5.278114659230517
0022200587,205,2023-01-06,1,0,5.3230099791384085
0022200588,182,2023-01-06,1,1,5.204006687076795
0022200589,196,2023-01-06,1,0,5.278114659230517
0022200590,219,2023-01-06,1,0,5.389071729816501
0022200591,212,2023-01-07,1,0,5.356586274672012
0022200592,204,2023-01-07,1,1,5.318119993844216
0022200593,211,2023-01-07,1,0,5.351858133476067
0022200594,202,2023-01-07,1,0,5.308267697401205
0022200595,205,2023-01-07,1,1,5.3230099791384085
0022200596,213,2023-01-08,1,0,5.3612921657094255
0022200597,205,2023-01-08,1,1,5.3230099791384085
0022200598,210,2023-01-08,1,0,5.3471075307174685
0022200599,186,2023-01-08,1,0,5.225746673713202
0022200600,214,2023-01-08,1,0,5.365976015021851
0022200601,200,2023-01-08,1,1,5.298317366548036
0022200602,195,2023-01-08,1,0,5.272999558563747
0022200603,193,2023-01-08,1,1,5.262690188904886
0022200604,204,2023-01-08,1,0,5.318119993844216
0022200605,203,2023-01-09,1,0,5.313205979041787
0022200606,190,2023-01-09,1,1,5.247024072160486
0022200607,191,2023-01-09,1,0,5.25227342804663
0022200608,215,2023-01-09,1,3,5.3706380281276624
0022200609,217,2023-01-09,1,1,5.37989735354046
0022200610,205,2023-01-09,1,0,5.3230099791384085
0022200611,204,2023-01-10,1,0,5.318119993844216
0022200612,219,2023-01-10,1,1,5.389071729816501
0022200613,194,2023-01-10,1,1,5.267858159063328
0022200614,200,2023-01-10,1,0,5.298317366548036
0022200615,217,2023-01-10,1,0,5.37989735354046
0022200616,196,2023-01-10,1,0,5.278114659230517
0022200617,183,2023-01-10,1,0,5.209486152841421
0022200618,203,2023-01-11,1,0,5.313205979041787
0022200619,194,2023-01-11,1,0,5.267858159063328
0022200620,205,2023-01-11,1,1,5.3230099791384085
0022200621,201,2023-01-11,1,0,5.303304908059076
0022200622,207,2023-01-11,1,1,5.332718793265369
0022200623,220,2023-01-11,1,0,5.393627546352362
0022200624,196,2023-01-11,1,2,5.278114659230517
0022200625,212,2023-01-11,1,0,5.356586274672012
0022200626,212,2023-01-12,1,1,5.356586274672012
0022200627,192,2023-01-12,1,0,5.2574953720277815
0022200628,195,2023-01-12,1,0,5.272999558563747
0022200629,199,2023-01-12,1,0,5.293304824724492
0022200630,241,2023-01-12,1,0,5.484796933490655
0022200631,205,2023-01-12,1,0,5.3230099791384085
0022200632,214,2023-01-13,1,0,5.365976015021851
0022200633,201,2023-01-13,1,1,5.303304908059076
0022200634,193,2023-01-13,1,0,5.262690188904886
0022200635,221,2023-01-13,1,0,5.3981627015177525
0022200636,202,2023-01-13,1,0,5.308267697401205
0022200637,215,2023-01-13,1,1,5.3706380281276624
0022200638,214,2023-01-13,1,0,5.365976015021851
0022200639,189,2023-01-13,1,1,5.241747015059643
0022200640,201,2023-01-13,1,0,5.303304908059076
0022200641,184,2023-01-14,1,0,5.214935757608986
0022200642,194,2023-01-14,1,0,5.267858159063328
0022200643,226,2023-01-14,1,1,5.420534999272286
0022200644,199,2023-01-14,1,1,5.293304824724492
0022200645,194,2023-01-14,1,1,5.267858159063328
0022200646,200,2023-01-14,1,0,5.298317366548036
0022200647,199,2023-01-14,1,0,5.293304824724492
0022200648,187,2023-01-15,1,0,5.231108616854587
0022200649,205,2023-01-15,1,0,5.3230099791384085
0022200650,217,2023-01-15,1,0,5.37989735354046
0022200651,200,2023-01-15,1,0,5.298317366548036
0022200652,195,2023-01-15,1,0,5.272999558563747
0022200653,201,2023-01-15,1,1,5.303304908059076
0022200654,199,2023-01-15,1,0,5.293304824724492
0022200655,195,2023-01-15,1,0,5.272999558563747
0022200656,190,2023-01-16,1,0,5.247024072160486
0022200657,207,2023-01-16,1,0,5.332718793265369
0022200658,194,2023-01-16,1,0,5.267858159063328
0022200659,203,2023-01-16,1,0,5.313205979041787
0022200660,207,2023-01-16,1,0,5.332718793265369
0022200661,201,2023-01-16,1,0,5.303304908059076
0022200662,196,2023-01-16,1,1,5.278114659230517
0022200663,203,2023-01-16,1,1,5.313205979041787
0022200664,201,2023-01-16,1,0,5.303304908059076
0022200665,201,2023-01-17,1,0,5.303304908059076
0022200666,219,2023-01-17,1,0,5.389071729816501
0022200667,197,2023-01-17,1,1,5.2832037287379885
0022200668,192,2023-01-17,1,0,5.2574953720277815
0022200669,189,2023-01-18,1,0,5.241747015059643
0022200670,197,2023-01-18,1,0,5.2832037287379885
0022200671,210,2023-01-18,1,1,5.3471075307174685
0022200672,195,2023-01-18,1,1,5.272999558563747
0022200673,195,2023-01-18,1,0,5.272999558563747
0022200674,213,2023-01-18,1,0,5.3612921657094255
0022200675,194,2023-01-18,1,0,5.267858159063328
0022200676,204,2023-01-18,1,0,5.318119993844216
0022200677,194,2023-01-18,1,0,5.267858159063328
0022200678,214,2023-01-19,1,0,5.365976015021851
0022200679,236,2023-01-19,1,0,5.4638318050256105
0022200680,208,2023-01-19,1,1,5.337538079701318
0022200681,207,2023-01-19,1,0,5.332718793265369
0022200682,195,2023-01-19,1,2,5.272999558563747
0022200683,199,2023-01-20,1,0,5.293304824724492
0022200684,191,2023-01-20,1,2,5.25227342804663
0022200685,195,2023-01-20,1,0,5.272999558563747
0022200686,184,2023-01-20,1,0,5.214935757608986
0022200687,182,2023-01-20,1,0,5.204006687076795
0022200688,204,2023-01-20,1,0,5.318119993844216
0022200689,191,2023-01-20,1,0,5.25227342804663
0022200690,214,2023-01-20,1,2,5.365976015021851
0022200691,201,2023-01-20,1,0,5.303304908059076
0022200692,194,2023-01-21,1,1,5.267858159063328
0022200693,206,2023-01-21,1,0,5.327876168789581
0022200694,209,2023-01-21,1,0,5.342334251964811
0022200695,190,2023-01-21,1,0,5.247024072160486
0022200696,203,2023-01-21,1,0,5.313205979041787
0022200697,212,2023-01-21,1,0,5.356586274672012
0022200698,199,2023-01-21,1,0,5.293304824724492
0022200699,206,2023-01-22,1,0,5.327876168789581
0022200700,196,2023-01-22,1,0,5.278114659230517
0022200701,183,2023-01-22,1,0,5.209486152841421
0022200702,181,2023-01-22,1,0,5.198497031265826
0022200703,210,2023-01-22,1,0,5.3471075307174685
0022200704,206,2023-01-22,1,5,5.327876168789581
0022200705,198,2023-01-22,1,1,5.288267030694535
0022200706,229,2023-01-23,1,0,5.43372200355424
0022200707,191,2023-01-23,1,0,5.25227342804663
0022200708,199,2023-01-23,1,2,5.293304824724492
0022200709,216,2023-01-23,1,0,5.375278407684165
0022200710,205,2023-01-23,1,0,5.3230099791384085
0022200711,208,2023-01-23,1,0,5.337538079701318
0022200712,211,2023-01-23,1,0,5.351858133476067
0022200713,200,2023-01-24,1,0,5.298317366548036
0022200714,191,2023-01-24,1,1,5.25227342804663
0022200715,188,2023-01-24,1,0,5.236441962829949
0022200716,185,2023-01-24,1,0,5.220355825078324
0022200717,204,2023-01-24,1,1,5.318119993844216
0022200718,204,2023-01-24,1,0,5.318119993844216
0022200719,193,2023-01-24,1,0,5.262690188904886
0022200720,195,2023-01-25,1,0,5.272999558563747
0022200721,195,2023-01-25,1,0,5.272999558563747
0022200722,199,2023-01-25,1,0,5.293304824724492
0022200723,214,2023-01-25,1,1,5.365976015021851
0022200724,196,2023-01-25,1,0,5.278114659230517
0022200725,214,2023-01-25,1,0,5.365976015021851
0022200726,210,2023-01-25,1,0,5.3471075307174685
0022200727,202,2023-01-25,1,1,5.308267697401205
0022200728,188,2023-01-25,1,0,5.236441962829949
0022200729,219,2023-01-25,1,2,5.389071729816501
0022200730,213,2023-01-26,1,2,5.3612921657094255
0022200731,207,2023-01-26,1,0,5.332718793265369
0022200732,216,2023-01-26,1,0,5.375278407684165
0022200733,189,2023-01-26,1,0,5.241747015059643
0022200734,179,2023-01-26,1,1,5.187385805840755
0022200735,192,2023-01-26,1,0,5.2574953720277815
0022200736,222,2023-01-27,1,4,5.402677381872279
0022200737,211,2023-01-27,1,0,5.351858133476067
0022200738,200,2023-01-27,1,0,5.298317366548036
0022200739,189,2023-01-27,1,0,5.241747015059643
0022200740,205,2023-01-27,1,0,5.3230099791384085
0022200741,191,2023-01-28,1,0,5.25227342804663
0022200742,188,2023-01-28,1,0,5.236441962829949
0022200743,209,2023-01-28,1,1,5.342334251964811
0022200744,195,2023-01-28,1,0,5.272999558563747
0022200745,196,2023-01-28,1,1,5.278114659230517
0022200746,197,2023-01-28,1,0,5.2832037287379885
0022200747,204,2023-01-28,1,0,5.318119993844216
0022200748,213,2023-01-28,1,0,5.3612921657094255
0022200749,219,2023-01-28,1,0,5.389071729816501
0022200750,187,2023-01-28,1,0,5.231108616854587
0022200751,185,2023-01-28,1,1,5.220355825078324
0022200752,201,2023-01-29,1,1,5.303304908059076
0022200753,183,2023-01-29,1,0,5.209486152841421
0022200754,191,2023-01-29,1,0,5.25227342804663
0022200755,211,2023-01-29,1,0,5.351858133476067
0022200756,211,2023-01-30,1,0,5.351858133476067
0022200757,200,2023-01-30,1,0,5.298317366548036
0022200758,223,2023-01-30,1,0,5.407171771460119
0022200759,222,2023-01-30,1,0,5.402677381872279
0022200760,200,2023-01-30,1,0,5.298317366548036
0022200761,189,2023-01-30,1,0,5.241747015059643
0022200762,190,2023-01-30,1,0,5.247024072160486
0022200763,187,2023-01-30,1,0,5.231108616854587
0022200764,188,2023-01-31,1,0,5.236441962829949
0022200765,220,2023-01-31,1,0,5.393627546352362
0022200766,203,2023-01-31,1,0,5.313205979041787
0022200767,230,2023-01-31,1,0,5.438079308923196
0022200768,205,2023-01-31,1,0,5.3230099791384085
0022200769,186,2023-02-01,1,0,5.225746673713202
0022200770,205,2023-02-01,1,0,5.3230099791384085
0022200771,202,2023-02-01,1,1,5.308267697401205
0022200772,198,2023-02-01,1,0,5.288267030694535
0022200773,204,2023-02-01,1,1,5.318119993844216
0022200774,230,2023-02-01,1,0,5.438079308923196
0022200775,204,2023-02-01,1,0,5.318119993844216
0022200776,204,2023-02-01,1,0,5.318119993844216
0022200777,205,2023-02-01,1,1,5.3230099791384085
0022200778,213,2023-02-02,1,0,5.3612921657094255
0022200779,207,2023-02-02,1,0,5.332718793265369
0022200780,190,2023-02-02,1,0,5.247024072160486
0022200781,192,2023-02-02,1,0,5.2574953720277815
0022200782,194,2023-02-02,1,0,5.267858159063328
0022200783,203,2023-02-02,1,1,5.313205979041787
0022200784,205,2023-02-02,1,0,5.3230099791384085
0022200785,215,2023-02-03,1,0,5.3706380281276624
0022200786,211,2023-02-03,1,2,5.351858133476067
0022200787,189,2023-02-03,1,0,5.241747015059643
0022200788,199,2023-02-03,1,0,5.293304824724492
0022200789,198,2023-02-03,1,0,5.288267030694535
0022200790,212,2023-02-03,1,0,5.356586274672012
0022200791,206,2023-02-03,1,0,5.327876168789581
0022200792,201,2023-02-03,1,0,5.303304908059076
0022200793,210,2023-02-04,1,2,5.3471075307174685
0022200794,192,2023-02-04,1,0,5.2574953720277815
0022200795,217,2023-02-04,1,0,5.37989735354046
0022200796,200,2023-02-04,1,0,5.298317366548036
0022200797,208,2023-02-04,1,0,5.337538079701318
0022200798,209,2023-02-04,1,0,5.342334251964811
0022200799,209,2023-02-04,1,0,5.342334251964811
0022200800,201,2023-02-04,1,0,5.303304908059076
0022200801,211,2023-02-04,1,1,5.351858133476067
0022200802,197,2023-02-05,1,0,5.2832037287379885
0022200803,199,2023-02-05,1,2,5.293304824724492
0022200804,194,2023-02-05,1,1,5.267858159063328
0022200805,200,2023-02-05,1,0,5.298317366548036
0022200806,209,2023-02-05,1,0,5.342334251964811
0022200807,194,2023-02-05,1,0,5.267858159063328
0022200808,194,2023-02-06,1,1,5.267858159063328
0022200809,194,2023-02-06,1,1,5.267858159063328
0022200810,204,2023-02-06,1,0,5.318119993844216
0022200811,217,2023-02-06,1,0,5.37989735354046
0022200812,199,2023-02-06,1,0,5.293304824724492
0022200813,197,2023-02-06,1,0,5.2832037287379885
0022200814,209,2023-02-06,1,0,5.342334251964811
0022200815,211,2023-02-06,1,0,5.351858133476067
0022200816,182,2023-02-07,1,0,5.204006687076795
0022200817,209,2023-02-07,1,0,5.342334251964811
0022200818,192,2023-02-07,1,0,5.2574953720277815
0022200819,202,2023-02-07,1,0,5.308267697401205
0022200820,214,2023-02-07,1,2,5.365976015021851
0022200821,223,2023-02-07,1,0,5.407171771460119
0022200822,185,2023-02-08,1,0,5.220355825078324
0022200823,196,2023-02-08,1,1,5.278114659230517
0022200824,179,2023-02-08,1,0,5.187385805840755
0022200825,193,2023-02-08,1,0,5.262690188904886
0022200826,211,2023-02-08,1,1,5.351858133476067
0022200827,203,2023-02-08,1,0,5.313205979041787
0022200828,205,2023-02-08,1,0,5.3230099791384085
0022200829,197,2023-02-08,1,0,5.2832037287379885
0022200830,202,2023-02-08,1,1,5.308267697401205
0022200831,200,2023-02-09,1,1,5.298317366548036
0022200832,204,2023-02-09,1,0,5.318119993844216
0022200833,206,2023-02-09,1,0,5.327876168789581
0022200834,200,2023-02-09,1,0,5.298317366548036
0022200835,247,2023-02-10,1,0,5.5093883366279774
0022200836,203,2023-02-10,1,2,5.313205979041787
0022200837,189,2023-02-10,1,0,5.241747015059643
0022200838,212,2023-02-10,1,0,5.356586274672012
0022200839,209,2023-02-10,1,0,5.342334251964811
0022200840,195,2023-02-10,1,0,5.272999558563747
0022200841,209,2023-02-10,1,2,5.342334251964811
0022200842,186,2023-02-10,1,2,5.225746673713202
0022200843,195,2023-02-10,1,0,5.272999558563747
0022200844,198,2023-02-10,1,0,5.288267030694535
0022200845,200,2023-02-10,1,1,5.298317366548036
0022200846,182,2023-02-11,1,0,5.204006687076795
0022200847,213,2023-02-11,1,2,5.3612921657094255
0022200848,206,2023-02-11,1,0,5.327876168789581
0022200849,185,2023-02-11,1,0,5.220355825078324
0022200850,214,2023-02-11,1,0,5.365976015021851
0022200851,198,2023-02-11,1,0,5.288267030694535
0022200852,192,2023-02-11,1,0,5.2574953720277815
0022200853,210,2023-02-11,1,0,5.3471075307174685
0022200854,222,2023-02-11,1,1,5.402677381872279
0022200855,192,2023-02-12,1,1,5.2574953720277815
0022200856,196,2023-02-12,1,0,5.278114659230517
0022200857,220,2023-02-13,1,0,5.393627546352362
0022200858,191,2023-02-13,1,0,5.25227342804663
0022200859,206,2023-02-13,1,0,5.327876168789581
0022200860,202,2023-02-13,1,0,5.308267697401205
0022200861,180,2023-02-13,1,0,5.19295685089021
0022200862,181,2023-02-13,1,0,5.198497031265826
0022200863,197,2023-02-13,1,0,5.2832037287379885
0022200864,193,2023-02-13,1,0,5.262690188904886
0022200865,191,2023-02-13,1,0,5.25227342804663
0022200866,198,2023-02-13,1,2,5.288267030694535
0022200867,207,2023-02-13,1,0,5.332718793265369
0022200868,200,2023-02-14,1,0,5.298317366548036
0022200869,232,2023-02-14,1,0,5.44673737166631
0022200870,199,2023-02-14,1,0,5.293304824724492
0022200871,194,2023-02-14,1,1,5.267858159063328
0022200872,199,2023-02-14,1,2,5.293304824724492
0022200873,217,2023-02-15,1,0,5.37989735354046
0022200874,201,2023-02-15,1,0,5.303304908059076
0022200875,185,2023-02-15,1,1,5.220355825078324
0022200876,206,2023-02-15,1,0,5.327876168789581
0022200877,198,2023-02-15,1,0,5.288267030694535
0022200878,183,2023-02-15,1,0,5.209486152841421
0022200879,207,2023-02-15,1,1,5.332718793265369
0022200880,214,2023-02-15,1,1,5.365976015021851
0022200881,196,2023-02-15,1,1,5.278114659230517
0022200882,205,2023-02-15,1,0,5.3230099791384085
0022200883,191,2023-02-16,1,1,5.25227342804663
0022200884,207,2023-02-16,1,0,5.332718793265369
0022200885,199,2023-02-16,1,0,5.293304824724492
0022200886,187,2023-02-23,1,1,5.231108616854587
0022200887,213,2023-02-23,1,0,5.3612921657094255
0022200888,204,2023-02-23,1,0,5.318119993844216
0022200889,201,2023-02-23,1,1,5.303304908059076
0022200890,207,2023-02-23,1,0,5.332718793265369
0022200891,205,2023-02-23,1,0,5.3230099791384085
0022200892,226,2023-02-23,1,0,5.420534999272286
0022200893,212,2023-02-23,1,0,5.356586274672012
0022200894,207,2023-02-23,1,0,5.332718793265369
0022200895,195,2023-02-24,1,0,5.272999558563747
0022200896,209,2023-02-24,1,1,5.342334251964811
0022200897,213,2023-02-24,1,0,5.3612921657094255
0022200898,213,2023-02-24,1,0,5.3612921657094255
0022200899,202,2023-02-24,1,0,5.308267697401205
0022200900,200,2023-02-24,1,1,5.298317366548036
0022200901,193,2023-02-24,1,0,5.262690188904886
0022200902,262,2023-02-24,1,0,5.568344503761097
0022200903,197,2023-02-25,1,0,5.2832037287379885
0022200904,209,2023-02-25,1,0,5.342334251964811
0022200905,205,2023-02-25,1,0,5.3230099791384085
0022200906,211,2023-02-25,1,1,5.351858133476067
0022200907,200,2023-02-25,1,2,5.298317366548036
0022200908,193,2023-02-25,1,0,5.262690188904886
0022200909,207,2023-02-25,1,0,5.332718793265369
0022200910,190,2023-02-26,1,0,5.247024072160486
0022200911,210,2023-02-26,1,0,5.3471075307174685
0022200912,178,2023-02-26,1,1,5.181783550292085
0022200913,203,2023-02-26,1,0,5.313205979041787
0022200914,195,2023-02-26,1,0,5.272999558563747
0022200915,204,2023-02-26,1,1,5.318119993844216
0022200916,205,2023-02-26,1,0,5.3230099791384085
0022200917,203,2023-02-26,1,0,5.313205979041787
0022200918,219,2023-02-26,1,0,5.389071729816501
0022200919,202,2023-02-27,1,1,5.308267697401205
0022200920,184,2023-02-27,1,0,5.214935757608986
0022200921,190,2023-02-27,1,0,5.247024072160486
0022200922,190,2023-02-27,1,0,5.247024072160486
0022200923,194,2023-02-28,1,0,5.267858159063328
0022200924,215,2023-02-28,1,1,5.3706380281276624
0022200925,189,2023-02-28,1,0,5.241747015059643
0022200926,201,2023-02-28,1,0,5.303304908059076
0022200927,221,2023-02-28,1,0,5.3981627015177525
0022200928,213,2023-02-28,1,0,5.3612921657094255
0022200929,200,2023-02-28,1,0,5.298317366548036
0022200930,205,2023-02-28,1,1,5.3230099791384085
0022200931,198,2023-02-28,1,1,5.288267030694535
0022200932,213,2023-02-28,1,0,5.3612921657094255
0022200933,204,2023-03-01,1,0,5.318119993844216
0022200934,205,2023-03-01,1,1,5.3230099791384085
0022200935,188,2023-03-01,1,0,5.236441962829949
0022200936,188,2023-03-01,1,0,5.236441962829949
0022200937,211,2023-03-01,1,2,5.351858133476067
0022200938,188,2023-03-01,1,0,5.236441962829949
0022200939,212,2023-03-01,1,1,5.356586274672012
0022200940,198,2023-03-01,1,1,5.288267030694535
0022200941,189,2023-03-01,1,0,5.241747015059643
0022200942,204,2023-03-02,1,0,5.318119993844216
0022200943,202,2023-03-02,1,1,5.308267697401205
0022200944,205,2023-03-02,1,1,5.3230099791384085
0022200945,208,2023-03-02,1,0,5.337538079701318
0022200946,200,2023-03-03,1,0,5.298317366548036
0022200947,209,2023-03-03,1,0,5.342334251964811
0022200948,209,2023-03-03,1,0,5.342334251964811
0022200949,190,2023-03-03,1,0,5.247024072160486
0022200950,183,2023-03-03,1,0,5.209486152841421
0022200951,208,2023-03-03,1,0,5.337538079701318
0022200952,195,2023-03-03,1,0,5.272999558563747
0022200953,193,2023-03-03,1,0,5.262690188904886
0022200954,200,2023-03-03,1,0,5.298317366548036
0022200955,200,2023-03-03,1,2,5.298317366548036
0022200956,200,2023-03-04,1,0,5.298317366548036
0022200957,207,2023-03-04,1,1,5.332718793265369
0022200958,203,2023-03-04,1,0,5.313205979041787
0022200959,198,2023-03-04,1,0,5.288267030694535
0022200960,194,2023-03-04,1,0,5.267858159063328
0022200961,198,2023-03-04,1,0,5.288267030694535
0022200962,195,2023-03-05,1,0,5.272999558563747
0022200963,190,2023-03-05,1,2,5.247024072160486
0022200964,199,2023-03-05,1,0,5.293304824724492
0022200965,205,2023-03-05,1,0,5.3230099791384085
0022200966,206,2023-03-05,1,0,5.327876168789581
0022200967,209,2023-03-05,1,0,5.342334251964811
0022200968,208,2023-03-05,1,0,5.337538079701318
0022200969,234,2023-03-05,1,0,5.455321115357702
0022200970,206,2023-03-05,1,0,5.327876168789581
0022200971,219,2023-03-06,1,0,5.389071729816501
0022200972,212,2023-03-06,1,1,5.356586274672012
0022200973,203,2023-03-05,1,0,5.313205979041787
0022200974,197,2023-03-06,1,0,5.2832037287379885
0022200975,197,2023-03-06,1,0,5.2832037287379885
0022200976,196,2023-03-06,1,0,5.278114659230517
0022200977,195,2023-03-06,1,0,5.272999558563747
0022200978,217,2023-03-07,1,1,5.37989735354046
0022200979,189,2023-03-07,1,0,5.241747015059643
0022200980,195,2023-03-07,1,2,5.272999558563747
0022200981,199,2023-03-07,1,0,5.293304824724492
0022200982,217,2023-03-07,1,1,5.37989735354046
0022200983,222,2023-03-07,1,0,5.402677381872279
0022200984,216,2023-03-07,1,0,5.375278407684165
0022200985,204,2023-03-08,1,0,5.318119993844216
0022200986,207,2023-03-08,1,0,5.332718793265369
0022200987,193,2023-03-08,1,0,5.262690188904886
0022200988,197,2023-03-08,1,0,5.2832037287379885
0022200989,195,2023-03-08,1,0,5.272999558563747
0022200990,203,2023-03-08,1,0,5.313205979041787
0022200991,191,2023-03-08,1,0,5.25227342804663
0022200992,202,2023-03-09,1,1,5.308267697401205
0022200993,225,2023-03-09,1,0,5.41610040220442
0022200994,205,2023-03-09,1,1,5.3230099791384085
0022200995,214,2023-03-09,1,0,5.365976015021851
0022200996,205,2023-03-09,1,0,5.3230099791384085
0022200997,210,2023-03-09,1,0,5.3471075307174685
0022200998,192,2023-03-10,1,0,5.2574953720277815
0022200999,208,2023-03-10,1,0,5.337538079701318
0022201000,195,2023-03-10,1,0,5.272999558563747
0022201001,221,2023-03-10,1,0,5.3981627015177525
0022201002,214,2023-03-10,1,0,5.365976015021851
0022201003,204,2023-03-10,1,0,5.318119993844216
0022201004,187,2023-03-11,1,0,5.231108616854587
0022201005,198,2023-03-11,1,0,5.288267030694535
0022201006,214,2023-03-11,1,0,5.365976015021851
0022201007,221,2023-03-11,1,1,5.3981627015177525
0022201008,207,2023-03-11,1,0,5.332718793265369
0022201009,196,2023-03-11,1,1,5.278114659230517
0022201010,194,2023-03-11,1,0,5.267858159063328
0022201011,202,2023-03-11,1,0,5.308267697401205
0022201012,232,2023-03-11,1,0,5.44673737166631
0022201013,212,2023-03-11,1,0,5.356586274672012
0022201014,191,2023-03-12,1,0,5.25227342804663
0022201015,201,2023-03-12,1,0,5.303304908059076
0022201016,183,2023-03-12,1,1,5.209486152841421
0022201017,214,2023-03-12,1,0,5.365976015021851
0022201018,203,2023-03-12,1,0,5.313205979041787
0022201019,191,2023-03-12,1,0,5.25227342804663
0022201020,198,2023-03-13,1,1,5.288267030694535
0022201021,217,2023-03-13,1,0,5.37989735354046
0022201022,203,2023-03-13,1,0,5.313205979041787
0022201023,197,2023-03-13,1,1,5.2832037287379885
0022201024,195,2023-03-13,1,0,5.272999558563747
0022201025,200,2023-03-13,1,0,5.298317366548036
0022201026,207,2023-03-13,1,0,5.332718793265369
0022201027,195,2023-03-14,1,0,5.272999558563747
0022201028,193,2023-03-14,1,1,5.262690188904886
0022201029,192,2023-03-14,1,0,5.2574953720277815
0022201030,199,2023-03-14,1,0,5.293304824724492
0022201031,207,2023-03-14,1,2,5.332718793265369
0022201032,202,2023-03-14,1,0,5.308267697401205
0022201033,206,2023-03-14,1,0,5.327876168789581
0022201034,203,2023-03-14,1,0,5.313205979041787
0022201035,189,2023-03-15,1,0,5.241747015059643
0022201036,205,2023-03-15,1,1,5.3230099791384085
0022201037,208,2023-03-15,1,0,5.337538079701318
0022201038,202,2023-03-15,1,0,5.308267697401205
0022201039,191,2023-03-15,1,0,5.25227342804663
0022201040,224,2023-03-15,1,0,5.4116460518550396
0022201041,208,2023-03-15,1,0,5.337538079701318
0022201042,191,2023-03-16,1,0,5.25227342804663
0022201043,187,2023-03-16,1,0,5.231108616854587
0022201044,204,2023-03-16,1,0,5.318119993844216
0022201045,215,2023-03-16,1,1,5.3706380281276624
0022201046,209,2023-03-16,1,0,5.342334251964811
0022201047,201,2023-03-17,1,0,5.303304908059076
0022201048,216,2023-03-17,1,2,5.375278407684165
0022201049,194,2023-03-17,1,1,5.267858159063328
0022201050,230,2023-03-17,1,1,5.438079308923196
0022201051,190,2023-03-17,1,0,5.247024072160486
0022201052,227,2023-03-17,1,0,5.424950017481403
0022201053,204,2023-03-17,1,0,5.318119993844216
0022201054,188,2023-03-17,1,1,5.236441962829949
0022201055,189,2023-03-18,1,0,5.241747015059643
0022201056,204,2023-03-18,1,0,5.318119993844216
0022201057,198,2023-03-18,1,0,5.288267030694535
0022201058,208,2023-03-18,1,0,5.337538079701318
0022201059,202,2023-03-18,1,0,5.308267697401205
0022201060,182,2023-03-18,1,0,5.204006687076795
0022201061,196,2023-03-18,1,0,5.278114659230517
0022201062,192,2023-03-18,1,0,5.2574953720277815
0022201063,186,2023-03-19,1,0,5.225746673713202
0022201064,213,2023-03-19,1,0,5.3612921657094255
0022201065,203,2023-03-19,1,0,5.313205979041787
0022201066,185,2023-03-19,1,0,5.220355825078324
0022201067,186,2023-03-19,1,0,5.225746673713202
0022201068,196,2023-03-19,1,1,5.278114659230517
0022201069,195,2023-03-19,1,1,5.272999558563747
0022201070,198,2023-03-19,1,0,5.288267030694535
0022201071,206,2023-03-20,1,0,5.327876168789581
0022201072,221,2023-03-20,1,0,5.3981627015177525
0022201073,209,2023-03-20,1,1,5.342334251964811
0022201074,205,2023-03-20,1,0,5.3230099791384085
0022201075,188,2023-03-20,1,0,5.236441962829949
0022201076,209,2023-03-20,1,1,5.342334251964811
0022201077,206,2023-03-21,1,0,5.327876168789581
0022201078,201,2023-03-21,1,1,5.303304908059076
0022201079,192,2023-03-21,1,0,5.2574953720277815
0022201080,201,2023-03-21,1,0,5.303304908059076
0022201081,189,2023-03-21,1,0,5.241747015059643
0022201082,189,2023-03-21,1,0,5.241747015059643
0022201083,186,2023-03-22,1,1,5.225746673713202
0022201084,201,2023-03-22,1,0,5.303304908059076
0022201085,199,2023-03-22,1,0,5.293304824724492
0022201086,200,2023-03-22,1,0,5.298317366548036
0022201087,191,2023-03-22,1,1,5.25227342804663
0022201088,199,2023-03-22,1,0,5.293304824724492
0022201089,222,2023-03-22,1,0,5.402677381872279
0022201090,207,2023-03-22,1,0,5.332718793265369
0022201091,213,2023-03-22,1,1,5.3612921657094255
0022201092,205,2023-03-22,1,0,5.3230099791384085
0022201093,201,2023-03-23,1,0,5.303304908059076
0022201094,196,2023-03-23,1,0,5.278114659230517
0022201095,206,2023-03-23,1,0,5.327876168789581
0022201096,196,2023-03-23,1,0,5.278114659230517
0022201097,209,2023-03-24,1,2,5.342334251964811
0022201098,199,2023-03-24,1,0,5.293304824724492
0022201099,194,2023-03-24,1,0,5.267858159063328
0022201100,209,2023-03-24,1,0,5.342334251964811
0022201101,201,2023-03-24,1,0,5.303304908059076
0022201102,219,2023-03-24,1,0,5.389071729816501
0022201103,202,2023-03-24,1,0,5.308267697401205
0022201104,197,2023-03-24,1,0,5.2832037287379885
0022201105,198,2023-03-24,1,2,5.288267030694535
0022201106,196,2023-03-24,1,0,5.278114659230517
0022201107,205,2023-03-25,1,1,5.3230099791384085
0022201108,179,2023-03-25,1,0,5.187385805840755
0022201109,209,2023-03-25,1,1,5.342334251964811
0022201110,187,2023-03-25,1,0,5.231108616854587
0022201111,201,2023-03-25,1,0,5.303304908059076
0022201112,205,2023-03-25,1,0,5.3230099791384085
0022201113,198,2023-03-26,1,0,5.288267030694535
0022201114,191,2023-03-26,1,1,5.25227342804663
0022201115,204,2023-03-26,1,0,5.318119993844216
0022201116,218,2023-03-26,1,1,5.384495062789089
0022201117,185,2023-03-26,1,0,5.220355825078324
0022201118,200,2023-03-26,1,1,5.298317366548036
0022201119,201,2023-03-26,1,0,5.303304908059076
0022201120,205,2023-03-26,1,0,5.3230099791384085
0022201121,200,2023-03-26,1,0,5.298317366548036
0022201122,202,2023-03-27,1,0,5.308267697401205
0022201123,198,2023-03-27,1,0,5.288267030694535
0022201124,206,2023-03-27,1,1,5.327876168789581
0022201125,196,2023-03-27,1,0,5.278114659230517
0022201126,196,2023-03-27,1,0,5.278114659230517
0022201127,198,2023-03-27,1,0,5.288267030694535
0022201128,193,2023-03-27,1,0,5.262690188904886
0022201129,196,2023-03-27,1,0,5.278114659230517
0022201130,203,2023-03-28,1,0,5.313205979041787
0022201131,200,2023-03-28,1,0,5.298317366548036
0022201132,186,2023-03-28,1,0,5.225746673713202
0022201133,215,2023-03-28,1,0,5.3706380281276624
0022201134,223,2023-03-28,1,0,5.407171771460119
0022201135,203,2023-03-28,1,0,5.313205979041787
0022201136,222,2023-03-29,1,0,5.402677381872279
0022201137,195,2023-03-29,1,0,5.272999558563747
0022201138,186,2023-03-29,1,1,5.225746673713202
0022201139,189,2023-03-29,1,0,5.241747015059643
0022201140,199,2023-03-29,1,0,5.293304824724492
0022201141,213,2023-03-29,1,0,5.3612921657094255
0022201142,190,2023-03-29,1,1,5.247024072160486
0022201143,217,2023-03-29,1,0,5.37989735354046
0022201144,200,2023-03-29,1,0,5.298317366548036
0022201145,206,2023-03-29,1,0,5.327876168789581
0022201146,202,2023-03-30,1,1,5.308267697401205
0022201147,186,2023-03-30,1,0,5.225746673713202
0022201148,192,2023-03-31,1,0,5.2574953720277815
0022201149,211,2023-03-31,1,1,5.351858133476067
0022201150,180,2023-03-31,1,2,5.19295685089021
0022201151,206,2023-03-31,1,0,5.327876168789581
0022201152,211,2023-03-31,1,0,5.351858133476067
0022201153,193,2023-03-31,1,1,5.262690188904886
0022201154,191,2023-03-31,1,0,5.25227342804663
0022201155,199,2023-03-31,1,0,5.293304824724492
0022201156,210,2023-03-31,1,0,5.3471075307174685
0022201157,210,2023-03-31,1,0,5.3471075307174685
0022201158,201,2023-03-31,1,0,5.303304908059076
0022201159,203,2023-03-31,1,0,5.313205979041787
0022201160,198,2023-03-31,1,0,5.288267030694535
0022201161,198,2023-04-01,1,0,5.288267030694535
0022201162,190,2023-04-01,1,0,5.247024072160486
0022201163,197,2023-04-02,1,0,5.2832037287379885
0022201164,205,2023-04-02,1,0,5.3230099791384085
0022201165,200,2023-04-02,1,0,5.298317366548036
0022201166,198,2023-04-02,1,0,5.288267030694535
0022201167,227,2023-04-02,1,0,5.424950017481403
0022201168,201,2023-04-02,1,0,5.303304908059076
0022201169,203,2023-04-02,1,1,5.313205979041787
0022201170,228,2023-04-02,1,0,5.429345628954441
0022201171,200,2023-04-02,1,1,5.298317366548036
0022201172,197,2023-04-02,1,0,5.2832037287379885
0022201173,203,2023-04-02,1,0,5.313205979041787
0022201174,188,2023-04-02,1,0,5.236441962829949
0022201175,203,2023-04-02,1,0,5.313205979041787
0022201176,194,2023-04-04,1,1,5.267858159063328
0022201177,186,2023-04-04,1,1,5.225746673713202
0022201178,193,2023-04-04,1,0,5.262690188904886
0022201179,220,2023-04-04,1,0,5.393627546352362
0022201180,190,2023-04-04,1,0,5.247024072160486
0022201181,178,2023-04-04,1,0,5.181783550292085
0022201182,205,2023-04-04,1,0,5.3230099791384085
0022201183,205,2023-04-04,1,0,5.3230099791384085
0022201184,206,2023-04-04,1,0,5.327876168789581
0022201185,198,2023-04-04,1,0,5.288267030694535
0022201186,225,2023-04-04,1,0,5.41610040220442
0022201187,205,2023-04-04,1,0,5.3230099791384085
0022201188,198,2023-04-04,1,1,5.288267030694535
0022201189,189,2023-04-05,1,1,5.241747015059643
0022201190,214,2023-04-05,1,0,5.365976015021851
0022201191,216,2023-04-05,1,0,5.375278407684165
0022201192,196,2023-04-05,1,0,5.278114659230517
0022201193,194,2023-04-05,1,0,5.267858159063328
0022201194,224,2023-04-05,1,0,5.4116460518550396
0022201195,196,2023-04-05,1,0,5.278114659230517
0022201196,213,2023-04-05,1,0,5.3612921657094255
0022201197,203,2023-04-06,1,0,5.313205979041787
0022201198,193,2023-04-06,1,0,5.262690188904886
0022201199,214,2023-04-06,1,0,5.365976015021851
0022201200,209,2023-04-06,1,0,5.342334251964811
0022201201,189,2023-04-06,1,1,5.241747015059643
0022201202,211,2023-04-07,1,0,5.351858133476067
0022201203,212,2023-04-07,1,0,5.356586274672012
0022201204,211,2023-04-07,1,0,5.351858133476067
0022201205,243,2023-04-07,1,0,5.493061443340548
0022201206,192,2023-04-07,1,0,5.2574953720277815
0022201207,198,2023-04-07,1,0,5.288267030694535
0022201208,207,2023-04-07,1,0,5.332718793265369
0022201209,193,2023-04-07,1,1,5.262690188904886
0022201210,201,2023-04-07,1,1,5.303304908059076
0022201211,202,2023-04-07,1,0,5.308267697401205
0022201212,210,2023-04-07,1,0,5.3471075307174685
0022201213,214,2023-04-08,1,0,5.365976015021851
0022201214,216,2023-04-08,1,0,5.375278407684165
0022201215,208,2023-04-08,1,0,5.337538079701318
0022201216,197,2023-04-09,1,0,5.2832037287379885
0022201217,212,2023-04-09,1,1,5.356586274672012
0022201218,205,2023-04-09,1,0,5.3230099791384085
0022201219,204,2023-04-09,1,0,5.318119993844216
0022201220,225,2023-04-09,1,1,5.41610040220442
0022201221,204,2023-04-09,1,1,5.318119993844216
0022201222,210,2023-04-09,1,0,5.3471075307174685
0022201223,201,2023-04-09,1,1,5.303304908059076
0022201224,228,2023-04-09,1,0,5.429345628954441
0022201225,208,2023-04-09,1,0,5.337538079701318
0022201226,207,2023-04-09,1,0,5.332718793265369
0022201227,194,2023-04-09,1,0,5.267858159063328
0022201228,211,2023-04-09,1,1,5.351858133476067
0022201229,208,2023-04-09,1,1,5.337538079701318
0022201230,225,2023-04-09,1,0,5.41610040220442
