year,crew,games,log_immediate,mean_WMI
2020,Aaron Smith|Andy Nagy|Courtney Kirkland,1,0.4596866622748032,1.7032258064516128
2020,Aaron Smith|Andy Nagy|Ken Mauer,1,-0.10253963931618491,0.854018589393111
2020,Aaron Smith|Andy Nagy|Zach Zarba,1,0.04432462507145736,0.9407894736842105
2020,Aaron Smith|Ashley Moyer-Gleich|Brian Forte,1,-0.21407025510853483,0.9827898550724639
2020,Aaron Smith|Ashley Moyer-Gleich|Sean Corbin,1,-1.0614589874118354,0.34906737723639125
2020,Aaron Smith|Ashley Moyer-Gleich|Tony Brown,1,1.1897396120600265,3.667958656330749
2020,Aaron Smith|Ben Taylor|Matt Myers,1,-0.431088212996062,0.6064814814814814
2020,Aaron Smith|Ben Taylor|Nate Green,1,-0.6820482874918965,0.5004734848484849
2020,Aaron Smith|Brandon Adair|Courtney Kirkland,2,-0.4030202753971196,0.6171508503778509
2020,Aaron Smith|Brandon Adair|Eric Lewis,1,-1.0536517127117755,0.3084319526627219
2020,Aaron Smith|Brandon Adair|Kane Fitzgerald,1,0.09491655649674291,0.9754224270353302
2020,Aaron Smith|Brandon Adair|Ken Mauer,1,-0.626207697884836,0.434375
2020,Aaron Smith|Brandon Adair|Kevin Cutler,1,-0.2037055991573053,0.7324675324675324
2020,Aaron Smith|Brandon Schwab|James Capers,1,0.2744368457017602,0.9259259259259259
2020,Aaron Smith|Brandon Schwab|Kane Fitzgerald,1,-0.11232918497391972,0.9533333333333334
2020,Aaron Smith|Brett Nansel|Kevin Scott,2,-0.11052280955256859,0.8103438258758239
2020,Aaron Smith|CJ Washington|Ken Mauer,1,-0.1999764920326754,0.7443181818181819
2020,Aaron Smith|CJ Washington|Kevin Scott,1,-0.052962452238742394,0.8887005649717514
2020,Aaron Smith|Courtney Kirkland|Danielle Scott,1,0.3677247801253172,1.351943076081007
2020,Aaron Smith|Curtis Blair|Jonathan Sterling,1,-0.46336668990448726,0.725565719788156
2020,Aaron Smith|Dannica Mosher|John Goble,1,0.387003045268429,1.3089430894308944
2020,Aaron Smith|Derek Richardson|Ed Malloy,1,0.1758068757727608,0.9592476489028213
2020,Aaron Smith|Ed Malloy|Matt Boland,1,0.1189325932033698,1.1141833077316947
2020,Aaron Smith|Eric Lewis|Mark Lindsay,1,-0.3727384146056074,0.6818873668188736
2020,Aaron Smith|Eric Lewis|Natalie Sago,1,0.580956760039622,1.505935556811758
2020,Aaron Smith|Evan Scott|Tony Brothers,1,0.13976194237515863,1.3142857142857143
2020,Aaron Smith|Haywoode Workman|Zach Zarba,1,0.01526747213078838,1.0153846153846153
2020,Aaron Smith|James Williams|Simone Jelks,1,-0.632627419017292,0.4494720965309201
2020,Aaron Smith|Jason Goldenberg|Marc Davis,1,0.24740817331384096,1.2166666666666668
2020,Aaron Smith|Jason Goldenberg|Tony Brothers,2,0.12413976229287595,1.1015794378770785
2020,Aaron Smith|John Butler|John Goble,1,-0.09515763613840482,0.9013914095583787
2020,Aaron Smith|John Butler|Josh Tiven,1,0.07877394032211212,1.0509533201840895
2020,Aaron Smith|Jonathan Sterling|Pat Fraher,1,-0.35385565816945064,0.7973063973063973
2020,Aaron Smith|Josh Tiven|Ray Acosta,1,0.2953398425186988,1.2316176470588236
2020,Aaron Smith|Kevin Scott|Nate Green,1,-0.5726878695027755,0.6204081632653061
2020,Aaron Smith|Lauren Holtkamp|Tony Brown,1,0.16377127781424086,0.9070175438596491
2020,Aaron Smith|Leon Wood|Scott Foster,1,-0.07361181734324596,1.1182795698924732
2020,Aaron Smith|Leroy Richardson|Tony Brothers,1,0.20161721706618213,1.2309782608695652
2020,Aaron Smith|Marc Davis|Mark Lindsay,1,-0.19497267434751359,0.7753846153846154
2020,Aaron Smith|Mark Ayotte|Simone Jelks,1,0.0672272110614995,1.139423076923077
2020,Aaron Smith|Mark Lindsay|Sean Wright,1,-0.38299225225610584,0.5793226381461676
2020,Aaron Smith|Matt Boland|Zach Zarba,1,0.008784829555732811,1.0376470588235296
2020,Aaron Smith|Mousa Dagher|Tre Maddox,1,-0.2679522901844568,0.9370567375886524
2020,Aaron Smith|Natalie Sago|Tyler Ford,1,0.03516391245766697,1.094814241486068
2020,Aaron Smith|Natalie Sago|Zach Zarba,1,0.17938469712064475,0.8641251221896383
2020,Aaron Smith|Pat Fraher|Ray Acosta,1,-0.24220274792965035,0.7114337568058076
2020,Aaron Smith|Phenizee Ransom|Rodney Mott,1,-0.2006706954621511,0.9090909090909091
2020,Aaron Smith|Scott Wall|Tom Washington,1,0.13593235416206073,1.496923076923077
2020,Aaron Smith|Sean Wright|Suyash Mehta,1,-0.5210411245504427,0.6219918548685672
2020,Aaron Smith|Suyash Mehta|Tony Brothers,1,-0.18148608500220498,0.724758560140474
2020,Andy Nagy|Ashley Moyer-Gleich|Tony Brown,1,-0.09366447589463496,0.8369377162629756
2020,Andy Nagy|Ben Taylor|Brent Barnaky,1,-0.7221347174331977,0.425
2020,Andy Nagy|Ben Taylor|Kevin Cutler,1,0.007547205635382904,0.9159779614325069
2020,Andy Nagy|Ben Taylor|Tre Maddox,1,-0.011331566009549859,0.869215291750503
2020,Andy Nagy|Bill Kennedy|Lauren Holtkamp,1,0.15337398075908595,1.0
2020,Andy Nagy|Brent Barnaky|Kevin Scott,1,-0.05988270960137713,1.00341796875
2020,Andy Nagy|Brian Forte|Mark Ayotte,1,-0.33355252651787826,0.6549707602339181
2020,Andy Nagy|Courtney Kirkland|Lauren Holtkamp,1,-0.4753057965174554,0.4856991525423729
2020,Andy Nagy|Courtney Kirkland|Michael Smith,1,-0.17556477433107484,0.6101694915254238
2020,Andy Nagy|Courtney Kirkland|Mitchell Ervin,1,-0.5136786927483972,0.47138047138047134
2020,Andy Nagy|Courtney Kirkland|Scott Wall,1,0.3427183531181658,1.4230019493177388
2020,Andy Nagy|Curtis Blair|Eric Lewis,1,0.16705408466316624,1.04
2020,Andy Nagy|Curtis Blair|Jonathan Sterling,1,-0.2876820724517809,0.6532258064516129
2020,Andy Nagy|Curtis Blair|Scott Wall,1,-0.012170535620255179,1.1064516129032258
2020,Andy Nagy|David Guthrie|JB DeRosa,1,-0.16968048144538533,0.9074563722897938
2020,Andy Nagy|Dedric Taylor|Tony Brothers,1,-0.2732933349996813,0.6333725029377203
2020,Andy Nagy|Dedric Taylor|Tony Brown,1,0.3768463028025117,1.4252873563218391
2020,Andy Nagy|Derek Richardson|Ed Malloy,1,0.2397536058798301,1.4827586206896552
2020,Andy Nagy|Ed Malloy|Lauren Holtkamp,1,0.19860244239809216,1.2038567493112948
2020,Andy Nagy|Gediminas Petraitis|Sean Wright,1,0.3007541540191337,1.381578947368421
2020,Andy Nagy|JB DeRosa|Rodney Mott,1,0.22694583726394832,1.1640816326530612
2020,Andy Nagy|JB DeRosa|Tony Brown,1,0.2852159799565874,1.5517241379310345
2020,Andy Nagy|James Capers|Karl Lane,2,0.19851958389704624,1.2458730527784236
2020,Andy Nagy|James Capers|Scott Wall,1,-0.052433155447933165,0.8006493506493506
2020,Andy Nagy|James Capers|Sean Corbin,1,-0.10478892375886871,0.6831489915419648
2020,Andy Nagy|James Capers|Tyler Ford,1,0.3032465889928924,1.8088888888888888
2020,Andy Nagy|James Williams|Nick Buchert,1,-0.34974450903784327,0.8176470588235294
2020,Andy Nagy|John Goble|Kevin Cutler,1,-0.2652891727649733,0.6741071428571428
2020,Andy Nagy|Jonathan Sterling|Marc Davis,1,0.32676342249425216,1.8674948240165632
2020,Andy Nagy|Jonathan Sterling|Tony Brown,1,-0.4274440148269396,0.6666666666666666
2020,Andy Nagy|Kevin Cutler|Mark Ayotte,1,0.40855630067783744,1.7205882352941175
2020,Andy Nagy|Kevin Cutler|Sean Corbin,1,-0.3152783047527747,0.6199095022624435
2020,Andy Nagy|Marc Davis|Mark Ayotte,1,0.09356877753578895,1.0181488203266786
2020,Andy Nagy|Marc Davis|Scott Wall,1,-0.4088606971093027,0.612356478950246
2020,Andy Nagy|Pat Fraher|Tom Washington,1,0.07916819952860399,0.8681640625
2020,Andy Nagy|Scott Wall|Sean Corbin,1,-0.38970019937022693,0.8292978208232445
2020,Ashley Moyer-Gleich|Ben Taylor|Jacyn Goble,1,-0.07130902770478192,0.8588193456614511
2020,Ashley Moyer-Gleich|Bill Kennedy|CJ Washington,1,0.20308907632643272,1.1291642314436003
2020,Ashley Moyer-Gleich|Bill Kennedy|Tom Washington,1,0.4676084185197805,1.6524475524475524
2020,Ashley Moyer-Gleich|Brandon Adair|Kevin Scott,1,0.12323264042394826,1.170152628603731
2020,Ashley Moyer-Gleich|Brian Forte|Courtney Kirkland,1,0.2371297932889497,1.2313883299798791
2020,Ashley Moyer-Gleich|Brian Forte|Ed Malloy,1,0.24659521234925968,1.0732640787315473
2020,Ashley Moyer-Gleich|Brian Forte|Eric Lewis,1,-0.03846628082779617,0.8553459119496855
2020,Ashley Moyer-Gleich|Brian Forte|Lauren Holtkamp,1,-0.0977977432761265,0.8990147783251232
2020,Ashley Moyer-Gleich|Courtney Kirkland|Matt Boland,1,0.07611033925581565,1.41
2020,Ashley Moyer-Gleich|Courtney Kirkland|Simone Jelks,1,-0.37532937951053663,0.5398351648351649
2020,Ashley Moyer-Gleich|Curtis Blair|Gediminas Petraitis,1,-0.2927785523582652,0.6156045751633987
2020,Ashley Moyer-Gleich|Curtis Blair|Rodney Mott,1,-0.17095779814363954,0.6807692307692308
2020,Ashley Moyer-Gleich|David Guthrie|Mitchell Ervin,1,0.9574286847903071,2.8457869634340227
2020,Ashley Moyer-Gleich|Dedric Taylor|Tony Brown,1,0.29821957775456676,1.1301257517769272
2020,Ashley Moyer-Gleich|Dedric Taylor|Tre Maddox,1,0.45419429852677723,1.624119718309859
2020,Ashley Moyer-Gleich|Derrick Collins|Eric Dalen,1,-0.23913697628994715,0.6185983827493262
2020,Ashley Moyer-Gleich|Ed Malloy|Scott Twardoski,1,0.17785601769597986,1.3008447043534763
2020,Ashley Moyer-Gleich|Eric Lewis|Matt Boland,1,0.16290347093685306,1.290818858560794
2020,Ashley Moyer-Gleich|JB DeRosa|James Williams,1,0.24104476164345007,1.2471264367816093
2020,Ashley Moyer-Gleich|JB DeRosa|Zach Zarba,1,-0.15975527854581048,0.7655222790357925
2020,Ashley Moyer-Gleich|James Capers|Kevin Cutler,1,0.20544397421480887,1.1461988304093567
2020,Ashley Moyer-Gleich|John Conley|John Goble,1,0.2279900874567394,1.5717703349282297
2020,Ashley Moyer-Gleich|John Goble|Scott Twardoski,1,-0.8589711446919283,0.5177304964539007
2020,Ashley Moyer-Gleich|John Goble|Tre Maddox,1,-0.31659054856679936,0.7384375
2020,Ashley Moyer-Gleich|Josh Tiven|Michael Smith,2,-0.043879480363561346,0.8970864661654137
2020,Ashley Moyer-Gleich|Justin Van Duyne|Rodney Mott,1,0.16705408466316624,1.1107954545454546
2020,Ashley Moyer-Gleich|Justin Van Duyne|Tom Washington,1,-0.1924739282579726,0.6805555555555556
2020,Ashley Moyer-Gleich|Kane Fitzgerald|Karl Lane,1,0.19002130609525764,1.11055900621118
2020,Ashley Moyer-Gleich|Kane Fitzgerald|Marat Kogut,1,-0.382427440041147,0.7796610169491526
2020,Ashley Moyer-Gleich|Kane Fitzgerald|Mark Ayotte,1,-0.42292432947993297,0.6083333333333334
2020,Ashley Moyer-Gleich|Karl Lane|Marc Davis,1,0.2837681731306446,1.10400390625
2020,Ashley Moyer-Gleich|Karl Lane|Rodney Mott,1,-0.07170701061618374,0.9144736842105262
2020,Ashley Moyer-Gleich|Ken Mauer|Lauren Holtkamp,1,0.3917259322248603,1.3251028806584362
2020,Ashley Moyer-Gleich|Marc Davis|Mark Ayotte,1,-0.22008878131925266,0.9053254437869822
2020,Ashley Moyer-Gleich|Mark Lindsay|Tony Brown,1,0.4912810276930205,1.6446236559139786
2020,Ashley Moyer-Gleich|Michael Smith|Tony Brothers,1,0.5262190008387143,1.6491228070175439
2020,Ashley Moyer-Gleich|Ray Acosta|Tony Brown,1,0.27619392182865193,1.3314176245210727
2020,Ashley Moyer-Gleich|Scott Foster|Sean Corbin,1,0.09398655287381652,1.1597542242703534
2020,Ashley Moyer-Gleich|Scott Wall|Zach Zarba,1,0.11823277706265983,0.9252958579881656
2020,Ben Taylor|Bennie Adams|Eric Lewis,1,-0.8040097733717552,0.37760416666666663
2020,Ben Taylor|Brandon Adair|Mark Lindsay,1,0.46262352194811307,1.5540796963946868
2020,Ben Taylor|Brandon Adair|Matt Boland,1,0.41853718967551706,1.21875
2020,Ben Taylor|Brandon Adair|Phenizee Ransom,1,-0.39235269501566955,0.7416879795396419
2020,Ben Taylor|Brent Barnaky|Scott Foster,1,-0.15123096972392353,0.7416897506925209
2020,Ben Taylor|Brett Nansel|JB DeRosa,1,-0.16525364828180666,1.0670081092616304
2020,Ben Taylor|Brett Nansel|Mitchell Ervin,1,0.2008377937999115,1.061764705882353
2020,Ben Taylor|Brett Nansel|Ray Acosta,1,0.49740260343384995,1.7266666666666668
2020,Ben Taylor|CJ Washington|Mitchell Ervin,1,-0.4377259703263859,0.6663865546218488
2020,Ben Taylor|CJ Washington|Tony Brothers,1,0.3739605802257581,1.4625641025641025
2020,Ben Taylor|Danielle Scott|Rodney Mott,1,-0.1684324446332874,0.7754010695187166
2020,Ben Taylor|Dedric Taylor|John Butler,1,-0.12644109839949805,0.8812260536398467
2020,Ben Taylor|Dedric Taylor|Mitchell Ervin,1,0.08025171593012331,1.0231854838709677
2020,Ben Taylor|Ed Malloy|Justin Van Duyne,1,-0.49110870708226584,0.676056338028169
2020,Ben Taylor|Eric Lewis|Matt Kallio,1,-0.1715106406897389,0.7635467980295566
2020,Ben Taylor|Evan Scott|Rodney Mott,2,-0.0004292463923863399,1.263127992318401
2020,Ben Taylor|Haywoode Workman|Rodney Mott,1,-0.18058393689541374,0.9428571428571427
2020,Ben Taylor|Haywoode Workman|Zach Zarba,1,-0.6004771905461638,0.4456967213114754
2020,Ben Taylor|JB DeRosa|John Goble,1,-0.7396671961948381,0.5965909090909092
2020,Ben Taylor|JB DeRosa|Scott Foster,1,-0.5730358551439706,0.5724852071005918
2020,Ben Taylor|Jacyn Goble|Leon Wood,1,0.4094098863991806,1.5038197097020627
2020,Ben Taylor|James Capers|John Conley,1,0.023953241022492796,1.1695075757575757
2020,Ben Taylor|James Capers|Matt Kallio,1,0.13421646492644113,0.8357371794871795
2020,Ben Taylor|John Butler|Rodney Mott,1,-0.023802061280290353,0.9732240437158469
2020,Ben Taylor|John Goble|Jonathan Sterling,1,0.5796441881233392,1.9477124183006538
2020,Ben Taylor|John Goble|Justin Van Duyne,1,0.6220875871750555,2.004857316332726
2020,Ben Taylor|John Goble|Natalie Sago,1,0.8649974374866045,2.3333333333333335
2020,Ben Taylor|Justin Van Duyne|Natalie Sago,1,0.6025643712027182,1.7199999999999998
2020,Ben Taylor|Justin Van Duyne|Suyash Mehta,1,0.14595391262307986,1.1020408163265305
2020,Ben Taylor|Ken Mauer|Simone Jelks,1,0.2429461786103894,1.4625
2020,Ben Taylor|Lauren Holtkamp|Rodney Mott,1,0.21762025377592434,1.2371669915529564
2020,Ben Taylor|Leon Wood|Natalie Sago,1,-0.2812922743530098,0.7666015625
2020,Ben Taylor|Leon Wood|Phenizee Ransom,1,-0.22880470674894796,0.6695992179863147
2020,Ben Taylor|Mark Lindsay|Phenizee Ransom,1,0.008185584586439502,1.0656728444802577
2020,Ben Taylor|Matt Boland|Natalie Sago,1,-0.0953101798043249,0.8925619834710743
2020,Ben Taylor|Matt Boland|Nate Green,2,0.16864950285712865,1.1573422472437251
2020,Ben Taylor|Mitchell Ervin|Phenizee Ransom,1,-0.10969891725642439,0.8801020408163265
2020,Ben Taylor|Ray Acosta|Zach Zarba,1,-0.13485094416853133,1.0923076923076924
2020,Bennie Adams|Bill Kennedy|Dedric Taylor,1,-0.06713930283762869,0.9183673469387755
2020,Bennie Adams|Courtney Kirkland|Nick Buchert,1,-0.6040831172525734,0.4794520547945205
2020,Bennie Adams|Curtis Blair|Nick Buchert,1,-0.5111634045494758,0.6560283687943262
2020,Bennie Adams|David Guthrie|Lauren Holtkamp,1,0.6865897800137862,1.6557734204793029
2020,Bennie Adams|David Guthrie|Marat Kogut,1,-0.05406722127027582,0.75
2020,Bennie Adams|David Guthrie|Michael Smith,1,-0.6094005795684546,0.5319846910880263
2020,Bennie Adams|Dedric Taylor|Josh Tiven,1,-0.6190392084062235,0.5
2020,Bennie Adams|Dedric Taylor|Pat Fraher,1,-0.22146146513122505,0.8395061728395061
2020,Bennie Adams|Derrick Collins|Eric Dalen,1,0.7572260372444677,2.0076923076923077
2020,Bennie Adams|Derrick Collins|Eric Lewis,1,0.3760030753778482,1.618279569892473
2020,Bennie Adams|Eric Lewis|Marat Kogut,1,0.012243581105711408,0.9559139784946237
2020,Bennie Adams|James Capers|Leon Wood,1,0.2972515234679317,1.0048076923076923
2020,Bennie Adams|James Williams|Michael Smith,1,-0.38519011424675365,0.7102255174544331
2020,Bennie Adams|James Williams|Scott Wall,1,0.3278481141771156,1.2088841882601797
2020,Bennie Adams|Josh Tiven|Mark Ayotte,1,-0.7474168104940029,0.4661885245901639
2020,Bennie Adams|Kevin Cutler|Pat Fraher,1,0.08369901887664684,0.9966931216931216
2020,Bennie Adams|Kevin Cutler|Tony Brothers,1,-0.5399282067536872,0.6734463276836159
2020,Bennie Adams|Kevin Scott|Tom Washington,1,-0.24021553521285732,0.7864583333333333
2020,Bennie Adams|Leon Wood|Scott Foster,1,-0.2744368457017603,0.8172043010752689
2020,Bennie Adams|Leon Wood|Zach Zarba,1,-0.4380086558406358,0.6757936507936508
2020,Bennie Adams|Michael Smith|Tony Brothers,1,0.6231704531732302,1.717198581560284
2020,Bennie Adams|Scott Twardoski|Tony Brown,1,0.030149202057131026,0.9606741573033709
2020,Bill Kennedy|Brandon Adair|Jacyn Goble,2,-0.663879396089227,0.7037037037037037
2020,Bill Kennedy|Brandon Adair|Mark Ayotte,1,0.16170226959121883,1.2100840336134453
2020,Bill Kennedy|Brandon Adair|Scott Wall,1,0.10899028370840508,1.0841750841750841
2020,Bill Kennedy|Brandon Schwab|Marat Kogut,2,0.45615134534809976,1.7197173525163556
2020,Bill Kennedy|Brent Barnaky|Jenna Schroeder,1,0.7055697005585024,1.62
2020,Bill Kennedy|Brent Barnaky|Robert Hussey,1,0.08670009294042372,1.211161387631976
2020,Bill Kennedy|Brian Forte|Jonathan Sterling,1,0.36455520536403807,1.371308016877637
2020,Bill Kennedy|Brian Forte|Nate Green,1,0.5717005271504946,1.7176015473887811
2020,Bill Kennedy|CJ Washington|Scott Wall,1,-0.4654940387397604,0.48605795516675776
2020,Bill Kennedy|Curtis Blair|JB DeRosa,1,-0.019544596072970283,0.8914956011730205
2020,Bill Kennedy|Danielle Scott|Kevin Cutler,1,-0.4814178305301757,0.666314119513485
2020,Bill Kennedy|Dedric Taylor|Derek Richardson,2,0.47597121341939747,1.5766181080582702
2020,Bill Kennedy|Derek Richardson|Leon Wood,1,0.12314497879776888,1.0796370967741935
2020,Bill Kennedy|Derek Richardson|Nick Buchert,1,-0.07723134793599004,0.980127186009539
2020,Bill Kennedy|Derek Richardson|Phenizee Ransom,1,0.13798574297390281,1.1904761904761905
2020,Bill Kennedy|Derek Richardson|Scott Twardoski,1,-0.6499572478095337,0.6032786885245902
2020,Bill Kennedy|Derek Richardson|Tyler Ford,1,0.1707103958662767,1.3979591836734693
2020,Bill Kennedy|Eric Dalen|John Conley,1,0.2336148511815051,1.375
2020,Bill Kennedy|Evan Scott|Ray Acosta,1,-0.26282203513238594,0.868421052631579
2020,Bill Kennedy|JB DeRosa|Tom Washington,1,-0.12606309801699686,0.7603448275862069
2020,Bill Kennedy|James Williams|Jenna Schroeder,1,-0.4785647615477691,0.5711263881544156
2020,Bill Kennedy|Jenna Schroeder|Mitchell Ervin,1,0.08936017431138511,1.0631001371742113
2020,Bill Kennedy|Jonathan Sterling|Michael Smith,2,-0.31346475215399183,0.7604267346619679
2020,Bill Kennedy|Justin Van Duyne|Mark Lindsay,1,0.1823215567939548,1.6494545454545455
2020,Bill Kennedy|Karl Lane|Mousa Dagher,1,-0.10058723690516869,0.838475499092559
2020,Bill Kennedy|Karl Lane|Nate Green,1,-0.15718558352241238,0.6409090909090908
2020,Bill Kennedy|Lauren Holtkamp|Tom Washington,1,0.09393181983420347,1.3425925925925926
2020,Bill Kennedy|Leon Wood|Mousa Dagher,1,-0.11378645597189803,1.0790513833992095
2020,Bill Kennedy|Leon Wood|Phenizee Ransom,1,-0.016529301951210582,0.9899524061343203
2020,Bill Kennedy|Mark Ayotte|Mousa Dagher,1,-0.1558549836057913,1.1343915343915345
2020,Bill Kennedy|Mark Lindsay|Matt Kallio,1,0.28051358297316836,1.3538961038961037
2020,Bill Kennedy|Natalie Sago|Nate Green,2,0.1309920580434327,1.2507824300453136
2020,Bill Kennedy|Nate Green|Nick Buchert,1,0.30025657968370323,1.3414376321353065
2020,Bill Kennedy|Nate Green|Tony Brothers,1,0.35922922374382915,1.3232514177693762
2020,Bill Spooner|Derek Richardson|Ken Mauer,1,0.08726295564702356,1.3429951690821258
2020,Bill Spooner|John Butler|Ken Mauer,1,-0.10475020132701132,0.9675324675324675
2020,Bill Spooner|Ken Mauer|Mousa Dagher,1,-0.015528262326554996,1.0314769975786926
2020,Brandon Adair|Brian Forte|Ed Malloy,1,-0.015334364000106687,0.9227777777777778
2020,Brandon Adair|Brian Forte|Gediminas Petraitis,1,0.15933203856925598,1.3821428571428571
2020,Brandon Adair|Brian Forte|Nate Green,1,-0.35118202999330916,0.6745283018867925
2020,Brandon Adair|Brian Forte|Scott Twardoski,1,-0.20679441331268014,0.7662721893491123
2020,Brandon Adair|CJ Washington|Curtis Blair,1,0.4749257064511637,1.7407407407407407
2020,Brandon Adair|CJ Washington|Marc Davis,1,-0.0428855915380889,1.2694763729246488
2020,Brandon Adair|Courtney Kirkland|Mitchell Ervin,1,0.027180990536025157,0.9808467741935483
2020,Brandon Adair|Curtis Blair|Phenizee Ransom,1,-0.3863046103690886,0.7834967320261438
2020,Brandon Adair|Curtis Blair|Suyash Mehta,1,-0.6023230474157597,0.5222672064777328
2020,Brandon Adair|Derek Richardson|Mark Lindsay,1,-0.11103446098187411,0.9022132796780684
2020,Brandon Adair|Eric Lewis|Sean Corbin,1,-0.1358015411590619,0.9777777777777777
2020,Brandon Adair|Gediminas Petraitis|Rodney Mott,1,0.17435338714477755,1.2345679012345678
2020,Brandon Adair|Jacyn Goble|Tony Brown,1,0.056685287411743626,1.0066091954022989
2020,Brandon Adair|James Williams|Mitchell Ervin,1,0.10771069300277993,1.0708898944193062
2020,Brandon Adair|Jenna Schroeder|Sean Wright,1,0.5330203873293454,1.5262054507337526
2020,Brandon Adair|John Goble|Jonathan Sterling,1,-0.16463000895317223,0.8408953418027827
2020,Brandon Adair|John Goble|Leroy Richardson,1,-0.5136786927483972,0.5555555555555556
2020,Brandon Adair|John Goble|Tom Washington,1,0.3689075123743666,1.4561965811965814
2020,Brandon Adair|Josh Tiven|Sean Wright,1,-0.1848246870120731,0.84423828125
2020,Brandon Adair|Karl Lane|Marc Davis,1,-0.044951387862266275,0.8877551020408162
2020,Brandon Adair|Kevin Cutler|Marc Davis,1,0.34830669426821564,1.328125
2020,Brandon Adair|Kevin Cutler|Scott Foster,2,-0.42113506769609443,0.6253883193538367
2020,Brandon Adair|Lauren Holtkamp|Tony Brown,1,0.43127931719473017,1.6377358490566039
2020,Brandon Adair|Leroy Richardson|Tyler Ford,1,-0.1857171457950927,1.0169491525423728
2020,Brandon Adair|Marat Kogut|Pat Fraher,1,0.22449948372534576,1.346268656716418
2020,Brandon Adair|Michael Smith|Sean Corbin,1,0.19257348522953183,1.157258064516129
2020,Brandon Adair|Nick Buchert|Tony Brown,1,-0.8446488522156267,0.35604395604395606
2020,Brandon Adair|Robert Hussey|Sean Wright,1,-0.2006706954621511,0.6428571428571429
2020,Brandon Adair|Rodney Mott|Tyler Ford,1,0.10845170822749914,0.9162895927601811
2020,Brandon Adair|Tom Washington|Tony Brothers,1,-0.3086657247523718,0.7403490216816498
2020,Brandon Schwab|Brian Forte|Kevin Scott,1,-0.3521609544063912,0.725916453537937
2020,Brandon Schwab|Courtney Kirkland|JB DeRosa,1,0.6383389440649503,1.7476923076923077
2020,Brandon Schwab|David Guthrie|Lauren Holtkamp,1,0.20479441264601322,1.2461538461538464
2020,Brandon Schwab|David Guthrie|Mark Ayotte,1,-0.10466631222835063,0.7826286764705883
2020,Brandon Schwab|David Guthrie|Nick Buchert,1,-0.1531224021016924,0.7304804804804804
2020,Brandon Schwab|Ed Malloy|Gediminas Petraitis,1,-0.7233088809766668,0.5419630156472262
2020,Brandon Schwab|Ed Malloy|Kevin Cutler,1,-0.009569451016150672,0.962962962962963
2020,Brandon Schwab|Ed Malloy|Leon Wood,1,-0.06495789627477237,0.9731494920174165
2020,Brandon Schwab|Eric Dalen|Josh Tiven,1,-0.6905929007548486,0.5542986425339367
2020,Brandon Schwab|Eric Dalen|Tony Brothers,1,0.053819512574433875,1.0147058823529411
2020,Brandon Schwab|Eric Lewis|Scott Wall,1,0.09937247381320356,1.2113625421280694
2020,Brandon Schwab|Jonathan Sterling|Sean Wright,1,0.20835186926154003,1.3377049180327867
2020,Brandon Schwab|Kevin Scott|Tom Washington,1,-0.08182410526893967,0.9134906231094978
2020,Brandon Schwab|Marat Kogut|Marc Davis,1,-0.8198988861990893,0.37755102040816324
2020,Brandon Schwab|Marc Davis|Mitchell Ervin,1,0.16316840669148272,1.1336336336336337
2020,Brandon Schwab|Scott Foster|Scott Wall,1,-0.20451164719806653,0.875668449197861
2020,Brent Barnaky|Brett Nansel|Curtis Blair,1,0.3712005141340683,1.8626086956521741
2020,Brent Barnaky|CJ Washington|Sean Wright,1,0.02079076966907369,1.0180995475113124
2020,Brent Barnaky|Curtis Blair|Mousa Dagher,1,-0.3111544286369231,0.8448540706605222
2020,Brent Barnaky|Dannica Mosher|John Goble,1,-0.5860490450035782,0.47407407407407404
2020,Brent Barnaky|David Guthrie|Marat Kogut,1,0.31179293030807786,1.3868852459016392
2020,Brent Barnaky|Derrick Collins|Mousa Dagher,1,-0.16885886782713713,1.020979020979021
2020,Brent Barnaky|Ed Malloy|Jason Goldenberg,1,0.14342546626972114,0.9404761904761905
2020,Brent Barnaky|Eric Lewis|Leroy Richardson,1,-0.22589458468609958,0.7004081632653062
2020,Brent Barnaky|Haywoode Workman|James Williams,1,-0.11672427430814131,0.8419901585565883
2020,Brent Barnaky|Haywoode Workman|Kevin Scott,1,-0.10594857800938079,0.905273937532002
2020,Brent Barnaky|Haywoode Workman|Tre Maddox,1,0.03891541624967341,1.0396825396825398
2020,Brent Barnaky|James Capers|Phenizee Ransom,1,-0.23011222063030315,0.65
2020,Brent Barnaky|James Williams|John Goble,1,-0.027398974188114388,1.0015898251192368
2020,Brent Barnaky|James Williams|Ken Mauer,1,-0.1036784294748415,0.8095238095238095
2020,Brent Barnaky|James Williams|Lauren Holtkamp,1,0.1923718926474559,1.322314049586777
2020,Brent Barnaky|James Williams|Robert Hussey,1,0.23687551450606198,1.2654806705439616
2020,Brent Barnaky|Jenna Schroeder|John Goble,1,0.7295148247308201,1.876543209876543
2020,Brent Barnaky|Jenna Schroeder|Zach Zarba,1,0.09985951946747891,1.0897740784780023
2020,Brent Barnaky|Jonathan Sterling|Ken Mauer,1,-0.34419428271512337,0.8917050691244238
2020,Brent Barnaky|Jonathan Sterling|Kevin Scott,1,-0.21196290212462585,0.7942857142857144
2020,Brent Barnaky|Justin Van Duyne|Marc Davis,1,-0.4274440148269396,0.6666666666666667
2020,Brent Barnaky|Justin Van Duyne|Zach Zarba,1,-0.34655681377314784,0.7576271186440678
2020,Brent Barnaky|Kane Fitzgerald|Kevin Cutler,1,-0.24282180823525248,0.7701492537313434
2020,Brent Barnaky|Kane Fitzgerald|Mark Ayotte,1,0.7177230866087825,2.0606060606060606
2020,Brent Barnaky|Ken Mauer|Matt Kallio,1,0.16456961133550432,1.0457856399583767
2020,Brent Barnaky|Kevin Scott|Leroy Richardson,1,-0.7053958026361444,0.5461538461538462
2020,Brent Barnaky|Kevin Scott|Matt Myers,1,0.12134049227191032,1.3024307518371963
2020,Brent Barnaky|Kevin Scott|Natalie Sago,1,0.5282173664778598,1.4384920634920635
2020,Brent Barnaky|Marc Davis|Nate Green,1,0.11066556788751938,0.9819967266775776
2020,Brent Barnaky|Marc Davis|Phenizee Ransom,1,0.6263496996364296,1.491841491841492
2020,Brent Barnaky|Marc Davis|Suyash Mehta,1,0.07108055491743541,0.9448275862068964
2020,Brent Barnaky|Matt Myers|Scott Foster,1,-0.19337139298053965,0.9374999999999999
2020,Brent Barnaky|Matt Myers|Sean Wright,1,0.3577496350684979,1.4794215795328143
2020,Brent Barnaky|Natalie Sago|Tony Brothers,1,-0.37041657179102877,0.5439882697947214
2020,Brent Barnaky|Nate Green|Sean Wright,1,0.12245678135626308,1.1397683397683398
2020,Brent Barnaky|Phenizee Ransom|Tony Brown,1,0.1502822030493381,1.2233285917496444
2020,Brent Barnaky|Ray Acosta|Tom Washington,1,0.16213316084896764,1.1053427419354838
2020,Brent Barnaky|Robert Hussey|Tony Brothers,1,-0.5138062519041285,0.5775862068965517
2020,Brent Barnaky|Rodney Mott|Simone Jelks,1,-0.019315789299291633,0.90153452685422
2020,Brent Barnaky|Simone Jelks|Zach Zarba,1,-0.1705292907063743,0.944144144144144
2020,Brett Nansel|Curtis Blair|Gediminas Petraitis,1,-1.1174158695163607,0.2740768937952036
2020,Brett Nansel|Curtis Blair|Karl Lane,1,0.1742743326366532,1.1188446969696968
2020,Brett Nansel|Curtis Blair|Nick Buchert,1,0.4154777074005943,1.530398322851153
2020,Brett Nansel|David Guthrie|Michael Smith,1,-0.08619271136879378,0.8239590942293645
2020,Brett Nansel|Dedric Taylor|Kevin Scott,1,0.17275210577780395,1.0038610038610036
2020,Brett Nansel|Derrick Collins|James Williams,1,-0.6921814634399863,0.4057971014492754
2020,Brett Nansel|Derrick Collins|Tony Brown,1,-0.7884573603642702,0.3928571428571429
2020,Brett Nansel|Derrick Collins|Zach Zarba,1,0.39256170327225653,1.3162393162393164
2020,Brett Nansel|Ed Malloy|Gediminas Petraitis,1,-0.7127381900371151,0.40115440115440115
2020,Brett Nansel|Ed Malloy|Matt Boland,1,-0.5595181364534838,0.581875
2020,Brett Nansel|Eric Lewis|Kevin Cutler,1,-0.476476143751353,0.5766129032258064
2020,Brett Nansel|Eric Lewis|Leon Wood,1,0.24116205681688804,1.2444444444444442
2020,Brett Nansel|Gediminas Petraitis|Kane Fitzgerald,1,0.028987536873252187,1.1029411764705883
2020,Brett Nansel|JB DeRosa|Kevin Scott,1,0.12685853753925078,0.9757575757575758
2020,Brett Nansel|JB DeRosa|Mark Ayotte,1,-0.06759329113252806,0.8307915758896152
2020,Brett Nansel|JB DeRosa|Sean Wright,1,0.20588467052209555,0.9003795066413663
2020,Brett Nansel|Jacyn Goble|Mark Ayotte,1,-0.29274734725991697,0.8313253012048193
2020,Brett Nansel|Jacyn Goble|Pat Fraher,1,0.0425596144187959,0.927536231884058
2020,Brett Nansel|James Capers|Scott Wall,1,-0.040821994520255166,1.126099706744868
2020,Brett Nansel|Josh Tiven|Kevin Cutler,1,0.055210731972354765,1.1322463768115942
2020,Brett Nansel|Justin Van Duyne|Tom Washington,1,0.2662030407746567,1.3384615384615384
2020,Brett Nansel|Kevin Scott|Leon Wood,1,0.3150810466398953,1.6444444444444446
2020,Brett Nansel|Kevin Scott|Mark Lindsay,1,-0.41443377809092496,0.7551020408163265
2020,Brett Nansel|Lauren Holtkamp|Rodney Mott,1,-0.22006188477680164,0.7207207207207207
2020,Brett Nansel|Lauren Holtkamp|Zach Zarba,1,0.6564151712912153,2.0655737704918034
2020,Brett Nansel|Leon Wood|Tony Brown,1,0.18514243313559609,1.1231638418079097
2020,Brett Nansel|Marat Kogut|Rodney Mott,1,-0.38092399919204684,0.5314009661835749
2020,Brett Nansel|Marc Davis|Matt Boland,1,-0.13432221907934055,0.6703030303030302
2020,Brett Nansel|Matt Boland|Sean Wright,1,-0.06277640614417197,0.9452124935995904
2020,Brett Nansel|Matt Boland|Tony Brown,1,0.1085300904191055,1.083676268861454
2020,Brett Nansel|Mitchell Ervin|Rodney Mott,1,0.0,0.9090909090909092
2020,Brett Nansel|Nick Buchert|Tre Maddox,1,0.10008345855698263,1.300844704353476
2020,Brett Nansel|Scott Twardoski|Sean Wright,1,-0.31125695020149197,0.6987908961593173
2020,Brian Forte|Courtney Kirkland|John Butler,1,-0.1771598632325923,0.7523139577934098
2020,Brian Forte|Courtney Kirkland|Jonathan Sterling,1,-0.02105340919783238,1.033724340175953
2020,Brian Forte|Courtney Kirkland|Justin Van Duyne,1,-0.5644870210740663,0.5752794214332676
2020,Brian Forte|Courtney Kirkland|Leon Wood,1,0.34262610219559114,1.2074074074074073
2020,Brian Forte|Dannica Mosher|Josh Tiven,2,-0.42468161639076896,0.6132901988932195
2020,Brian Forte|Dannica Mosher|Tony Brown,1,-0.141880587235444,0.8957983193277311
2020,Brian Forte|David Guthrie|Haywoode Workman,1,0.12988605782762713,1.4575342465753425
2020,Brian Forte|David Guthrie|Leroy Richardson,1,-0.5247147359266577,0.6801426872770512
2020,Brian Forte|David Guthrie|Nate Green,1,-0.14779411407242296,0.7928388746803069
2020,Brian Forte|Derek Richardson|Gediminas Petraitis,1,-0.055569851154810765,0.9439586645468997
2020,Brian Forte|Derek Richardson|Josh Tiven,1,0.3640009840308053,1.410294117647059
2020,Brian Forte|Derek Richardson|Kevin Scott,1,0.09620543501183633,1.0092364532019704
2020,Brian Forte|Derek Richardson|Marc Davis,1,-0.3398678256223512,0.810052600818235
2020,Brian Forte|Ed Malloy|Suyash Mehta,1,-0.1272617796109272,0.7826694619147448
2020,Brian Forte|Eric Dalen|Kane Fitzgerald,2,0.10591780865355932,1.1336041717196215
2020,Brian Forte|Eric Dalen|Robert Hussey,1,0.049723435352430574,0.8758169934640524
2020,Brian Forte|Evan Scott|Scott Twardoski,1,0.13096279810079337,1.0841248303934872
2020,Brian Forte|JB DeRosa|Lauren Holtkamp,1,0.2451224580329849,1.5333333333333334
2020,Brian Forte|JB DeRosa|Phenizee Ransom,1,-0.16251892949777494,1.0625
2020,Brian Forte|James Capers|Matt Myers,1,-0.31618358258399554,0.5727272727272728
2020,Brian Forte|James Williams|Jenna Schroeder,1,0.10948423284168841,1.1688311688311688
2020,Brian Forte|Jason Goldenberg|Josh Tiven,1,0.04287702435639172,1.1592307692307693
2020,Brian Forte|Jason Goldenberg|Mark Ayotte,1,0.02597548640326052,1.207927225471085
2020,Brian Forte|Jenna Schroeder|Mitchell Ervin,1,0.24583496251628037,1.1343204653622423
2020,Brian Forte|Jenna Schroeder|Scott Twardoski,1,0.4676084185197805,1.3538961038961037
2020,Brian Forte|John Conley|Rodney Mott,1,-0.4915299634937634,0.5719696969696969
2020,Brian Forte|Jonathan Sterling|Kane Fitzgerald,1,-0.21758441790421298,0.972423802612482
2020,Brian Forte|Jonathan Sterling|Tyler Ford,1,0.34998595578793584,1.5077380952380952
2020,Brian Forte|Karl Lane|Leroy Richardson,1,-0.40446560777508084,0.5213541666666667
2020,Brian Forte|Marat Kogut|Mousa Dagher,1,0.0870113769896299,1.0
2020,Brian Forte|Matt Boland|Nick Buchert,1,-0.6398430268581722,0.4332010582010582
2020,Brian Forte|Matt Boland|Zach Zarba,1,0.047028895601092975,0.9680851063829786
2020,Brian Forte|Matt Myers|Rodney Mott,1,0.18899741115742652,1.215541165587419
2020,Brian Forte|Mousa Dagher|Sean Wright,1,-0.5465437063680699,0.6440443213296398
2020,Brian Forte|Phenizee Ransom|Sean Corbin,1,-0.180784277475068,0.7749999999999999
2020,Brian Forte|Ray Acosta|Tony Brown,1,-0.6451379613735847,0.5163934426229508
2020,Brian Forte|Robert Hussey|Scott Foster,1,-0.5048075514404275,0.5633802816901409
2020,CJ Washington|Courtney Kirkland|Leon Wood,1,-0.17284281283941097,0.6883116883116883
2020,CJ Washington|Courtney Kirkland|Michael Smith,2,0.06135110478605369,1.0014186409419776
2020,CJ Washington|Curtis Blair|Eric Lewis,1,0.24372425901423042,1.283967391304348
2020,CJ Washington|Curtis Blair|James Capers,1,0.08747768616105457,1.0379918588873813
2020,CJ Washington|Curtis Blair|Kevin Cutler,1,-0.9021060968821987,0.34975369458128075
2020,CJ Washington|Dedric Taylor|Kane Fitzgerald,2,-0.017609043311944156,1.1215728715728717
2020,CJ Washington|Derrick Collins|James Capers,1,-0.4408670351590804,0.536231884057971
2020,CJ Washington|Derrick Collins|Kevin Scott,1,-0.3876584894586995,0.6254784034991799
2020,CJ Washington|Derrick Collins|Leroy Richardson,1,0.0987598316264743,1.1589912280701755
2020,CJ Washington|Derrick Collins|Marc Davis,1,-0.09168041175374618,0.7786833855799373
2020,CJ Washington|Eric Lewis|Evan Scott,1,0.21724382918702131,1.0514705882352942
2020,CJ Washington|Eric Lewis|Marat Kogut,1,0.27560423671571715,1.180461329715061
2020,CJ Washington|Gediminas Petraitis|James Capers,1,0.06774208958529875,1.1131578947368421
2020,CJ Washington|JT Orr|Scott Foster,1,-0.7563827699171006,0.3936577364680153
2020,CJ Washington|Jacyn Goble|Marc Davis,1,-0.4066138733120377,0.6763059701492536
2020,CJ Washington|James Capers|Nick Buchert,1,0.035367143837291344,1.0655999999999999
2020,CJ Washington|James Williams|Mark Lindsay,1,-0.364830924650533,0.751864125932063
2020,CJ Washington|Jenna Schroeder|Sean Wright,1,-0.4088606971093027,0.612356478950246
2020,CJ Washington|Josh Tiven|Lauren Holtkamp,1,0.3809239991920468,1.7563636363636363
2020,CJ Washington|Josh Tiven|Mitchell Ervin,2,0.17779090671579917,1.1274840611967736
2020,CJ Washington|Ken Mauer|Marat Kogut,1,-0.5739933427697833,0.4661558109833972
2020,CJ Washington|Kevin Cutler|Zach Zarba,1,0.22410926843416867,1.3405797101449275
2020,CJ Washington|Kevin Scott|Mitchell Ervin,1,0.22564668153232822,1.331453634085213
2020,CJ Washington|Kevin Scott|Tom Washington,1,0.2811308089645591,1.4570895522388059
2020,CJ Washington|Lauren Holtkamp|Tre Maddox,1,0.003629768050578731,0.9224598930481283
2020,CJ Washington|Matt Boland|Rodney Mott,1,-0.17733401528291554,0.7924731182795698
2020,CJ Washington|Scott Twardoski|Sean Wright,1,0.2887975215356464,1.3383620689655173
2020,Courtney Kirkland|Danielle Scott|Kevin Cutler,1,-0.4666696754259785,0.6897959183673469
2020,Courtney Kirkland|Dannica Mosher|Leon Wood,1,-0.254127096834177,0.7818480043739748
2020,Courtney Kirkland|Dedric Taylor|Haywoode Workman,1,-0.4940185054496094,0.4920721705850192
2020,Courtney Kirkland|Derek Richardson|Derrick Collins,1,0.45343593589419384,1.2822822822822824
2020,Courtney Kirkland|Derek Richardson|Tyler Ford,1,0.1221026968008997,1.1717171717171715
2020,Courtney Kirkland|Eric Dalen|Leon Wood,1,0.3746934494414106,1.5238095238095237
2020,Courtney Kirkland|Eric Dalen|Mitchell Ervin,1,0.06802622085585629,1.010752688172043
2020,Courtney Kirkland|Evan Scott|Scott Twardoski,1,0.032697915281912515,0.8282051282051281
2020,Courtney Kirkland|Gediminas Petraitis|Jenna Schroeder,1,0.05111845392902298,1.272189349112426
2020,Courtney Kirkland|JB DeRosa|Justin Van Duyne,1,-0.09862253791730786,1.0148148148148146
2020,Courtney Kirkland|Jenna Schroeder|Michael Smith,1,-0.5640325788940117,0.707977207977208
2020,Courtney Kirkland|Jenna Schroeder|Mitchell Ervin,1,0.47000362924573563,1.6800000000000002
2020,Courtney Kirkland|Jenna Schroeder|Nick Buchert,1,-0.8539868485380003,0.3669950738916256
2020,Courtney Kirkland|John Butler|Kevin Cutler,1,-0.05406722127027582,1.0434782608695652
2020,Courtney Kirkland|John Butler|Tom Washington,1,-0.5389965007326869,0.49
2020,Courtney Kirkland|John Butler|Tyler Ford,1,-0.15415067982725836,1.0384024577572966
2020,Courtney Kirkland|Justin Van Duyne|Karl Lane,1,0.32542240043462795,1.3153846153846156
2020,Courtney Kirkland|Karl Lane|Matt Myers,1,-0.34232121252517794,0.6750524109014675
2020,Courtney Kirkland|Kevin Cutler|Ray Acosta,1,-0.09884583463663248,0.9625000000000001
2020,Courtney Kirkland|Leon Wood|Scott Twardoski,1,0.38832559823146845,1.36231884057971
2020,Courtney Kirkland|Leroy Richardson|Sean Corbin,1,-0.23753228876630947,0.7529761904761905
2020,Courtney Kirkland|Matt Boland|Nate Green,1,-0.6252359749437347,0.5945945945945946
2020,Courtney Kirkland|Matt Myers|Ray Acosta,2,-0.13297865652481747,0.7896608750548968
2020,Courtney Kirkland|Nate Green|Sean Corbin,1,-0.003642991278501092,0.9157754010695187
2020,Curtis Blair|Danielle Scott|Gediminas Petraitis,1,0.4096667949618643,1.7225000000000001
2020,Curtis Blair|Danielle Scott|Leon Wood,1,0.07249550203815341,1.094387755102041
2020,Curtis Blair|Derek Richardson|Gediminas Petraitis,2,-0.34100700378380605,0.7220743817745181
2020,Curtis Blair|Derek Richardson|Karl Lane,1,0.3750240826069288,1.4880952380952381
2020,Curtis Blair|Derek Richardson|Mark Lindsay,1,-0.06423871600865788,0.878735632183908
2020,Curtis Blair|Derek Richardson|Tony Brown,1,-0.23177444051348498,0.75732421875
2020,Curtis Blair|Eric Dalen|JB DeRosa,1,-0.28535378269218975,0.6898395721925134
2020,Curtis Blair|Eric Dalen|Jason Goldenberg,1,-0.11444413439086883,0.9134826526130875
2020,Curtis Blair|Eric Dalen|John Goble,1,-0.8452101769567196,0.5032139577594122
2020,Curtis Blair|Eric Lewis|Evan Scott,1,-0.22622521785161773,0.6713286713286714
2020,Curtis Blair|Gediminas Petraitis|Haywoode Workman,1,0.06636260376945616,0.9166666666666667
2020,Curtis Blair|Haywoode Workman|Rodney Mott,1,-0.8586076393878335,0.36725146198830405
2020,Curtis Blair|Haywoode Workman|Scott Twardoski,1,0.17880661468651032,1.1360000000000001
2020,Curtis Blair|JB DeRosa|Marat Kogut,1,-0.008733679968754553,0.9252173913043478
2020,Curtis Blair|James Capers|Mark Lindsay,1,0.3251886190191855,1.3503024193548387
2020,Curtis Blair|James Capers|Mousa Dagher,1,-0.7427580259408066,0.5261248185776488
2020,Curtis Blair|Jason Goldenberg|Rodney Mott,1,-0.5421226304879057,0.5203007518796993
2020,Curtis Blair|Jenna Schroeder|Josh Tiven,1,-0.6552769065045355,0.4327485380116959
2020,Curtis Blair|Jenna Schroeder|Matt Boland,1,0.015037877364540502,0.7924731182795698
2020,Curtis Blair|Jenna Schroeder|Tyler Ford,1,-0.6119217406373593,0.5306451612903226
2020,Curtis Blair|John Butler|Marat Kogut,1,-0.24129836159458154,0.6775862068965518
2020,Curtis Blair|John Butler|Nick Buchert,1,0.306619273471532,1.5701960784313724
2020,Curtis Blair|John Butler|Rodney Mott,1,-0.10478892375886871,0.9433962264150944
2020,Curtis Blair|John Goble|Scott Twardoski,1,-0.5980912057309334,0.5758258258258259
2020,Curtis Blair|Josh Tiven|Mitchell Ervin,1,-0.41733197488806373,0.5174342105263158
2020,Curtis Blair|Justin Van Duyne|Nick Buchert,1,0.0,0.8888888888888887
2020,Curtis Blair|Mousa Dagher|Rodney Mott,1,-0.051635116301663286,0.8805418719211822
2020,Curtis Blair|Mousa Dagher|Tyler Ford,1,-0.1237726444680863,0.9361179361179361
2020,Curtis Blair|Natalie Sago|Phenizee Ransom,1,-0.24294617861038947,1.0294117647058825
2020,Curtis Blair|Natalie Sago|Scott Twardoski,1,-0.22408873096869653,0.6933614330874605
2020,Curtis Blair|Natalie Sago|Tony Brothers,1,-0.6539264674066639,0.5055555555555555
2020,Curtis Blair|Ray Acosta|Rodney Mott,1,0.05759749178333654,0.9517045454545454
2020,Curtis Blair|Rodney Mott|Simone Jelks,1,0.3999856423435387,1.4754098360655736
2020,Danielle Scott|David Guthrie|Eric Dalen,1,-0.579818495252942,0.47384615384615386
2020,Danielle Scott|Dedric Taylor|Scott Foster,1,0.011189608358173111,1.0890410958904109
2020,Danielle Scott|Dedric Taylor|Tre Maddox,1,0.09257003499345724,1.1184995737425405
2020,Danielle Scott|Derrick Collins|John Goble,1,0.3322617040848694,1.0304347826086957
2020,Danielle Scott|Derrick Collins|Kane Fitzgerald,1,0.25303293703860674,1.058823529411765
2020,Danielle Scott|Derrick Collins|Nick Buchert,1,0.3502605537610688,1.3190730837789661
2020,Danielle Scott|Ed Malloy|Gediminas Petraitis,1,-0.22279116979884667,0.7257617728531855
2020,Danielle Scott|Gediminas Petraitis|James Capers,1,0.30888428010238395,1.3928571428571428
2020,Danielle Scott|Gediminas Petraitis|Sean Wright,1,0.029590323620922725,1.079081632653061
2020,Danielle Scott|Josh Tiven|Leon Wood,1,-0.45630478488757353,0.8448275862068966
2020,Danielle Scott|Josh Tiven|Scott Wall,1,0.32327301755448345,1.3240740740740742
2020,Danielle Scott|Karl Lane|Kevin Scott,1,-0.058840500022933465,0.793984962406015
2020,Danielle Scott|Karl Lane|Zach Zarba,1,-0.18924199963852842,0.9347290640394088
2020,Danielle Scott|Marat Kogut|Marc Davis,1,0.3032465889928924,1.143961352657005
2020,Danielle Scott|Marat Kogut|Tony Brothers,1,-0.05995594910679898,0.8893300248138958
2020,Danielle Scott|Marc Davis|Mitchell Ervin,1,-0.1327246156545826,0.8757062146892656
2020,Danielle Scott|Mark Ayotte|Michael Smith,1,-0.08515780834030683,1.020408163265306
2020,Danielle Scott|Mark Lindsay|Tony Brothers,1,0.04054145026255879,1.088709677419355
2020,Danielle Scott|Michael Smith|Zach Zarba,1,-0.15050972915894045,0.9012345679012346
2020,Danielle Scott|Sean Corbin|Tony Brown,1,-0.18677590714333495,0.8444444444444446
2020,Dannica Mosher|David Guthrie|Gediminas Petraitis,1,0.2657031657330057,1.3280632411067195
2020,Dannica Mosher|Dedric Taylor|Ken Mauer,1,-0.37729423114146804,0.6912442396313364
2020,Dannica Mosher|Derek Richardson|Eric Lewis,1,0.12766627317212448,0.9872958257713248
2020,Dannica Mosher|Derek Richardson|Josh Tiven,1,-0.8926591273408779,0.36230769230769233
2020,Dannica Mosher|Ed Malloy|Scott Wall,1,-0.9021060968821987,0.4528061224489796
2020,Dannica Mosher|Eric Dalen|John Goble,1,0.1275133202989595,1.0923076923076924
2020,Dannica Mosher|Gediminas Petraitis|Ken Mauer,1,0.1512309697239235,1.066326530612245
2020,Dannica Mosher|JB DeRosa|Marc Davis,1,0.0785623225031023,1.2132352941176472
2020,Dannica Mosher|Kane Fitzgerald|Kevin Cutler,1,0.034233171642242176,0.8990342405618964
2020,Dannica Mosher|Karl Lane|Marc Davis,1,0.18954180476744178,1.2416873449131514
2020,Dannica Mosher|Kevin Cutler|Marc Davis,1,0.10616019582839072,1.2232
2020,Dannica Mosher|Marat Kogut|Mark Lindsay,1,-0.1766980541040318,0.6162005785920927
2020,Dannica Mosher|Matt Boland|Tony Brown,1,0.25280363183237375,1.0327868852459017
2020,Dannica Mosher|Michael Smith|Tom Washington,1,-0.3337880951186413,0.6863636363636363
2020,Dannica Mosher|Mitchell Ervin|Tony Brothers,1,-0.46385861415807383,0.5795875198307774
2020,Dannica Mosher|Sean Corbin|Tony Brothers,1,0.7434796293294941,1.718995290423862
2020,David Guthrie|Derrick Collins|Leroy Richardson,1,-0.4716857154287204,0.5392156862745099
2020,David Guthrie|Eric Dalen|James Williams,1,0.4147990748986398,1.3988657844990549
2020,David Guthrie|Haywoode Workman|Karl Lane,1,0.15624931648417958,1.3912499999999999
2020,David Guthrie|JB DeRosa|Leroy Richardson,1,-0.10586039069947724,0.7758620689655172
2020,David Guthrie|Jacyn Goble|Tyler Ford,1,0.07262263953753008,1.115151515151515
2020,David Guthrie|James Williams|Scott Twardoski,1,0.25928259793008296,1.5272727272727273
2020,David Guthrie|Jenna Schroeder|Mark Ayotte,1,-0.13235630435769613,0.8591820987654321
2020,David Guthrie|John Conley|Lauren Holtkamp,1,-0.6898082792944304,0.5547337278106509
2020,David Guthrie|Justin Van Duyne|Marat Kogut,1,-0.07796154146971193,0.875268817204301
2020,David Guthrie|Justin Van Duyne|Michael Smith,1,-0.39890770756200533,0.7669172932330827
2020,David Guthrie|Justin Van Duyne|Nick Buchert,1,-0.21799155640478168,0.9720279720279721
2020,David Guthrie|Karl Lane|Robert Hussey,1,-0.10536051565782616,0.8
2020,David Guthrie|Karl Lane|Sean Corbin,1,0.08244366921107459,1.1910282258064515
2020,David Guthrie|Marat Kogut|Matt Myers,1,-0.3490959602918241,0.8133995037220844
2020,David Guthrie|Marat Kogut|Nate Green,1,-0.0775582343458745,1.1104477611940298
2020,David Guthrie|Matt Boland|Nate Green,1,0.12640076687435603,0.9856
2020,David Guthrie|Michael Smith|Mitchell Ervin,1,0.17284281283941083,1.3735849056603773
2020,David Guthrie|Mitchell Ervin|Mousa Dagher,1,-0.07410797215372185,0.8831168831168831
2020,David Guthrie|Mitchell Ervin|Ray Acosta,1,0.42472840718374805,1.426056338028169
2020,David Guthrie|Mitchell Ervin|Suyash Mehta,1,-0.07197349962508934,0.6856725146198831
2020,Dedric Taylor|Eric Dalen|Kevin Cutler,1,-0.7001158498760386,0.48876953125
2020,Dedric Taylor|Eric Dalen|Tre Maddox,1,-0.12047746472067053,0.7620764239365536
2020,Dedric Taylor|Eric Lewis|John Butler,1,0.6988778552689304,2.3706896551724137
2020,Dedric Taylor|Eric Lewis|Leroy Richardson,2,0.1948583755700127,1.3789351851851852
2020,Dedric Taylor|Evan Scott|Josh Tiven,1,0.08438739227754741,0.9671558350803633
2020,Dedric Taylor|Evan Scott|Kevin Scott,2,-0.24281348811560874,0.7921526586620926
2020,Dedric Taylor|Evan Scott|Marc Davis,1,0.021202207650602906,0.7566137566137566
2020,Dedric Taylor|Gediminas Petraitis|Sean Corbin,1,0.1309011249070275,0.9682291666666667
2020,Dedric Taylor|Haywoode Workman|John Goble,1,-0.2778684510034562,0.8615384615384616
2020,Dedric Taylor|Haywoode Workman|Rodney Mott,1,-0.3870139338294513,0.7408163265306122
2020,Dedric Taylor|James Capers|Jenna Schroeder,1,-0.3700979642708731,0.7399999999999999
2020,Dedric Taylor|James Williams|Jenna Schroeder,2,-0.012188462157784595,0.8825938553131918
2020,Dedric Taylor|Jenna Schroeder|Zach Zarba,1,0.1112256351102244,1.0857142857142856
2020,Dedric Taylor|John Butler|Josh Tiven,1,0.1725912721513784,1.0321931589537223
2020,Dedric Taylor|John Butler|Ken Mauer,1,-0.12136085700426748,0.860408163265306
2020,Dedric Taylor|John Goble|Jonathan Sterling,1,-0.13584754884235295,0.7167590027700831
2020,Dedric Taylor|John Goble|Leroy Richardson,1,-0.2553466918088447,1.1091549295774648
2020,Dedric Taylor|John Goble|Matt Myers,1,-0.5167455662769809,0.5007112375533428
2020,Dedric Taylor|John Goble|Phenizee Ransom,1,-0.48262735291634656,0.6655086848635235
2020,Dedric Taylor|Jonathan Sterling|Kane Fitzgerald,1,-0.1319676706483399,0.9014084507042254
2020,Dedric Taylor|Josh Tiven|Matt Boland,1,-0.579818495252942,0.47040000000000004
2020,Dedric Taylor|Kane Fitzgerald|Suyash Mehta,1,0.03658944743229196,1.0283251231527093
2020,Dedric Taylor|Ken Mauer|Nate Green,1,-0.41343327775734123,0.6827731092436975
2020,Dedric Taylor|Kevin Scott|Phenizee Ransom,1,0.004914014802428941,0.8085612366230679
2020,Dedric Taylor|Kevin Scott|Ray Acosta,1,-0.25131442828090605,0.7999999999999999
2020,Dedric Taylor|Matt Kallio|Zach Zarba,1,0.3409265869705932,1.3971774193548385
2020,Dedric Taylor|Mousa Dagher|Tre Maddox,2,0.0317282625828956,1.3848522167487685
2020,Dedric Taylor|Nate Green|Tony Brown,1,-0.26591322770205883,0.6947637292464879
2020,Dedric Taylor|Suyash Mehta|Tom Washington,1,-0.041242958534049017,0.9421487603305784
2020,Dedric Taylor|Suyash Mehta|Tony Brothers,1,0.05903353158419314,0.942942942942943
2020,Derek Richardson|Derrick Collins|James Williams,1,0.4451189859298578,1.5704301075268818
2020,Derek Richardson|Derrick Collins|Ken Mauer,1,-0.4085467746455723,0.5034965034965035
2020,Derek Richardson|Ed Malloy|Gediminas Petraitis,1,-0.3065251602532608,0.646875
2020,Derek Richardson|Ed Malloy|Kevin Cutler,1,0.18871135489272575,1.161242603550296
2020,Derek Richardson|Haywoode Workman|Tom Washington,1,-0.5545610172737986,0.6829802775748722
2020,Derek Richardson|James Williams|Suyash Mehta,1,-0.025869379978417067,0.6878557874762808
2020,Derek Richardson|Jason Goldenberg|Zach Zarba,1,-0.7799929809286157,0.38678278688524587
2020,Derek Richardson|Jenna Schroeder|Scott Foster,1,-0.3364722366212129,0.72
2020,Derek Richardson|John Butler|Mark Ayotte,1,0.48058573857627257,1.6170212765957446
2020,Derek Richardson|John Conley|Josh Tiven,1,-0.5378469431857005,0.5972771190162495
2020,Derek Richardson|John Goble|Sean Corbin,1,0.12206236527575774,1.2444444444444445
2020,Derek Richardson|Ken Mauer|Matt Boland,1,-0.047006042375930715,0.9924812030075187
2020,Derek Richardson|Ken Mauer|Michael Smith,1,0.20414060418859445,1.2625432525951557
2020,Derek Richardson|Marat Kogut|Zach Zarba,1,-1.2219913098286144,0.3326612903225806
2020,Derek Richardson|Mark Ayotte|Zach Zarba,1,-0.7005821590474632,0.4060606060606061
2020,Derek Richardson|Matt Boland|Sean Wright,1,-0.14970425187012376,0.8184458968772694
2020,Derek Richardson|Nick Buchert|Pat Fraher,1,-0.38027485927960586,0.7110204081632654
2020,Derek Richardson|Pat Fraher|Phenizee Ransom,1,-0.1965639135094977,0.7707967707967708
2020,Derek Richardson|Scott Twardoski|Zach Zarba,1,-0.8868974331775227,0.3625
2020,Derek Richardson|Scott Wall|Zach Zarba,1,0.3576744442718159,1.5999999999999999
2020,Derrick Collins|Eric Dalen|Josh Tiven,1,0.05167201054432086,1.1549364613880742
2020,Derrick Collins|Eric Dalen|Zach Zarba,1,-0.44133312698760674,0.7924126172208014
2020,Derrick Collins|Eric Lewis|Jonathan Sterling,2,0.14468207931738286,1.3020216395453585
2020,Derrick Collins|Eric Lewis|Ray Acosta,1,0.3283222322592885,1.41
2020,Derrick Collins|Evan Scott|Marc Davis,1,0.5677129981680421,2.31029810298103
2020,Derrick Collins|Haywoode Workman|Tom Washington,1,0.024292692569044483,0.9221311475409836
2020,Derrick Collins|JB DeRosa|Jenna Schroeder,1,-0.43947147609335946,0.7047872340425533
2020,Derrick Collins|JB DeRosa|Josh Tiven,1,-0.49433572990526614,0.56640625
2020,Derrick Collins|JB DeRosa|Marc Davis,1,0.19452474600855726,1.0689655172413792
2020,Derrick Collins|JB DeRosa|Tony Brown,1,0.09068620855724326,1.0926251097453907
2020,Derrick Collins|Jacyn Goble|Josh Tiven,1,-0.011093099073524293,0.8885261194029851
2020,Derrick Collins|James Williams|Mousa Dagher,1,0.4502010019495558,1.862745098039216
2020,Derrick Collins|Jason Goldenberg|Zach Zarba,2,0.483660416867427,1.6651662049861495
2020,Derrick Collins|John Butler|Karl Lane,1,0.22054276961415237,1.083385579937304
2020,Derrick Collins|John Butler|Tony Brown,1,-0.5526953450908489,0.589430894308943
2020,Derrick Collins|John Goble|Suyash Mehta,1,-0.6116303228879563,0.6027397260273972
2020,Derrick Collins|Jonathan Sterling|Kevin Scott,1,-0.3044242535948545,0.7357357357357357
2020,Derrick Collins|Josh Tiven|Karl Lane,1,0.016172859245600968,1.0625
2020,Derrick Collins|Josh Tiven|Matt Myers,1,-0.3532908459544918,0.647348277747403
2020,Derrick Collins|Josh Tiven|Nate Green,1,0.24746085896491601,1.0164835164835164
2020,Derrick Collins|Justin Van Duyne|Kane Fitzgerald,2,0.42346947215494624,1.393340265399089
2020,Derrick Collins|Justin Van Duyne|Mark Ayotte,1,-0.03636764417087483,1.0210084033613445
2020,Derrick Collins|Karl Lane|Mousa Dagher,1,-0.29537441807493664,0.6804597701149425
2020,Derrick Collins|Leroy Richardson|Mark Ayotte,1,-0.5438157871686359,0.45738636363636365
2020,Derrick Collins|Marc Davis|Nate Green,2,-0.5488919177170161,0.5617802911751691
2020,Derrick Collins|Matt Boland|Mousa Dagher,1,0.21559634567882666,1.4640638864241349
2020,Derrick Collins|Matt Kallio|Tre Maddox,1,-1.2721810543524696,0.25123152709359603
2020,Derrick Collins|Mousa Dagher|Scott Foster,1,0.3580424295565572,1.8382608695652176
2020,Ed Malloy|Eric Dalen|Phenizee Ransom,1,0.4560173872709956,1.907203907203907
2020,Ed Malloy|Evan Scott|Lauren Holtkamp,1,0.03559094510270253,1.0327777777777778
2020,Ed Malloy|Gediminas Petraitis|Ray Acosta,2,-0.14691025574263505,0.851855639976622
2020,Ed Malloy|Haywoode Workman|Karl Lane,1,-0.2448419137752887,0.7598039215686274
2020,Ed Malloy|Jacyn Goble|Mousa Dagher,1,-0.671186488611528,0.5420369104579631
2020,Ed Malloy|Jacyn Goble|Simone Jelks,1,-0.28074104309754616,0.8858931150698122
2020,Ed Malloy|James Williams|Justin Van Duyne,1,-0.8472978603872037,0.3694581280788177
2020,Ed Malloy|Jason Goldenberg|Karl Lane,1,-0.18169479400314548,0.7340909090909091
2020,Ed Malloy|Jason Goldenberg|Marat Kogut,1,0.46039477013909874,1.505464480874317
2020,Ed Malloy|Jenna Schroeder|Leon Wood,1,0.20972053098206894,1.0344086021505376
2020,Ed Malloy|Jenna Schroeder|Matt Boland,1,0.49062291644847134,1.356923076923077
2020,Ed Malloy|John Butler|Leon Wood,1,-0.5048468408805686,0.4755620723362659
2020,Ed Malloy|Karl Lane|Suyash Mehta,1,-0.5778855939194074,0.6981222917669715
2020,Ed Malloy|Kevin Cutler|Scott Wall,1,-0.32877248731991,0.8175582990397805
2020,Ed Malloy|Marat Kogut|Phenizee Ransom,1,-0.5520685823000397,0.5181818181818182
2020,Ed Malloy|Marat Kogut|Suyash Mehta,1,-0.020202707317519355,0.9284210526315789
2020,Ed Malloy|Michael Smith|Mousa Dagher,1,0.2586945355785287,1.1333333333333333
2020,Ed Malloy|Natalie Sago|Scott Twardoski,1,-0.1070981355563671,0.904233870967742
2020,Ed Malloy|Nate Green|Sean Corbin,1,0.29188375930548094,1.4575
2020,Ed Malloy|Phenizee Ransom|Scott Twardoski,1,0.09925495809534106,0.9714170692431562
2020,Ed Malloy|Scott Wall|Simone Jelks,1,-0.43249378049608356,0.7053140096618358
2020,Eric Dalen|Evan Scott|Kane Fitzgerald,1,-0.742627237823315,0.47352941176470587
2020,Eric Dalen|Gediminas Petraitis|Sean Wright,1,-0.1433257902168104,0.9548872180451127
2020,Eric Dalen|James Capers|James Williams,1,-0.4036115394588415,0.8228571428571428
2020,Eric Dalen|James Williams|Mousa Dagher,1,0.7992536865544929,2.001492537313433
2020,Eric Dalen|James Williams|Phenizee Ransom,1,-0.3213161334000524,0.7025316455696202
2020,Eric Dalen|James Williams|Scott Foster,1,-0.0790685234756931,0.7314814814814814
2020,Eric Dalen|Jason Goldenberg|John Goble,1,-0.8899937795836931,0.4811753902662994
2020,Eric Dalen|John Butler|Sean Wright,1,0.038071947949407756,0.8656716417910447
2020,Eric Dalen|John Conley|Tony Brothers,1,-0.23679046515539162,0.9137603043753965
2020,Eric Dalen|John Goble|Kevin Cutler,1,-0.6632942174102642,0.4263322884012539
2020,Eric Dalen|John Goble|Mitchell Ervin,2,0.10416705418816843,1.2637649472667856
2020,Eric Dalen|Jonathan Sterling|Ken Mauer,1,-0.38073432685044734,0.5637715179968701
2020,Eric Dalen|Kane Fitzgerald|Michael Smith,2,-0.24759776501173514,0.7641621228035547
2020,Eric Dalen|Ken Mauer|Mousa Dagher,1,-0.37922576946062886,0.6505939902166318
2020,Eric Dalen|Kevin Scott|Phenizee Ransom,1,-0.49322986187561096,0.5412587412587413
2020,Eric Dalen|Lauren Holtkamp|Tony Brothers,1,-0.3916717859758286,0.5214285714285715
2020,Eric Dalen|Leon Wood|Rodney Mott,1,0.24012953220269875,0.8946986201888162
2020,Eric Dalen|Leon Wood|Tony Brown,1,0.10683326997410078,1.109039548022599
2020,Eric Dalen|Leroy Richardson|Tony Brothers,1,-0.07724158539382485,0.9225806451612903
2020,Eric Dalen|Marat Kogut|Zach Zarba,1,-0.5486119594321289,0.49896694214876025
2020,Eric Dalen|Mark Ayotte|Tre Maddox,1,-0.2687061709927753,0.6657397107897665
2020,Eric Dalen|Matt Myers|Scott Foster,1,-0.9348959197051894,0.46367346938775506
2020,Eric Dalen|Matt Myers|Sean Corbin,1,0.4235327548673945,1.4509803921568625
2020,Eric Dalen|Matt Myers|Tony Brown,1,-0.5212243309868894,0.833128078817734
2020,Eric Dalen|Natalie Sago|Tony Brothers,1,-1.2159013751912098,0.2717391304347826
2020,Eric Dalen|Phenizee Ransom|Sean Corbin,1,0.06693948267510952,0.891025641025641
2020,Eric Dalen|Robert Hussey|Scott Foster,1,-0.23144235412890496,0.7542087542087541
2020,Eric Dalen|Scott Foster|Suyash Mehta,1,-0.12039839302236675,0.9444962686567164
2020,Eric Dalen|Scott Wall|Tre Maddox,1,0.17810510641501967,1.0735887096774193
2020,Eric Lewis|Evan Scott|Jacyn Goble,2,0.015482289254578861,1.0356293009196733
2020,Eric Lewis|Evan Scott|Marat Kogut,1,-0.23604695615011753,0.9189743589743591
2020,Eric Lewis|Evan Scott|Tyler Ford,1,-0.6201220455450553,0.5532467532467532
2020,Eric Lewis|Haywoode Workman|Karl Lane,1,0.006230549750635942,0.9521505376344085
2020,Eric Lewis|JB DeRosa|Mark Lindsay,1,0.23084330061551278,1.4723320158102766
2020,Eric Lewis|James Williams|Leroy Richardson,1,0.5480549655343468,1.710875331564987
2020,Eric Lewis|Jason Goldenberg|Tyler Ford,1,-0.25131442828090605,0.8850574712643677
2020,Eric Lewis|John Butler|Leon Wood,1,-0.14744129204773426,1.2491694352159468
2020,Eric Lewis|Jonathan Sterling|Marat Kogut,1,0.4962892412523502,1.5604838709677418
2020,Eric Lewis|Jonathan Sterling|Michael Smith,1,-0.09038406146826906,0.8969696969696969
2020,Eric Lewis|Justin Van Duyne|Matt Kallio,1,0.2506652883684651,1.6304683479155944
2020,Eric Lewis|Justin Van Duyne|Tyler Ford,1,-0.1557193075998848,1.0344827586206897
2020,Eric Lewis|Kevin Cutler|Ray Acosta,1,-0.018803126963096113,0.8627450980392156
2020,Eric Lewis|Marat Kogut|Matt Myers,1,-0.3584511433399881,0.6521739130434783
2020,Eric Lewis|Marat Kogut|Mitchell Ervin,1,-0.42075380062325474,0.6861261261261261
2020,Eric Lewis|Marat Kogut|Nate Green,1,-0.20479441264601314,0.8
2020,Eric Lewis|Matt Boland|Simone Jelks,1,-0.6784410331702498,0.4994791666666667
2020,Eric Lewis|Matt Kallio|Scott Wall,1,-0.21858773477834909,0.7534246575342466
2020,Eric Lewis|Michael Smith|Mitchell Ervin,1,-0.31015492830383945,0.6111111111111112
2020,Eric Lewis|Mitchell Ervin|Ray Acosta,1,0.012243581105711408,1.167816091954023
2020,Eric Lewis|Mousa Dagher|Nick Buchert,1,-0.4641385097933373,0.6147058823529412
2020,Eric Lewis|Nick Buchert|Simone Jelks,1,-0.1820217516650413,0.7189655172413794
2020,Eric Lewis|Phenizee Ransom|Scott Wall,1,-0.029372078312330543,0.9440813362381989
2020,Eric Lewis|Scott Twardoski|Tyler Ford,1,-0.6535476077696262,0.40772200772200773
2020,Evan Scott|Gediminas Petraitis|Jacyn Goble,1,0.1525621171421204,1.1197368421052631
2020,Evan Scott|Gediminas Petraitis|Josh Tiven,1,-0.7339691750802003,0.5052631578947369
2020,Evan Scott|Jacyn Goble|James Williams,1,0.6261765544537616,2.0676923076923077
2020,Evan Scott|Jacyn Goble|Marc Davis,1,0.4494566773896986,1.462962962962963
2020,Evan Scott|James Williams|Mitchell Ervin,1,-0.023947005850511127,0.9575617283950617
2020,Evan Scott|Karl Lane|Rodney Mott,1,-1.0525211814678428,0.31027253668763105
2020,Evan Scott|Ken Mauer|Tom Washington,1,0.15307598869749275,1.2085769980506822
2020,Evan Scott|Kevin Cutler|Tre Maddox,1,0.08847229762930456,0.9614035087719297
2020,Evan Scott|Lauren Holtkamp|Tom Washington,1,-0.3928466441489529,0.6628571428571429
2020,Evan Scott|Leon Wood|Tony Brown,1,-0.014388737452099556,1.0436974789915965
2020,Evan Scott|Marc Davis|Nick Buchert,1,-0.06830297839301382,0.9259259259259258
2020,Evan Scott|Mitchell Ervin|Sean Wright,1,-0.9273405680607401,0.3428571428571428
2020,Evan Scott|Nick Buchert|Pat Fraher,1,0.37106368139083196,1.5595463137996222
2020,Evan Scott|Scott Wall|Zach Zarba,1,0.35563273436028864,1.60546875
2020,Evan Scott|Tony Brown|Tyler Ford,1,0.3144933299024377,1.125
2020,Gediminas Petraitis|Haywoode Workman|Sean Corbin,1,-0.7045758763835681,0.5991735537190083
2020,Gediminas Petraitis|Haywoode Workman|Tyler Ford,1,-0.18825629231376917,0.9423076923076924
2020,Gediminas Petraitis|JB DeRosa|Zach Zarba,1,-0.48228027129083423,0.6657397107897665
2020,Gediminas Petraitis|Jacyn Goble|Josh Tiven,1,-0.07197349962508934,0.8271604938271605
2020,Gediminas Petraitis|James Williams|Lauren Holtkamp,1,0.3546215551268903,1.3543589743589746
2020,Gediminas Petraitis|James Williams|Matt Myers,1,-0.29313365782329126,0.7257405515832482
2020,Gediminas Petraitis|Jason Goldenberg|Tony Brothers,1,0.2999221273462828,1.4341133004926108
2020,Gediminas Petraitis|Jason Goldenberg|Zach Zarba,1,0.17263549450136137,1.0324846356453028
2020,Gediminas Petraitis|Jenna Schroeder|Rodney Mott,1,0.2290086707666078,1.2214285714285715
2020,Gediminas Petraitis|John Conley|Marc Davis,1,-0.5471932679368654,0.4821428571428572
2020,Gediminas Petraitis|Justin Van Duyne|Sean Corbin,2,0.16031641388197,1.4461894425365558
2020,Gediminas Petraitis|Kane Fitzgerald|Matt Myers,1,0.22240253608949045,1.3432432432432433
2020,Gediminas Petraitis|Kane Fitzgerald|Suyash Mehta,1,-0.05884050002293335,0.7644787644787645
2020,Gediminas Petraitis|Ken Mauer|Suyash Mehta,1,-0.2337819495192655,0.9419913419913419
2020,Gediminas Petraitis|Kevin Cutler|Ray Acosta,1,0.19798988495167927,0.9859154929577466
2020,Gediminas Petraitis|Lauren Holtkamp|Pat Fraher,1,0.15778044787783718,1.2959280303030303
2020,Gediminas Petraitis|Marc Davis|Phenizee Ransom,1,-0.11524439470514221,0.7054924242424243
2020,Gediminas Petraitis|Matt Kallio|Michael Smith,1,-0.4017432293404386,0.5227754237288136
2020,Gediminas Petraitis|Phenizee Ransom|Sean Wright,1,0.23947997063390336,1.5882352941176472
2020,Gediminas Petraitis|Ray Acosta|Sean Corbin,1,-0.699836168710742,0.4318840579710145
2020,Gediminas Petraitis|Ray Acosta|Sean Wright,1,0.2163638643288311,1.2641277641277642
2020,Gediminas Petraitis|Simone Jelks|Tom Washington,1,0.1819651140883451,1.2540983606557377
2020,Gediminas Petraitis|Simone Jelks|Tony Brothers,1,-0.2621487704466161,0.7034482758620689
2020,Haywoode Workman|JB DeRosa|James Capers,1,-0.27081365333234,0.7030033370411569
2020,Haywoode Workman|JB DeRosa|Ken Mauer,1,0.13051213336268822,1.0955882352941175
2020,Haywoode Workman|JB DeRosa|Marc Davis,1,-0.10536051565782628,0.8666666666666667
2020,Haywoode Workman|James Williams|Matt Boland,1,-0.08269171584511353,0.9350198412698413
2020,Haywoode Workman|John Goble|Marat Kogut,1,-0.08638461419882057,1.154513888888889
2020,Haywoode Workman|Josh Tiven|Marat Kogut,1,-0.19828540778296855,0.6701680672268907
2020,Haywoode Workman|Josh Tiven|Mark Ayotte,1,-0.3837036163266517,0.6279569892473118
2020,Haywoode Workman|Karl Lane|Tre Maddox,2,0.23763498633236463,1.4594900497512437
2020,Haywoode Workman|Karl Lane|Zach Zarba,1,-0.11778303565638351,0.881159420289855
2020,Haywoode Workman|Ken Mauer|Natalie Sago,1,0.04673747785168984,0.9715668481548699
2020,Haywoode Workman|Kevin Cutler|Marc Davis,1,-0.027007201411310973,0.9024970273483948
2020,Haywoode Workman|Kevin Scott|Mitchell Ervin,1,0.23989140861543243,1.2337254901960784
2020,Haywoode Workman|Marat Kogut|Rodney Mott,1,-0.3094435642332938,0.831702544031311
2020,Haywoode Workman|Matt Boland|Michael Smith,1,-0.07122750928836788,0.8465909090909091
2020,Haywoode Workman|Mitchell Ervin|Sean Corbin,1,-0.06744128079553265,0.832258064516129
2020,Haywoode Workman|Natalie Sago|Rodney Mott,1,0.13608567242961936,0.9411764705882353
2020,Haywoode Workman|Nick Buchert|Tony Brown,1,-0.6454157777387552,0.5527927927927928
2020,Haywoode Workman|Scott Twardoski|Tom Washington,1,-0.2135741002980589,0.8974358974358975
2020,Haywoode Workman|Scott Twardoski|Tre Maddox,1,-0.12825433552367885,0.7916666666666666
2020,JB DeRosa|Jacyn Goble|Tre Maddox,1,-0.2481307261329814,0.934640522875817
2020,JB DeRosa|James Capers|Mousa Dagher,1,-0.21098945166352656,0.8097826086956522
2020,JB DeRosa|John Butler|Ken Mauer,1,-0.6039407836936384,0.5176470588235295
2020,JB DeRosa|John Butler|Kevin Scott,1,0.16640494475072537,1.3233830845771144
2020,JB DeRosa|John Butler|Marc Davis,1,-0.04898610813008636,1.1206896551724137
2020,JB DeRosa|Josh Tiven|Mark Ayotte,1,0.22791415107325827,1.115506329113924
2020,JB DeRosa|Justin Van Duyne|Kevin Scott,1,-0.36533300668184693,0.6344827586206897
2020,JB DeRosa|Justin Van Duyne|Rodney Mott,1,-0.24876665620210736,0.7716562716562716
2020,JB DeRosa|Justin Van Duyne|Sean Wright,1,0.12378505434138175,1.1196029776674938
2020,JB DeRosa|Kane Fitzgerald|Marat Kogut,1,-0.005536346321160251,0.9390681003584229
2020,JB DeRosa|Kane Fitzgerald|Nate Green,1,-0.2543264787508976,0.918918918918919
2020,JB DeRosa|Ken Mauer|Suyash Mehta,1,-0.15200608845278116,0.7916894477856752
2020,JB DeRosa|Kevin Cutler|Tre Maddox,1,-0.02609336922786976,1.4690982776089159
2020,JB DeRosa|Kevin Scott|Scott Twardoski,1,-0.25593337413720063,0.7804370447450573
2020,JB DeRosa|Marat Kogut|Tony Brown,1,-0.11000089521432858,0.7699724517906336
2020,JB DeRosa|Marc Davis|Matt Kallio,1,-0.1316778239751998,0.8609693877551021
2020,JB DeRosa|Mitchell Ervin|Tony Brothers,1,-0.13580154115906176,0.8494208494208494
2020,JB DeRosa|Sean Wright|Suyash Mehta,1,-0.7925810775481322,0.47311827956989244
2020,JB DeRosa|Suyash Mehta|Zach Zarba,1,0.6030541370329074,2.181196581196581
2020,JT Orr|Jason Goldenberg|Sean Wright,1,0.09356877753578895,0.7792869269949065
2020,JT Orr|Marc Davis|Mark Ayotte,1,-0.19883649103228931,0.8721759809750298
2020,Jacyn Goble|James Capers|Jenna Schroeder,1,0.24216523362731796,1.3536299765807962
2020,Jacyn Goble|James Capers|Matt Kallio,1,-0.07522342123758752,0.7896592244418332
2020,Jacyn Goble|James Capers|Robert Hussey,1,-0.025317807984290012,0.7886029411764706
2020,Jacyn Goble|James Williams|Jenna Schroeder,1,-0.0325610160493123,0.7979626485568759
2020,Jacyn Goble|James Williams|John Conley,1,-0.019418085857101627,1.0537190082644627
2020,Jacyn Goble|James Williams|Mark Ayotte,1,0.336472236621213,1.2259459459459459
2020,Jacyn Goble|James Williams|Nate Green,1,0.3114361584598881,1.3148148148148149
2020,Jacyn Goble|Jenna Schroeder|Tyler Ford,1,-0.006557400546159052,0.8830791575889615
2020,Jacyn Goble|John Butler|Tre Maddox,1,-0.17241602780455156,0.7815126050420167
2020,Jacyn Goble|John Conley|Marc Davis,1,-0.7100967388737186,0.38235294117647056
2020,Jacyn Goble|Jonathan Sterling|Tony Brothers,1,-0.21772348384487067,0.6434782608695652
2020,Jacyn Goble|Josh Tiven|Robert Hussey,1,0.034837568324885555,0.9302884615384616
2020,Jacyn Goble|Josh Tiven|Simone Jelks,1,-0.1285849686891971,1.2574545454545456
2020,Jacyn Goble|Josh Tiven|Suyash Mehta,1,-0.05585987188479574,0.7880597014925373
2020,Jacyn Goble|Josh Tiven|Tyler Ford,1,-0.33818310102484234,0.6320346320346321
2020,Jacyn Goble|Marc Davis|Mark Ayotte,1,0.29543923318984405,1.3616326530612246
2020,Jacyn Goble|Mark Lindsay|Sean Corbin,1,0.06974060495482104,1.6383374689826302
2020,Jacyn Goble|Mark Lindsay|Tony Brothers,1,0.3125344654171047,1.4447773972602738
2020,Jacyn Goble|Matt Boland|Sean Corbin,1,0.16705408466316607,1.238095238095238
2020,Jacyn Goble|Matt Kallio|Tony Brothers,1,0.05173942421872868,1.0206981773246833
2020,Jacyn Goble|Mousa Dagher|Rodney Mott,1,0.7623851200544949,2.0703125
2020,Jacyn Goble|Ray Acosta|Zach Zarba,1,0.12693070859317046,1.155612244897959
2020,Jacyn Goble|Scott Foster|Tom Washington,1,0.24116205681688804,1.0303030303030305
2020,Jacyn Goble|Sean Wright|Suyash Mehta,1,0.18207314044688153,1.466302367941712
2020,Jacyn Goble|Suyash Mehta|Tre Maddox,1,-0.48433272751487444,0.714781746031746
2020,James Capers|Jason Goldenberg|Scott Twardoski,1,-0.4325874278603131,0.48284883720930233
2020,James Capers|Jason Goldenberg|Scott Wall,1,-0.018440592324120077,1.1694117647058826
2020,James Capers|Jenna Schroeder|Lauren Holtkamp,1,-0.5996211225491218,0.4676833696441539
2020,James Capers|Jenna Schroeder|Mark Ayotte,1,0.2972515234679317,1.779264214046823
2020,James Capers|Jenna Schroeder|Tyler Ford,1,0.23052365861183216,1.3026819923371646
2020,James Capers|John Butler|Justin Van Duyne,1,0.3693601034660482,1.3563829787234043
2020,James Capers|John Conley|Marat Kogut,1,0.20479441264601322,1.2857142857142858
2020,James Capers|John Conley|Matt Boland,1,-0.00960885910663685,0.7923497267759563
2020,James Capers|Jonathan Sterling|Mark Lindsay,1,-0.47213810177436816,0.6848112379280069
2020,James Capers|Justin Van Duyne|Michael Smith,1,-0.07777770104268439,1.1657142857142855
2020,James Capers|Kevin Cutler|Ray Acosta,2,-0.4094387509365256,0.8931944444444444
2020,James Capers|Mark Ayotte|Matt Myers,1,-0.05641408928009133,0.8814123917388408
2020,James Capers|Mark Ayotte|Simone Jelks,1,0.2322912242509969,1.2299498746867168
2020,James Capers|Mark Lindsay|Mousa Dagher,1,0.10471095408903076,1.0178571428571428
2020,James Capers|Matt Kallio|Scott Twardoski,1,0.11372876532834272,1.0893246187363834
2020,James Capers|Michael Smith|Robert Hussey,2,0.2494955830594939,1.23184789067142
2020,James Capers|Nick Buchert|Ray Acosta,1,0.24005402346252633,1.3202146690518783
2020,James Capers|Nick Buchert|Simone Jelks,2,0.21036559227838741,1.1615495355997987
2020,James Capers|Phenizee Ransom|Scott Wall,1,0.6014319716734794,2.1150278293135436
2020,James Capers|Scott Wall|Sean Corbin,1,-1.1210851445201682,0.29758454106280197
2020,James Capers|Scott Wall|Suyash Mehta,1,0.4712783266777362,1.6020408163265307
2020,James Capers|Scott Wall|Tyler Ford,2,0.23460573017958936,1.247066692897895
2020,James Williams|Jason Goldenberg|Kevin Scott,1,0.09819202617921363,1.2099334357398872
2020,James Williams|Justin Van Duyne|Kevin Cutler,1,-1.2992829841302607,0.25
2020,James Williams|Justin Van Duyne|Mark Ayotte,1,-0.013641003984229893,0.9511241446725318
2020,James Williams|Justin Van Duyne|Scott Twardoski,1,-0.1608396679780549,0.8023076923076924
2020,James Williams|Leon Wood|Leroy Richardson,1,0.2336148511815051,1.0827067669172932
2020,James Williams|Leroy Richardson|Mark Ayotte,1,-0.3070780027993602,0.7881355932203391
2020,James Williams|Mark Lindsay|Mousa Dagher,1,0.3940911453241546,1.3482142857142856
2020,James Williams|Mitchell Ervin|Simone Jelks,1,0.1332872221923487,1.0866477272727273
2020,James Williams|Nate Green|Ray Acosta,1,0.157038351484455,1.2781954887218048
2020,James Williams|Phenizee Ransom|Sean Wright,1,0.17785601769597967,1.2218045112781954
2020,James Williams|Simone Jelks|Tony Brothers,1,-0.3923930265408115,0.5526315789473685
2020,Jason Goldenberg|John Goble|Marat Kogut,1,0.007326040092072881,1.1048387096774193
2020,Jason Goldenberg|John Goble|Tom Washington,1,-0.6190392084062235,0.4242424242424242
2020,Jason Goldenberg|Josh Tiven|Nick Buchert,1,0.2662908824704633,1.2724867724867723
2020,Jason Goldenberg|Josh Tiven|Scott Wall,1,-0.5719444388220363,0.641077441077441
2020,Jason Goldenberg|Ken Mauer|Natalie Sago,1,-0.21386991452888074,0.6964285714285714
2020,Jason Goldenberg|Kevin Scott|Nick Buchert,1,0.351009206403055,1.6070307595731324
2020,Jason Goldenberg|Leon Wood|Tony Brothers,1,-0.42945753485138566,0.6284185493460166
2020,Jason Goldenberg|Leon Wood|Zach Zarba,1,-0.4238142467763609,0.5191222570532915
2020,Jason Goldenberg|Marat Kogut|Rodney Mott,1,-0.5136786927483972,0.6451612903225806
2020,Jason Goldenberg|Mark Ayotte|Zach Zarba,1,-0.2527095292416601,0.6119402985074627
2020,Jason Goldenberg|Mark Lindsay|Scott Foster,1,0.5050116539005709,1.4202898550724639
2020,Jason Goldenberg|Matt Boland|Tony Brothers,1,-0.557512737738644,0.5567251461988304
2020,Jason Goldenberg|Mitchell Ervin|Tony Brothers,1,-0.013793322132335873,0.9581213307240705
2020,Jason Goldenberg|Natalie Sago|Tre Maddox,1,-1.1836055015015021,0.26666666666666666
2020,Jason Goldenberg|Scott Foster|Tom Washington,1,0.26815299264373577,1.1837875611460518
2020,Jason Goldenberg|Sean Corbin|Tre Maddox,1,-0.5143405658734351,0.5812865497076023
2020,Jason Goldenberg|Tony Brothers|Tyler Ford,1,0.27753762338000854,1.4976958525345623
2020,Jason Goldenberg|Tre Maddox|Tyler Ford,1,0.5658854009490183,2.1821164889253484
2020,Jason Goldenberg|Tyler Ford|Zach Zarba,1,0.38372512147175836,1.1881720430107525
2020,Jenna Schroeder|John Goble|Karl Lane,1,-0.37131544825604595,0.7955254942767951
2020,Jenna Schroeder|Kane Fitzgerald|Natalie Sago,1,0.048202101817877686,1.0810810810810811
2020,Jenna Schroeder|Kevin Scott|Mitchell Ervin,1,0.39736655958966155,1.2533950617283949
2020,Jenna Schroeder|Natalie Sago|Sean Wright,1,0.08907963005368885,0.9285714285714286
2020,Jenna Schroeder|Scott Twardoski|Sean Corbin,1,-0.015748356968139168,1.0429054054054054
2020,John Butler|John Goble|Scott Wall,1,0.31020966134345257,1.394704433497537
2020,John Butler|Jonathan Sterling|Scott Foster,1,-0.14325109531250593,0.7447916666666667
2020,John Butler|Kevin Scott|Mark Lindsay,1,0.11955923505763945,1.3416666666666668
2020,John Butler|Marc Davis|Mitchell Ervin,1,-0.1933713929805395,0.8403361344537814
2020,John Butler|Michael Smith|Pat Fraher,1,-0.7039580966641611,0.48689516129032256
2020,John Butler|Michael Smith|Zach Zarba,1,-0.26670152565333954,0.7720782654680063
2020,John Butler|Mitchell Ervin|Tony Brothers,1,-1.1515263289533935,0.2822802197802198
2020,John Butler|Natalie Sago|Tyler Ford,1,0.09600007289826243,0.9350198412698413
2020,John Butler|Rodney Mott|Scott Wall,1,-0.31032744620299946,0.6041039671682626
2020,John Butler|Scott Foster|Scott Wall,1,-0.12653019716553915,0.7049180327868853
2020,John Butler|Scott Twardoski|Sean Corbin,1,-0.0874228149711589,0.8508403361344538
2020,John Butler|Sean Corbin|Tre Maddox,1,0.30454587850378567,1.2412698412698413
2020,John Conley|John Goble|Marat Kogut,1,0.13315253298748478,1.0043290043290043
2020,John Conley|John Goble|Natalie Sago,1,0.3965124968360504,1.805194805194805
2020,John Conley|Jonathan Sterling|Marc Davis,1,0.3920420877760237,1.4949494949494948
2020,John Conley|Karl Lane|Ken Mauer,1,0.18577120861610402,1.187537810042347
2020,John Conley|Ken Mauer|Marat Kogut,1,0.05460413403485195,0.9681122448979591
2020,John Conley|Kevin Scott|Leon Wood,1,0.058063800954761116,1.0079051383399211
2020,John Conley|Kevin Scott|Scott Twardoski,1,-0.20648466532757118,0.7373040752351097
2020,John Conley|Leon Wood|Scott Foster,1,0.013387080782459279,0.9853249475890986
2020,John Conley|Marc Davis|Mark Lindsay,1,-0.133947972509739,0.9795918367346939
2020,John Conley|Nick Buchert|Rodney Mott,1,-0.15300716912517945,0.6793478260869565
2020,John Conley|Nick Buchert|Scott Foster,1,0.06127232335095007,1.0609548167092924
2020,John Conley|Nick Buchert|Zach Zarba,1,0.16889853646181388,1.3024
2020,John Conley|Scott Wall|Zach Zarba,1,-0.14358172847802397,0.9228515625
2020,John Goble|Jonathan Sterling|Natalie Sago,1,0.04136093282486546,1.1574746008708274
2020,John Goble|Jonathan Sterling|Sean Wright,1,-0.031594365418217286,0.7894736842105263
2020,John Goble|Leroy Richardson|Michael Smith,1,0.0812741265994864,1.016374269005848
2020,John Goble|Marat Kogut|Simone Jelks,1,0.14490102414482126,1.147897897897898
2020,John Goble|Mark Lindsay|Mousa Dagher,1,-0.09065436826813084,0.8806244260789715
2020,John Goble|Matt Kallio|Tom Washington,1,0.3622929362429557,1.413572343149808
2020,John Goble|Michael Smith|Ray Acosta,1,-1.1526795099383855,0.39097744360902253
2020,John Goble|Michael Smith|Simone Jelks,1,-0.44333538216357404,0.6675675675675676
2020,John Goble|Mousa Dagher|Tyler Ford,1,-0.016529301951210582,0.9803278688524589
2020,John Goble|Phenizee Ransom|Sean Wright,1,-0.1634243166125875,1.1713527851458887
2020,John Goble|Scott Wall|Sean Corbin,1,0.5619370834407936,1.709090909090909
2020,John Goble|Scott Wall|Tom Washington,1,0.1823215567939546,1.3333333333333333
2020,Jonathan Sterling|Kane Fitzgerald|Karl Lane,1,-0.08112554481236846,1.033068783068783
2020,Jonathan Sterling|Kane Fitzgerald|Natalie Sago,1,-0.7966878595007858,0.37810682178741406
2020,Jonathan Sterling|Kane Fitzgerald|Scott Twardoski,1,-0.8292793548845253,0.37617554858934166
2020,Jonathan Sterling|Kevin Scott|Nick Buchert,1,-0.0042238711161850595,0.8863383931877081
2020,Jonathan Sterling|Leroy Richardson|Rodney Mott,1,0.2506652883684651,1.2929104477611941
2020,Jonathan Sterling|Marat Kogut|Tony Brown,1,0.27554733998578756,1.0983552631578948
2020,Jonathan Sterling|Mark Ayotte|Sean Wright,3,-0.3338437370639624,0.7969533855270421
2020,Jonathan Sterling|Natalie Sago|Sean Corbin,1,-0.8292793548845253,0.37617554858934166
2020,Jonathan Sterling|Nate Green|Sean Wright,1,0.5561008458279781,1.3661573288058857
2020,Jonathan Sterling|Robert Hussey|Sean Corbin,1,0.006472514505617298,1.2774725274725274
2020,Jonathan Sterling|Scott Foster|Sean Corbin,1,-0.06220370802928416,1.0433815350389322
2020,Jonathan Sterling|Tom Washington|Tre Maddox,1,-0.835968343035322,0.4837662337662338
2020,Josh Tiven|Justin Van Duyne|Mark Ayotte,1,0.10346836750578846,1.1458333333333333
2020,Josh Tiven|Karl Lane|Natalie Sago,1,-0.4552974818560402,0.6486742424242424
2020,Josh Tiven|Leon Wood|Scott Twardoski,1,0.16338435577420368,0.9444444444444444
2020,Josh Tiven|Leon Wood|Simone Jelks,2,-0.3621150616379525,0.6730890756302521
2020,Josh Tiven|Leroy Richardson|Mitchell Ervin,1,0.1006435257796873,0.9215686274509804
2020,Josh Tiven|Leroy Richardson|Nick Buchert,1,0.31679947102250816,1.3422222222222222
2020,Josh Tiven|Mark Ayotte|Matt Myers,1,0.2833624113072646,1.3879310344827587
2020,Josh Tiven|Mark Ayotte|Scott Twardoski,1,-0.4322633012628885,0.6591796875
2020,Josh Tiven|Michael Smith|Nate Green,1,0.21419676532440352,1.591973244147157
2020,Josh Tiven|Nate Green|Nick Buchert,1,-0.29495483178086057,0.7863520408163266
2020,Justin Van Duyne|Kane Fitzgerald|Scott Twardoski,1,-0.6801269003860616,0.4736596736596737
2020,Justin Van Duyne|Kevin Cutler|Sean Wright,1,0.030347156389291745,1.1447963800904977
2020,Justin Van Duyne|Kevin Cutler|Tre Maddox,1,-0.25593337413720063,0.9953917050691243
2020,Justin Van Duyne|Leon Wood|Zach Zarba,1,0.7844386007693523,2.328125
2020,Justin Van Duyne|Marc Davis|Tyler Ford,1,-0.325422400434628,0.82183908045977
2020,Justin Van Duyne|Mark Ayotte|Mousa Dagher,1,-0.13944453243756294,0.8834325396825397
2020,Justin Van Duyne|Mark Ayotte|Rodney Mott,1,-1.075622770443411,0.3114256825075834
2020,Justin Van Duyne|Mark Ayotte|Tre Maddox,1,0.6071024542014105,2.0972644376899696
2020,Justin Van Duyne|Mark Ayotte|Tyler Ford,1,-0.36364361325482575,0.5381720430107527
2020,Justin Van Duyne|Matt Boland|Sean Corbin,1,-0.04587045406609729,0.8240997229916898
2020,Justin Van Duyne|Michael Smith|Zach Zarba,1,-0.5846295983493519,0.5696969696969697
2020,Justin Van Duyne|Nick Buchert|Sean Corbin,1,-0.09907032672422932,0.7165811965811967
2020,Justin Van Duyne|Scott Foster|Scott Twardoski,1,-0.29450803752218074,0.7746938775510205
2020,Justin Van Duyne|Scott Foster|Scott Wall,1,0.09531017980432493,1.2689655172413794
2020,Justin Van Duyne|Scott Twardoski|Zach Zarba,1,-0.1286173778220936,0.9189189189189189
2020,Justin Van Duyne|Tyler Ford|Zach Zarba,1,0.5047127956177507,1.6140350877192982
2020,Kane Fitzgerald|Lauren Holtkamp|Nick Buchert,1,-0.0560894666510437,0.6933333333333332
2020,Kane Fitzgerald|Leroy Richardson|Nick Buchert,1,-0.21535549789346226,0.8515037593984962
2020,Kane Fitzgerald|Matt Myers|Scott Wall,2,-0.08597778311616908,0.9615569687684697
2020,Kane Fitzgerald|Mitchell Ervin|Natalie Sago,1,-0.2198046500486951,0.8221343873517787
2020,Kane Fitzgerald|Mousa Dagher|Natalie Sago,1,-0.17733401528291565,0.8505859375
2020,Kane Fitzgerald|Mousa Dagher|Scott Twardoski,1,-0.0698095313935075,0.7771428571428572
2020,Kane Fitzgerald|Natalie Sago|Nick Buchert,1,-0.09716374845364774,0.8148148148148148
2020,Kane Fitzgerald|Scott Twardoski|Tom Washington,2,-0.011830496450880107,0.9688849498132586
2020,Karl Lane|Ken Mauer|Mousa Dagher,1,0.7223733809188172,2.39010989010989
2020,Karl Lane|Ken Mauer|Ray Acosta,1,0.15600424847658118,1.1428571428571428
2020,Karl Lane|Kevin Scott|Phenizee Ransom,1,-1.040343380544134,0.43621399176954734
2020,Karl Lane|Kevin Scott|Ray Acosta,1,-0.0934378707009201,0.853448275862069
2020,Karl Lane|Kevin Scott|Scott Wall,1,-0.07260772918601843,1.0379918588873813
2020,Karl Lane|Leroy Richardson|Sean Wright,1,-0.525266307920785,0.6936936936936937
2020,Karl Lane|Leroy Richardson|Zach Zarba,1,-0.03278982282299084,0.9739854318418314
2020,Karl Lane|Matt Boland|Scott Foster,1,-0.2006706954621511,0.7777777777777778
2020,Karl Lane|Matt Myers|Sean Wright,1,-0.3873862762398296,0.6171171171171171
2020,Karl Lane|Nate Green|Pat Fraher,1,-0.7259370033829363,0.4789833822091887
2020,Karl Lane|Nate Green|Tre Maddox,2,-0.017022421050869,0.9409042874396136
2020,Karl Lane|Phenizee Ransom|Rodney Mott,1,0.16211884947643512,0.9799999999999999
2020,Karl Lane|Ray Acosta|Scott Foster,1,-0.3566749439387323,0.7107692307692307
2020,Karl Lane|Robert Hussey|Rodney Mott,1,-0.26175838744198937,0.622549019607843
2020,Karl Lane|Robert Hussey|Scott Foster,1,-0.42367753203146263,0.6273584905660378
2020,Karl Lane|Suyash Mehta|Zach Zarba,1,0.1250032836298705,1.01806640625
2020,Ken Mauer|Leroy Richardson|Matt Boland,1,0.13858616328614673,1.1583011583011582
2020,Ken Mauer|Marat Kogut|Simone Jelks,1,0.35485510722174635,1.2302521008403362
2020,Ken Mauer|Mark Ayotte|Ray Acosta,1,-0.2727127073436206,0.6408345752608047
2020,Ken Mauer|Matt Boland|Michael Smith,1,0.8169252817412898,2.573913043478261
2020,Ken Mauer|Matt Boland|Mousa Dagher,1,0.05934503111080959,1.3470982142857144
2020,Ken Mauer|Matt Kallio|Ray Acosta,1,-0.1743533871447778,0.6533333333333333
2020,Ken Mauer|Matt Kallio|Scott Wall,1,0.2744368457017602,1.0817307692307692
2020,Ken Mauer|Michael Smith|Natalie Sago,1,0.2795848622191615,1.5115207373271888
2020,Ken Mauer|Mitchell Ervin|Mousa Dagher,1,0.08801087732271358,1.1231999999999998
2020,Ken Mauer|Mitchell Ervin|Suyash Mehta,1,0.40934645481613685,1.782051282051282
2020,Ken Mauer|Ray Acosta|Simone Jelks,1,-0.13300515991227893,0.9257744009351258
2020,Ken Mauer|Scott Twardoski|Suyash Mehta,1,-0.9379522286553346,0.5436507936507936
2020,Kevin Cutler|Marc Davis|Simone Jelks,1,-0.028170876966696335,0.7777777777777778
2020,Kevin Cutler|Mitchell Ervin|Nate Green,1,-0.542956901948784,0.5939393939393939
2020,Kevin Cutler|Mitchell Ervin|Scott Twardoski,1,0.41173472112175985,1.6060377358490565
2020,Kevin Cutler|Mousa Dagher|Scott Foster,1,0.5898089102828868,1.797337278106509
2020,Kevin Cutler|Pat Fraher|Suyash Mehta,1,0.2852159799565874,1.163793103448276
2020,Kevin Scott|Lauren Holtkamp|Robert Hussey,1,-0.44753077339367703,0.5208333333333334
2020,Kevin Scott|Leroy Richardson|Mitchell Ervin,1,0.21480701193844304,1.2714078374455733
2020,Kevin Scott|Mark Lindsay|Mousa Dagher,1,0.1704870991469517,1.089075630252101
2020,Kevin Scott|Matt Myers|Natalie Sago,1,0.08486622064324156,1.036734693877551
2020,Kevin Scott|Matt Myers|Scott Twardoski,1,0.369747025506085,1.3157894736842104
2020,Lauren Holtkamp|Mark Lindsay|Tony Brothers,1,-0.4398665348254968,0.6584362139917694
2020,Lauren Holtkamp|Michael Smith|Tony Brothers,1,-0.05386631720129261,0.9600266489007329
2020,Lauren Holtkamp|Rodney Mott|Tyler Ford,1,0.07659244548138387,1.1567164179104477
2020,Lauren Holtkamp|Scott Foster|Scott Twardoski,1,-0.4274440148269398,0.6329923273657289
2020,Lauren Holtkamp|Scott Foster|Sean Corbin,2,0.004434062356083825,1.0902073732718893
2020,Lauren Holtkamp|Sean Corbin|Tony Brothers,1,0.12473679462096511,0.9710144927536232
2020,Lauren Holtkamp|Tyler Ford|Zach Zarba,1,0.15415067982725816,1.206896551724138
2020,Leon Wood|Leroy Richardson|Tony Brothers,1,-0.4061550012021021,0.713793103448276
2020,Leon Wood|Matt Boland|Rodney Mott,1,-0.4933951806148665,0.7083333333333333
2020,Leon Wood|Matt Myers|Tony Brown,1,0.26374930624015275,1.0430971512052594
2020,Leon Wood|Robert Hussey|Sean Corbin,1,-0.11796728254773828,1.0544794188861986
2020,Leon Wood|Scott Foster|Scott Twardoski,1,-0.7386298301813552,0.5003652300949598
2020,Leon Wood|Simone Jelks|Tony Brothers,1,-0.623843701833348,0.5040175310445582
2020,Leroy Richardson|Marc Davis|Mark Lindsay,1,-0.40588964642912373,0.5680921052631579
2020,Leroy Richardson|Mark Ayotte|Scott Wall,1,-0.5226135795180329,0.4928571428571428
2020,Leroy Richardson|Mark Ayotte|Tony Brown,1,0.3055782612764276,1.3998287671232874
2020,Leroy Richardson|Michael Smith|Zach Zarba,1,0.22694583726394832,1.0054054054054054
2020,Leroy Richardson|Mitchell Ervin|Pat Fraher,1,0.10616019582839072,1.0692307692307692
2020,Leroy Richardson|Natalie Sago|Sean Wright,1,-0.3374194306299883,0.6871794871794873
2020,Leroy Richardson|Nick Buchert|Sean Wright,1,-0.14287124887442537,0.7532923617208077
2020,Leroy Richardson|Scott Foster|Scott Wall,1,-0.1777054270101119,0.8670886075949368
2020,Marat Kogut|Marc Davis|Simone Jelks,1,-0.37873204591109566,0.6175666438824333
2020,Marat Kogut|Matt Myers|Sean Corbin,1,-0.5302168130806412,0.5502645502645502
2020,Marat Kogut|Matt Myers|Zach Zarba,1,0.0794641713542468,0.9404081632653061
2020,Marat Kogut|Nate Green|Rodney Mott,1,0.11778303565638346,1.0588235294117647
2020,Marat Kogut|Nate Green|Zach Zarba,1,0.31160665853702635,1.3185271770894214
2020,Marat Kogut|Scott Foster|Scott Wall,1,0.11475914463130643,1.3685344827586206
2020,Marc Davis|Mark Ayotte|Matt Boland,1,-0.28883083765565426,0.7213930348258706
2020,Marc Davis|Mark Ayotte|Matt Kallio,1,-0.1746586840483855,0.7557692307692309
2020,Marc Davis|Matt Boland|Nate Green,1,-0.3922198813581439,0.7238095238095238
2020,Marc Davis|Matt Kallio|Tom Washington,1,0.16729640903976095,1.1530797101449275
2020,Marc Davis|Michael Smith|Nate Green,1,0.10073024727366403,1.15625
2020,Marc Davis|Natalie Sago|Robert Hussey,1,0.028303776162851724,1.2573099415204676
2020,Marc Davis|Natalie Sago|Tyler Ford,1,-0.2261241794523475,0.8507936507936508
2020,Mark Ayotte|Mousa Dagher|Sean Wright,1,-0.5869249673046378,0.5368608799048752
2020,Mark Ayotte|Nate Green|Scott Foster,1,-0.8513501775921516,0.4326219512195122
2020,Mark Ayotte|Nick Buchert|Simone Jelks,1,0.12361395596717663,0.9490662139219014
2020,Mark Lindsay|Nate Green|Sean Corbin,1,-0.25593337413720063,0.6742976066597295
2020,Mark Lindsay|Suyash Mehta|Tre Maddox,1,0.40641162971219524,1.4460685483870968
2020,Matt Boland|Nate Green|Tony Brothers,1,-0.5630335324460831,0.5572320499479708
2020,Matt Boland|Nick Buchert|Scott Foster,1,-0.0959639882617436,0.9434389140271494
2020,Matt Boland|Robert Hussey|Sean Corbin,1,0.022472855852058576,1.2272727272727273
2020,Matt Boland|Sean Corbin|Suyash Mehta,1,0.20825493882045915,1.070154577883472
2020,Matt Kallio|Rodney Mott|Tyler Ford,1,-0.5302437096230922,0.68
2020,Matt Myers|Mitchell Ervin|Tyler Ford,1,-0.5644499847228833,0.5790123456790124
2020,Matt Myers|Natalie Sago|Tony Brothers,1,0.3085887572710947,1.2253521126760563
2020,Matt Myers|Nick Buchert|Pat Fraher,1,-0.37865385065750756,0.6206896551724138
2020,Matt Myers|Pat Fraher|Scott Wall,1,-0.6343066805370119,0.42424242424242425
2020,Matt Myers|Tre Maddox|Tyler Ford,1,-0.04543717849606081,0.8153787590407308
2020,Michael Smith|Mitchell Ervin|Pat Fraher,1,-0.5801083083255401,0.4387917329093799
2020,Michael Smith|Mousa Dagher|Sean Wright,1,-0.12229771601090991,0.6597366597366598
2020,Michael Smith|Phenizee Ransom|Ray Acosta,1,0.16388785510511664,1.3253424657534245
2020,Michael Smith|Ray Acosta|Scott Foster,1,0.08369901887664684,1.2685185185185186
2020,Mitchell Ervin|Natalie Sago|Rodney Mott,1,-0.35331011612313284,0.8015350877192983
2020,Mitchell Ervin|Phenizee Ransom|Tony Brown,1,-0.32208349916911333,0.9171195652173912
2020,Mitchell Ervin|Scott Twardoski|Tony Brown,1,-0.007722046093910278,1.0004081632653061
2020,Mousa Dagher|Natalie Sago|Tony Brown,1,0.0707508561178494,0.9521331945889698
2020,Mousa Dagher|Rodney Mott|Tom Washington,1,-0.6918442487795292,0.48988518316019686
2020,Mousa Dagher|Scott Wall|Tre Maddox,1,0.301668314426521,1.20049710024855
2020,Natalie Sago|Nate Green|Sean Corbin,1,0.5827678337901762,1.765032377428307
2020,Natalie Sago|Nick Buchert|Pat Fraher,1,-0.017071983898647503,1.1010416666666667
2020,Natalie Sago|Nick Buchert|Rodney Mott,1,-0.5133540701193493,0.4952978056426332
2020,Natalie Sago|Pat Fraher|Tyler Ford,1,-0.025759992382385802,0.8302325581395349
2020,Natalie Sago|Robert Hussey|Sean Wright,1,-0.5214729644752158,0.6068376068376069
2020,Natalie Sago|Sean Corbin|Suyash Mehta,1,0.24936674641331222,1.2787723785166238
2020,Natalie Sago|Tom Washington|Tony Brown,1,-0.23151180098472637,0.8147747747747748
2020,Natalie Sago|Tony Brothers|Tyler Ford,1,0.19404502049001376,1.2452830188679245
2020,Nate Green|Scott Twardoski|Tony Brothers,1,-0.09253982722876473,1.2224694104560623
2020,Nick Buchert|Phenizee Ransom|Scott Foster,1,0.08829260714567842,0.9930069930069931
2020,Nick Buchert|Phenizee Ransom|Sean Corbin,1,0.6188748293477453,2.0256410256410255
2020,Nick Buchert|Phenizee Ransom|Tre Maddox,1,-0.012422519998557096,1.2254901960784312
2020,Nick Buchert|Robert Hussey|Tre Maddox,1,0.0038240964384032546,0.9467028003613368
2020,Nick Buchert|Scott Twardoski|Zach Zarba,1,0.01526747213078838,0.9428571428571428
2020,Pat Fraher|Ray Acosta|Tyler Ford,1,-0.1997049783421923,0.742319749216301
2020,Pat Fraher|Suyash Mehta|Tyler Ford,1,0.6002476609450929,1.908086610693769
2020,Phenizee Ransom|Scott Foster|Tom Washington,1,0.018803126963096092,0.9022556390977443
2020,Robert Hussey|Scott Twardoski|Sean Wright,1,-0.07796154146971193,0.7115384615384615
2020,Scott Foster|Scott Wall|Tom Washington,1,-0.010929070532190206,1.0271739130434783
2020,Scott Twardoski|Tyler Ford|Zach Zarba,1,-0.014184634991956525,0.8313771517996871
2020,Simone Jelks|Tyler Ford|Zach Zarba,1,-0.2719337154836418,0.7921022067363531
2020,Suyash Mehta|Tom Washington|Tony Brothers,1,0.14627041840195248,1.1253561253561255
2021,Aaron Smith|Andy Nagy|Josh Tiven,1,0.03596514869351509,1.1779769526248398
2021,Aaron Smith|Ben Taylor|Bennie Adams,1,-0.04773140282119004,1.0677966101694916
2021,Aaron Smith|Bill Kennedy|Evan Scott,1,-0.07724158539382485,0.7318548387096775
2021,Aaron Smith|Bill Kennedy|JB DeRosa,1,0.027618034420596987,0.847457627118644
2021,Aaron Smith|Bill Kennedy|Jacyn Goble,1,0.10381849530601092,1.0940970192869666
2021,Aaron Smith|Brandon Adair|David Guthrie,1,-0.5138062519041285,0.5775862068965517
2021,Aaron Smith|Brandon Schwab|Kevin Scott,1,-0.003312358112982911,0.9513888888888888
2021,Aaron Smith|Brett Nansel|Rodney Mott,1,0.14576938137386689,1.4116379310344827
2021,Aaron Smith|Brian Forte|John Goble,2,-0.3304480673631257,0.7251293679865108
2021,Aaron Smith|Brian Forte|Tony Brothers,1,-1.2948229576227313,0.3400713436385256
2021,Aaron Smith|Brian Forte|Zach Zarba,1,-0.14514255355220065,0.6919191919191918
2021,Aaron Smith|Cheryl Flores|James Capers,1,0.021215839150272572,0.9525623268698062
2021,Aaron Smith|Curtis Blair|Justin Van Duyne,1,0.20409535634351522,1.320754716981132
2021,Aaron Smith|David Guthrie|Derek Richardson,1,-0.4141231708512789,0.49145299145299154
2021,Aaron Smith|David Guthrie|Mark Lindsay,1,-0.11394425934921784,0.7217194570135748
2021,Aaron Smith|Dedric Taylor|James Williams,1,-0.13300515991227893,0.9257744009351258
2021,Aaron Smith|Derek Richardson|James Capers,1,0.19152407572511662,1.184180790960452
2021,Aaron Smith|Derrick Collins|Zach Zarba,1,-0.02197890671877523,0.9750000000000001
2021,Aaron Smith|Ed Malloy|Natalie Sago,1,-0.6128247917211123,0.4584615384615385
2021,Aaron Smith|Eric Dalen|Scott Foster,1,-0.26211636131371974,0.5836990595611286
2021,Aaron Smith|Eric Lewis|Mitchell Ervin,1,-0.9008784528792683,0.42455775234131116
2021,Aaron Smith|Eric Lewis|Nick Buchert,1,0.2025242641114741,1.1938775510204083
2021,Aaron Smith|Eric Lewis|Sean Corbin,1,-0.5383066076387494,0.7229344729344729
2021,Aaron Smith|Eric Lewis|Tom Washington,1,0.287682072451781,1.0266666666666666
2021,Aaron Smith|JB DeRosa|Kane Fitzgerald,1,-0.9162907318741551,0.3428571428571428
2021,Aaron Smith|JB DeRosa|Pat Fraher,1,-0.34288162180639653,0.5494623655913979
2021,Aaron Smith|Jacyn Goble|Zach Zarba,2,0.01934293090354805,1.0882145692490521
2021,Aaron Smith|James Capers|Michael Smith,1,0.24783616390458127,1.3254310344827587
2021,Aaron Smith|James Williams|Michael Smith,1,-0.6097655716208943,0.5555555555555556
2021,Aaron Smith|James Williams|Natalie Sago,1,0.15415067982725836,1.1111111111111112
2021,Aaron Smith|Jenna Reneau|Pat Fraher,1,-0.3707486711503944,0.8402646502835539
2021,Aaron Smith|Jenna Schroeder|Tre Maddox,1,0.005943553900847917,0.9920859242509892
2021,Aaron Smith|John Conley|Rodney Mott,1,0.2791713827838723,1.2101694915254237
2021,Aaron Smith|John Goble|Michael Smith,1,-0.6277469618248931,0.5255555555555556
2021,Aaron Smith|John Goble|Scott Wall,1,0.1823215567939546,1.5545454545454547
2021,Aaron Smith|John Goble|Tyler Ford,1,-0.5414809740603489,0.5403225806451613
2021,Aaron Smith|Jonathan Sterling|Josh Tiven,1,-0.23939178332399985,0.603448275862069
2021,Aaron Smith|Josh Tiven|Lauren Holtkamp,1,0.06664600347713578,1.0792804796802131
2021,Aaron Smith|Justin Van Duyne|Marc Davis,1,0.15415067982725836,1.0133333333333332
2021,Aaron Smith|Kane Fitzgerald|Tyler Ford,2,0.12041005901030014,1.1721959858323494
2021,Aaron Smith|Karl Lane|Michael Smith,1,-0.1272617796109272,0.9143686502177067
2021,Aaron Smith|Karl Lane|Rodney Mott,1,-0.36336393208952894,0.5432291666666667
2021,Aaron Smith|Karl Lane|Zach Zarba,1,0.1250032836298705,1.1209677419354838
2021,Aaron Smith|Kevin Cutler|Pat Fraher,1,-0.5695332245927687,0.6466165413533834
2021,Aaron Smith|Leon Wood|Tyler Ford,1,-0.449140171610826,0.6526806526806528
2021,Aaron Smith|Marat Kogut|Sean Wright,1,-0.18642833874660802,0.9920859242509892
2021,Aaron Smith|Marc Davis|Tyler Ford,1,0.3148107398400336,1.116614420062696
2021,Aaron Smith|Mark Lindsay|Scott Twardoski,1,-0.50125617274984,0.6532258064516129
2021,Aaron Smith|Michael Smith|Tony Brothers,1,0.2537401420233937,1.292255511588468
2021,Aaron Smith|Scott Foster|Tyler Ford,1,0.4732877044469254,1.525
2021,Aaron Smith|Tom Washington|Zach Zarba,1,0.16835701644358225,1.0497539639147075
2021,Andy Nagy|Ben Taylor|Karl Lane,1,0.06062462181643484,0.875
2021,Andy Nagy|Bill Kennedy|Karl Lane,1,0.14953173397096384,1.261290322580645
2021,Andy Nagy|Brandon Adair|John Goble,1,-0.5917470661182159,0.45454545454545453
2021,Andy Nagy|Brandon Adair|Kevin Cutler,1,-0.36336393208952894,0.745
2021,Andy Nagy|Brent Barnaky|James Capers,1,0.3557166304969208,1.7862573099415202
2021,Andy Nagy|Brent Barnaky|Kevin Scott,1,0.25341747847768487,1.224
2021,Andy Nagy|Brent Barnaky|Natalie Sago,1,-0.5853333705974944,0.4850055534987041
2021,Andy Nagy|Brent Barnaky|Tom Washington,1,0.4004668827793698,1.465384615384615
2021,Andy Nagy|Brian Forte|Curtis Blair,1,-0.0887954987831312,0.7549019607843138
2021,Andy Nagy|Brian Forte|Gediminas Petraitis,1,-0.29071697614693504,0.5788856304985336
2021,Andy Nagy|Clare Aubry|Josh Tiven,1,-0.7953778032088439,0.44919786096256686
2021,Andy Nagy|Courtney Kirkland|Marc Davis,1,-0.06312775203455323,0.7062908496732027
2021,Andy Nagy|Curtis Blair|Michael Smith,1,0.069992371820035,0.9857536764705882
2021,Andy Nagy|Derek Richardson|Eric Lewis,1,0.083381608939051,1.118925831202046
2021,Andy Nagy|Derek Richardson|Zach Zarba,1,-0.24334625863172918,0.8983333333333332
2021,Andy Nagy|Derrick Collins|James Capers,1,-0.061529189946861795,0.9526982011992005
2021,Andy Nagy|Derrick Collins|Michael Smith,1,-0.5086911512373581,0.5583333333333333
2021,Andy Nagy|Eric Dalen|Tony Brothers,1,-0.013894788318816267,1.1607142857142856
2021,Andy Nagy|Eric Lewis|Jacyn Goble,1,-0.006514681021193642,0.9445419445419445
2021,Andy Nagy|Eric Lewis|Mark Lindsay,1,0.280134866816398,1.219600725952813
2021,Andy Nagy|Gediminas Petraitis|Kane Fitzgerald,1,0.20520585062754232,1.3131313131313131
2021,Andy Nagy|Gediminas Petraitis|Pat Fraher,1,-0.37634770953743735,0.7844155844155843
2021,Andy Nagy|JB DeRosa|Pat Fraher,1,-0.9906027648387065,0.4161712247324614
2021,Andy Nagy|JB DeRosa|Tom Washington,1,0.5683685790450175,1.790450928381963
2021,Andy Nagy|JD Ralls|Josh Tiven,1,-0.6331783551124394,0.44595744680851057
2021,Andy Nagy|JT Orr|Marc Davis,1,-0.509122045841207,0.4936974789915966
2021,Andy Nagy|Jacyn Goble|Kevin Scott,1,-0.17904823144898557,0.7911158117398203
2021,Andy Nagy|Jacyn Goble|Scott Foster,1,-0.1758425906962455,0.9838709677419355
2021,Andy Nagy|James Capers|Michael Smith,2,-0.10556435532672646,0.9379234372076865
2021,Andy Nagy|James Williams|Tyler Ford,1,0.5639354490799391,1.6223776223776223
2021,Andy Nagy|Karl Lane|Pat Fraher,1,-0.4868674352977404,0.6282051282051282
2021,Andy Nagy|Kevin Cutler|Natalie Sago,1,0.1923718926474561,1.1818181818181817
2021,Andy Nagy|Kevin Cutler|Tom Washington,1,-0.5094260434115675,0.6185121107266436
2021,Andy Nagy|Leon Wood|Zach Zarba,1,-0.5196144746265967,0.7365747460087083
2021,Andy Nagy|Marat Kogut|Marc Davis,1,-0.20234042368444635,0.8401544401544403
2021,Andy Nagy|Marat Kogut|Tom Washington,1,-0.4459769770250655,0.6502016129032258
2021,Andy Nagy|Mark Lindsay|Scott Foster,1,0.31015492830383945,1.5862068965517242
2021,Andy Nagy|Matt Myers|Sean Wright,1,0.21142964095202543,1.0295358649789028
2021,Andy Nagy|Michael Smith|Pat Fraher,1,0.4228003201097102,1.4284906726964388
2021,Andy Nagy|Michael Smith|Tre Maddox,1,0.12722222343125794,1.104122990915444
2021,Andy Nagy|Mitchell Ervin|Sean Wright,1,0.49525041198051933,1.5545454545454547
2021,Andy Nagy|Mitchell Ervin|Tre Maddox,1,0.1877051498774273,0.9918639053254438
2021,Andy Nagy|Mitchell Ervin|Tyler Ford,1,-0.8898798519276313,0.3402985074626866
2021,Andy Nagy|Pat Fraher|Tom Washington,1,-0.35180660062131963,0.8620992534036013
2021,Andy Nagy|Scott Wall|Tony Brothers,1,0.7668438839437329,2.1484375
2021,Andy Nagy|Sean Corbin|Tony Brothers,1,-0.5093647031263159,0.5801572897761645
2021,Ashley Moyer-Gleich|Curtis Blair|Jacyn Goble,1,-0.4620354595965587,0.6057692307692307
2021,Ashley Moyer-Gleich|Jacyn Goble|James Williams,1,-0.25663358975850603,0.8012820512820513
2021,Ashley Moyer-Gleich|Lauren Holtkamp|Rodney Mott,1,-0.07207453802435944,0.8552036199095023
2021,Ashley Moyer-Gleich|Nick Buchert|Rodney Mott,1,0.39019763597737595,1.5725806451612903
2021,Ben Taylor|Bennie Adams|Brent Barnaky,1,-0.5142212127671288,0.5813559322033899
2021,Ben Taylor|Bennie Adams|JB DeRosa,1,0.0940289496482762,1.2206572769953052
2021,Ben Taylor|Bennie Adams|Ray Acosta,1,-0.5947553342182125,0.4565772669220945
2021,Ben Taylor|Bill Kennedy|Matt Myers,1,0.5697339181010073,1.3849097867687261
2021,Ben Taylor|Brandon Adair|CJ Washington,1,-0.3515127593869219,0.7021985343104598
2021,Ben Taylor|Brandon Adair|John Goble,1,-0.229423006799053,0.611934766493699
2021,Ben Taylor|Brandon Adair|Josh Tiven,1,-0.39239302654081165,0.6521476104053235
2021,Ben Taylor|Brandon Adair|Kane Fitzgerald,1,0.35364004024357826,1.2589285714285714
2021,Ben Taylor|Brandon Schwab|Curtis Blair,1,0.43721380642274466,1.6221198156682028
2021,Ben Taylor|Brandon Schwab|Josh Tiven,1,0.05406722127027579,1.0946502057613168
2021,Ben Taylor|Brandon Schwab|Ray Acosta,1,-0.19651475896760812,0.7086206896551724
2021,Ben Taylor|Brandon Schwab|Scott Wall,1,-0.4267425065554492,0.7501512401693889
2021,Ben Taylor|Brent Barnaky|Jenna Schroeder,1,0.5050396866989468,1.807692307692308
2021,Ben Taylor|Brett Nansel|David Guthrie,1,0.16492981408208557,1.0426829268292683
2021,Ben Taylor|Brett Nansel|Eric Lewis,1,0.4855078157817008,1.4655172413793103
2021,Ben Taylor|Brett Nansel|Rodney Mott,1,-0.07241925798938821,0.9756722151088348
2021,Ben Taylor|Brian Forte|Scott Twardoski,1,-0.3355065195012541,0.7354037267080745
2021,Ben Taylor|CJ Washington|Derek Richardson,1,-1.4530918420434065,0.33727810650887574
2021,Ben Taylor|CJ Washington|Josh Tiven,1,0.04412480490893789,1.233362910381544
2021,Ben Taylor|CJ Washington|Marat Kogut,1,-0.46350105175816864,0.591672753834916
2021,Ben Taylor|CJ Washington|Nick Buchert,1,-0.14294322680686922,0.7223360655737705
2021,Ben Taylor|Courtney Kirkland|Natalie Sago,1,-0.7552196092023229,0.509765625
2021,Ben Taylor|Danielle Scott|Tre Maddox,1,-0.12600484323817213,0.8489583333333334
2021,Ben Taylor|Dannica Mosher|Jason Goldenberg,1,0.11778303565638346,1.0185185185185184
2021,Ben Taylor|David Guthrie|Jonathan Sterling,1,-0.4782003964499142,0.7597402597402598
2021,Ben Taylor|Dedric Taylor|Suyash Mehta,1,-0.12039839302236675,0.770412642669008
2021,Ben Taylor|Derek Richardson|Kane Fitzgerald,1,-0.012618463959211351,0.9738406658739597
2021,Ben Taylor|Derek Richardson|Sean Wright,1,0.2445099005865722,1.1017214397496087
2021,Ben Taylor|Eric Lewis|JT Orr,1,0.4698310815790146,1.4918478260869565
2021,Ben Taylor|Eric Lewis|Scott Wall,1,-0.07897920529236549,1.075268817204301
2021,Ben Taylor|Evan Scott|Matt Boland,1,-0.2557608562380408,0.6224256292906178
2021,Ben Taylor|Evan Scott|Scott Wall,2,-0.16574234755508688,0.9600202429149797
2021,Ben Taylor|Gediminas Petraitis|Jonathan Sterling,1,0.5067100234323038,1.6415816326530612
2021,Ben Taylor|Gediminas Petraitis|Matt Myers,1,-0.32690278560506225,0.6392045454545454
2021,Ben Taylor|Gediminas Petraitis|Suyash Mehta,1,-0.19761024930904492,0.8391025641025641
2021,Ben Taylor|JB DeRosa|Marat Kogut,1,-0.31235031886727527,0.6690058479532164
2021,Ben Taylor|JB DeRosa|Matt Myers,1,-0.5310424154913665,0.529192546583851
2021,Ben Taylor|JB DeRosa|Scott Twardoski,1,-0.7968256100347867,0.49173553719008256
2021,Ben Taylor|JT Orr|Suyash Mehta,1,0.32587767018981684,1.2855631940772079
2021,Ben Taylor|James Williams|Lauren Holtkamp,1,0.1166768408533168,1.0687471732247853
2021,Ben Taylor|Jason Goldenberg|Jenna Reneau,1,-0.391371345032305,0.9809907834101383
2021,Ben Taylor|Jason Goldenberg|Leon Wood,1,0.35205097269165087,1.1501316944688322
2021,Ben Taylor|Jenna Schroeder|Sean Corbin,1,-0.07197349962508923,0.7444444444444445
2021,Ben Taylor|John Butler|Michael Smith,1,-0.17275210577780392,0.7457386363636364
2021,Ben Taylor|John Butler|Sean Corbin,1,0.031195855768480805,0.9185347184253692
2021,Ben Taylor|John Conley|Scott Twardoski,1,0.0419876956156746,1.0242587601078168
2021,Ben Taylor|John Goble|Phenizee Ransom,1,0.2920204740503791,1.4879227053140096
2021,Ben Taylor|Jonathan Sterling|Mitchell Ervin,1,-0.2452963559553431,0.733568075117371
2021,Ben Taylor|Jonathan Sterling|Nick Buchert,1,-0.8292793548845253,0.37617554858934166
2021,Ben Taylor|Kane Fitzgerald|Matt Myers,1,-0.08701137698962981,0.9166666666666667
2021,Ben Taylor|Karl Lane|Mousa Dagher,1,-0.4079312006033579,0.7714285714285715
2021,Ben Taylor|Leon Wood|Scott Foster,2,-0.20181352015159656,0.8782190290009875
2021,Ben Taylor|Leon Wood|Tyler Ricks,1,-0.9497386659416952,0.35000000000000003
2021,Ben Taylor|Mark Lindsay|Phenizee Ransom,1,-0.03626617798439449,0.8789954337899543
2021,Ben Taylor|Mark Lindsay|Suyash Mehta,1,-0.10259559233600955,1.0665813060179257
2021,Ben Taylor|Matt Myers|Mitchell Ervin,2,-0.5840176330861233,0.5613336443615036
2021,Ben Taylor|Natalie Sago|Tyler Ford,1,-0.14294322680686922,0.8202009518773136
2021,Ben Taylor|Ray Acosta|Robert Hussey,1,0.1391128024627178,1.334617236398652
2021,Ben Taylor|Ray Acosta|Suyash Mehta,1,0.5126097455594921,1.482421875
2021,Ben Taylor|Scott Wall|Tony Brothers,1,-0.8100816798904898,0.4082409972299169
2021,Bennie Adams|Bill Kennedy|JT Orr,1,-0.11607217125275414,1.016695205479452
2021,Bennie Adams|Bill Kennedy|Kevin Cutler,1,0.6539264674066642,1.9615384615384617
2021,Bennie Adams|Bill Kennedy|Mark Lindsay,1,-0.33479553475747514,0.7556390977443609
2021,Bennie Adams|Brandon Adair|Tyler Ford,1,0.251314428280906,1.3109243697478992
2021,Bennie Adams|Brandon Schwab|Sean Wright,1,0.1484570428411981,0.9536891679748823
2021,Bennie Adams|Brent Barnaky|Kane Fitzgerald,1,0.45106642822598475,1.6161616161616161
2021,Bennie Adams|Brian Forte|Ed Malloy,1,-0.48921446551141334,0.7237663074305162
2021,Bennie Adams|Brian Forte|Eric Lewis,1,0.06062462181643484,1.0625
2021,Bennie Adams|Courtney Kirkland|Derrick Collins,1,0.10697211955216773,1.0117302052785924
2021,Bennie Adams|Courtney Kirkland|Ray Acosta,1,-0.6215910867637275,0.7934272300469484
2021,Bennie Adams|Curtis Blair|Karl Lane,2,-0.04058358449384769,1.0304890738813737
2021,Bennie Adams|Curtis Blair|Marc Davis,1,0.3186738257601187,1.3278784336645237
2021,Bennie Adams|Curtis Blair|Mitchell Ervin,1,-0.33355252651787826,0.6549707602339181
2021,Bennie Adams|Derek Richardson|Mark Lindsay,1,-0.031748698314580416,0.9166666666666665
2021,Bennie Adams|Derek Richardson|Matt Kallio,1,-0.12623209014291095,1.0648148148148149
2021,Bennie Adams|Derrick Collins|James Williams,1,0.6248279365824683,2.0082034454470876
2021,Bennie Adams|Derrick Collins|Rodney Mott,1,-0.9870212232596474,0.331275720164609
2021,Bennie Adams|Derrick Collins|Sean Wright,1,0.6754476034605444,2.2435897435897436
2021,Bennie Adams|Ed Malloy|Lauren Holtkamp,1,0.21130909366720696,1.2272727272727275
2021,Bennie Adams|Eric Dalen|Josh Tiven,1,-0.33042003854488006,0.6886792452830189
2021,Bennie Adams|Eric Dalen|Zach Zarba,1,-0.5384135802848197,0.5253061224489796
2021,Bennie Adams|Eric Lewis|Mark Lindsay,1,-0.270987193879611,0.7401960784313725
2021,Bennie Adams|Gediminas Petraitis|Kane Fitzgerald,1,-0.31668872046587326,0.714546783625731
2021,Bennie Adams|JB DeRosa|Rodney Mott,1,-0.3812546323575649,0.6545454545454544
2021,Bennie Adams|JT Orr|Scott Foster,1,-0.4389130421757045,0.6225045372050817
2021,Bennie Adams|JT Orr|Tony Brothers,1,-0.3556837769042603,0.6520531028095091
2021,Bennie Adams|James Capers|Michael Smith,1,-0.009309053977723523,0.7832991803278688
2021,Bennie Adams|James Capers|Tre Maddox,1,-0.21085670732155912,0.788235294117647
2021,Bennie Adams|Jason Goldenberg|Matt Boland,1,0.045534599709665814,1.2368758002560818
2021,Bennie Adams|Josh Tiven|Lauren Holtkamp,1,-0.725723350994558,0.41483516483516486
2021,Bennie Adams|Karl Lane|Pat Fraher,1,-0.013698844358161915,0.9617346938775511
2021,Bennie Adams|Kevin Cutler|Tom Washington,1,0.11081436634029011,1.0625
2021,Bennie Adams|Kevin Cutler|Zach Zarba,2,-0.8256868158235251,0.4910275689223057
2021,Bennie Adams|Leon Wood|Zach Zarba,1,0.28665695703653554,1.3173302107728337
2021,Bennie Adams|Marc Davis|Tyler Ford,1,-0.13976194237515874,0.8620689655172413
2021,Bennie Adams|Pat Fraher|Pat OConnell,1,0.5534920700848934,2.1036789297658864
2021,Bennie Adams|Pat Fraher|Scott Wall,2,-0.191334249982124,0.9066186785640366
2021,Bennie Adams|Pat Fraher|Tom Washington,1,-0.16070808037341755,0.9537254901960783
2021,Bennie Adams|Tony Brothers|Tyler Ford,1,-0.2692521289675734,0.6861261261261261
2021,Bill Kennedy|Brandon Adair|Robert Hussey,1,0.03953083875663522,1.3100358422939067
2021,Bill Kennedy|Brandon Schwab|Derrick Collins,1,-0.05901301792209338,1.029555236728838
2021,Bill Kennedy|Brandon Schwab|Lauren Holtkamp,1,-0.1365120207626604,0.8780241935483871
2021,Bill Kennedy|Brandon Schwab|Ray Acosta,1,0.4519851237430574,1.7763975155279506
2021,Bill Kennedy|Brett Nansel|Dedric Taylor,1,0.3302416868705768,1.142857142857143
2021,Bill Kennedy|Brett Nansel|Eric Dalen,1,0.3983012871745299,1.5741604477611941
2021,Bill Kennedy|Brett Nansel|Jacyn Goble,1,-0.19867069479548416,0.7691745799853908
2021,Bill Kennedy|Brian Forte|Jenna Schroeder,1,0.018957913744614207,1.0676691729323309
2021,Bill Kennedy|Brian Forte|Mousa Dagher,1,-0.049271049006782676,1.0049627791563276
2021,Bill Kennedy|CJ Washington|Curtis Blair,1,0.027610809743991407,1.1322849213691026
2021,Bill Kennedy|CJ Washington|JB DeRosa,1,-0.36936010346604814,0.670847750865052
2021,Bill Kennedy|Curtis Blair|Mousa Dagher,1,0.11725126217934795,1.2368421052631577
2021,Bill Kennedy|Danielle Scott|Kevin Cutler,2,-0.6818127806535889,0.5934139784946236
2021,Bill Kennedy|Dedric Taylor|Lauren Holtkamp,2,0.026450829112206746,0.9847141673570836
2021,Bill Kennedy|Dedric Taylor|Leon Wood,1,-0.48884671704721533,0.7155555555555556
2021,Bill Kennedy|Dedric Taylor|Phenizee Ransom,1,0.1634243166125874,1.1082693947144076
2021,Bill Kennedy|Derek Richardson|Karl Lane,1,0.1201178487646705,1.3414905450500558
2021,Bill Kennedy|Derrick Collins|John Butler,1,-0.48156445164681155,0.581081081081081
2021,Bill Kennedy|Derrick Collins|Lauren Holtkamp,2,0.41016115573481265,1.483592048905332
2021,Bill Kennedy|Eric Dalen|John Butler,2,-0.22080903393215157,0.8520299145299146
2021,Bill Kennedy|Eric Dalen|Jonathan Sterling,1,0.0025695945616307143,0.9002695417789758
2021,Bill Kennedy|Evan Scott|Kevin Cutler,1,0.13248918304607887,1.0857808857808857
2021,Bill Kennedy|Gediminas Petraitis|Matt Myers,1,-0.19604162153641838,0.7216326530612246
2021,Bill Kennedy|JB DeRosa|Mousa Dagher,1,-0.20129745825296036,0.6868421052631578
2021,Bill Kennedy|JT Orr|Kevin Cutler,1,0.38171102210005725,1.6112676056338027
2021,Bill Kennedy|JT Orr|Nick Buchert,1,-0.17581217660843762,0.9319727891156462
2021,Bill Kennedy|JT Orr|Phenizee Ransom,1,-0.16066862719447242,0.7344827586206897
2021,Bill Kennedy|JT Orr|Scott Wall,1,0.10771069300277993,1.0708898944193062
2021,Bill Kennedy|Jacyn Goble|John Butler,1,-0.015391883767584031,0.7130774235523748
2021,Bill Kennedy|Jacyn Goble|Jonathan Sterling,1,-0.06453852113757118,0.9735576923076923
2021,Bill Kennedy|Jacyn Goble|Tyler Ricks,1,-0.30817380049878534,0.7526006331976481
2021,Bill Kennedy|Jason Goldenberg|Scott Twardoski,1,-0.03666962212877895,0.81884765625
2021,Bill Kennedy|Jason Goldenberg|Tom Washington,1,0.18058393689541388,1.1408730158730158
2021,Bill Kennedy|John Butler|Natalie Sago,1,-0.38993684578160925,0.6647887323943662
2021,Bill Kennedy|John Butler|Tre Maddox,1,0.42376010052732904,1.5691158156911582
2021,Bill Kennedy|Jonathan Sterling|Mousa Dagher,1,-0.14121988110840267,0.8893480257116619
2021,Bill Kennedy|Justin Van Duyne|Kevin Cutler,1,-0.06187540371808753,0.90633608815427
2021,Bill Kennedy|Lauren Holtkamp|Mark Lindsay,1,-0.003312358112982911,0.7675070028011204
2021,Bill Kennedy|Mark Lindsay|Matt Boland,1,0.13858616328614673,1.0920379839298757
2021,Bill Kennedy|Mark Lindsay|Tyler Ricks,1,-0.9105600571651699,0.32407407407407407
2021,Bill Kennedy|Matt Boland|Michael Smith,1,-0.23989140861543237,0.8057851239669421
2021,Bill Kennedy|Michael Smith|Nate Green,1,-0.14660347419187525,0.9595959595959596
2021,Bill Kennedy|Mousa Dagher|Scott Wall,1,-0.12076366379452122,0.7976190476190476
2021,Bill Kennedy|Natalie Sago|Nate Green,1,0.10733484996154387,1.1436950146627565
2021,Bill Kennedy|Nate Green|Tre Maddox,1,-0.27065901805164116,0.7689795918367347
2021,Bill Kennedy|Ray Acosta|Sharae Mitchell,1,0.40972950689462206,1.41
2021,Bill Kennedy|Scott Twardoski|Tyler Mirkovich,1,-0.7081850579244858,0.4635645302897278
2021,Blanca Burns|Brandon Adair|John Goble,1,0.515139613388072,1.7877747252747254
2021,Blanca Burns|CJ Washington|Ed Malloy,1,0.07410797215372183,1.0857142857142856
2021,Blanca Burns|Courtney Kirkland|Lauren Holtkamp,1,-0.2730759200624188,0.6479081821547575
2021,Blanca Burns|Dedric Taylor|Scott Foster,1,-0.13017004492181794,1.0612535612535612
2021,Blanca Burns|Josh Tiven|Ray Acosta,1,0.2116190654622558,1.283203125
2021,Blanca Burns|Kane Fitzgerald|Lauren Holtkamp,1,-0.09246522767209356,0.7573964497041421
2021,Blanca Burns|Karl Lane|Sean Wright,1,-1.297387248965362,0.31141868512110726
2021,Blanca Burns|Marat Kogut|Sean Corbin,1,-0.08141539148550858,1.0158730158730158
2021,Brandon Adair|Brent Barnaky|David Guthrie,1,0.006230549750636163,0.7740384615384616
2021,Brandon Adair|Brent Barnaky|Suyash Mehta,1,-0.40585857653739954,0.7567229518449031
2021,Brandon Adair|Brent Haskill|Eric Lewis,1,-0.2056689207909458,0.771255060728745
2021,Brandon Adair|Brett Nansel|Zach Zarba,1,0.001566171032745098,0.9286563614744351
2021,Brandon Adair|Brian Forte|Mousa Dagher,1,-0.24064054441914912,1.025088028169014
2021,Brandon Adair|Cheryl Flores|John Goble,1,0.2778684510034563,1.2253024193548387
2021,Brandon Adair|Curtis Blair|Jenna Schroeder,1,0.3948534475135701,1.7564102564102564
2021,Brandon Adair|Curtis Blair|Nate Green,1,-0.13771725055720083,1.2613756613756615
2021,Brandon Adair|Curtis Blair|Suyash Mehta,1,-1.7278831798355851,0.16198419666374012
2021,Brandon Adair|David Guthrie|Derrick Collins,1,0.09089272369760225,1.2504734848484849
2021,Brandon Adair|Dedric Taylor|Josh Tiven,1,-0.12629372532429212,0.76763258611263
2021,Brandon Adair|Dedric Taylor|Pat Fraher,1,-0.4238142467763609,0.5333333333333333
2021,Brandon Adair|Ed Malloy|Eric Dalen,1,-0.3426109913195379,0.5864509605662285
2021,Brandon Adair|Eric Dalen|John Goble,1,0.44861243926441796,1.3640552995391704
2021,Brandon Adair|JB DeRosa|James Capers,1,0.3187202911627625,1.69815668202765
2021,Brandon Adair|JB DeRosa|James Williams,2,0.11810930919866625,1.7544319056687874
2021,Brandon Adair|JB DeRosa|Marc Davis,1,-0.4739329073856251,0.5336134453781513
2021,Brandon Adair|JD Ralls|Kane Fitzgerald,1,0.2697354292609442,1.506060606060606
2021,Brandon Adair|JT Orr|Tre Maddox,1,-0.09862253791730786,0.7248677248677248
2021,Brandon Adair|Jacyn Goble|Josh Tiven,1,-0.08961215868968717,0.7394957983193277
2021,Brandon Adair|Jacyn Goble|Tony Brothers,1,-0.7949298748698876,0.4144736842105263
2021,Brandon Adair|James Capers|Mitchell Ervin,1,-0.08133314936795794,0.8638418079096045
2021,Brandon Adair|Jenna Schroeder|Josh Tiven,1,-0.10854016857520601,1.0048000000000001
2021,Brandon Adair|Jenna Schroeder|Zach Zarba,1,-0.2972515234679316,0.7487999999999999
2021,Brandon Adair|John Butler|Marc Davis,1,-0.6021977794758505,0.5185501066098082
2021,Brandon Adair|John Goble|Phenizee Ransom,1,-0.01498779096549181,1.1037037037037039
2021,Brandon Adair|John Goble|Tom Washington,2,0.007745029574659858,0.896551724137931
2021,Brandon Adair|John Goble|Tre Maddox,1,-0.0414090212468279,0.7687793427230046
2021,Brandon Adair|Josh Tiven|Scott Twardoski,1,-0.25642952894767645,0.9479166666666666
2021,Brandon Adair|Josh Tiven|Tom Washington,1,-0.2245813660838373,0.7988505747126438
2021,Brandon Adair|Justin Van Duyne|Marc Davis,1,0.13928924087734698,1.2484375
2021,Brandon Adair|Kane Fitzgerald|Karl Lane,1,0.06847912886070225,0.835975943138327
2021,Brandon Adair|Kane Fitzgerald|Michael Smith,1,0.05114335811018749,1.1129607609988108
2021,Brandon Adair|Kane Fitzgerald|Mitchell Ervin,1,-0.40546510810816444,0.7734375
2021,Brandon Adair|Karl Lane|Kevin Scott,1,-0.5629070690194954,0.559380378657487
2021,Brandon Adair|Kevin Cutler|Marc Davis,1,0.3480252023592493,1.9973009446693655
2021,Brandon Adair|Lauren Holtkamp|Sean Wright,1,-0.34396290835037063,0.9023066485753054
2021,Brandon Adair|Marc Davis|Suyash Mehta,1,-0.26598370999070203,0.9225806451612903
2021,Brandon Adair|Mark Lindsay|Suyash Mehta,1,-0.08446016378025908,0.7843260188087774
2021,Brandon Adair|Matt Boland|Sean Corbin,1,0.4836769311459454,1.5985198889916743
2021,Brandon Adair|Mitchell Ervin|Scott Foster,1,-0.5124372276603322,0.5740740740740741
2021,Brandon Adair|Nate Green|Tre Maddox,1,-0.5788731666808886,0.5204918032786886
2021,Brandon Adair|Nick Buchert|Zach Zarba,1,0.2852753324212157,1.5681511470985157
2021,Brandon Adair|Ray Acosta|Zach Zarba,1,-0.19912867511033602,0.7821969696969697
2021,Brandon Adair|Scott Twardoski|Sean Wright,1,0.07108055491743541,1.1810344827586208
2021,Brandon Adair|Sean Corbin|Tyler Ford,1,-0.4307829160924542,0.6599999999999999
2021,Brandon Adair|Sean Wright|Tyler Ricks,1,-0.2073951943460706,0.9175627240143369
2021,Brandon Schwab|Brent Barnaky|Kane Fitzgerald,1,-0.5167603592858051,0.6878411910669976
2021,Brandon Schwab|Brent Barnaky|Rodney Mott,1,0.011834457647002798,0.9107142857142856
2021,Brandon Schwab|Brian Forte|Courtney Kirkland,1,0.46063974920368733,1.1799660441426145
2021,Brandon Schwab|Brian Forte|Josh Tiven,1,0.5547803684339488,1.8539170506912444
2021,Brandon Schwab|David Guthrie|Kevin Cutler,1,-0.04518222279323291,0.8237601569066965
2021,Brandon Schwab|Dedric Taylor|Pat Fraher,1,-0.4736466205242367,0.7116883116883117
2021,Brandon Schwab|Derek Richardson|Tre Maddox,1,-0.059423420470800646,0.8927125506072875
2021,Brandon Schwab|Derrick Collins|James Capers,1,-0.019220489940107652,0.745531914893617
2021,Brandon Schwab|Ed Malloy|Jacyn Goble,1,-0.03533936644530897,0.9214015151515151
2021,Brandon Schwab|Ed Malloy|Nick Buchert,3,-0.5978249811640894,0.5367217062263502
2021,Brandon Schwab|Eric Dalen|Tom Washington,1,0.369747025506085,1.4619883040935673
2021,Brandon Schwab|Gediminas Petraitis|Pat Fraher,1,-0.17185025692665928,0.7334465195246179
2021,Brandon Schwab|Jacyn Goble|Nick Buchert,1,0.09943389698818687,0.8766233766233766
2021,Brandon Schwab|Jacyn Goble|Scott Foster,1,-0.4361020775700542,0.7389162561576355
2021,Brandon Schwab|John Goble|Karl Lane,1,0.09183066342557863,1.2282828282828284
2021,Brandon Schwab|Josh Tiven|Tyler Ford,1,-0.01133156600954997,0.9416498993963783
2021,Brandon Schwab|Kane Fitzgerald|Kevin Cutler,1,0.14183019543921763,0.8516129032258064
2021,Brandon Schwab|Karl Lane|Tom Washington,1,-0.07461086379117457,0.6960784313725491
2021,Brandon Schwab|Lauren Holtkamp|Marc Davis,2,0.1990723199967512,1.628613500736263
2021,Brandon Schwab|Marat Kogut|Marc Davis,2,-0.3409539774585262,0.6502923976608187
2021,Brandon Schwab|Marc Davis|Nick Buchert,1,-0.291588327418846,0.79491833030853
2021,Brandon Schwab|Matt Boland|Tyler Ford,1,0.48361566762966285,1.6328502415458936
2021,Brandon Schwab|Natalie Sago|Scott Foster,1,0.22047332275833081,1.0755555555555556
2021,Brandon Schwab|Nick Buchert|Pat Fraher,2,-0.11208534580457591,0.8344941956882255
2021,Brandon Schwab|Nick Buchert|Tyler Ford,1,-0.2983204706568365,0.7345679012345679
2021,Brent Barnaky|Brett Nansel|Kevin Scott,2,-0.1489795108795967,1.0186789408429076
2021,Brent Barnaky|Brian Forte|CJ Washington,1,-0.6453565167235968,0.576923076923077
2021,Brent Barnaky|CJ Washington|Pat Fraher,1,-0.1806422952742346,0.9349019607843136
2021,Brent Barnaky|Cheryl Flores|Kane Fitzgerald,1,-0.05789397841890262,0.893010752688172
2021,Brent Barnaky|Courtney Kirkland|Matt Kallio,1,0.14873061235791923,0.9160739687055477
2021,Brent Barnaky|Curtis Blair|Derek Richardson,1,-0.49098728154632637,0.6639344262295083
2021,Brent Barnaky|Danielle Scott|Kane Fitzgerald,1,-0.5207266947487023,0.7319327731092437
2021,Brent Barnaky|Danielle Scott|Tyler Ford,1,-0.5316971982510754,0.7122507122507122
2021,Brent Barnaky|Dannica Mosher|Leon Wood,1,-1.256723369711465,0.2608695652173913
2021,Brent Barnaky|Dannica Mosher|Scott Foster,1,0.490206336563255,1.8823529411764708
2021,Brent Barnaky|Dannica Mosher|Tony Brothers,1,-0.2737929602911138,0.7229344729344729
2021,Brent Barnaky|David Guthrie|Mousa Dagher,1,-0.1753528874778613,0.859504132231405
2021,Brent Barnaky|Derek Richardson|John Goble,1,0.42096929464412963,1.2890625
2021,Brent Barnaky|Derek Richardson|Josh Tiven,1,0.11062962833783814,1.0740203193033382
2021,Brent Barnaky|Derek Richardson|Tony Brothers,1,-0.2066142493629993,0.9540566959921799
2021,Brent Barnaky|Derrick Collins|Jenna Schroeder,1,-0.05659566762363445,0.9367588932806323
2021,Brent Barnaky|Eric Lewis|Jacyn Goble,1,-0.15728547863262962,0.7674153026265702
2021,Brent Barnaky|Eric Lewis|Leon Wood,1,0.1001887272554323,0.9841443411700384
2021,Brent Barnaky|Eric Lewis|Matt Boland,1,-0.7707054149058198,0.5443371378402106
2021,Brent Barnaky|Eric Lewis|Natalie Sago,1,-0.06033763659420409,0.7692963752665245
2021,Brent Barnaky|Evan Scott|James Williams,2,-0.08605892335351181,0.7791265671675676
2021,Brent Barnaky|JD Ralls|Karl Lane,1,-0.16271181212929192,0.8114754098360657
2021,Brent Barnaky|JT Orr|James Williams,1,-0.0947272593564575,0.8571428571428571
2021,Brent Barnaky|JT Orr|Kevin Cutler,1,-0.26670152565333954,0.7720782654680063
2021,Brent Barnaky|James Capers|Lauren Holtkamp,1,-0.0730116310818692,0.8347338935574229
2021,Brent Barnaky|James Capers|Scott Wall,1,0.278066613752339,1.4192377495462796
2021,Brent Barnaky|Jenna Schroeder|Mark Lindsay,1,0.3281734338065177,1.3372434017595307
2021,Brent Barnaky|Jenna Schroeder|Sean Corbin,1,0.18262100282104624,1.0128032345013478
2021,Brent Barnaky|John Goble|Kevin Cutler,1,-0.22416866672945512,0.7562136435748281
2021,Brent Barnaky|John Goble|Matt Boland,1,0.03950244297624638,0.8777472527472527
2021,Brent Barnaky|Jonathan Sterling|Marc Davis,1,-0.17963741529138302,0.8824675324675324
2021,Brent Barnaky|Jonathan Sterling|Tyler Ford,1,0.24870027938086905,1.1502875718929733
2021,Brent Barnaky|Josh Tiven|Matt Boland,1,-0.2580006211797177,0.6240188383045526
2021,Brent Barnaky|Josh Tiven|Nate Green,1,-0.39750812720758194,0.6650071123755334
2021,Brent Barnaky|Kane Fitzgerald|Ray Acosta,1,-0.5977618099589386,0.5833333333333334
2021,Brent Barnaky|Kevin Scott|Ray Acosta,1,-0.322678914488877,0.7300000000000001
2021,Brent Barnaky|Lauren Holtkamp|Tre Maddox,1,-0.7693085415255093,0.3706666666666667
2021,Brent Barnaky|Leon Wood|Mousa Dagher,1,0.30259957665939013,1.5005561735261401
2021,Brent Barnaky|Leon Wood|Rodney Mott,1,-0.18356456503355162,0.7178571428571429
2021,Brent Barnaky|Marat Kogut|Tyler Ford,1,0.18896609951262316,1.1615384615384616
2021,Brent Barnaky|Marc Davis|Scott Wall,1,-0.11232918497391972,0.8341666666666667
2021,Brent Barnaky|Mark Lindsay|Matt Boland,1,0.2582348711254799,1.2466931216931216
2021,Brent Barnaky|Matt Boland|Pat Fraher,1,0.49740260343384995,1.366153846153846
2021,Brent Barnaky|Matt Boland|Sean Wright,1,-1.011391903421893,0.4461538461538461
2021,Brent Barnaky|Natalie Sago|Phenizee Ransom,1,-0.0911992383301045,0.972481343283582
2021,Brent Barnaky|Nate Green|Zach Zarba,1,-0.03967848381817626,1.2735542560103963
2021,Brent Barnaky|Phenizee Ransom|Tre Maddox,1,0.5114833021849614,1.4895833333333333
2021,Brent Barnaky|Ray Acosta|Sean Wright,2,-0.24387122679155854,0.7351350831280788
2021,Brent Barnaky|Scott Twardoski|Tony Brothers,1,0.07852476311231096,0.8770460601446517
2021,Brent Haskill|David Guthrie|Nick Buchert,1,-0.811706915284501,0.3885869565217391
2021,Brent Haskill|Derrick Collins|Jonathan Sterling,1,0.0,0.8532818532818534
2021,Brent Haskill|Ed Malloy|Natalie Sago,1,0.20194134366360694,1.1786600496277917
2021,Brett Nansel|Brian Forte|David Guthrie,1,-0.25492928597997305,0.8815298507462686
2021,Brett Nansel|Brian Forte|James Capers,1,-0.8867766713609911,0.4138888888888889
2021,Brett Nansel|Brian Forte|Josh Tiven,1,-0.755360365061518,0.4111111111111111
2021,Brett Nansel|Courtney Kirkland|Derrick Collins,1,0.007662872745569097,0.8397435897435896
2021,Brett Nansel|Courtney Kirkland|JB DeRosa,1,-0.6732658100061161,0.5224801645606817
2021,Brett Nansel|Courtney Kirkland|Marat Kogut,1,0.16833531481921457,1.2136752136752136
2021,Brett Nansel|Courtney Kirkland|Ray Acosta,1,0.04017401134514395,1.0614035087719298
2021,Brett Nansel|Curtis Blair|Derek Richardson,1,0.0870113769896299,1.1313131313131313
2021,Brett Nansel|Dedric Taylor|James Williams,1,-0.08829260714567831,0.9693454846727423
2021,Brett Nansel|Dedric Taylor|Marc Davis,1,-0.10237988751968856,1.0919595570534426
2021,Brett Nansel|Dedric Taylor|Rodney Mott,1,-0.3177300548114723,0.7837837837837838
2021,Brett Nansel|Derek Richardson|Kevin Cutler,1,0.3341560804033825,1.658653846153846
2021,Brett Nansel|Derek Richardson|Marc Davis,1,-0.14008879317068154,0.7726942628903414
2021,Brett Nansel|Derek Richardson|Rodney Mott,1,0.4024844799700265,1.465625
2021,Brett Nansel|Derek Richardson|Sean Wright,2,0.06403688377476979,1.1305728518057285
2021,Brett Nansel|Derrick Collins|James Williams,1,0.12569925860286568,1.185483870967742
2021,Brett Nansel|Derrick Collins|Tony Brothers,1,0.03195159980660243,1.014030612244898
2021,Brett Nansel|Ed Malloy|JT Orr,1,-0.07096941146786163,0.8547794117647058
2021,Brett Nansel|Eric Dalen|Josh Tiven,1,0.6849615959735059,1.7939508506616257
2021,Brett Nansel|Eric Dalen|Zach Zarba,1,-0.22154226994723586,0.8064516129032259
2021,Brett Nansel|Eric Lewis|Jacyn Goble,1,-0.05665231534238065,1.072614783458157
2021,Brett Nansel|Eric Lewis|Pat OConnell,1,-0.6084059521048548,0.4571428571428571
2021,Brett Nansel|JB DeRosa|James Capers,1,-0.574335867177996,0.44715073529411764
2021,Brett Nansel|JB DeRosa|James Williams,1,-0.1165875782516099,0.7251461988304093
2021,Brett Nansel|JB DeRosa|Tre Maddox,1,-0.5361772149634051,0.7244755244755243
2021,Brett Nansel|JD Ralls|Tre Maddox,1,-0.08890818118789288,0.8402414486921529
2021,Brett Nansel|JT Orr|Pat Fraher,1,-0.12595240897761426,1.109181141439206
2021,Brett Nansel|James Capers|Leon Wood,1,-0.08701137698962981,0.967741935483871
2021,Brett Nansel|James Capers|Natalie Sago,1,-0.14844147609488154,0.7640901771336555
2021,Brett Nansel|James Williams|Kevin Cutler,1,0.19209134838975966,1.3161290322580643
2021,Brett Nansel|James Williams|Mitchell Ervin,1,-0.11154291556614374,0.6347731000546747
2021,Brett Nansel|James Williams|Tre Maddox,1,0.51137948697594,1.8279352226720647
2021,Brett Nansel|Josh Tiven|Mitchell Ervin,1,-0.026090849942742134,0.8215372907153728
2021,Brett Nansel|Justin Van Duyne|Tre Maddox,1,0.45358739191107367,1.6056812710640345
2021,Brett Nansel|Kevin Cutler|Natalie Sago,1,-0.43798829981372445,0.5646666666666667
2021,Brett Nansel|Kevin Scott|Matt Kallio,1,-0.12438371968773564,0.8753623188405797
2021,Brett Nansel|Lauren Holtkamp|Scott Foster,1,0.29951653009878365,0.9139784946236559
2021,Brett Nansel|Leon Wood|Scott Foster,1,-0.3019680296992574,0.5914893617021277
2021,Brett Nansel|Nick Buchert|Tony Brothers,1,-0.2448050480953892,0.7475198412698413
2021,Brett Nansel|Ray Acosta|Scott Foster,1,-0.3700979642708731,0.5395833333333333
2021,Brett Nansel|Sean Wright|Tyler Ford,1,-0.5161818229665157,0.47020202020202023
2021,Brian Forte|CJ Washington|JB DeRosa,1,0.20038920355318474,1.1607843137254903
2021,Brian Forte|CJ Washington|James Capers,1,-0.41215409625896093,0.7198067632850241
2021,Brian Forte|Courtney Kirkland|Jenna Schroeder,1,-1.0722949803507362,0.330940170940171
2021,Brian Forte|Curtis Blair|Derek Richardson,1,0.34025295946111894,1.8928571428571428
2021,Brian Forte|Curtis Blair|John Butler,1,-0.018809331957496227,0.8464285714285714
2021,Brian Forte|Danielle Scott|JB DeRosa,1,-0.3429447511268305,0.5426944971537002
2021,Brian Forte|Danielle Scott|Jonathan Sterling,1,-0.04543717849606081,0.8873239436619719
2021,Brian Forte|Danielle Scott|Rodney Mott,1,-0.05623971832287608,0.90234375
2021,Brian Forte|David Guthrie|Gediminas Petraitis,1,-0.2159125012299901,0.6952347083926033
2021,Brian Forte|Derrick Collins|Scott Twardoski,1,-0.15510899326906988,0.7458286985539488
2021,Brian Forte|Ed Malloy|Natalie Sago,1,0.14953173397096384,1.2480533926585093
2021,Brian Forte|Ed Malloy|Nate Green,2,-0.24887200269960985,0.7592648740707018
2021,Brian Forte|Eric Dalen|Jenna Schroeder,1,-0.2144098713454552,0.9757575757575758
2021,Brian Forte|Evan Scott|Michael Smith,1,0.1947514297607211,1.129099211290992
2021,Brian Forte|Evan Scott|Pat Fraher,2,-0.17415334713410793,0.8596301396812907
2021,Brian Forte|Gediminas Petraitis|Kevin Scott,1,-0.08219209055368089,0.8272620446533491
2021,Brian Forte|JT Orr|James Capers,1,-0.48889054689973505,0.5707317073170732
2021,Brian Forte|JT Orr|Scott Twardoski,1,-0.7989423843358965,0.4677966101694916
2021,Brian Forte|Jacyn Goble|Jason Goldenberg,1,-0.06952606264861033,0.9328358208955223
2021,Brian Forte|James Williams|Leon Wood,1,-0.41804389031502454,0.5642857142857143
2021,Brian Forte|James Williams|Marat Kogut,1,-0.3713321017387058,0.7054924242424242
2021,Brian Forte|James Williams|Phenizee Ransom,1,0.11211729812070621,1.408662900188324
2021,Brian Forte|Jason Goldenberg|Rodney Mott,1,-0.17638682127414018,0.6944444444444445
2021,Brian Forte|Jenna Schroeder|Suyash Mehta,1,0.550203953753076,2.1336696090794454
2021,Brian Forte|John Butler|Marat Kogut,1,-0.7047080029610214,0.511904761904762
2021,Brian Forte|Jonathan Sterling|Karl Lane,1,-0.2602830982636664,0.6166666666666667
2021,Brian Forte|Jonathan Sterling|Marat Kogut,1,-0.5342060724100544,0.5065359477124183
2021,Brian Forte|Jonathan Sterling|Tony Brothers,1,0.49811358817762885,1.5154761904761904
2021,Brian Forte|Justin Van Duyne|Kane Fitzgerald,1,0.653786106679365,1.4731182795698923
2021,Brian Forte|Justin Van Duyne|Marat Kogut,1,-0.07126302002149065,0.8774928774928774
2021,Brian Forte|Justin Van Duyne|Pat Fraher,1,-0.46617953280733215,0.6570216049382716
2021,Brian Forte|Kevin Cutler|Nate Green,1,0.00738010729762246,0.9686609686609686
2021,Brian Forte|Lauren Holtkamp|Zach Zarba,1,0.28930308107387903,1.1967435549525103
2021,Brian Forte|Marat Kogut|Matt Boland,1,-0.30318625898774615,0.6153846153846154
2021,Brian Forte|Matt Myers|Michael Smith,1,-0.38384549462868983,0.7480245829675154
2021,Brian Forte|Mousa Dagher|Pat Fraher,1,-0.18172113648171073,0.6597366597366597
2021,Brian Forte|Nick Buchert|Zach Zarba,2,0.12051616775066604,1.0867148145055803
2021,Brian Forte|Phenizee Ransom|Tre Maddox,1,0.10381849530601092,0.8660470202296336
2021,Brian Forte|Phenizee Ransom|Zach Zarba,1,0.43428554664365626,1.5384615384615385
2021,Brian Forte|Suyash Mehta|Tony Brothers,1,-0.3144206264235442,0.670076726342711
2021,CJ Washington|Cheryl Flores|Courtney Kirkland,1,0.13217177310848302,1.1264822134387351
2021,CJ Washington|Courtney Kirkland|Gediminas Petraitis,1,-0.5674589653964486,0.5474137931034483
2021,CJ Washington|Courtney Kirkland|JT Orr,1,-0.2804618244782938,1.0501373626373627
2021,CJ Washington|Curtis Blair|Gediminas Petraitis,1,-0.08682239465891507,1.001589825119237
2021,CJ Washington|David Guthrie|Mark Lindsay,1,-0.5644062162580553,0.5317693059628543
2021,CJ Washington|David Guthrie|Mitchell Ervin,1,-0.8408669700569132,0.34285714285714286
2021,CJ Washington|Derrick Collins|Kevin Scott,1,-0.6515827561386948,0.42349137931034486
2021,CJ Washington|Derrick Collins|Tony Brothers,1,-0.3439359181613026,0.6583333333333333
2021,CJ Washington|Ed Malloy|Jacyn Goble,1,0.5218754599525757,1.2314814814814816
2021,CJ Washington|Eric Dalen|Kevin Cutler,1,-0.4769611098132343,0.48489583333333336
2021,CJ Washington|Eric Lewis|Gediminas Petraitis,1,0.44005655287778345,1.330532212885154
2021,CJ Washington|Gediminas Petraitis|Tony Brothers,1,-0.05575883348552541,1.2970521541950113
2021,CJ Washington|Gediminas Petraitis|Tre Maddox,1,-0.2687848322704137,0.6433566433566433
2021,CJ Washington|JB DeRosa|Josh Tiven,1,-0.015267472130788533,1.0330578512396693
2021,CJ Washington|JT Orr|Tom Washington,1,0.6480267452794758,1.7604166666666665
2021,CJ Washington|Jacyn Goble|Tre Maddox,1,-0.18314223800538393,1.013277428371768
2021,CJ Washington|Jacyn Goble|Zach Zarba,1,0.3576744442718157,1.1
2021,CJ Washington|John Goble|Matt Boland,1,-0.0030030052597694343,0.8876529477196886
2021,CJ Washington|John Goble|Matt Myers,1,-0.012618463959211462,1.0344827586206895
2021,CJ Washington|Josh Tiven|Marat Kogut,1,-0.2591087000077249,0.7717391304347826
2021,CJ Washington|Justin Van Duyne|Sean Wright,1,0.3764775712349119,1.4258064516129032
2021,CJ Washington|Kevin Scott|Mitchell Ervin,1,-0.46081520319132935,0.4823529411764706
2021,CJ Washington|Leon Wood|Mark Lindsay,1,-0.2690532526182876,0.654945054945055
2021,CJ Washington|Leon Wood|Tony Brothers,1,-0.32940591582318074,0.534375
2021,CJ Washington|Mitchell Ervin|Zach Zarba,1,-0.1486602742208227,0.8772522522522522
2021,CJ Washington|Natalie Sago|Sean Corbin,1,-1.0155256541052986,0.4277551020408163
2021,Cheryl Flores|Curtis Blair|Pat Fraher,1,-0.05884050002293358,1.1224489795918366
2021,Cheryl Flores|David Guthrie|Nick Buchert,1,-0.0717439048588413,0.8284684684684686
2021,Cheryl Flores|Dedric Taylor|Eric Lewis,1,-0.13005312824819767,0.9709193245778613
2021,Cheryl Flores|Derek Richardson|Tyler Ford,1,0.13976194237515882,0.9098901098901099
2021,Cheryl Flores|Derrick Collins|Jacyn Goble,1,0.593192083469027,1.4773519163763067
2021,Cheryl Flores|Jacyn Goble|James Williams,1,-0.1304199514833858,1.037313432835821
2021,Cheryl Flores|Michael Smith|Zach Zarba,1,-0.3559850508447948,0.7956104252400548
2021,Cheryl Flores|Ray Acosta|Scott Twardoski,1,-0.11747520126885176,0.8606271777003485
2021,Clare Aubry|Jason Goldenberg|Scott Wall,1,-0.15639787178416303,0.8704906204906205
2021,Clare Aubry|Josh Tiven|Matt Boland,1,-0.2543960948183141,0.7048951048951049
2021,Courtney Kirkland|Danielle Scott|JB DeRosa,1,-0.026491615446976226,1.0113122171945703
2021,Courtney Kirkland|Danielle Scott|Karl Lane,1,0.3145293224879689,1.6808905380333952
2021,Courtney Kirkland|Danielle Scott|Sean Corbin,1,-0.2693563944693413,0.6713709677419355
2021,Courtney Kirkland|Dedric Taylor|Matt Boland,1,0.216454563163413,1.2844827586206897
2021,Courtney Kirkland|Dedric Taylor|Nate Green,1,-0.07567906438576309,1.4108251996450756
2021,Courtney Kirkland|Derek Richardson|Michael Smith,1,-0.32643505874901424,0.5585738539898132
2021,Courtney Kirkland|Derek Richardson|Nate Green,1,-0.6022320900898422,0.44491525423728817
2021,Courtney Kirkland|Derrick Collins|Justin Van Duyne,1,0.04676791878866418,1.0075757575757576
2021,Courtney Kirkland|Derrick Collins|Leon Wood,1,-0.4862845148498732,0.46533490011750883
2021,Courtney Kirkland|Derrick Collins|Robert Hussey,1,0.06857349634975025,1.0412299091544377
2021,Courtney Kirkland|Eric Dalen|Jason Goldenberg,1,-0.25951119548508456,0.7366071428571428
2021,Courtney Kirkland|Eric Dalen|Mousa Dagher,1,-0.027644644254452677,0.8660470202296336
2021,Courtney Kirkland|Eric Dalen|Nate Green,1,-0.8800876832101945,0.3519061583577713
2021,Courtney Kirkland|Eric Dalen|Suyash Mehta,1,-0.4600201852615522,0.5185439560439561
2021,Courtney Kirkland|Evan Scott|Michael Smith,1,0.1577883702700826,0.9421182266009853
2021,Courtney Kirkland|Evan Scott|Mitchell Ervin,1,-0.9751312318970886,0.42091836734693877
2021,Courtney Kirkland|Gediminas Petraitis|JB DeRosa,1,0.1124779834266903,1.0910714285714285
2021,Courtney Kirkland|JB DeRosa|John Conley,1,0.5738004229273791,1.450537634408602
2021,Courtney Kirkland|JB DeRosa|Suyash Mehta,1,-0.29873190863836585,0.7666751852798365
2021,Courtney Kirkland|JT Orr|Justin Van Duyne,1,-0.48550781578170077,0.47058823529411764
2021,Courtney Kirkland|JT Orr|Tre Maddox,1,-0.5260930958967792,0.6071428571428571
2021,Courtney Kirkland|Jason Goldenberg|Karl Lane,1,-0.09658082800578048,0.734360410830999
2021,Courtney Kirkland|Jenna Reneau|Michael Smith,1,-0.5193909866249137,0.5816631130063965
2021,Courtney Kirkland|Jenna Schroeder|Justin Van Duyne,1,-0.2724146003209924,0.7333333333333333
2021,Courtney Kirkland|Jenna Schroeder|Ray Acosta,1,-0.4923221522014312,0.5829959514170041
2021,Courtney Kirkland|Jonathan Sterling|Karl Lane,1,-0.22117869968327838,0.8397435897435896
2021,Courtney Kirkland|Jonathan Sterling|Nick Buchert,1,0.26662866325394846,1.2572016460905349
2021,Courtney Kirkland|Justin Van Duyne|Lauren Holtkamp,1,-0.2776317365982795,0.7201646090534979
2021,Courtney Kirkland|Lauren Holtkamp|Marat Kogut,1,-0.45978126517918305,0.785639958376691
2021,Courtney Kirkland|Mark Lindsay|Matt Myers,1,0.3378916832754391,1.2392578125
2021,Courtney Kirkland|Mark Lindsay|Suyash Mehta,1,0.6007738604289301,2.17420814479638
2021,Courtney Kirkland|Matt Boland|Matt Myers,2,-0.014493768436626059,0.8933479671693072
2021,Courtney Kirkland|Michael Smith|Phenizee Ransom,1,-0.503079327311355,0.6520359598096245
2021,Courtney Kirkland|Michael Smith|Scott Twardoski,1,-0.5056600804650951,0.5514124293785311
2021,Courtney Kirkland|Nick Buchert|Suyash Mehta,1,0.06628717557975083,0.7447354904982023
2021,Courtney Kirkland|Pat OConnell|Phenizee Ransom,1,0.4874648912318515,1.7847394540942927
2021,Courtney Kirkland|Ray Acosta|Tre Maddox,1,0.1234810567710212,1.0775510204081633
2021,Courtney Kirkland|Scott Twardoski|Scott Wall,1,0.34344090593730625,1.357816377171216
2021,Courtney Kirkland|Scott Twardoski|Tom Washington,1,-0.13294847217665537,1.1419698314108253
2021,Curtis Blair|Danielle Scott|Dedric Taylor,1,-0.23379089202343506,0.7263427109974425
2021,Curtis Blair|David Guthrie|Leon Wood,1,0.3763085238167088,1.313912009512485
2021,Curtis Blair|David Guthrie|Ray Acosta,1,-0.42238158177486523,0.576108870967742
2021,Curtis Blair|Dedric Taylor|Natalie Sago,1,-0.4552024662863719,0.8246153846153846
2021,Curtis Blair|Derek Richardson|Mitchell Ervin,1,-0.6025502852077187,0.625615763546798
2021,Curtis Blair|Derrick Collins|Jason Goldenberg,1,-0.18019615748164114,0.8351063829787234
2021,Curtis Blair|Derrick Collins|Matt Boland,1,-0.2889527206532365,0.8758095238095239
2021,Curtis Blair|Eric Lewis|Scott Twardoski,1,-0.15741687761387937,0.7043010752688171
2021,Curtis Blair|Gediminas Petraitis|Mitchell Ervin,1,0.001566171032745098,0.8160919540229886
2021,Curtis Blair|Gediminas Petraitis|Sean Wright,1,0.13999693238916452,0.9715120525931338
2021,Curtis Blair|JB DeRosa|Ray Acosta,1,-0.23613074684102092,0.7540322580645161
2021,Curtis Blair|JT Orr|Jenna Schroeder,1,-1.3406488536299304,0.23460591133004924
2021,Curtis Blair|JT Orr|John Goble,1,0.10873320013646559,1.1735419630156472
2021,Curtis Blair|JT Orr|Kevin Scott,1,-0.40319495957362517,0.5444444444444444
2021,Curtis Blair|JT Orr|Scott Foster,1,-0.5630113769365609,0.5536723163841808
2021,Curtis Blair|Jacyn Goble|Mousa Dagher,1,0.127833371509885,1.0
2021,Curtis Blair|James Capers|Scott Twardoski,1,0.007905179507113247,1.045267489711934
2021,Curtis Blair|Jason Goldenberg|Kevin Cutler,1,-0.2553466918088447,0.7605633802816901
2021,Curtis Blair|Jason Goldenberg|Leon Wood,1,0.397860508722945,1.6696078431372547
2021,Curtis Blair|Jason Goldenberg|Sean Wright,1,-0.5514190207312443,0.5387205387205387
2021,Curtis Blair|Jenna Schroeder|Matt Boland,1,-1.330221027534372,0.24326530612244895
2021,Curtis Blair|John Butler|Leon Wood,1,-0.5389965007326871,0.6290322580645161
2021,Curtis Blair|Jonathan Sterling|Leon Wood,1,0.12384533033192927,1.2126865671641789
2021,Curtis Blair|Justin Van Duyne|Scott Foster,1,-0.2702723420255202,0.7492957746478873
2021,Curtis Blair|Justin Van Duyne|Scott Wall,1,-0.37955272712252475,0.777078965758211
2021,Curtis Blair|Kane Fitzgerald|Nick Buchert,1,-0.6486954179891115,0.6505050505050504
2021,Curtis Blair|Karl Lane|Scott Twardoski,1,-0.1547336002751256,0.7
2021,Curtis Blair|Kevin Cutler|Scott Twardoski,1,0.022472855852058358,1.2037037037037035
2021,Curtis Blair|Leon Wood|Matt Boland,1,0.1863565320061337,1.249475890985325
2021,Curtis Blair|Marat Kogut|Matt Boland,1,0.27708750602038484,1.3227812323346522
2021,Curtis Blair|Marat Kogut|Mitchell Ervin,1,-0.44081906744819305,0.6335784313725491
2021,Curtis Blair|Mark Lindsay|Mousa Dagher,1,-0.013483350337287101,0.9583333333333333
2021,Curtis Blair|Matt Boland|Nick Buchert,1,0.00128123015604854,1.280636604774536
2021,Curtis Blair|Matt Boland|Phenizee Ransom,1,-0.7020997918320592,0.4193061840120664
2021,Curtis Blair|Matt Kallio|Pat Fraher,1,0.49667187632789694,1.7297297297297298
2021,Curtis Blair|Matt Myers|Mitchell Ervin,1,-0.2776317365982795,0.7012987012987013
2021,Curtis Blair|Michael Smith|Mitchell Ervin,1,-0.12783337150988489,0.9375
2021,Curtis Blair|Natalie Sago|Tyler Ford,1,-0.34421336067721575,0.5621340273259596
2021,Curtis Blair|Natalie Sago|Zach Zarba,1,-0.45712144479412964,0.5105672969966629
2021,Curtis Blair|Nate Green|Scott Wall,1,0.14856926998906314,1.1343915343915343
2021,Curtis Blair|Simone Jelks|Tre Maddox,1,0.24544210003666553,1.1600346020761245
2021,Danielle Scott|David Guthrie|Jacyn Goble,1,-0.12021734630218849,0.8790170132325142
2021,Danielle Scott|Dedric Taylor|James Williams,1,-0.5500463369192721,0.5357142857142857
2021,Danielle Scott|Dedric Taylor|Kevin Cutler,1,0.3629054936893685,1.365625
2021,Danielle Scott|Ed Malloy|Karl Lane,1,0.04829028912778108,0.9343715239154616
2021,Danielle Scott|Ed Malloy|Mitchell Ervin,1,0.3146900834692308,1.5363636363636364
2021,Danielle Scott|Ed Malloy|Natalie Sago,1,-0.5859330962527962,0.4709576138147566
2021,Danielle Scott|JT Orr|Mark Lindsay,1,0.198407694545579,1.2889507154213036
2021,Danielle Scott|JT Orr|Tyler Ford,1,-0.24636184141621692,0.7879428873611845
2021,Danielle Scott|Jacyn Goble|Tyler Ford,1,-0.19051832399813312,0.9183673469387754
2021,Danielle Scott|Josh Tiven|Lauren Holtkamp,1,0.08123645259266288,1.0241935483870968
2021,Danielle Scott|Josh Tiven|Mark Lindsay,1,-0.4896571993285123,0.6702898550724637
2021,Danielle Scott|Josh Tiven|Matt Boland,1,-0.4151739222351252,0.5446859903381642
2021,Danielle Scott|Josh Tiven|Scott Wall,1,0.03278982282299097,0.7750000000000001
2021,Danielle Scott|Mark Lindsay|Pat Fraher,1,0.0071023025820666046,1.065008479366874
2021,Danielle Scott|Michael Smith|Sean Wright,1,-0.2670627852490451,0.7
2021,Danielle Scott|Natalie Sago|Scott Foster,1,0.20734543443761866,1.2134363852556482
2021,Danielle Scott|Natalie Sago|Sean Wright,1,0.23126098583417642,1.4852216748768474
2021,Danielle Scott|Nick Buchert|Tony Brothers,1,0.572957404872997,1.8621794871794872
2021,Danielle Scott|Ray Acosta|Zach Zarba,1,-1.1042780262037872,0.28868234007654453
2021,Danielle Scott|Rodney Mott|Tyler Ford,1,0.057987257650349316,0.9633649932157395
2021,Danielle Scott|Tony Brothers|Tre Maddox,1,-0.08474122845509068,0.8575
2021,Dannica Mosher|Derrick Collins|Jonathan Sterling,1,0.014142401695218968,0.9577308120133483
2021,Dannica Mosher|Ed Malloy|Jason Goldenberg,1,0.4058940165427902,1.778191985088537
2021,Dannica Mosher|Eric Dalen|Tony Brothers,1,0.35271454272263547,1.5835777126099708
2021,Dannica Mosher|JB DeRosa|Scott Foster,1,-0.3285040669720361,0.7258064516129031
2021,Dannica Mosher|Jonathan Sterling|Marc Davis,1,-0.10008345855698265,1.1875
2021,Dannica Mosher|Jonathan Sterling|Tyler Ford,1,0.13218881018969067,1.203016970458831
2021,Dannica Mosher|Kane Fitzgerald|Ray Acosta,1,0.4982144670508157,1.6219281663516067
2021,Dannica Mosher|Michael Smith|Scott Foster,1,-0.25094583262616155,0.6549364613880743
2021,David Guthrie|Dedric Taylor|Gediminas Petraitis,1,-0.52821736647786,0.7264705882352942
2021,David Guthrie|Dedric Taylor|Jason Goldenberg,2,-0.379501201353917,0.7014418685492192
2021,David Guthrie|Dedric Taylor|Jonathan Sterling,1,-1.0450952079367346,0.2946326608298439
2021,David Guthrie|Dedric Taylor|Justin Van Duyne,1,0.4402690303028566,1.775
2021,David Guthrie|Dedric Taylor|Robert Hussey,1,0.06924441217498381,1.339622641509434
2021,David Guthrie|Derek Richardson|Mitchell Ervin,1,-0.07290677080808779,1.019657258064516
2021,David Guthrie|Derrick Collins|Gediminas Petraitis,1,-0.3086657247523718,0.6768905341089371
2021,David Guthrie|Ed Malloy|Marat Kogut,1,-1.4005367178354338,0.28007346189164367
2021,David Guthrie|Eric Dalen|Justin Van Duyne,1,0.2782033284972373,1.4052830188679246
2021,David Guthrie|Evan Scott|Leon Wood,1,0.3104967502179525,1.5346153846153847
2021,David Guthrie|Evan Scott|Mitchell Ervin,1,-0.4343644576715135,0.6376811594202898
2021,David Guthrie|Gediminas Petraitis|JB DeRosa,1,0.05300069670577558,1.0438406915714729
2021,David Guthrie|Gediminas Petraitis|Jacyn Goble,1,0.16523263536937122,1.1870404411764706
2021,David Guthrie|Gediminas Petraitis|Nick Buchert,1,-0.4348584068047968,0.5838596491228071
2021,David Guthrie|JD Ralls|Mark Lindsay,1,0.10536051565782614,1.1111111111111112
2021,David Guthrie|JT Orr|Matt Boland,1,0.5949087409765321,1.7009602194787379
2021,David Guthrie|Jacyn Goble|John Butler,1,0.42484138707130314,1.435714285714286
2021,David Guthrie|Jacyn Goble|Leon Wood,1,0.02954167910047493,1.0013717421124828
2021,David Guthrie|Jacyn Goble|Matt Myers,1,-0.10199916795512154,0.9171401515151515
2021,David Guthrie|Jonathan Sterling|Mark Lindsay,1,-0.10227884912041818,1.2380952380952381
2021,David Guthrie|Jonathan Sterling|Mitchell Ervin,1,-0.48835276791393206,0.5494186046511628
2021,David Guthrie|Jonathan Sterling|Sean Corbin,1,0.3121771736846073,1.4538461538461538
2021,David Guthrie|Justin Van Duyne|Nate Green,1,-0.5369282476686281,0.5673486786018754
2021,David Guthrie|Karl Lane|Matt Myers,1,-0.10471095408903086,0.9924812030075187
2021,David Guthrie|Kevin Cutler|Matt Boland,1,0.21217451994363576,1.096774193548387
2021,David Guthrie|Kevin Cutler|Ray Acosta,1,0.0670771620888125,0.9915305505142166
2021,David Guthrie|Marat Kogut|Matt Myers,1,-0.13176927763112334,0.9102564102564101
2021,David Guthrie|Marat Kogut|Mousa Dagher,1,-0.0525489728034531,0.891304347826087
2021,David Guthrie|Marat Kogut|Tre Maddox,2,0.4404242926121117,1.5010154061624648
2021,David Guthrie|Mark Lindsay|Scott Twardoski,1,-0.4382549309311553,0.739247311827957
2021,David Guthrie|Matt Boland|Mitchell Ervin,1,-0.7864351149835025,0.38200339558573854
2021,David Guthrie|Matt Boland|Tom Washington,1,-0.5992153607257419,0.4647435897435897
2021,David Guthrie|Matt Boland|Tre Maddox,1,0.03215354593018884,1.179137323943662
2021,David Guthrie|Michael Smith|Ray Acosta,1,-0.1749414494963321,0.8634920634920635
2021,David Guthrie|Michael Smith|Scott Wall,1,0.05034175486085083,1.3677455357142858
2021,David Guthrie|Mousa Dagher|Tyler Ford,1,-0.6736343663363636,0.444015444015444
2021,David Guthrie|Ray Acosta|Tyler Ford,1,0.5039996586955909,1.7380952380952381
2021,David Guthrie|Scott Wall|Suyash Mehta,1,-0.2174128766052247,0.7007786429365963
2021,Dedric Taylor|Ed Malloy|Marat Kogut,1,-0.04035129552356746,0.768361581920904
2021,Dedric Taylor|Eric Lewis|Justin Van Duyne,1,-0.12940199928251137,0.8768421052631579
2021,Dedric Taylor|Evan Scott|Karl Lane,1,-0.06453852113757118,0.8750000000000001
2021,Dedric Taylor|Evan Scott|Kevin Scott,1,0.4214654494546055,1.693548387096774
2021,Dedric Taylor|Gediminas Petraitis|James Williams,1,0.16941815195804674,1.1846153846153846
2021,Dedric Taylor|Gediminas Petraitis|Rodney Mott,1,0.3409265869705932,1.3068181818181819
2021,Dedric Taylor|James Capers|John Conley,1,-0.2876820724517809,0.6798029556650246
2021,Dedric Taylor|James Capers|Scott Twardoski,1,-0.17220342662837,0.8418079096045198
2021,Dedric Taylor|James Williams|Phenizee Ransom,1,0.2903957783233773,1.2022556390977444
2021,Dedric Taylor|James Williams|Suyash Mehta,1,-0.7845536468837969,0.47457627118644075
2021,Dedric Taylor|Jason Goldenberg|Kevin Scott,1,-0.2762533766281581,0.6470588235294118
2021,Dedric Taylor|Jason Goldenberg|Marc Davis,1,0.2576523260000849,1.0515350877192984
2021,Dedric Taylor|John Butler|Sean Wright,1,0.5342979799511327,1.1484375
2021,Dedric Taylor|John Butler|Tony Brothers,1,0.01972749863831784,1.1720797720797722
2021,Dedric Taylor|John Goble|Jonathan Sterling,1,-0.44183275227903934,0.710204081632653
2021,Dedric Taylor|John Goble|Scott Twardoski,2,-0.43771607744393587,0.5789807556684681
2021,Dedric Taylor|Kane Fitzgerald|Lauren Holtkamp,1,-0.1574895810927729,0.9988571428571429
2021,Dedric Taylor|Kane Fitzgerald|Mitchell Ervin,1,-0.015528262326554996,0.9129164231443601
2021,Dedric Taylor|Kane Fitzgerald|Nick Buchert,1,0.19521684477968732,1.4872912127814089
2021,Dedric Taylor|Marc Davis|Natalie Sago,2,0.39860603220805624,1.4153243173399948
2021,Dedric Taylor|Marc Davis|Scott Twardoski,1,-0.28163975799581836,1.1066666666666667
2021,Dedric Taylor|Matt Myers|Zach Zarba,1,-0.2032282416132683,0.7107897664071191
2021,Dedric Taylor|Mitchell Ervin|Pat Fraher,1,-0.193863317234126,0.6864754098360656
2021,Dedric Taylor|Mousa Dagher|Rodney Mott,1,-1.1430640512389434,0.29111531190926276
2021,Dedric Taylor|Natalie Sago|Scott Foster,1,-0.15961910617564806,0.7484008528784649
2021,Dedric Taylor|Natalie Sago|Tony Brothers,1,-0.06309314935976326,0.8659043659043658
2021,Dedric Taylor|Pat Fraher|Suyash Mehta,1,-0.1620329027567372,1.027972027972028
2021,Dedric Taylor|Phenizee Ransom|Rodney Mott,1,-0.17275210577780392,0.8101851851851852
2021,Dedric Taylor|Phenizee Ransom|Sean Corbin,1,-0.025975486403260563,0.7842401500938087
2021,Dedric Taylor|Phenizee Ransom|Sean Wright,1,-0.2876820724517809,0.6951219512195123
2021,Derek Richardson|Ed Malloy|Marat Kogut,1,0.2273501478421773,0.9920676890534109
2021,Derek Richardson|Eric Dalen|Tony Brothers,1,0.8524433298834099,1.9695402298850577
2021,Derek Richardson|Eric Lewis|Leon Wood,1,-0.1775330400621574,0.7359374999999999
2021,Derek Richardson|Eric Lewis|Mitchell Ervin,1,0.038313323537344686,0.9250956806998359
2021,Derek Richardson|JB DeRosa|Kevin Scott,1,-0.9617810580410316,0.33974358974358976
2021,Derek Richardson|Jacyn Goble|Tony Brothers,1,-0.21413542503915206,0.7248677248677248
2021,Derek Richardson|James Capers|Suyash Mehta,1,-0.16793281934185506,0.7662835249042146
2021,Derek Richardson|John Butler|Josh Tiven,1,-1.1008772952989616,0.3230769230769231
2021,Derek Richardson|John Butler|Tom Washington,1,0.336806740722007,1.4041831543244772
2021,Derek Richardson|John Conley|Mark Lindsay,1,-0.5340824859302579,0.5105105105105106
2021,Derek Richardson|Jonathan Sterling|Sean Wright,1,-0.23319388716771114,0.9533333333333334
2021,Derek Richardson|Josh Tiven|Karl Lane,1,0.20372546545710807,1.176923076923077
2021,Derek Richardson|Justin Van Duyne|Kevin Scott,1,0.42348361361084275,1.4545454545454544
2021,Derek Richardson|Justin Van Duyne|Sean Wright,1,-0.2605534050635283,0.73583984375
2021,Derek Richardson|Kane Fitzgerald|Lauren Holtkamp,1,-0.08875277925816588,1.106404958677686
2021,Derek Richardson|Kevin Cutler|Mousa Dagher,1,-0.16084252511683053,0.8705286483064261
2021,Derek Richardson|Kevin Scott|Tre Maddox,1,0.33576825911941877,1.3507728894173603
2021,Derek Richardson|Leon Wood|Marc Davis,1,0.02611748815485428,0.8553846153846155
2021,Derek Richardson|Leon Wood|Sean Wright,1,0.21477530164369327,1.0694444444444446
2021,Derek Richardson|Marc Davis|Suyash Mehta,1,-0.5500463369192718,0.46875
2021,Derek Richardson|Mark Lindsay|Nick Buchert,1,-0.3781449330217809,0.5533751962323391
2021,Derek Richardson|Mousa Dagher|Tyler Ford,1,0.1753528874778611,1.222222222222222
2021,Derek Richardson|Phenizee Ransom|Tony Brothers,1,-0.1717221913569126,0.7969328397673189
2021,Derek Richardson|Ray Acosta|Sean Wright,1,-0.2172088157943952,0.8666666666666666
2021,Derek Richardson|Ray Acosta|Zach Zarba,2,-0.1822689229787725,1.0014169863969304
2021,Derek Richardson|Rodney Mott|Scott Twardoski,1,0.0315322246694012,0.8707792207792208
2021,Derek Richardson|Tony Brothers|Tre Maddox,1,0.15684247149296968,1.2867924528301888
2021,Derrick Collins|Ed Malloy|Marat Kogut,1,-0.16563463800893988,0.8678977272727273
2021,Derrick Collins|Ed Malloy|Mousa Dagher,1,0.11528372014280645,1.1021526418786691
2021,Derrick Collins|Eric Lewis|JD Ralls,1,-0.26598370999070203,0.8241415192507804
2021,Derrick Collins|Eric Lewis|Jenna Reneau,1,0.2369841933839942,1.3017849730178497
2021,Derrick Collins|Eric Lewis|Lauren Holtkamp,1,-0.13996604483530176,0.8223938223938224
2021,Derrick Collins|Evan Scott|John Goble,1,0.1848246870120731,0.989010989010989
2021,Derrick Collins|Evan Scott|Kevin Scott,1,-0.7526326338461254,0.41223404255319146
2021,Derrick Collins|Evan Scott|Pat Fraher,2,0.3823916515832887,1.2635215565796212
2021,Derrick Collins|Evan Scott|Rodney Mott,1,-0.14045183546909631,0.9
2021,Derrick Collins|JD Ralls|Mitchell Ervin,1,-0.1820217516650413,0.826397146254459
2021,Derrick Collins|JD Ralls|Nick Buchert,1,-0.2078548587991195,1.0661764705882353
2021,Derrick Collins|JT Orr|Mark Lindsay,1,0.15246859364427354,0.8032454361054767
2021,Derrick Collins|JT Orr|Zach Zarba,1,0.3938539471804864,1.453030303030303
2021,Derrick Collins|James Capers|Marat Kogut,1,0.2156528795850522,1.1676909569798068
2021,Derrick Collins|James Williams|Jonathan Sterling,1,0.14605537880956024,1.4126712328767121
2021,Derrick Collins|Jenna Reneau|Kevin Scott,1,-0.006521762246387351,0.8477350590026645
2021,Derrick Collins|Jenna Reneau|Zach Zarba,1,-0.48655002536014447,0.6629032258064516
2021,Derrick Collins|Jenna Schroeder|Marc Davis,1,-0.2504405315198807,0.6430738119312437
2021,Derrick Collins|Jenna Schroeder|Tony Brothers,1,0.20479441264601322,1.3607427055702919
2021,Derrick Collins|John Butler|Josh Tiven,1,-0.15057285847937432,0.9634408602150537
2021,Derrick Collins|John Butler|Kevin Cutler,1,0.17938469712064475,0.9596774193548387
2021,Derrick Collins|John Butler|Mark Lindsay,1,0.03922071315328133,0.9479166666666666
2021,Derrick Collins|John Conley|Rodney Mott,1,0.3232270098711924,1.2339743589743588
2021,Derrick Collins|Jonathan Sterling|Kane Fitzgerald,1,-0.5869249673046378,0.44482758620689655
2021,Derrick Collins|Marat Kogut|Tre Maddox,1,0.29213642280116114,1.1904761904761902
2021,Derrick Collins|Mousa Dagher|Pat Fraher,1,0.47106239059397775,1.7796610169491525
2021,Derrick Collins|Mousa Dagher|Tre Maddox,1,-0.6868618047449846,0.49233209941829725
2021,Derrick Collins|Ray Acosta|Sean Wright,1,-0.10501869374371349,0.9591346153846155
2021,Ed Malloy|Eric Dalen|Nate Green,1,-0.03533936644530897,0.8296602387511478
2021,Ed Malloy|Evan Scott|Mitchell Ervin,1,-0.16705408466316607,0.8235294117647058
2021,Ed Malloy|JT Orr|Tom Washington,1,-0.5205344378929516,0.6482213438735177
2021,Ed Malloy|Jacyn Goble|Marat Kogut,1,0.034955015033576634,1.1247474747474748
2021,Ed Malloy|Jacyn Goble|Ray Acosta,1,-0.5760103484801682,0.5271317829457364
2021,Ed Malloy|Jacyn Goble|Scott Twardoski,1,-0.25470139172192185,0.7939393939393941
2021,Ed Malloy|Jenna Reneau|Kevin Cutler,1,-0.08793007250670237,0.7816091954022988
2021,Ed Malloy|Jenna Schroeder|Lauren Holtkamp,1,-0.1643030512912763,0.9506172839506173
2021,Ed Malloy|John Conley|Scott Wall,1,0.16640494475072518,1.0583446404341927
2021,Ed Malloy|Josh Tiven|Justin Van Duyne,1,-0.2977324083052823,0.7983870967741935
2021,Ed Malloy|Justin Van Duyne|Kane Fitzgerald,1,0.12384533033192946,0.9833187006145742
2021,Ed Malloy|Justin Van Duyne|Marc Davis,1,-0.756326082181477,0.38655462184873945
2021,Ed Malloy|Justin Van Duyne|Natalie Sago,1,-0.3245866293872319,0.7633928571428572
2021,Ed Malloy|Karl Lane|Matt Kallio,1,-0.18209196202770683,1.1068849301877708
2021,Ed Malloy|Karl Lane|Scott Twardoski,1,-0.09588177170328252,1.0176
2021,Ed Malloy|Lauren Holtkamp|Scott Foster,1,-0.4382549309311553,0.6756756756756758
2021,Ed Malloy|Marat Kogut|Natalie Sago,2,0.13457792970637292,1.089963441459863
2021,Ed Malloy|Marat Kogut|Sean Wright,1,0.37715347528227305,1.2758620689655173
2021,Ed Malloy|Matt Boland|Mitchell Ervin,2,-0.32483065680794815,0.6081044884797421
2021,Ed Malloy|Michael Smith|Phenizee Ransom,1,-0.6427369998360466,0.4272540983606557
2021,Ed Malloy|Michael Smith|Scott Twardoski,1,-0.6887974564334794,0.5049088359046283
2021,Ed Malloy|Mitchell Ervin|Scott Twardoski,1,0.0152674721307886,1.056
2021,Ed Malloy|Natalie Sago|Ray Acosta,1,-0.12783337150988489,0.8292307692307693
2021,Ed Malloy|Natalie Sago|Sean Wright,1,0.4812110822661246,1.267583289264939
2021,Ed Malloy|Nate Green|Sean Wright,1,-0.9246589815446716,0.5037037037037037
2021,Ed Malloy|Ray Acosta|Tyler Ford,1,-0.2680254199022291,0.8286290322580645
2021,Ed Malloy|Scott Twardoski|Tom Washington,1,-0.1879827122286929,0.6905241935483871
2021,Eric Dalen|Eric Lewis|Mousa Dagher,1,-0.5175146119167874,0.4806451612903226
2021,Eric Dalen|Eric Lewis|Phenizee Ransom,1,-0.08921708394957777,1.0809464508094646
2021,Eric Dalen|Gediminas Petraitis|Tony Brothers,1,0.36856055117271347,1.5280330882352944
2021,Eric Dalen|JB DeRosa|Josh Tiven,1,-0.696737848690674,0.407624633431085
2021,Eric Dalen|JB DeRosa|Kane Fitzgerald,1,0.21706450523782758,1.3553719008264462
2021,Eric Dalen|JT Orr|Scott Foster,1,-0.10022419460675376,1.2509803921568627
2021,Eric Dalen|James Capers|Mousa Dagher,1,-0.5004334659983765,0.6200466200466201
2021,Eric Dalen|Jenna Schroeder|Marc Davis,1,-0.35385565816945064,0.7973063973063973
2021,Eric Dalen|John Butler|Josh Tiven,1,0.07526248450054678,0.9097035040431266
2021,Eric Dalen|John Butler|Zach Zarba,1,0.09620543501183633,1.1417624521072798
2021,Eric Dalen|Jonathan Sterling|Kane Fitzgerald,1,-0.13176927763112334,0.9861111111111112
2021,Eric Dalen|Jonathan Sterling|Scott Foster,1,-0.6146224174476344,0.5359725923106204
2021,Eric Dalen|Justin Van Duyne|Sean Wright,1,-1.1349799328389845,0.2881773399014778
2021,Eric Dalen|Kane Fitzgerald|Natalie Sago,1,-0.6700056519982508,0.4358974358974359
2021,Eric Dalen|Kevin Cutler|Phenizee Ransom,1,-0.04184710993550049,0.9074563722897938
2021,Eric Dalen|Matt Myers|Zach Zarba,1,0.04201531208429726,1.1800674049109292
2021,Eric Dalen|Mousa Dagher|Sean Wright,1,-0.1984127700564927,0.7687793427230046
2021,Eric Dalen|Mousa Dagher|Tony Brothers,1,0.3236350898605322,1.5947802197802199
2021,Eric Dalen|Pat Fraher|Ray Acosta,1,0.280134866816398,1.087912087912088
2021,Eric Dalen|Phenizee Ransom|Tony Brothers,1,-0.17556477433107484,0.7938764352104976
2021,Eric Dalen|Suyash Mehta|Zach Zarba,1,-0.2719337154836418,0.6696428571428571
2021,Eric Lewis|Evan Scott|Karl Lane,1,-0.36283479483112563,0.6384083044982699
2021,Eric Lewis|Gediminas Petraitis|Jonathan Sterling,1,0.09485779345867705,0.7893864013266998
2021,Eric Lewis|Gediminas Petraitis|Karl Lane,1,-0.300028694002425,0.667578659370725
2021,Eric Lewis|Gediminas Petraitis|Matt Myers,1,0.4190180745128678,1.6666666666666665
2021,Eric Lewis|Gediminas Petraitis|Mousa Dagher,1,-0.059423420470800764,0.9171122994652406
2021,Eric Lewis|JB DeRosa|Matt Boland,1,0.155037597845486,1.1551459293394777
2021,Eric Lewis|JT Orr|Jonathan Sterling,1,-0.2536590952401601,0.6758328926493918
2021,Eric Lewis|JT Orr|Tyler Ricks,1,-0.022717923859656954,0.9503843466107619
2021,Eric Lewis|Jacyn Goble|Jason Goldenberg,1,-0.055350095083164956,1.0018099547511312
2021,Eric Lewis|Jacyn Goble|Jonathan Sterling,1,0.18814493138713112,0.8739635157545605
2021,Eric Lewis|Jacyn Goble|Leon Wood,1,-0.14406656076063226,0.8568298027757487
2021,Eric Lewis|Jacyn Goble|Ray Acosta,1,-0.31986374243080057,0.8642951251646903
2021,Eric Lewis|Jenna Reneau|Kevin Cutler,1,0.46608972992459924,1.8101851851851853
2021,Eric Lewis|Jenna Schroeder|Kevin Cutler,1,-1.023262851426323,0.2995169082125604
2021,Eric Lewis|John Butler|Karl Lane,1,-0.03833752119259308,1.0094979647218454
2021,Eric Lewis|John Butler|Natalie Sago,1,0.6592838998041102,2.001572327044025
2021,Eric Lewis|John Conley|Karl Lane,1,-0.46440764374161436,0.7291666666666666
2021,Eric Lewis|Jonathan Sterling|Tre Maddox,1,-0.08385431043686281,0.9724137931034483
2021,Eric Lewis|Justin Van Duyne|Kevin Cutler,1,-0.020546241717279385,1.1301446051167963
2021,Eric Lewis|Justin Van Duyne|Mitchell Ervin,1,0.48361566762966285,1.5238704177323104
2021,Eric Lewis|Marat Kogut|Michael Smith,1,-0.26554536235568604,0.7017543859649122
2021,Eric Lewis|Marat Kogut|Tyler Ford,1,-0.30121192468402863,0.586833855799373
2021,Eric Lewis|Matt Boland|Mitchell Ervin,1,0.01660773639966033,1.007905138339921
2021,Eric Lewis|Matt Kallio|Nick Buchert,1,-0.030771658666753774,0.8991060025542784
2021,Eric Lewis|Matt Myers|Michael Smith,1,-0.15526612891112396,0.7214170692431563
2021,Eric Lewis|Mitchell Ervin|Phenizee Ransom,1,0.0152674721307886,0.8625
2021,Eric Lewis|Natalie Sago|Suyash Mehta,1,-0.17544867750619247,0.9548156956004756
2021,Eric Lewis|Nate Green|Scott Twardoski,1,-0.5366433067919316,0.575684380032206
2021,Evan Scott|Gediminas Petraitis|Kevin Cutler,1,-0.37337679355666376,0.642512077294686
2021,Evan Scott|JB DeRosa|Rodney Mott,1,-0.2984612067066081,0.6783625730994152
2021,Evan Scott|JT Orr|Tony Brothers,1,-0.3437715391028245,0.72
2021,Evan Scott|Jacyn Goble|James Williams,1,0.13217177310848302,1.1620553359683794
2021,Evan Scott|Jacyn Goble|Josh Tiven,1,-0.14571181118139365,0.864406779661017
2021,Evan Scott|James Capers|Tom Washington,1,-0.0537041789718611,0.7107843137254902
2021,Evan Scott|James Williams|Matt Boland,1,0.5655505234552372,1.5491666666666666
2021,Evan Scott|Jason Goldenberg|Tre Maddox,1,0.4202993046689164,1.682962962962963
2021,Evan Scott|John Goble|Michael Smith,1,0.07618913835754638,1.11
2021,Evan Scott|John Goble|Tom Washington,1,-0.15050972915894045,0.6526181353767561
2021,Evan Scott|Josh Tiven|Karl Lane,1,0.06230388333615484,1.0946938775510204
2021,Evan Scott|Josh Tiven|Lauren Holtkamp,1,0.4638758702645789,1.492063492063492
2021,Evan Scott|Lauren Holtkamp|Tyler Ford,1,-0.06453852113757129,0.9897360703812317
2021,Evan Scott|Mark Lindsay|Natalie Sago,1,-0.9983668736770539,0.3126503126503126
2021,Evan Scott|Matt Boland|Tony Brothers,1,-0.5565914748241805,0.48115220483641535
2021,Evan Scott|Natalie Sago|Pat Fraher,1,-0.11225399417723775,0.8995837669094694
2021,Evan Scott|Ray Acosta|Rodney Mott,1,0.14732471475685852,1.062169312169312
2021,Gediminas Petraitis|JT Orr|Zach Zarba,1,0.3259032852719788,1.6233766233766234
2021,Gediminas Petraitis|Jacyn Goble|Kevin Scott,1,-0.4094838677030822,0.6742081447963801
2021,Gediminas Petraitis|Jacyn Goble|Sean Wright,1,-0.21217451994363576,0.7169117647058824
2021,Gediminas Petraitis|James Capers|Tyler Ford,1,-0.28535378269218975,0.5429292929292929
2021,Gediminas Petraitis|James Williams|John Conley,2,-0.2786044623279927,0.7735220125786164
2021,Gediminas Petraitis|James Williams|Jonathan Sterling,1,-0.19877496029725206,0.7941176470588236
2021,Gediminas Petraitis|John Butler|Karl Lane,1,-0.4088606971093027,0.7118644067796611
2021,Gediminas Petraitis|John Conley|Tony Brothers,1,0.7103002597861948,2.0416666666666665
2021,Gediminas Petraitis|John Goble|Suyash Mehta,1,0.006020487781583025,0.9130434782608696
2021,Gediminas Petraitis|John Goble|Tyler Ford,1,-0.06704719212048152,1.2391713747645952
2021,Gediminas Petraitis|Jonathan Sterling|Josh Tiven,1,-0.45447268721485895,0.5289855072463768
2021,Gediminas Petraitis|Josh Tiven|Scott Twardoski,1,-0.5424020014698162,0.5723787167449139
2021,Gediminas Petraitis|Justin Van Duyne|Kevin Scott,1,-0.5804065576044964,0.6071428571428571
2021,Gediminas Petraitis|Kane Fitzgerald|Phenizee Ransom,1,0.2135741002980591,1.2839506172839505
2021,Gediminas Petraitis|Kevin Cutler|Phenizee Ransom,2,-0.16622781133399883,0.7069534050179211
2021,Gediminas Petraitis|Kevin Scott|Matt Boland,1,-0.25754497803154214,0.8779149519890259
2021,Gediminas Petraitis|Kevin Scott|Tyler Ford,1,-0.7057656445191568,0.5414438502673797
2021,Gediminas Petraitis|Lauren Holtkamp|Scott Foster,1,-0.5048634943632284,0.47931985294117646
2021,Gediminas Petraitis|Marc Davis|Mark Lindsay,1,-0.3096609791705561,0.6650246305418719
2021,Gediminas Petraitis|Marc Davis|Mitchell Ervin,1,0.48360565253190296,1.5408163265306125
2021,Gediminas Petraitis|Mark Lindsay|Scott Foster,1,-1.0484225441442543,0.3711072664359862
2021,Gediminas Petraitis|Mark Lindsay|Tony Brothers,1,-0.19016473425498057,0.6614583333333334
2021,Gediminas Petraitis|Mitchell Ervin|Zach Zarba,1,-0.6355685103574341,0.4172876304023845
2021,Gediminas Petraitis|Nick Buchert|Zach Zarba,1,0.17284281283941083,1.089622641509434
2021,Gediminas Petraitis|Pat Fraher|Scott Twardoski,1,-0.08961215868968717,0.8615384615384616
2021,Gediminas Petraitis|Tony Brothers|Tre Maddox,1,-0.06312775203455323,0.8628892733564014
2021,Isaac Barnett|James Williams|Tyler Ford,1,-0.46440764374161436,0.5614973262032085
2021,JB DeRosa|James Capers|Suyash Mehta,1,0.2548334934961019,1.2122416534181242
2021,JB DeRosa|James Williams|Jonathan Sterling,1,-0.8459492425159101,0.37192982456140344
2021,JB DeRosa|James Williams|Nate Green,1,-0.27230859833714194,0.9731800766283524
2021,JB DeRosa|James Williams|Scott Twardoski,1,0.32220794130085434,1.51288056206089
2021,JB DeRosa|Jason Goldenberg|Tony Brothers,1,0.2448266438021634,1.169312169312169
2021,JB DeRosa|Jason Goldenberg|Zach Zarba,1,-0.1611193491433517,1.1349206349206349
2021,JB DeRosa|Jenna Reneau|Tom Washington,1,-0.037582711149043005,0.9693283976731887
2021,JB DeRosa|Jenna Schroeder|Kane Fitzgerald,1,0.32646116534223574,1.5092592592592593
2021,JB DeRosa|Jenna Schroeder|Marc Davis,1,0.13157635778871926,0.8473214285714287
2021,JB DeRosa|John Butler|Kevin Cutler,1,-0.11876007530421002,0.9375
2021,JB DeRosa|John Butler|Marc Davis,1,0.1775022703580057,1.38
2021,JB DeRosa|John Conley|Zach Zarba,1,0.13976194237515863,1.2458333333333333
2021,JB DeRosa|Jonathan Sterling|Kane Fitzgerald,1,-0.13869047543454996,1.2037735849056603
2021,JB DeRosa|Jonathan Sterling|Scott Foster,1,,0.0
2021,JB DeRosa|Justin Van Duyne|Rodney Mott,1,0.025752496102414764,0.9772256728778469
2021,JB DeRosa|Justin Van Duyne|Scott Foster,1,-0.02845142122439259,1.0161290322580645
2021,JB DeRosa|Kane Fitzgerald|Leon Wood,1,0.027200226299156544,0.9772727272727272
2021,JB DeRosa|Kane Fitzgerald|Matt Myers,1,0.48093269977792585,1.6276923076923078
2021,JB DeRosa|Kane Fitzgerald|Ray Acosta,1,-0.7032312996265713,0.42165242165242167
2021,JB DeRosa|Karl Lane|Matt Kallio,1,-0.6575961962956265,0.4725868725868726
2021,JB DeRosa|Kevin Scott|Matt Kallio,1,0.28709435571432346,1.3415233415233416
2021,JB DeRosa|Lauren Holtkamp|Sean Corbin,1,-0.5108256237659905,0.4888888888888889
2021,JB DeRosa|Leon Wood|Tre Maddox,1,-1.069098228154946,0.3876170655567117
2021,JB DeRosa|Marc Davis|Mousa Dagher,1,0.1917451298566468,1.0526315789473684
2021,JB DeRosa|Mark Lindsay|Pat Fraher,1,-0.9906027648387065,0.4161712247324614
2021,JB DeRosa|Nate Green|Tyler Ford,1,0.27902400970866637,1.3760683760683758
2021,JB DeRosa|Nick Buchert|Pat Fraher,1,0.36228012057708553,1.4272727272727275
2021,JB DeRosa|Ray Acosta|Sean Wright,1,-0.8731185600089462,0.44375
2021,JB DeRosa|Scott Wall|Tyler Ford,1,-0.04580953603129422,0.9552238805970149
2021,JD Ralls|Karl Lane|Tom Washington,1,-0.2931359231342447,0.8484848484848485
2021,JD Ralls|Leon Wood|Pat Fraher,1,-0.5428260889457849,0.7196745562130177
2021,JD Ralls|Leon Wood|Sean Corbin,1,-0.4838927414064028,0.49310344827586206
2021,JD Ralls|Sean Corbin|Suyash Mehta,1,-0.15886989575890492,1.0968523002421309
2021,JT Orr|Jacyn Goble|Marc Davis,1,0.3059355127611313,1.29
2021,JT Orr|Jason Goldenberg|Mark Lindsay,1,-0.20303532177086434,0.7786589762076424
2021,JT Orr|John Butler|Tom Washington,1,-0.17733401528291565,0.8505859375
2021,JT Orr|John Butler|Tony Brothers,1,-1.0732756129372887,0.305256064690027
2021,JT Orr|Josh Tiven|Marat Kogut,1,-0.262883879963724,0.8092959671907042
2021,JT Orr|Josh Tiven|Nick Buchert,1,-0.731148298738559,0.4011299435028248
2021,JT Orr|Josh Tiven|Scott Twardoski,1,-0.8396349876416345,0.42750582750582755
2021,JT Orr|Justin Van Duyne|Pat Fraher,1,-0.11905936001598821,0.6828885400313972
2021,JT Orr|Kane Fitzgerald|Mitchell Ervin,1,-0.11256589937909638,0.8615384615384616
2021,JT Orr|Kane Fitzgerald|Tyler Ford,1,-0.06977687779916009,1.0258620689655173
2021,JT Orr|Leon Wood|Pat Fraher,1,-0.05909345245341602,1.006841046277666
2021,JT Orr|Marc Davis|Mark Lindsay,1,0.5332984796180493,1.549586776859504
2021,JT Orr|Matt Boland|Rodney Mott,1,-0.4620354595965587,0.5806451612903226
2021,JT Orr|Matt Boland|Tre Maddox,1,0.11463415244315552,1.152073732718894
2021,JT Orr|Michael Smith|Tony Brothers,1,-0.13397932096347892,0.7126436781609196
2021,JT Orr|Rodney Mott|Scott Twardoski,1,0.027180990536025157,1.0848074921956297
2021,JT Orr|Sean Wright|Tyler Ford,1,-0.005171788402393844,0.9322033898305084
2021,JT Orr|Suyash Mehta|Tony Brothers,1,0.0731154162409702,1.0483516483516484
2021,JT Orr|Tony Brothers|Tre Maddox,1,0.017285636287025643,0.9383783783783785
2021,Jacyn Goble|James Capers|Mousa Dagher,1,-0.15950687902778318,0.8076923076923078
2021,Jacyn Goble|James Williams|Natalie Sago,1,-0.19016473425498057,0.6614583333333334
2021,Jacyn Goble|Jason Goldenberg|Marc Davis,1,-1.1032312345244044,0.33333333333333337
2021,Jacyn Goble|Jason Goldenberg|Scott Foster,1,0.19252716009594742,1.1653934300993123
2021,Jacyn Goble|Jenna Schroeder|Marc Davis,1,0.21035307064984082,1.1468531468531469
2021,Jacyn Goble|John Conley|Marc Davis,1,-0.31329464830850723,0.646341463414634
2021,Jacyn Goble|Josh Tiven|Natalie Sago,1,0.4079682383262827,1.5977443609022555
2021,Jacyn Goble|Kevin Cutler|Matt Boland,1,-0.5137538835450791,0.543859649122807
2021,Jacyn Goble|Marc Davis|Phenizee Ransom,1,0.09929822098228047,1.2536382536382535
2021,Jacyn Goble|Marc Davis|Tyler Ricks,1,-0.12987508142141227,0.9119822485207101
2021,Jacyn Goble|Matt Boland|Sean Wright,1,-0.18560563199514452,0.6229508196721312
2021,Jacyn Goble|Mitchell Ervin|Sean Corbin,1,-0.08866563708565615,1.032125768967874
2021,Jacyn Goble|Mousa Dagher|Tyler Ford,1,-0.05301403528561715,1.145703611457036
2021,Jacyn Goble|Natalie Sago|Scott Foster,1,-0.678177815451785,0.5833804409270774
2021,Jacyn Goble|Phenizee Ransom|Rodney Mott,1,-0.4785647615477691,0.5711263881544156
2021,Jacyn Goble|Rodney Mott|Suyash Mehta,1,-0.5877866649021192,0.5194805194805194
2021,Jacyn Goble|Scott Twardoski|Tyler Ford,1,-0.028170876966696335,0.9801587301587302
2021,Jacyn Goble|Suyash Mehta|Tony Brothers,2,0.33434678811479973,1.4261433644995287
2021,James Capers|Jonathan Sterling|Kevin Cutler,1,0.0017631506183807813,0.880672268907563
2021,James Capers|Jonathan Sterling|Kevin Scott,1,-0.025374495719913473,1.1567796610169492
2021,James Capers|Karl Lane|Lauren Holtkamp,1,0.2700271372130602,1.0677115987460815
2021,James Capers|Karl Lane|Scott Twardoski,1,-0.1431008436406733,0.7783783783783783
2021,James Capers|Kevin Cutler|Leon Wood,1,-0.029076264081509016,1.3036437246963564
2021,James Capers|Kevin Cutler|Mousa Dagher,1,-0.32643505874901424,0.5585738539898132
2021,James Capers|Kevin Cutler|Natalie Sago,1,0.14017593534319137,0.9707142857142856
2021,James Capers|Kevin Scott|Marat Kogut,1,-0.11019879229807548,1.053001053001053
2021,James Capers|Lauren Holtkamp|Matt Boland,1,-0.28950522701329595,0.7486338797814207
2021,James Capers|Leon Wood|Michael Smith,1,-0.40546510810816444,0.5714285714285714
2021,James Capers|Leon Wood|Nick Buchert,1,-0.22861197766259947,0.7743634767339772
2021,James Capers|Marat Kogut|Matt Myers,1,-0.07150719045366459,0.6571691176470589
2021,James Capers|Marat Kogut|Scott Twardoski,1,0.0,1.0
2021,James Capers|Matt Boland|Matt Kallio,1,0.18520340316884362,1.1733766233766234
2021,James Capers|Matt Myers|Michael Smith,1,0.22957444164450036,1.1675338189386055
2021,James Capers|Mitchell Ervin|Robert Hussey,1,0.16545775074194996,1.250620347394541
2021,James Capers|Phenizee Ransom|Tyler Ford,1,-0.19283820181888078,0.9310173697270472
2021,James Capers|Robert Hussey|Sean Corbin,1,-0.21331063039797088,0.7322884012539185
2021,James Capers|Scott Twardoski|Tyler Ford,1,-0.42701766649389855,0.7996381727725012
2021,James Capers|Scott Wall|Suyash Mehta,1,-0.7479554170549403,0.5737373737373738
2021,James Williams|Jason Goldenberg|Karl Lane,1,-0.004581909505111621,0.7976190476190476
2021,James Williams|John Butler|Mark Lindsay,1,-0.12136085700426748,0.860408163265306
2021,James Williams|John Conley|Michael Smith,1,0.43428554664365626,1.4035087719298245
2021,James Williams|John Conley|Nick Buchert,1,0.11999135455161193,1.003827227993439
2021,James Williams|Jonathan Sterling|Karl Lane,1,-0.11683651405235264,0.6749680715197955
2021,James Williams|Jonathan Sterling|Matt Boland,1,0.23440070583884434,1.3613933236574745
2021,James Williams|Jonathan Sterling|Sean Corbin,1,-0.07847161544149521,0.6933962264150944
2021,James Williams|Justin Van Duyne|Mark Lindsay,1,0.225161715470447,1.3094582185491277
2021,James Williams|Justin Van Duyne|Suyash Mehta,1,0.3200473569538125,1.3083333333333333
2021,James Williams|Karl Lane|Marat Kogut,1,0.05155132561075987,1.1653225806451613
2021,James Williams|Karl Lane|Scott Wall,1,0.1753528874778611,1.2327586206896552
2021,James Williams|Karl Lane|Suyash Mehta,1,-0.06346447127001509,0.8625987708516243
2021,James Williams|Lauren Holtkamp|Mousa Dagher,1,-0.2159125012299901,0.7560262965668372
2021,James Williams|Marat Kogut|Mark Lindsay,1,0.08179176928513052,1.167046564636926
2021,James Williams|Matt Myers|Nick Buchert,1,0.8435740642926914,2.524839743589743
2021,James Williams|Michael Smith|Suyash Mehta,1,0.3690060102813658,1.3148148148148149
2021,James Williams|Mitchell Ervin|Mousa Dagher,1,-0.023256862164267235,0.7327586206896551
2021,James Williams|Mitchell Ervin|Nick Buchert,1,0.22000383130954212,1.2288941736028538
2021,James Williams|Mitchell Ervin|Suyash Mehta,1,0.4336359850748606,1.5321428571428573
2021,James Williams|Natalie Sago|Scott Wall,1,-0.1455853169683354,0.8780241935483871
2021,James Williams|Nate Green|Scott Wall,1,-0.08446016378025908,0.9025974025974026
2021,James Williams|Scott Wall|Tom Washington,1,0.336806740722007,1.0604508196721312
2021,James Williams|Suyash Mehta|Tre Maddox,1,0.3378718169756361,1.2337254901960786
2021,Jason Goldenberg|Josh Tiven|Ray Acosta,1,-0.19237189264745613,1.1
2021,Jason Goldenberg|Josh Tiven|Sharae Mitchell,1,-0.006609409387673964,1.0205278592375366
2021,Jason Goldenberg|Justin Van Duyne|Tony Brothers,1,-0.3680387025890475,0.632768361581921
2021,Jason Goldenberg|Kane Fitzgerald|Leon Wood,1,-0.2714215515800007,0.5543964232488823
2021,Jason Goldenberg|Kevin Cutler|Tyler Ford,1,0.12306009275722721,1.3701923076923077
2021,Jason Goldenberg|Lauren Holtkamp|Mark Lindsay,1,0.5800943192789634,1.5310344827586206
2021,Jason Goldenberg|Marat Kogut|Tyler Ford,1,-0.2708508783448099,0.7423363711681855
2021,Jason Goldenberg|Mark Lindsay|Pat Fraher,1,0.16679061476307797,1.2046736502820306
2021,Jason Goldenberg|Mark Lindsay|Scott Foster,1,-0.1285849686891971,0.8636363636363638
2021,Jason Goldenberg|Michael Smith|Scott Wall,1,-0.21655472843619683,0.8248106060606061
2021,Jason Goldenberg|Pat Fraher|Scott Wall,1,0.31495110056733255,1.622596153846154
2021,Jason Goldenberg|Phenizee Ransom|Tyler Ford,1,-0.27811262143563026,0.7291666666666666
2021,Jason Goldenberg|Scott Foster|Tre Maddox,1,-0.6949703351214604,0.49129098360655743
2021,Jenna Reneau|Nick Buchert|Tre Maddox,1,-0.20991778909494851,0.9221153846153847
2021,Jenna Reneau|Ray Acosta|Tyler Ford,1,0.24116205681688824,1.2255892255892256
2021,Jenna Schroeder|Josh Tiven|Michael Smith,1,0.2730832730306283,0.960960960960961
2021,Jenna Schroeder|Josh Tiven|Tom Washington,1,-0.11753105127808132,0.8413111342351717
2021,Jenna Schroeder|Kane Fitzgerald|Natalie Sago,1,0.43507696215480884,1.6727383120825743
2021,Jenna Schroeder|Kane Fitzgerald|Tom Washington,1,-0.5804065576044964,0.4444444444444444
2021,Jenna Schroeder|Karl Lane|Rodney Mott,1,0.14792013007662227,1.1666666666666667
2021,Jenna Schroeder|Lauren Holtkamp|Rodney Mott,1,-0.49507726679785163,0.7428571428571429
2021,Jenna Schroeder|Matt Boland|Tony Brothers,1,0.01207258123426924,1.0051169590643276
2021,Jenna Schroeder|Natalie Sago|Scott Foster,1,-0.390427230743624,0.8248106060606061
2021,Jenna Schroeder|Nick Buchert|Pat Fraher,1,0.02985296314968113,0.8793103448275862
2021,Jenna Schroeder|Nick Buchert|Tom Washington,1,-0.10668414258833457,1.1796875
2021,Jenna Schroeder|Tom Washington|Zach Zarba,1,0.10157979281792023,1.2293178519593615
2021,Jenna Schroeder|Tony Brothers|Tyler Ford,1,0.7015731208740171,1.9815384615384617
2021,John Butler|John Goble|Sean Corbin,1,-0.17658802494619408,0.9012096774193549
2021,John Butler|Jonathan Sterling|Kevin Scott,1,0.13858616328614673,1.2548262548262548
2021,John Butler|Josh Tiven|Karl Lane,1,0.1707103958662767,1.0307210031347962
2021,John Butler|Josh Tiven|Natalie Sago,1,0.4542552722775965,1.6071428571428572
2021,John Butler|Justin Van Duyne|Sean Wright,1,-0.15641568645811035,0.7941176470588235
2021,John Butler|Karl Lane|Sean Wright,2,-0.28382670222021056,0.813507326007326
2021,John Butler|Karl Lane|Tony Brothers,1,-0.26554536235568604,0.7017543859649122
2021,John Butler|Kevin Cutler|Zach Zarba,1,0.27402620421533413,1.2206035379812694
2021,John Butler|Kevin Scott|Mitchell Ervin,1,-0.4142447957602102,0.6363636363636362
2021,John Butler|Kevin Scott|Nick Buchert,1,-0.6102595207541777,0.48529411764705876
2021,John Butler|Leon Wood|Marc Davis,1,0.16195886227506995,0.8592471358428805
2021,John Butler|Natalie Sago|Tyler Ford,1,-0.7733922968972636,0.48228450555261765
2021,John Butler|Pat Fraher|Scott Twardoski,1,0.07186456122964424,1.0331825037707392
2021,John Butler|Scott Wall|Tre Maddox,1,-0.8642115828292655,0.4682040531097135
2021,John Conley|Justin Van Duyne|Sean Wright,1,0.09259278682782489,0.9972862957937585
2021,John Conley|Karl Lane|Kevin Scott,1,0.15254650863905367,1.217741935483871
2021,John Conley|Kevin Cutler|Rodney Mott,2,-0.5968413358793173,0.7705128205128206
2021,John Conley|Kevin Scott|Lauren Holtkamp,1,0.0764611660944775,1.0758620689655172
2021,John Conley|Kevin Scott|Michael Smith,2,-0.5805663228247218,0.6348124098124097
2021,John Conley|Lauren Holtkamp|Sean Corbin,1,0.5290790640753409,1.2730263157894737
2021,John Conley|Marc Davis|Mitchell Ervin,1,0.0863069035543659,0.9589201877934271
2021,John Conley|Marc Davis|Scott Wall,1,-0.18711772905744775,0.7078039927404718
2021,John Conley|Mitchell Ervin|Zach Zarba,1,0.09867152750702962,1.204040404040404
2021,John Conley|Natalie Sago|Sean Wright,1,-0.1511807355068761,0.8289044289044291
2021,John Conley|Phenizee Ransom|Zach Zarba,1,-0.7218965938459313,0.6098003629764065
2021,John Conley|Rodney Mott|Tom Washington,1,-0.46650099869453354,0.5017543859649123
2021,John Goble|Lauren Holtkamp|Leon Wood,2,-0.3333718517829722,0.6837328767123287
2021,John Goble|Lauren Holtkamp|Tre Maddox,2,-0.12562308794175697,0.8809395138265763
2021,John Goble|Lauren Holtkamp|Tyler Ford,1,-0.25495537894922393,0.8036529680365297
2021,John Goble|Mark Lindsay|Ray Acosta,1,0.1008046991219655,1.206611570247934
2021,John Goble|Matt Boland|Sean Corbin,1,-0.5876846292916026,0.4801587301587301
2021,John Goble|Matt Myers|Mitchell Ervin,1,0.1823215567939546,0.9523809523809523
2021,John Goble|Michael Smith|Phenizee Ransom,1,0.06521214864704536,1.1069182389937107
2021,John Goble|Michael Smith|Scott Wall,1,-0.012220111334775333,0.9809941520467836
2021,John Goble|Mitchell Ervin|Tyler Ricks,1,-0.07199910093587782,0.8355795148247979
2021,John Goble|Natalie Sago|Nate Green,1,-0.14953173397096384,0.7499999999999999
2021,John Goble|Natalie Sago|Nick Buchert,1,-0.3497174633712337,0.7309941520467836
2021,John Goble|Phenizee Ransom|Ray Acosta,1,-0.012422519998557209,0.7151979565772668
2021,John Goble|Ray Acosta|Sean Corbin,1,-0.34989525695335355,0.5692307692307692
2021,Jonathan Sterling|Kevin Cutler|Sean Wright,1,0.18964759688602748,1.343137254901961
2021,Jonathan Sterling|Kevin Scott|Matt Boland,1,-0.2946025152963548,0.6486486486486486
2021,Jonathan Sterling|Marat Kogut|Sean Wright,1,-0.4099534459841258,0.7813852813852814
2021,Jonathan Sterling|Michael Smith|Pat Fraher,1,0.22314355131420957,1.1764705882352942
2021,Jonathan Sterling|Pat Fraher|Ray Acosta,2,-0.2015141774747205,0.8207755863539445
2021,Jonathan Sterling|Rodney Mott|Sean Corbin,1,-0.0016542600960265763,1.1185185185185187
2021,Josh Tiven|Justin Van Duyne|Mitchell Ervin,1,-0.12664273162933729,0.7741935483870968
2021,Josh Tiven|Justin Van Duyne|Sean Corbin,1,-0.4909103140650493,0.6026234567901235
2021,Josh Tiven|Kevin Cutler|Marat Kogut,1,0.3245866293872318,1.469924812030075
2021,Josh Tiven|Mark Lindsay|Natalie Sago,1,-0.05975919554000604,0.9158249158249159
2021,Josh Tiven|Mark Lindsay|Ray Acosta,2,0.045771993252577525,0.9965717299578059
2021,Josh Tiven|Matt Myers|Nick Buchert,1,0.335234612700863,1.7912457912457913
2021,Josh Tiven|Matt Myers|Tyler Ricks,1,-0.04152350279174539,1.1382488479262673
2021,Josh Tiven|Natalie Sago|Suyash Mehta,1,-0.3746934494414107,0.7857142857142857
2021,Josh Tiven|Nick Buchert|Scott Wall,1,-0.9162907318741551,0.3333333333333333
2021,Josh Tiven|Scott Wall|Tom Washington,1,0.12384533033192927,1.3143957631198844
2021,Justin Van Duyne|Kane Fitzgerald|Leon Wood,1,0.18012616623051902,1.21875
2021,Justin Van Duyne|Kane Fitzgerald|Tre Maddox,1,-0.6936470556015963,0.4528985507246377
2021,Justin Van Duyne|Karl Lane|Suyash Mehta,1,-0.5063712734166105,0.5818965517241379
2021,Justin Van Duyne|Kevin Cutler|Ray Acosta,1,-0.510254031867033,0.4891684136967156
2021,Justin Van Duyne|Leon Wood|Mark Lindsay,1,-0.854902459772423,0.421028466483012
2021,Justin Van Duyne|Marat Kogut|Tony Brothers,1,-0.4948716958237492,0.48771929824561405
2021,Justin Van Duyne|Mark Lindsay|Natalie Sago,1,0.023498899337673892,0.86962890625
2021,Justin Van Duyne|Mitchell Ervin|Sean Wright,1,0.027902456618822413,1.1417624521072796
2021,Justin Van Duyne|Mitchell Ervin|Zach Zarba,2,-0.41864567815368103,0.692800788954635
2021,Justin Van Duyne|Nick Buchert|Scott Foster,1,0.531143468384869,1.6762257169287695
2021,Justin Van Duyne|Nick Buchert|Tony Brothers,1,0.048484867265824294,1.0916666666666668
2021,Justin Van Duyne|Nick Buchert|Zach Zarba,1,-0.007067167223092331,1.3452975920036345
2021,Justin Van Duyne|Pat Fraher|Tre Maddox,1,-0.7596369218287783,0.42105263157894735
2021,Justin Van Duyne|Phenizee Ransom|Scott Foster,1,0.06500483030899579,1.0671641791044777
2021,Justin Van Duyne|Sean Corbin|Tony Brothers,1,-1.5864813806354903,0.19002695417789756
2021,Justin Van Duyne|Tom Washington|Zach Zarba,1,-0.47944552110615496,0.553116769095698
2021,Kane Fitzgerald|Lauren Holtkamp|Mousa Dagher,1,-0.02702867238791926,0.9384756657483931
2021,Kane Fitzgerald|Mousa Dagher|Natalie Sago,1,-0.1746586840483855,0.9924242424242425
2021,Kane Fitzgerald|Mousa Dagher|Tyler Ford,1,-0.025317807984289783,0.8848739495798318
2021,Kane Fitzgerald|Natalie Sago|Scott Twardoski,1,-0.10296794987124282,0.9279317697228145
2021,Karl Lane|Kevin Scott|Ray Acosta,1,0.13992119072329376,0.970467032967033
2021,Karl Lane|Leon Wood|Nick Buchert,1,-0.20655652763941246,0.5839653304442036
2021,Karl Lane|Marc Davis|Matt Boland,1,-0.1455853169683354,0.9760665972944849
2021,Karl Lane|Marc Davis|Nate Green,3,-0.3943106603684859,0.6700413783747118
2021,Karl Lane|Matt Kallio|Rodney Mott,1,-0.7464931612652379,0.4375624375624375
2021,Karl Lane|Matt Myers|Sean Wright,1,-0.03669226679992262,0.8211619604024667
2021,Karl Lane|Pat Fraher|Scott Wall,1,0.17670699303960902,1.0467380720545278
2021,Karl Lane|Ray Acosta|Sean Wright,1,-0.5857685007458818,0.49732620320855614
2021,Karl Lane|Scott Twardoski|Sean Wright,1,0.5121815561771266,1.5298507462686566
2021,Kevin Cutler|Lauren Holtkamp|Matt Myers,1,-0.01834913866819654,0.92
2021,Kevin Cutler|Leon Wood|Marc Davis,1,0.17435338714477755,0.8333333333333333
2021,Kevin Cutler|Marat Kogut|Phenizee Ransom,1,-1.0598262636329532,0.3018042646254784
2021,Kevin Cutler|Matt Boland|Scott Foster,1,0.4890104463329028,1.470659407138536
2021,Kevin Cutler|Matt Boland|Zach Zarba,1,-0.004535155165391262,1.0576923076923075
2021,Kevin Cutler|Matt Myers|Rodney Mott,1,0.41725306386020655,1.6157082748948108
2021,Kevin Cutler|Natalie Sago|Sharae Mitchell,1,0.5552773863368246,1.4483901515151518
2021,Kevin Cutler|Nick Buchert|Sean Wright,1,-0.15011841629932002,1.032727272727273
2021,Kevin Cutler|Nick Buchert|Zach Zarba,1,-0.05563708030539573,1.046875
2021,Kevin Cutler|Scott Twardoski|Zach Zarba,1,0.38059704153015084,1.6174545454545455
2021,Kevin Scott|Leon Wood|Phenizee Ransom,1,-0.23189071282336535,0.8459016393442623
2021,Kevin Scott|Matt Myers|Mitchell Ervin,1,0.30259957665939013,1.2559833506763787
2021,Kevin Scott|Mousa Dagher|Tyler Ford,1,0.3809239991920469,1.4096774193548387
2021,Kevin Scott|Nick Buchert|Scott Twardoski,1,-0.5810298824392391,0.4544491525423729
2021,Kevin Scott|Nick Buchert|Scott Wall,1,0.31893975785957224,1.8375
2021,Kevin Scott|Phenizee Ransom|Tre Maddox,1,0.0013577734604602887,0.8505859375
2021,Kevin Scott|Robert Hussey|Tyler Ford,1,0.37890259497833084,1.3325508607198748
2021,Lauren Holtkamp|Marc Davis|Phenizee Ransom,1,-0.2876820724517809,0.7920918367346939
2021,Lauren Holtkamp|Marc Davis|Tyler Ford,1,0.2800774730665615,1.4713934713934713
2021,Lauren Holtkamp|Mark Lindsay|Nick Buchert,1,0.24690003876990949,1.2717391304347825
2021,Lauren Holtkamp|Mark Lindsay|Scott Twardoski,1,-0.2719337154836418,0.9904761904761904
2021,Lauren Holtkamp|Matt Myers|Tyler Ford,1,-0.6119217406373593,0.6266666666666667
2021,Lauren Holtkamp|Mousa Dagher|Tre Maddox,1,-0.5267564458381851,0.5701545778834721
2021,Lauren Holtkamp|Pat Fraher|Tyler Ford,1,-0.04748053823299442,1.0067637877211237
2021,Lauren Holtkamp|Phenizee Ransom|Scott Foster,1,-0.5381095827144591,0.5254658385093167
2021,Lauren Holtkamp|Tom Washington|Zach Zarba,1,-0.1445812288111077,0.7692307692307693
2021,Leon Wood|Mark Lindsay|Scott Foster,1,0.2345722471378327,1.098692033293698
2021,Leon Wood|Matt Myers|Tom Washington,1,-0.31717250096248595,0.6241758241758242
2021,Leon Wood|Michael Smith|Scott Foster,1,0.19035372849121893,1.2096774193548385
2021,Leon Wood|Pat Fraher|Tom Washington,1,-0.15961910617564806,0.7484008528784649
2021,Leon Wood|Suyash Mehta|Zach Zarba,1,0.46413850979333743,1.813333333333333
2021,Leon Wood|Tom Washington|Tony Brothers,1,-0.5596157879354228,0.4444444444444445
2021,Marat Kogut|Mark Lindsay|Sean Wright,1,-0.410020924644025,0.6407523510971787
2021,Marat Kogut|Michael Smith|Tyler Ford,1,0.2011646445954345,1.2450592885375495
2021,Marat Kogut|Mitchell Ervin|Sean Wright,1,-0.2153614108721549,0.7329545454545454
2021,Marat Kogut|Pat Fraher|Tre Maddox,1,-0.4482347844960133,0.5269726247987118
2021,Marat Kogut|Phenizee Ransom|Tony Brothers,1,0.3548213752894094,1.296296296296296
2021,Marat Kogut|Scott Twardoski|Tom Washington,1,-0.5340459955728308,0.46187683284457476
2021,Marat Kogut|Scott Wall|Tom Washington,1,0.6036533860770602,1.4791666666666665
2021,Marat Kogut|Sean Wright|Suyash Mehta,1,-0.6805683983530851,0.43164556962025313
2021,Marc Davis|Mark Lindsay|Ray Acosta,1,-0.5690945318899663,0.4684450227716331
2021,Marc Davis|Natalie Sago|Scott Wall,1,0.15317004724070607,1.3717679944095038
2021,Mark Lindsay|Matt Boland|Matt Myers,1,-0.06453852113757118,0.9435483870967741
2021,Mark Lindsay|Matt Boland|Michael Smith,1,0.09781331002244334,0.9582577132486388
2021,Mark Lindsay|Mitchell Ervin|Nick Buchert,1,-1.1080241228504564,0.37281861448968795
2021,Mark Lindsay|Mousa Dagher|Tom Washington,1,0.5718712095962194,1.9584
2021,Mark Lindsay|Nick Buchert|Phenizee Ransom,1,-0.3150810466398952,0.7567567567567568
2021,Mark Lindsay|Phenizee Ransom|Sean Wright,1,-0.08833746125768652,0.8626373626373627
2021,Mark Lindsay|Ray Acosta|Sean Wright,1,0.19726817431631136,1.1502016129032258
2021,Mark Lindsay|Ray Acosta|Zach Zarba,1,-0.2624433189756157,0.6971786833855799
2021,Mark Lindsay|Sean Wright|Suyash Mehta,1,0.2524895165477326,1.29064039408867
2021,Matt Boland|Matt Myers|Zach Zarba,1,0.09134977858822804,1.0062111801242237
2021,Matt Boland|Sean Wright|Tom Washington,1,0.1691223377272253,1.2862433862433862
2021,Matt Boland|Suyash Mehta|Tom Washington,1,-0.3906500223230237,0.5074626865671642
2021,Matt Myers|Natalie Sago|Tom Washington,1,0.06863459835957471,1.2229477611940298
2021,Matt Myers|Natalie Sago|Tony Brothers,1,0.07528306042054837,0.8678109003312254
2021,Matt Myers|Pat Fraher|Scott Wall,1,-0.4626931380155294,0.5580419580419581
2021,Matt Myers|Scott Wall|Tyler Ford,2,-0.741907431160284,0.6117306606437041
2021,Michael Smith|Pat Fraher|Phenizee Ransom,1,0.1050799714001299,0.997983870967742
2021,Michael Smith|Phenizee Ransom|Scott Foster,1,0.35449866451613693,1.6175115207373272
2021,Michael Smith|Rodney Mott|Suyash Mehta,1,-0.45198512374305727,0.6176470588235294
2021,Michael Smith|Rodney Mott|Tyler Ricks,1,0.1830114498878921,1.4285714285714284
2021,Michael Smith|Scott Twardoski|Tony Brothers,1,0.10594857800938065,1.1444636678200693
2021,Michael Smith|Scott Wall|Tony Brothers,1,-0.5212969236332861,0.5131172839506173
2021,Michael Smith|Sean Corbin|Suyash Mehta,1,0.6896809725834592,2.2097186700767266
2021,Mitchell Ervin|Mousa Dagher|Pat Fraher,1,-0.03139842145756287,0.8421052631578947
2021,Mitchell Ervin|Nick Buchert|Scott Foster,1,0.4190180745128678,1.574074074074074
2021,Mitchell Ervin|Phenizee Ransom|Tre Maddox,1,0.0023161562178305485,0.963768115942029
2021,Mitchell Ervin|Ray Acosta|Sean Corbin,1,0.04644096112676837,1.098814229249012
2021,Mitchell Ervin|Ray Acosta|Sean Wright,1,-0.17670356448973135,0.8873239436619719
2021,Mitchell Ervin|Scott Twardoski|Tre Maddox,1,-0.17332059593497845,0.7063291139240506
2021,Mousa Dagher|Natalie Sago|Scott Foster,1,-0.31309178797714937,0.5483870967741935
2021,Mousa Dagher|Ray Acosta|Tyler Ford,1,0.16580952943096158,1.3355801636976408
2021,Mousa Dagher|Sean Wright|Suyash Mehta,1,-0.04845238338594674,0.9784514243973703
2021,Mousa Dagher|Sharae Mitchell|Tyler Ford,1,0.2371297932889497,1.408450704225352
2021,Natalie Sago|Nick Buchert|Zach Zarba,1,0.14085743271659545,1.0378787878787878
2021,Natalie Sago|Pat Fraher|Suyash Mehta,1,0.5570150062353653,1.9636363636363636
2021,Natalie Sago|Pat Fraher|Tom Washington,1,-0.16773579441756495,0.8382877526753866
2021,Natalie Sago|Phenizee Ransom|Tom Washington,1,-0.32615526965028063,0.7085714285714285
2021,Natalie Sago|Ray Acosta|Sean Wright,1,0.11778303565638346,0.84375
2021,Natalie Sago|Tom Washington|Zach Zarba,1,-0.13384267667372876,0.9472318339100346
2021,Nate Green|Nick Buchert|Tre Maddox,1,-0.43392757277192595,0.8246753246753247
2021,Nate Green|Ray Acosta|Tyler Ford,1,-0.4751627120557629,0.506638714185884
2021,Nate Green|Rodney Mott|Scott Wall,1,-0.531528206125161,0.6892583120204603
2021,Nick Buchert|Phenizee Ransom|Sean Wright,1,0.17263549450136137,1.234141791044776
2021,Nick Buchert|Ray Acosta|Tyler Ford,1,-0.15879437454448772,0.7994535519125684
2021,Nick Buchert|Rodney Mott|Scott Twardoski,1,-0.05014978368547156,0.8620689655172414
2021,Nick Buchert|Rodney Mott|Tom Washington,1,0.7391534535685889,2.3559322033898304
2021,Nick Buchert|Scott Twardoski|Zach Zarba,1,0.894816378351686,2.4790823211875845
2021,Nick Buchert|Suyash Mehta|Tre Maddox,1,-0.03278982282299084,0.9645161290322581
2021,Nick Buchert|Tom Washington|Tony Brothers,1,0.1753528874778611,1.078875171467764
2021,Pat Fraher|Ray Acosta|Tre Maddox,1,0.04512043528046964,1.0059171597633136
2021,Pat Fraher|Scott Wall|Tre Maddox,1,-0.33523461270086297,0.853185595567867
2021,Ray Acosta|Robert Hussey|Zach Zarba,1,-0.03319806940959586,1.074829931972789
2021,Ray Acosta|Scott Wall|Tyler Ford,1,-0.14645093052595534,0.8563218390804598
2021,Ray Acosta|Sean Corbin|Suyash Mehta,1,0.22825865198098017,1.3461538461538463
2021,Ray Acosta|Sean Corbin|Zach Zarba,1,-0.06033480874383678,0.9394714407502132
2021,Ray Acosta|Sean Wright|Tyler Ford,1,-0.27276297168838964,0.727810650887574
2021,Robert Hussey|Scott Foster|Scott Wall,1,0.4281339079208772,1.3364055299539168
2021,Robert Hussey|Scott Wall|Sean Wright,1,-0.8176192043671255,0.4927248677248677
2021,Scott Twardoski|Tom Washington|Tony Brothers,1,-0.16243074218787157,1.1264367816091956
2021,Scott Twardoski|Tony Brothers|Tyler Ford,1,-0.6328405743289541,0.5262965668371073
2022,Aaron Smith|Andy Nagy|James Capers,1,0.4996924507736572,1.4864532019704433
2022,Aaron Smith|Andy Nagy|Sean Wright,1,0.3500698448865966,1.4035714285714285
2022,Aaron Smith|Ben Taylor|Brian Forte,1,0.27523652587232456,1.3586466165413535
2022,Aaron Smith|Ben Taylor|Cheryl Flores,1,-0.04912079733495034,0.6981818181818181
2022,Aaron Smith|Ben Taylor|Derrick Collins,1,-0.002395210725954822,1.045112781954887
2022,Aaron Smith|Ben Taylor|JB DeRosa,1,0.43332206261113065,2.01238591916558
2022,Aaron Smith|Bill Kennedy|Brandon Adair,1,-0.05129329438755046,0.7307692307692307
2022,Aaron Smith|Bill Kennedy|Brandon Schwab,1,0.1124779834266903,1.227342549923195
2022,Aaron Smith|Bill Kennedy|Mousa Dagher,1,0.22639911577397592,1.2883064516129032
2022,Aaron Smith|Brandon Adair|Curtis Blair,1,-1.0320515221497708,0.3087719298245614
2022,Aaron Smith|Brandon Adair|Mitchell Ervin,1,0.31493878901109,1.5330634278002697
2022,Aaron Smith|Brandon Adair|Tre Maddox,1,-0.04660793158729903,0.9202797202797203
2022,Aaron Smith|Brandon Schwab|Justin Van Duyne,1,-1.1675561032735973,0.27894088669950734
2022,Aaron Smith|Brent Barnaky|David Guthrie,1,0.1520162072986255,1.2994120307553143
2022,Aaron Smith|Brent Haskill|Curtis Blair,1,0.028524466709848893,0.9338235294117646
2022,Aaron Smith|Brian Forte|Marat Kogut,1,-0.3508609740733127,0.8961038961038961
2022,Aaron Smith|CJ Washington|James Williams,1,-0.4162178998844262,0.669683257918552
2022,Aaron Smith|Cheryl Flores|Curtis Blair,1,0.3607292142667729,1.275
2022,Aaron Smith|Courtney Kirkland|Matt Myers,1,0.18905558897529878,1.1505791505791507
2022,Aaron Smith|Curtis Blair|Derrick Collins,1,-0.4366964312279669,0.7960784313725491
2022,Aaron Smith|Curtis Blair|Simone Jelks,1,0.21791250189665734,1.5497536945812809
2022,Aaron Smith|Danielle Scott|Tony Brothers,1,0.07108055491743541,0.9448275862068964
2022,Aaron Smith|Dannica Mosher|Tony Brothers,1,0.41809276497596626,1.4630593132154006
2022,Aaron Smith|David Guthrie|Phenizee Ransom,1,-0.32558435686870135,0.7736842105263158
2022,Aaron Smith|Derrick Collins|Rodney Mott,1,-0.3304099419456671,0.6652452025586354
2022,Aaron Smith|Eric Dalen|Tyler Ford,1,0.25096605691350893,1.267538644470868
2022,Aaron Smith|Eric Lewis|Jason Goldenberg,1,-0.9401419476963351,0.44064577397910726
2022,Aaron Smith|Eric Lewis|Jenna Schroeder,1,-0.08701137698962969,0.787878787878788
2022,Aaron Smith|Gediminas Petraitis|John Goble,1,-0.03051554392595049,0.9762030671602326
2022,Aaron Smith|JB DeRosa|Tyler Ford,1,-0.1823215567939547,0.8110516934046346
2022,Aaron Smith|JT Orr|Sean Wright,1,-0.513436591306711,0.48622881355932207
2022,Aaron Smith|Jacyn Goble|Josh Tiven,1,0.611250904237086,2.0782726045883937
2022,Aaron Smith|James Williams|John Butler,1,-0.5663954749208013,0.7297297297297297
2022,Aaron Smith|James Williams|Sean Corbin,1,-0.37520719206766,0.7311513734658095
2022,Aaron Smith|Jason Goldenberg|Mitchell Ervin,1,0.18954180476744178,1.1360576923076924
2022,Aaron Smith|Jason Goldenberg|Tony Brothers,1,-0.5827991233910799,0.5533033033033034
2022,Aaron Smith|Jenna Schroeder|Mark Lindsay,1,0.3140688276249758,1.5058823529411767
2022,Aaron Smith|Jenna Schroeder|Sean Wright,1,-0.33647223662121306,0.823529411764706
2022,Aaron Smith|John Butler|Tyler Ford,1,0.4519851237430572,1.5028462998102468
2022,Aaron Smith|John Conley|John Goble,1,-0.16476234042185267,0.8392792792792793
2022,Aaron Smith|John Goble|Matt Kallio,1,-0.7767972098468703,0.5794444444444445
2022,Aaron Smith|John Goble|Phenizee Ransom,1,-1.6744427427430963,0.17402597402597403
2022,Aaron Smith|John Goble|Rodney Mott,1,-0.5967553348848795,0.5663265306122448
2022,Aaron Smith|Josh Tiven|Matt Myers,1,-0.4834937164099996,0.6649323621227888
2022,Aaron Smith|Josh Tiven|Mousa Dagher,1,-0.00945314264375514,1.0457856399583767
2022,Aaron Smith|Josh Tiven|Scott Wall,1,-0.4488881872325241,0.592741935483871
2022,Aaron Smith|Karl Lane|Nate Green,1,0.02681125745065677,1.361111111111111
2022,Aaron Smith|Karl Lane|Tyler Ford,1,-0.7869659357776002,0.42844600526777876
2022,Aaron Smith|Marat Kogut|Mitchell Ervin,1,0.2595111954850846,1.111111111111111
2022,Aaron Smith|Marat Kogut|Tony Brothers,1,0.0870113769896297,0.96
2022,Aaron Smith|Marat Kogut|Tyler Ford,1,-0.17904823144898543,0.9513849632560769
2022,Aaron Smith|Marc Davis|Phenizee Ransom,1,-0.2669200810033518,0.5688311688311688
2022,Aaron Smith|Marc Davis|Scott Wall,1,-1.4262996957335898,0.22171945701357465
2022,Aaron Smith|Mark Lindsay|Suyash Mehta,1,-0.13209906962958962,0.7383252818035427
2022,Aaron Smith|Mitchell Ervin|Pat Fraher,1,0.1720028005925793,1.121505376344086
2022,Aaron Smith|Mitchell Ervin|Robert Hussey,1,-0.18160905231065927,0.8818541548897681
2022,Aaron Smith|Nick Buchert|Tony Brothers,1,0.061839464168406265,1.181422351233672
2022,Aaron Smith|Phenizee Ransom|Zach Zarba,1,-0.31924853841961537,0.8898305084745762
2022,Aaron Smith|Robert Hussey|Scott Foster,1,-0.041242958534049017,0.7509881422924901
2022,Aaron Smith|Sharae Mitchell|Tony Brothers,1,0.030262086608389742,1.0285592497868712
2022,Aaron Smith|Suyash Mehta|Tyler Ford,1,-0.47246769620089474,0.6373165618448637
2022,Andy Nagy|Ashley Moyer-Gleich|Karl Lane,1,0.01716526313009421,1.1259328358208955
2022,Andy Nagy|Ben Taylor|Kevin Cutler,1,0.15950687902778324,1.075187969924812
2022,Andy Nagy|Bill Kennedy|Brent Barnaky,1,0.296082768059258,1.8144989339019189
2022,Andy Nagy|Bill Kennedy|Kevin Cutler,1,-0.09921584798080874,0.8977407847800238
2022,Andy Nagy|Bill Kennedy|Scott Twardoski,1,-0.4110831004123877,0.6682352941176471
2022,Andy Nagy|Brandon Adair|Tyler Ford,1,0.04486575553886632,1.0168350168350169
2022,Andy Nagy|Brett Nansel|Josh Tiven,1,-0.06858566390726369,0.9306010928961749
2022,Andy Nagy|Brian Forte|David Guthrie,1,-0.9762079354161285,0.44142921754862047
2022,Andy Nagy|Brian Forte|Pat Fraher,1,0.7890916194350502,2.4364406779661016
2022,Andy Nagy|Courtney Kirkland|Ray Acosta,1,-0.13720112151348515,0.6538461538461539
2022,Andy Nagy|Curtis Blair|Gediminas Petraitis,1,0.08041069295827764,0.8830409356725146
2022,Andy Nagy|Curtis Blair|Justin Van Duyne,1,0.35894509247327155,1.4025974025974026
2022,Andy Nagy|David Guthrie|Ray Acosta,1,-0.3746934494414107,0.5257352941176471
2022,Andy Nagy|David Guthrie|Scott Twardoski,1,0.3464533898671944,1.2372881355932204
2022,Andy Nagy|Ed Malloy|Michael Smith,1,-0.37231836839434873,0.7167002012072434
2022,Andy Nagy|Ed Malloy|Sean Corbin,1,0.3363847513842908,1.4093043107127616
2022,Andy Nagy|Ed Malloy|Tre Maddox,1,-0.13976194237515874,0.84472049689441
2022,Andy Nagy|Eric Dalen|Scott Foster,1,-0.1493774010746007,0.6818181818181819
2022,Andy Nagy|Eric Lewis|Jacyn Goble,1,-0.6303462793209151,0.5111111111111111
2022,Andy Nagy|Eric Lewis|Natalie Sago,1,0.1196028723733694,1.2622950819672132
2022,Andy Nagy|Gediminas Petraitis|Rodney Mott,1,0.0019960086467148783,1.0946196660482375
2022,Andy Nagy|Gediminas Petraitis|Tony Brothers,1,-0.4169727149596442,0.631578947368421
2022,Andy Nagy|Gediminas Petraitis|Tyler Ford,1,-0.39907531000939345,0.7235023041474653
2022,Andy Nagy|JB DeRosa|John Butler,1,-0.15996464969267818,0.7724137931034482
2022,Andy Nagy|Jacyn Goble|Mark Lindsay,1,-0.7765807362016911,0.3881048387096774
2022,Andy Nagy|John Goble|Justin Van Duyne,1,-0.2661758672308174,0.5875
2022,Andy Nagy|John Goble|Lauren Holtkamp,1,0.4692196229335268,1.5632183908045976
2022,Andy Nagy|Josh Tiven|Natalie Sago,1,0.06572667370033043,0.8683712121212122
2022,Andy Nagy|Josh Tiven|Tom Washington,1,0.5337194436318433,2.0863636363636364
2022,Andy Nagy|Justin Van Duyne|Tony Brothers,1,0.00210305019677889,0.8704
2022,Andy Nagy|Karl Lane|Lauren Holtkamp,1,-1.4596925260747584,0.21509971509971512
2022,Andy Nagy|Lauren Holtkamp|Mark Lindsay,1,0.2754911720991685,1.4306010928961748
2022,Andy Nagy|Marc Davis|Michael Smith,1,0.22560964380940327,0.9022222222222221
2022,Andy Nagy|Michael Smith|Sean Wright,2,-0.3469185368269415,0.642169540229885
2022,Andy Nagy|Michael Smith|Tyler Ford,1,0.04670899796560749,1.1189189189189188
2022,Andy Nagy|Michael Smith|Zach Zarba,1,0.5541562657305238,1.7496807151979565
2022,Andy Nagy|Mitchell Ervin|Sean Wright,1,-0.2852811109142428,0.6387867647058824
2022,Andy Nagy|Mitchell Ervin|Tyler Ford,1,0.3132946483085073,1.4731494920174166
2022,Andy Nagy|Nick Buchert|Pat Fraher,1,-0.1538124992356011,0.5787671232876712
2022,Andy Nagy|Nick Buchert|Zach Zarba,1,0.5123282536505257,1.7280219780219779
2022,Andy Nagy|Ray Acosta|Scott Foster,1,-1.608788350865305,0.18632788868723532
2022,Andy Nagy|Ray Acosta|Tyler Ford,1,-0.10109611687136875,0.9710743801652892
2022,Andy Nagy|Scott Twardoski|Sean Wright,1,0.40904292945604837,1.3111342351716964
2022,Andy Nagy|Sean Corbin|Tony Brothers,1,0.1890595345344731,1.1779100529100528
2022,Andy Nagy|Tony Brothers|Tre Maddox,1,-0.2087548138621101,0.8571428571428571
2022,Ashley Moyer-Gleich|Ben Taylor|John Conley,1,0.3031862589877461,0.9848484848484849
2022,Ashley Moyer-Gleich|Brandon Schwab|Eric Lewis,1,-0.19105523676270908,0.6698002350176263
2022,Ashley Moyer-Gleich|Brent Barnaky|Scott Foster,1,0.4765610297918946,1.3883847549909256
2022,Ashley Moyer-Gleich|CJ Washington|David Guthrie,1,0.27213405606329627,1.7419354838709675
2022,Ashley Moyer-Gleich|Cheryl Flores|David Guthrie,1,0.1972353664555449,1.4318627450980392
2022,Ashley Moyer-Gleich|Cheryl Flores|Eric Lewis,1,0.046439986824478294,1.0665813060179257
2022,Ashley Moyer-Gleich|Cheryl Flores|Tyler Ford,1,-0.8145080375642128,0.3817733990147783
2022,Ashley Moyer-Gleich|Courtney Kirkland|Rodney Mott,1,0.35885835091967594,1.7498482088646024
2022,Ashley Moyer-Gleich|Courtney Kirkland|Suyash Mehta,1,0.004976903269752874,0.7945696721311476
2022,Ashley Moyer-Gleich|Curtis Blair|David Guthrie,1,0.10178269430994218,1.145320197044335
2022,Ashley Moyer-Gleich|Curtis Blair|Kevin Scott,1,0.040303550292113285,0.9561368209255533
2022,Ashley Moyer-Gleich|Curtis Blair|Scott Foster,2,0.1598054946251634,1.1446993352731059
2022,Ashley Moyer-Gleich|Dannica Mosher|Eric Lewis,1,-0.18616033310112048,0.9542876209542877
2022,Ashley Moyer-Gleich|David Guthrie|Derek Richardson,1,-0.35331011612313284,0.6700138504155124
2022,Ashley Moyer-Gleich|David Guthrie|Matt Boland,1,0.15600424847658118,0.9404388714733543
2022,Ashley Moyer-Gleich|Ed Malloy|JB DeRosa,1,-0.5232481437645479,0.6060606060606061
2022,Ashley Moyer-Gleich|Ed Malloy|JT Orr,1,-0.1004705303636345,0.7448096885813148
2022,Ashley Moyer-Gleich|Ed Malloy|Marat Kogut,1,0.02597548640326052,0.8362573099415204
2022,Ashley Moyer-Gleich|Ed Malloy|Matt Myers,1,0.1720467288528562,1.0385585585585584
2022,Ashley Moyer-Gleich|Eric Lewis|Matt Myers,1,0.3336065893388895,1.2383816293056316
2022,Ashley Moyer-Gleich|Eric Lewis|Suyash Mehta,1,-0.08682239465891507,1.001589825119237
2022,Ashley Moyer-Gleich|Evan Scott|James Williams,1,-0.6234201844835567,0.4630021141649049
2022,Ashley Moyer-Gleich|Evan Scott|Scott Foster,1,-0.49020633656325513,0.606981981981982
2022,Ashley Moyer-Gleich|Gediminas Petraitis|Jenna Schroeder,1,0.1848246870120731,1.1428571428571428
2022,Ashley Moyer-Gleich|Gediminas Petraitis|Tony Brothers,1,0.07410797215372204,1.0355029585798816
2022,Ashley Moyer-Gleich|JT Orr|Pat Fraher,1,-0.1881392031502374,0.703953712632594
2022,Ashley Moyer-Gleich|JT Orr|Zach Zarba,1,0.27532930448478005,0.921875
2022,Ashley Moyer-Gleich|James Capers|Jason Goldenberg,1,-0.7543517478777594,0.41387755102040813
2022,Ashley Moyer-Gleich|James Capers|Justin Van Duyne,1,0.6672464521277882,1.917929292929293
2022,Ashley Moyer-Gleich|James Capers|Suyash Mehta,1,-0.2217241046599835,0.7193877551020408
2022,Ashley Moyer-Gleich|James Williams|Matt Boland,1,0.48681074756211684,1.5496368038740922
2022,Ashley Moyer-Gleich|James Williams|Ray Acosta,1,-0.16220441463435514,1.1223529411764708
2022,Ashley Moyer-Gleich|James Williams|Robert Hussey,1,0.8303483020734302,2.11764705882353
2022,Ashley Moyer-Gleich|Jason Goldenberg|Pat Fraher,1,0.05773695015923809,1.19876660341556
2022,Ashley Moyer-Gleich|Jenna Schroeder|Pat Fraher,1,-0.20025925748062193,0.8742857142857142
2022,Ashley Moyer-Gleich|John Conley|Marc Davis,1,0.4501331570429862,1.3134328358208955
2022,Ashley Moyer-Gleich|Jonathan Sterling|Marc Davis,2,-0.5731940210764732,0.5600401354571679
2022,Ashley Moyer-Gleich|Josh Tiven|Justin Van Duyne,1,-0.67468511772021,0.4456521739130435
2022,Ashley Moyer-Gleich|Josh Tiven|Matt Kallio,1,-0.7437909133787003,0.40104166666666663
2022,Ashley Moyer-Gleich|Josh Tiven|Phenizee Ransom,1,-0.2585254881603253,0.8365384615384616
2022,Ashley Moyer-Gleich|Josh Tiven|Suyash Mehta,1,0.41964974310012076,1.7554945054945055
2022,Ashley Moyer-Gleich|Justin Van Duyne|Zach Zarba,1,-0.3643001192439532,0.545822102425876
2022,Ashley Moyer-Gleich|Karl Lane|Sean Wright,1,0.5676999063353818,1.7107438016528926
2022,Ashley Moyer-Gleich|Kevin Cutler|Tony Brothers,1,-0.2506039486773074,0.9029850746268656
2022,Ashley Moyer-Gleich|Kevin Cutler|Zach Zarba,1,0.0408219945202552,1.0817307692307692
2022,Ashley Moyer-Gleich|Kevin Scott|Marat Kogut,1,-0.17208838051392558,0.9066666666666666
2022,Ashley Moyer-Gleich|Leon Wood|Sean Wright,1,-0.1322405701915138,0.7936708860759494
2022,Ashley Moyer-Gleich|Marc Davis|Robert Hussey,1,0.5150273106196906,1.756335282651072
2022,Ashley Moyer-Gleich|Marc Davis|Scott Twardoski,1,-0.3885805934061558,0.5763157894736842
2022,Ashley Moyer-Gleich|Matt Boland|Rodney Mott,1,-0.8391010931830252,0.37037037037037035
2022,Ashley Moyer-Gleich|Matt Myers|Pat Fraher,1,-0.057468385634997496,0.9518590998043053
2022,Ashley Moyer-Gleich|Matt Myers|Tony Brothers,1,-0.6856788859524193,0.39482961222091656
2022,Ashley Moyer-Gleich|Michael Smith|Scott Foster,1,-0.11482882375895198,0.8222453222453222
2022,Ashley Moyer-Gleich|Michael Smith|Tony Brothers,1,0.5362704654234486,1.4501231527093599
2022,Ashley Moyer-Gleich|Natalie Sago|Scott Foster,1,0.0047732787526575905,0.9316394434361766
2022,Ashley Moyer-Gleich|Nate Green|Scott Foster,1,-0.5465437063680699,0.4898785425101215
2022,Ashley Moyer-Gleich|Pat Fraher|Scott Wall,1,0.3254224004346281,1.2692307692307692
2022,Ashley Moyer-Gleich|Phenizee Ransom|Scott Foster,1,-1.0530017774160574,0.3115079365079365
2022,Ashley Moyer-Gleich|Suyash Mehta|Zach Zarba,1,0.07430831273337621,1.1698924731182794
2022,Ben Taylor|Brandon Adair|Ed Malloy,1,-0.32025824288639354,0.6434659090909091
2022,Ben Taylor|Brandon Schwab|Eric Lewis,1,0.134706250797647,1.3984674329501918
2022,Ben Taylor|Brandon Schwab|Natalie Sago,1,0.5411799077136306,1.5748633879781422
2022,Ben Taylor|Brett Nansel|David Guthrie,1,0.6770610428083208,1.513911620294599
2022,Ben Taylor|Brett Nansel|Scott Foster,1,0.3156428874494242,1.1660455486542443
2022,Ben Taylor|Brett Nansel|Sean Corbin,1,-0.6776162385290686,0.43259259259259264
2022,Ben Taylor|Brett Nansel|Tony Brothers,1,0.16880702951083396,1.0056352459016393
2022,Ben Taylor|Brian Forte|Dedric Taylor,1,0.5444362240285051,1.4858934169278994
2022,Ben Taylor|CJ Washington|Derrick Collins,1,0.44904826406974746,1.5354838709677419
2022,Ben Taylor|Cheryl Flores|Scott Twardoski,1,-0.24054521707285131,0.7214532871972319
2022,Ben Taylor|Dannica Mosher|David Guthrie,1,-0.43052219389048185,0.5079449152542374
2022,Ben Taylor|Dannica Mosher|JB DeRosa,1,0.00738010729762268,1.057777777777778
2022,Ben Taylor|Dannica Mosher|John Goble,1,-0.1712717206073697,0.7905405405405406
2022,Ben Taylor|David Guthrie|JT Orr,1,-0.07410797215372185,0.9407894736842105
2022,Ben Taylor|Dedric Taylor|Jonathan Sterling,1,-0.24896123434015074,0.6724137931034483
2022,Ben Taylor|Dedric Taylor|Karl Lane,1,-0.21559634567882674,0.6519607843137255
2022,Ben Taylor|Dedric Taylor|Marc Davis,1,0.03922071315328133,0.9479166666666666
2022,Ben Taylor|Dedric Taylor|Nate Green,1,0.20449243468810915,1.3004032258064515
2022,Ben Taylor|Dedric Taylor|Nick Buchert,1,0.6157052545864663,1.8131868131868134
2022,Ben Taylor|Derek Richardson|John Goble,1,-0.15157335881295772,0.8205645161290323
2022,Ben Taylor|Derek Richardson|Tre Maddox,1,0.030918039403310307,0.9360613810741688
2022,Ben Taylor|Ed Malloy|Jenna Reneau,1,-0.022187914975362218,0.9605911330049262
2022,Ben Taylor|Evan Scott|Natalie Sago,1,-0.20566892079094565,0.6437090041741205
2022,Ben Taylor|Evan Scott|Nick Buchert,1,-0.2661758672308174,0.6945812807881774
2022,Ben Taylor|Gediminas Petraitis|Jason Goldenberg,1,-0.22911371830071364,0.7229437229437229
2022,Ben Taylor|Gediminas Petraitis|Scott Wall,1,0.144743447969546,1.4101904271744723
2022,Ben Taylor|Intae Hwang|Kevin Cutler,1,0.41002092464402495,1.723030821917808
2022,Ben Taylor|JB DeRosa|Jonathan Sterling,1,-0.15599467813697762,0.705303444505194
2022,Ben Taylor|JT Orr|Kevin Cutler,1,0.08004270767353636,1.125
2022,Ben Taylor|JT Orr|Kevin Scott,1,0.04492168739151165,1.1621621621621623
2022,Ben Taylor|James Capers|Ray Acosta,1,-0.07099508512806639,1.0520581113801453
2022,Ben Taylor|James Williams|Jonathan Sterling,1,-0.15052478271195557,0.6624434389140272
2022,Ben Taylor|Jason Goldenberg|John Goble,1,-0.5193398481831353,0.5524193548387096
2022,Ben Taylor|Jenna Schroeder|Ray Acosta,1,-0.672944473242426,0.5952380952380951
2022,Ben Taylor|John Butler|Tony Brothers,1,0.014388737452099452,1.0111111111111113
2022,Ben Taylor|John Conley|Natalie Sago,1,0.026628792346601718,1.0235632183908046
2022,Ben Taylor|John Conley|Rodney Mott,1,0.5166907432183888,1.4513888888888888
2022,Ben Taylor|John Conley|Sean Corbin,1,-0.2640534540583359,0.5907172995780591
2022,Ben Taylor|John Conley|Tyler Ford,1,0.16837946590423483,0.9238042269187986
2022,Ben Taylor|John Goble|Leon Wood,1,-0.3061668871258839,0.8246153846153846
2022,Ben Taylor|John Goble|Phenizee Ransom,1,0.21222366120018754,1.2055137844611528
2022,Ben Taylor|Jonathan Sterling|Kevin Cutler,1,0.27528155925332576,1.136150234741784
2022,Ben Taylor|Jonathan Sterling|Michael Smith,1,-0.06167182065549511,0.7145454545454545
2022,Ben Taylor|Jonathan Sterling|Mitchell Ervin,2,0.06974898913170058,1.0450622258035636
2022,Ben Taylor|Jonathan Sterling|Zach Zarba,1,-0.1898687624293376,0.6832298136645962
2022,Ben Taylor|Justin Van Duyne|Mousa Dagher,1,-0.20032887354803827,0.7440559440559441
2022,Ben Taylor|Lauren Holtkamp|Sean Corbin,1,0.38566248081198473,1.6176470588235294
2022,Ben Taylor|Marat Kogut|Mousa Dagher,1,0.22802052839371384,1.3582516339869282
2022,Ben Taylor|Matt Boland|Michael Smith,1,-0.05018974452385516,0.9696969696969697
2022,Ben Taylor|Matt Boland|Scott Wall,1,-0.2623642644674911,0.7058823529411764
2022,Ben Taylor|Matt Kallio|Michael Smith,1,-0.13288906308739665,0.7551724137931035
2022,Ben Taylor|Matt Myers|Tre Maddox,1,0.283368986988423,1.4899478778853312
2022,Ben Taylor|Mitchell Ervin|Mousa Dagher,1,-0.08680710776207856,1.2734082397003745
2022,Ben Taylor|Natalie Sago|Phenizee Ransom,1,-1.0560526742493137,0.31758034026465026
2022,Ben Taylor|Natalie Sago|Robert Hussey,1,0.5051644683312525,1.354318418314256
2022,Ben Taylor|Robert Hussey|Scott Twardoski,1,-0.1530759886974929,0.8714717741935485
2022,Ben Taylor|Robert Hussey|Sean Corbin,2,0.13313842792903213,1.254559419075548
2022,Bill Kennedy|Brandon Adair|Dannica Mosher,1,0.12540126654127245,0.9319526627218935
2022,Bill Kennedy|Brandon Adair|Derrick Collins,1,-0.40710579756562437,0.6134320465362242
2022,Bill Kennedy|Brandon Adair|Justin Van Duyne,1,-0.36533300668184693,0.6344827586206897
2022,Bill Kennedy|Brandon Adair|Marat Kogut,1,-0.2111160900477901,0.7338972023422251
2022,Bill Kennedy|Brandon Adair|Tom Washington,1,-0.058416302921206385,0.7457627118644068
2022,Bill Kennedy|Brandon Schwab|Michael Smith,1,-0.28953564110110386,0.6844444444444444
2022,Bill Kennedy|Brandon Schwab|Scott Twardoski,1,-0.349571355324073,0.6978691019786909
2022,Bill Kennedy|Brent Barnaky|Brett Nansel,1,-0.23249565688449012,0.7925531914893617
2022,Bill Kennedy|Brent Barnaky|Evan Scott,1,0.751486929445725,2.047872340425532
2022,Bill Kennedy|Brent Barnaky|John Butler,1,-0.10259559233600955,0.8380281690140845
2022,Bill Kennedy|Brent Barnaky|Lauren Holtkamp,1,-0.9555114450274365,0.3333333333333333
2022,Bill Kennedy|Brent Barnaky|Matt Kallio,1,0.14490102414482126,1.147897897897898
2022,Bill Kennedy|Brett Nansel|Brian Forte,1,-0.2008881576789482,0.8923679060665362
2022,Bill Kennedy|Brett Nansel|JT Orr,1,-0.8957345739918534,0.390966308774528
2022,Bill Kennedy|Brett Nansel|Jacyn Goble,1,0.03891541624967341,1.0367204811649255
2022,Bill Kennedy|Brett Nansel|Jason Goldenberg,1,-0.262364264467491,0.875
2022,Bill Kennedy|Brett Nansel|Mousa Dagher,1,0.10227884912041825,1.4406593406593406
2022,Bill Kennedy|Brett Nansel|Nick Buchert,1,-0.8462695826616378,0.36772486772486773
2022,Bill Kennedy|Brian Forte|Matt Myers,1,0.6872820611075473,1.984126984126984
2022,Bill Kennedy|CJ Washington|Kevin Cutler,1,-0.1694181519580468,0.9161109161109161
2022,Bill Kennedy|CJ Washington|Ray Acosta,1,0.17494144949633206,1.0477941176470589
2022,Bill Kennedy|Dannica Mosher|Jacyn Goble,1,0.1584890814258563,1.2249999999999999
2022,Bill Kennedy|Dannica Mosher|Ray Acosta,1,0.40773011473901644,1.798941798941799
2022,Bill Kennedy|Dannica Mosher|Rodney Mott,1,0.1296778233085326,1.2523076923076923
2022,Bill Kennedy|Dedric Taylor|John Conley,1,0.1823215567939546,1.2923076923076922
2022,Bill Kennedy|Dedric Taylor|Natalie Sago,1,-1.4655826364679418,0.33309143686502174
2022,Bill Kennedy|Dedric Taylor|Scott Twardoski,1,-0.284104251103897,0.7628205128205129
2022,Bill Kennedy|Derek Richardson|Scott Twardoski,1,-0.6405848504690898,0.6415458937198067
2022,Bill Kennedy|Eric Dalen|Karl Lane,1,-0.03195159980660236,1.1622641509433964
2022,Bill Kennedy|Eric Dalen|Simone Jelks,1,-0.4368447891116456,0.5856019358741681
2022,Bill Kennedy|Evan Scott|Justin Van Duyne,1,0.020284671171505717,1.0885245901639344
2022,Bill Kennedy|Evan Scott|Ray Acosta,1,-0.8647734482371521,0.44016649323621226
2022,Bill Kennedy|Gediminas Petraitis|Phenizee Ransom,1,-1.0344053874970993,0.3080459770114942
2022,Bill Kennedy|Intae Hwang|JB DeRosa,1,-0.6732318708590038,0.5246305418719213
2022,Bill Kennedy|Intae Hwang|Michael Smith,1,0.29341097253629866,1.140408163265306
2022,Bill Kennedy|JB DeRosa|Jonathan Sterling,1,0.2735907166912711,1.29760289461782
2022,Bill Kennedy|JB DeRosa|Matt Boland,1,-0.046212843155131446,0.8310160427807487
2022,Bill Kennedy|Jacyn Goble|John Butler,1,0.04969555128424456,1.0796370967741935
2022,Bill Kennedy|Jacyn Goble|Scott Wall,2,-0.2793591616064278,0.6712121212121213
2022,Bill Kennedy|Jenna Schroeder|Kevin Cutler,1,-0.3974969384589874,0.6193548387096773
2022,Bill Kennedy|Jenna Schroeder|Nick Buchert,1,-0.43798829981372445,0.7135135135135137
2022,Bill Kennedy|John Conley|Lauren Holtkamp,1,0.00298062813813772,0.7545605306799338
2022,Bill Kennedy|Jonathan Sterling|Mitchell Ervin,1,-0.5606579975138665,0.43910256410256415
2022,Bill Kennedy|Justin Van Duyne|Nick Buchert,1,0.1980699137620937,1.0971428571428572
2022,Bill Kennedy|Karl Lane|Matt Boland,1,0.1544595124424369,0.9484352773826457
2022,Bill Kennedy|Karl Lane|Suyash Mehta,1,-0.13976194237515874,0.8620689655172414
2022,Bill Kennedy|Kevin Cutler|Ray Acosta,1,0.14004607364571645,0.9705882352941176
2022,Bill Kennedy|Lauren Holtkamp|Scott Wall,1,0.13729787541999947,1.26188679245283
2022,Bill Kennedy|Marat Kogut|Matt Kallio,1,-0.1224445187150126,0.9452908587257618
2022,Bill Kennedy|Matt Boland|Natalie Sago,2,0.32027839313759077,1.457973736758385
2022,Bill Kennedy|Mitchell Ervin|Mousa Dagher,1,0.06317890162153146,1.0390625
2022,Bill Kennedy|Natalie Sago|Nick Buchert,1,0.45347432729452497,1.628038439796495
2022,Bill Kennedy|Ray Acosta|Tre Maddox,1,-0.32359407347448027,0.5738451528952505
2022,Brandon Adair|Brandon Schwab|Ed Malloy,1,0.31943077076636117,1.826302729528536
2022,Brandon Adair|Brett Nansel|Pat Fraher,1,0.08670009294042372,1.0602759622367466
2022,Brandon Adair|Brian Forte|Ed Malloy,1,0.28380459570536043,1.3458823529411765
2022,Brandon Adair|Brian Forte|James Williams,1,0.311285241639922,1.3789682539682537
2022,Brandon Adair|Brian Forte|Leon Wood,1,-0.22727294465622103,0.816017316017316
2022,Brandon Adair|Courtney Kirkland|Gediminas Petraitis,1,-0.13485501955503096,0.720920138888889
2022,Brandon Adair|Courtney Kirkland|John Butler,1,0.4930412973127528,1.8192090395480225
2022,Brandon Adair|Courtney Kirkland|Justin Van Duyne,1,0.40454641259109186,1.6484848484848487
2022,Brandon Adair|Courtney Kirkland|Nick Buchert,1,-0.22040006536845885,1.0528846153846154
2022,Brandon Adair|Courtney Kirkland|Suyash Mehta,1,-0.03401985287066147,0.8679245283018868
2022,Brandon Adair|David Guthrie|Jason Goldenberg,1,-0.20895891632225339,0.6311111111111111
2022,Brandon Adair|David Guthrie|Rodney Mott,1,-0.29247824471527395,0.8057851239669421
2022,Brandon Adair|David Guthrie|Tre Maddox,1,-0.3867729750960117,0.5336927223719676
2022,Brandon Adair|Dedric Taylor|Kevin Cutler,1,0.08434114843375096,1.275
2022,Brandon Adair|Dedric Taylor|Marc Davis,1,-0.5586692663313919,0.4733542319749216
2022,Brandon Adair|Dedric Taylor|Tyler Ford,1,0.07690909443343362,1.1290322580645162
2022,Brandon Adair|Derek Richardson|Mark Lindsay,1,-0.8823891801984737,0.36040044493882095
2022,Brandon Adair|Derrick Collins|James Capers,1,-0.2597711382991295,0.8263157894736841
2022,Brandon Adair|Ed Malloy|Michael Smith,1,0.19690704781284724,1.2363636363636363
2022,Brandon Adair|Eric Lewis|Mousa Dagher,1,-0.10069148089370991,0.8538306451612904
2022,Brandon Adair|Evan Scott|James Williams,1,-0.14536585027152543,0.7000000000000001
2022,Brandon Adair|Evan Scott|Josh Tiven,1,0.2265276492984503,1.1706214689265537
2022,Brandon Adair|Evan Scott|Tony Brothers,1,0.2662908824704633,1.0049382716049382
2022,Brandon Adair|Jacyn Goble|Rodney Mott,1,-0.13408311677644902,1.0802861685214626
2022,Brandon Adair|James Capers|Scott Wall,1,-0.017699577099400975,1.0592105263157896
2022,Brandon Adair|James Williams|Jason Goldenberg,1,-0.10008345855698253,0.8561187916026626
2022,Brandon Adair|John Goble|Marat Kogut,1,0.6061358035703155,1.375
2022,Brandon Adair|Josh Tiven|Tom Washington,1,0.22957444164450036,1.2924037460978148
2022,Brandon Adair|Karl Lane|Michael Smith,1,0.38355499847242003,1.4870588235294115
2022,Brandon Adair|Karl Lane|Nick Buchert,1,0.22897115646427568,1.0223546944858422
2022,Brandon Adair|Kevin Cutler|Mitchell Ervin,1,0.2195929515911864,1.1782415326719122
2022,Brandon Adair|Marc Davis|Ray Acosta,1,-0.3417492937220567,0.8120300751879699
2022,Brandon Adair|Marc Davis|Sean Corbin,1,-0.04558013196667202,0.8976793248945147
2022,Brandon Adair|Marc Davis|Tre Maddox,1,-0.5148798940940312,0.48265460030165913
2022,Brandon Adair|Mark Lindsay|Nick Buchert,1,0.059767921378522645,1.3752417794970988
2022,Brandon Adair|Matt Myers|Sean Wright,1,-0.13946612814433718,0.6282051282051283
2022,Brandon Adair|Nate Green|Tyler Ford,1,0.10981486600720641,1.0504201680672267
2022,Brandon Adair|Scott Twardoski|Zach Zarba,1,0.32768740706548005,1.1240816326530612
2022,Brandon Adair|Tre Maddox|Zach Zarba,1,-0.32348504109440196,0.5844645550527903
2022,Brandon Schwab|Brian Forte|Courtney Kirkland,2,-0.28987482649318824,0.8234939942686421
2022,Brandon Schwab|Brian Forte|Curtis Blair,1,-0.01959100947716975,0.9533607681755829
2022,Brandon Schwab|Brian Forte|John Goble,1,-0.10204925435417035,0.9701492537313433
2022,Brandon Schwab|Brian Forte|Zach Zarba,1,0.08122543992258599,1.2164705882352942
2022,Brandon Schwab|Courtney Kirkland|Tre Maddox,1,0.2874461955784146,1.3671988388969523
2022,Brandon Schwab|Curtis Blair|Leon Wood,1,-0.18097111769608307,0.7567567567567568
2022,Brandon Schwab|Curtis Blair|Scott Twardoski,1,0.04678795052831713,0.9819209039548022
2022,Brandon Schwab|David Guthrie|JB DeRosa,2,0.2743142550530777,1.4435783953603658
2022,Brandon Schwab|Dedric Taylor|Mark Lindsay,1,-0.04391923393483538,0.765625
2022,Brandon Schwab|Dedric Taylor|Scott Foster,1,0.13903373076441408,1.0342465753424657
2022,Brandon Schwab|Dedric Taylor|Zach Zarba,1,-0.5142164717342002,0.5591397849462365
2022,Brandon Schwab|Derek Richardson|Ed Malloy,1,-0.11796728254773828,1.0544794188861986
2022,Brandon Schwab|Derek Richardson|James Capers,1,-0.11905936001598821,0.9863945578231292
2022,Brandon Schwab|Eric Lewis|Karl Lane,1,-0.4127378674372442,0.8066123188405797
2022,Brandon Schwab|Eric Lewis|Lauren Holtkamp,1,0.2087548138621102,1.1865079365079365
2022,Brandon Schwab|Eric Lewis|Mitchell Ervin,1,0.3344195503034707,1.0090377458798512
2022,Brandon Schwab|Gediminas Petraitis|Kevin Scott,1,0.7983967022668279,1.971698113207547
2022,Brandon Schwab|Jacyn Goble|Pat Fraher,1,-0.8331932542056616,0.3825
2022,Brandon Schwab|James Williams|Karl Lane,1,0.08122543992258578,1.193076923076923
2022,Brandon Schwab|James Williams|Natalie Sago,1,-0.17027321827778027,0.8017832647462276
2022,Brandon Schwab|James Williams|Ray Acosta,1,-0.2876820724517809,0.75
2022,Brandon Schwab|John Butler|Scott Foster,1,-0.4062418071763366,0.7566137566137566
2022,Brandon Schwab|John Butler|Zach Zarba,1,0.04180673118279457,0.8028735632183908
2022,Brandon Schwab|John Goble|Michael Smith,1,-0.2804618244782938,0.6847290640394088
2022,Brandon Schwab|John Goble|Rodney Mott,1,-0.1735687656843599,0.7921597633136094
2022,Brandon Schwab|Josh Tiven|Natalie Sago,1,0.11332868530700327,1.1176470588235294
2022,Brandon Schwab|Justin Van Duyne|Pat Fraher,1,-0.4418327522790392,0.5142857142857142
2022,Brandon Schwab|Michael Smith|Nick Buchert,1,0.24342706344774007,1.2952380952380953
2022,Brandon Schwab|Mitchell Ervin|Sean Corbin,1,0.03891541624967341,0.9597069597069596
2022,Brandon Schwab|Rodney Mott|Zach Zarba,1,1.1239300966523995,3.3333333333333335
2022,Brandon Schwab|Scott Twardoski|Tony Brothers,1,-0.5707286819975425,0.6886886886886886
2022,Brandon Schwab|Sean Corbin|Sean Wright,1,0.6791609385852054,2.1300000000000003
2022,Brent Barnaky|Brett Nansel|Curtis Blair,2,-0.014404314996902853,1.0585787501548372
2022,Brent Barnaky|Brett Nansel|Kevin Cutler,1,-1.3984747796767616,0.22307271733187536
2022,Brent Barnaky|Brett Nansel|Kevin Scott,1,-0.016807118316381174,0.9365079365079366
2022,Brent Barnaky|Brett Nansel|Tyler Ford,1,-0.2373813339769819,0.795
2022,Brent Barnaky|CJ Washington|Kevin Scott,1,-0.6385097304050857,0.47857142857142854
2022,Brent Barnaky|CJ Washington|Mark Lindsay,1,-0.008733679968754442,1.018362282878412
2022,Brent Barnaky|CJ Washington|Pat Fraher,1,-0.6644547911955101,0.6064386317907444
2022,Brent Barnaky|CJ Washington|Tony Brothers,1,0.26236426446749106,1.206451612903226
2022,Brent Barnaky|Cheryl Flores|Kevin Cutler,1,0.39871653343365504,1.3638418079096046
2022,Brent Barnaky|Cheryl Flores|Scott Foster,1,0.1586317856715501,1.1593052109181143
2022,Brent Barnaky|Curtis Blair|Derek Richardson,1,-0.039220713153281385,1.153846153846154
2022,Brent Barnaky|Curtis Blair|Jason Goldenberg,1,0.46070672763438164,1.5238473767885534
2022,Brent Barnaky|Curtis Blair|Jenna Schroeder,1,-0.002751033371889982,1.0371428571428571
2022,Brent Barnaky|David Guthrie|Natalie Sago,1,-0.016546396114408828,0.9916190476190476
2022,Brent Barnaky|Dedric Taylor|James Williams,1,-0.4677838725074225,0.6293859649122807
2022,Brent Barnaky|Dedric Taylor|Zach Zarba,1,-0.19220631602649657,0.9389485585076314
2022,Brent Barnaky|Derek Richardson|Sean Wright,1,-0.169076330043934,0.878048780487805
2022,Brent Barnaky|Ed Malloy|Evan Scott,1,-0.4921129148338367,0.655
2022,Brent Barnaky|Ed Malloy|Jason Goldenberg,2,-0.6678077164156604,0.5860144425976587
2022,Brent Barnaky|Ed Malloy|Leon Wood,1,-0.545916943577261,0.5632183908045978
2022,Brent Barnaky|Eric Lewis|Jason Goldenberg,1,-0.20479441264601328,0.8380952380952381
2022,Brent Barnaky|Eric Lewis|Matt Myers,1,-0.40390138613198157,0.6181086519114688
2022,Brent Barnaky|Eric Lewis|Nate Green,1,0.28768207245178085,1.3793103448275863
2022,Brent Barnaky|Eric Lewis|Ray Acosta,1,0.0715081185240347,1.0142781597038604
2022,Brent Barnaky|Evan Scott|Josh Tiven,1,-0.058107630807280694,0.9760845383759733
2022,Brent Barnaky|JT Orr|Mark Lindsay,1,0.11778303565638365,1.03125
2022,Brent Barnaky|JT Orr|Sean Wright,1,-0.11664413325985366,0.9410456062291435
2022,Brent Barnaky|Jacyn Goble|Jonathan Sterling,1,-0.6753750108141476,0.6816502463054188
2022,Brent Barnaky|James Williams|Jonathan Sterling,1,0.5320278314165936,1.5856854838709677
2022,Brent Barnaky|James Williams|Ray Acosta,1,0.2930382716523059,1.273469387755102
2022,Brent Barnaky|Jason Goldenberg|Karl Lane,1,-0.7927217591507278,0.39829787234042546
2022,Brent Barnaky|Jason Goldenberg|Zach Zarba,1,-0.5600499099305193,0.45358455882352944
2022,Brent Barnaky|Jenna Schroeder|Tyler Ford,1,-0.020224212462626335,0.9436834094368339
2022,Brent Barnaky|John Butler|Kevin Scott,1,-0.2727285227847226,0.696045197740113
2022,Brent Barnaky|John Butler|Tony Brothers,1,-1.0650016884055953,0.3077922077922078
2022,Brent Barnaky|John Goble|Mousa Dagher,1,0.6042241226210827,1.7228571428571429
2022,Brent Barnaky|John Goble|Scott Wall,1,-0.4418327522790392,0.6285714285714287
2022,Brent Barnaky|Josh Tiven|Matt Kallio,1,0.16772275737280198,1.1115384615384616
2022,Brent Barnaky|Karl Lane|Simone Jelks,1,0.531143468384869,1.6762257169287695
2022,Brent Barnaky|Kevin Scott|Leon Wood,2,0.013752293050316389,1.146831666984499
2022,Brent Barnaky|Kevin Scott|Robert Hussey,2,0.03796390443535394,1.062767308353689
2022,Brent Barnaky|Kevin Scott|Suyash Mehta,1,-0.03460552917747561,1.0728021978021978
2022,Brent Barnaky|Marc Davis|Matt Myers,1,0.2108734587223955,1.455712451861361
2022,Brent Barnaky|Marc Davis|Nate Green,1,-0.011834457647002796,0.9083044982698961
2022,Brent Barnaky|Marc Davis|Ray Acosta,2,0.07050457570204197,1.1502614379084968
2022,Brent Barnaky|Mark Lindsay|Matt Kallio,1,0.5533852381847866,1.5810276679841895
2022,Brent Barnaky|Matt Myers|Scott Foster,2,0.19465859817644748,1.3455912025827281
2022,Brent Barnaky|Pat Fraher|Pat OConnell,1,-0.4712466374853325,0.5394524959742352
2022,Brent Barnaky|Pat Fraher|Scott Wall,1,-0.08462461717864811,0.9281385281385282
2022,Brent Haskill|Jacyn Goble|Marc Davis,1,-0.5859330962527962,0.7653061224489796
2022,Brent Haskill|James Capers|Ray Acosta,1,0.1173167264849587,0.9975186104218363
2022,Brent Haskill|James Williams|Marat Kogut,1,0.2360469561501176,1.1751152073732718
2022,Brent Haskill|Karl Lane|Zach Zarba,1,-0.2043004635127298,0.9920634920634921
2022,Brent Haskill|Sean Corbin|Tony Brothers,1,0.14677057252963566,1.2408088235294117
2022,Brett Nansel|Brian Forte|Eric Lewis,1,-0.22467243661802883,0.8534310459693536
2022,Brett Nansel|Brian Forte|James Williams,1,-1.039098161135702,0.3144654088050315
2022,Brett Nansel|Brian Forte|Scott Wall,1,-0.006182399908317539,0.9801285797779076
2022,Brett Nansel|CJ Washington|David Guthrie,1,-0.7230001437096266,0.5294117647058824
2022,Brett Nansel|CJ Washington|Kevin Scott,1,0.1713159429573526,1.6248756218905474
2022,Brett Nansel|Cheryl Flores|Sean Wright,1,0.3059095862110462,1.4392059553349876
2022,Brett Nansel|Courtney Kirkland|Jenna Schroeder,1,0.009806827946987902,0.7348217783000391
2022,Brett Nansel|David Guthrie|Gediminas Petraitis,1,0.13111301176024096,1.2826086956521738
2022,Brett Nansel|David Guthrie|Mousa Dagher,1,-0.658745753842613,0.5810526315789474
2022,Brett Nansel|David Guthrie|Tre Maddox,2,-0.2087627474448451,0.8310240963855422
2022,Brett Nansel|Ed Malloy|Mitchell Ervin,1,0.18943902456281847,1.2441176470588236
2022,Brett Nansel|Ed Malloy|Phenizee Ransom,1,0.1967102942460543,1.2903225806451613
2022,Brett Nansel|Ed Malloy|Tre Maddox,1,0.30543710805437096,1.2517586079229914
2022,Brett Nansel|Eric Lewis|Marat Kogut,1,0.11934675763256623,1.147247119078105
2022,Brett Nansel|Eric Lewis|Matt Myers,1,0.48073881932666696,1.661118224498506
2022,Brett Nansel|Evan Scott|Jacyn Goble,1,-0.6896445500087433,0.4181286549707602
2022,Brett Nansel|Evan Scott|Josh Tiven,1,0.6589952689906111,2.550287356321839
2022,Brett Nansel|Evan Scott|Mitchell Ervin,1,-0.09612721039763919,0.9065096952908588
2022,Brett Nansel|JB DeRosa|James Capers,1,-0.784445809561195,0.5029411764705882
2022,Brett Nansel|JB DeRosa|Marc Davis,1,-0.8230222619813574,0.37637362637362637
2022,Brett Nansel|JT Orr|John Goble,1,-0.322678914488877,0.6759259259259259
2022,Brett Nansel|JT Orr|Josh Tiven,1,-0.44980092192821614,0.5952380952380953
2022,Brett Nansel|Jacyn Goble|Tony Brothers,1,0.30368241379822214,1.4560622914349275
2022,Brett Nansel|James Williams|Robert Hussey,1,-0.5024573740954741,0.5228758169934641
2022,Brett Nansel|James Williams|Suyash Mehta,1,0.561015368289846,1.8134057971014494
2022,Brett Nansel|John Butler|Zach Zarba,1,0.7249590081949594,2.8958677685950414
2022,Brett Nansel|John Goble|Marat Kogut,1,-0.0929461125094442,0.9333333333333335
2022,Brett Nansel|John Goble|Phenizee Ransom,1,-0.1823215567939547,1.0144927536231885
2022,Brett Nansel|Josh Tiven|Michael Smith,2,-0.19182069608427338,0.7882800102519918
2022,Brett Nansel|Josh Tiven|Tyler Ford,1,0.11757297368733026,1.1317934782608696
2022,Brett Nansel|Karl Lane|Mitchell Ervin,1,-0.23464737579569442,0.6295707472178061
2022,Brett Nansel|Kevin Cutler|Matt Boland,1,0.5303285956636339,1.5650921658986174
2022,Brett Nansel|Kevin Cutler|Nick Buchert,1,0.07585484633306178,0.8644278606965174
2022,Brett Nansel|Kevin Cutler|Scott Foster,1,0.17504879746487503,1.2238213399503723
2022,Brett Nansel|Marc Davis|Tyler Ford,1,0.1124779834266903,1.0257936507936507
2022,Brett Nansel|Mark Lindsay|Phenizee Ransom,1,-0.059423420470800764,1.1136363636363638
2022,Brett Nansel|Mitchell Ervin|Pat Fraher,1,-0.39221988135814373,0.6810035842293907
2022,Brett Nansel|Pat Fraher|Phenizee Ransom,1,0.40150470689206746,1.383399209486166
2022,Brian Forte|Cheryl Flores|Dedric Taylor,1,0.31731387005815204,1.3260738052026617
2022,Brian Forte|Courtney Kirkland|Evan Scott,1,-0.33398353273666176,0.6599682707562137
2022,Brian Forte|Courtney Kirkland|Leon Wood,1,0.46836711647027773,1.5647840531561463
2022,Brian Forte|Courtney Kirkland|Nate Green,1,0.06974060495482104,1.0124869927159208
2022,Brian Forte|Curtis Blair|John Conley,1,-0.4281339079208772,0.6006674082313682
2022,Brian Forte|Curtis Blair|Mousa Dagher,1,-0.5392880884297524,0.7937500000000001
2022,Brian Forte|Curtis Blair|Nate Green,1,0.0647752355427479,0.9269162210338681
2022,Brian Forte|Curtis Blair|Ray Acosta,1,0.1536025844449431,1.2324738114423852
2022,Brian Forte|Danielle Scott|Gediminas Petraitis,1,-0.08775681123957829,0.866737176097303
2022,Brian Forte|Danielle Scott|Kevin Scott,1,-0.43262766636074373,0.5111773472429211
2022,Brian Forte|David Guthrie|Matt Myers,1,0.08770558041910566,1.2352357320099256
2022,Brian Forte|Dedric Taylor|John Goble,1,-0.0330138120724435,0.7353191489361702
2022,Brian Forte|Derek Richardson|James Williams,1,-0.6061358035703154,0.44805194805194803
2022,Brian Forte|Derrick Collins|Justin Van Duyne,1,0.11256589937909642,1.2408568443051202
2022,Brian Forte|Ed Malloy|John Butler,1,-0.7474168104940029,0.6393442622950819
2022,Brian Forte|Eric Dalen|Nate Green,1,0.00128123015604854,1.1651282051282053
2022,Brian Forte|Eric Dalen|Scott Foster,1,-1.49734336459493,0.2119487908961593
2022,Brian Forte|JB DeRosa|Suyash Mehta,1,-0.15552336363923064,0.7091587711742751
2022,Brian Forte|JD Ralls|Pat Fraher,1,-0.3203072997678575,0.5925925925925926
2022,Brian Forte|JT Orr|Justin Van Duyne,1,0.06317890162153146,1.1827586206896552
2022,Brian Forte|Jacyn Goble|Matt Kallio,1,-0.4705517246280507,0.547945205479452
2022,Brian Forte|James Capers|Leon Wood,1,-0.08564730639208872,0.7919630156472263
2022,Brian Forte|James Capers|Natalie Sago,1,-0.040821994520255284,1.0625
2022,Brian Forte|James Capers|Ray Acosta,1,-0.08118491225231349,0.7867456497593484
2022,Brian Forte|James Williams|Matt Myers,1,-0.07361181734324596,0.7820136852394917
2022,Brian Forte|Jonathan Sterling|Tony Brothers,1,-0.08961215868968717,0.7394957983193277
2022,Brian Forte|Josh Tiven|Matt Kallio,1,-0.06486915430308939,0.9818181818181818
2022,Brian Forte|Josh Tiven|Mousa Dagher,1,0.07631367911366985,1.1394380853277837
2022,Brian Forte|Josh Tiven|Scott Twardoski,1,0.2223268914076537,1.5612244897959184
2022,Brian Forte|Josh Tiven|Scott Wall,1,0.18383950135518004,1.1429924242424243
2022,Brian Forte|Justin Van Duyne|Zach Zarba,1,-0.27820332849723706,0.6115384615384616
2022,Brian Forte|Karl Lane|Nate Green,1,0.5299744426047516,1.8533333333333333
2022,Brian Forte|Kevin Scott|Nate Green,1,-0.2506366918944084,0.7173318753417168
2022,Brian Forte|Kevin Scott|Ray Acosta,1,0.027180990536025157,0.9808467741935483
2022,Brian Forte|Kevin Scott|Tyler Ricks,1,-0.019802627296179754,1.0180995475113122
2022,Brian Forte|Marc Davis|Ray Acosta,1,-0.07275935428242843,0.9217391304347826
2022,Brian Forte|Mark Lindsay|Scott Wall,1,0.06375451482536251,1.1724137931034484
2022,Brian Forte|Matt Myers|Nick Buchert,1,0.027283958948468294,0.9591489361702128
2022,Brian Forte|Matt Myers|Zach Zarba,1,0.010316966970932269,1.0497354497354499
2022,Brian Forte|Mousa Dagher|Pat Fraher,1,-0.0863880521548871,0.6590241034685479
2022,Brian Forte|Nate Green|Tony Brothers,1,0.41829212166791885,1.804245283018868
2022,Brian Forte|Pat Fraher|Scott Wall,1,-0.6200249157309827,0.43381535038932145
2022,Brian Forte|Rodney Mott|Suyash Mehta,1,-0.44236966504361536,0.623614663256607
2022,Brian Forte|Scott Foster|Tyler Ricks,1,-0.18742546871213064,0.9353846153846154
2022,Brian Forte|Scott Twardoski|Tony Brothers,1,0.21947382242524735,1.0822281167108754
2022,Brian Forte|Scott Wall|Zach Zarba,1,-0.01941808585710174,0.8717948717948718
2022,CJ Washington|Courtney Kirkland|Sean Corbin,1,-0.6407791950426294,0.6118626430801248
2022,CJ Washington|Curtis Blair|John Goble,1,0.07984288751101724,0.9928571428571429
2022,CJ Washington|Curtis Blair|Pat Fraher,1,-0.043746088752167546,1.1238344988344988
2022,CJ Washington|Curtis Blair|Ray Acosta,1,-0.33428882964026935,0.7158469945355191
2022,CJ Washington|David Guthrie|Jacyn Goble,2,-0.15264012144770744,0.7493865519892917
2022,CJ Washington|David Guthrie|Lauren Holtkamp,1,-0.6023928172914812,0.5490598290598291
2022,CJ Washington|Ed Malloy|Jacyn Goble,1,0.6816997947195945,1.765389082462253
2022,CJ Washington|Ed Malloy|Marat Kogut,2,0.24353032426525387,1.3451265898142477
2022,CJ Washington|Eric Lewis|Marat Kogut,1,0.21059108524308975,1.313813813813814
2022,CJ Washington|Gediminas Petraitis|Jacyn Goble,1,-0.07729167430164652,0.7899686520376175
2022,CJ Washington|Gediminas Petraitis|Zach Zarba,2,-0.2646905210166226,0.9386836343732895
2022,CJ Washington|JB DeRosa|Zach Zarba,1,0.011821738965166953,0.9938223938223939
2022,CJ Washington|Jacyn Goble|Mitchell Ervin,1,0.013860800792235166,1.1111111111111112
2022,CJ Washington|Jacyn Goble|Zach Zarba,1,-0.14763599880606457,0.8959276018099549
2022,CJ Washington|James Capers|Karl Lane,1,-0.6734905280103938,0.49895941727367327
2022,CJ Washington|James Williams|Kevin Cutler,1,-0.48007597189933915,0.7178308823529412
2022,CJ Washington|John Conley|Zach Zarba,1,0.06628717557975083,1.0649717514124293
2022,CJ Washington|John Goble|Leon Wood,1,-0.5488048718312071,0.5648033126293995
2022,CJ Washington|Josh Tiven|Karl Lane,1,-0.2017396426510561,0.75
2022,CJ Washington|Kevin Scott|Tyler Ford,1,-0.09449084342092254,0.7581967213114753
2022,CJ Washington|Lauren Holtkamp|Marc Davis,1,-0.1606653608484519,0.8095238095238094
2022,CJ Washington|Leon Wood|Mark Lindsay,1,0.26716043673098416,1.4615384615384615
2022,CJ Washington|Leon Wood|Tyler Ford,1,-0.11966450375608906,0.8360323886639677
2022,CJ Washington|Marc Davis|Natalie Sago,1,-0.4128452154057868,0.6176470588235294
2022,CJ Washington|Marc Davis|Scott Wall,1,-0.17869178874337585,0.8494318181818181
2022,CJ Washington|Michael Smith|Rodney Mott,1,0.01092907053219023,1.2738461538461539
2022,CJ Washington|Mitchell Ervin|Pat Fraher,1,-0.33932530560361923,0.8158508158508159
2022,CJ Washington|Mitchell Ervin|Scott Foster,1,-0.032576170434612715,0.7626262626262627
2022,CJ Washington|Pat Fraher|Scott Twardoski,1,0.288824277030558,1.516883116883117
2022,CJ Washington|Rodney Mott|Sean Wright,1,0.20825493882045915,1.2007389162561577
2022,Che Flores|Dedric Taylor|Scott Foster,1,0.11472826566142645,1.0784313725490196
2022,Cheryl Flores|Curtis Blair|Derek Richardson,1,-0.11066556788751955,0.8138528138528138
2022,Cheryl Flores|David Guthrie|Tre Maddox,1,-0.08672643611293343,0.960591133004926
2022,Cheryl Flores|Dedric Taylor|James Capers,1,-0.41710197102132207,0.6150234741784038
2022,Cheryl Flores|Ed Malloy|JB DeRosa,1,-0.3553153244226929,0.706605222734255
2022,Cheryl Flores|Eric Dalen|Kevin Scott,1,-0.004920923814198573,0.9396462018730488
2022,Cheryl Flores|Eric Dalen|Marc Davis,1,0.6841785105771848,1.9220779220779218
2022,Cheryl Flores|Eric Dalen|Tyler Ford,1,-0.3509769228240947,0.7096774193548386
2022,Cheryl Flores|Eric Lewis|Matt Boland,1,0.5696661237889241,1.6013071895424837
2022,Cheryl Flores|Eric Lewis|Tyler Ford,1,0.4617731301092201,1.3437334743521947
2022,Cheryl Flores|JB DeRosa|Scott Foster,1,0.06723549830689589,1.1564327485380117
2022,Cheryl Flores|Jacyn Goble|Rodney Mott,1,0.2500510042341342,1.6617647058823528
2022,Cheryl Flores|James Capers|Mitchell Ervin,1,-0.2582348711254799,0.7384615384615384
2022,Cheryl Flores|James Capers|Ray Acosta,1,-0.997771254317319,0.4131985731272295
2022,Cheryl Flores|John Goble|Justin Van Duyne,1,-0.11778303565638351,1.1875
2022,Cheryl Flores|John Goble|Karl Lane,1,-0.632011180568214,0.6442687747035573
2022,Cheryl Flores|John Goble|Nick Buchert,1,0.2875504848471434,1.1657183499288764
2022,Cheryl Flores|Justin Van Duyne|Sean Wright,1,0.01801850550267843,0.9898989898989898
2022,Cheryl Flores|Karl Lane|Tony Brothers,1,-0.3086657247523718,0.7868852459016393
2022,Cheryl Flores|Kevin Cutler|Pat Fraher,1,-0.03559094510270263,1.0771349862258952
2022,Cheryl Flores|Kevin Scott|Michael Smith,1,0.13050750159944546,1.0709325396825395
2022,Cheryl Flores|Kevin Scott|Natalie Sago,1,0.2305785298017278,1.4949446316803081
2022,Cheryl Flores|Marc Davis|Natalie Sago,1,0.07316005486751297,0.9579004920721707
2022,Cheryl Flores|Sean Wright|Tom Washington,1,-1.1275998255413622,0.2956521739130435
2022,Cheryl Flores|Tre Maddox|Zach Zarba,1,-0.5158131652770298,0.6145741878841088
2022,Courtney Kirkland|Curtis Blair|Natalie Sago,1,-0.24827952458575203,0.9556737588652482
2022,Courtney Kirkland|Curtis Blair|Robert Hussey,1,-0.5739786919357841,0.6196078431372548
2022,Courtney Kirkland|Dannica Mosher|JB DeRosa,1,-0.3429447511268303,0.5238095238095237
2022,Courtney Kirkland|Dannica Mosher|Natalie Sago,1,-0.024317307650706357,0.8108108108108109
2022,Courtney Kirkland|Dedric Taylor|Jonathan Sterling,1,-0.8451948101904249,0.3702359346642468
2022,Courtney Kirkland|Derek Richardson|JB DeRosa,1,0.3078351261036084,1.2924528301886793
2022,Courtney Kirkland|Derek Richardson|Rodney Mott,1,0.5545006872686523,1.5178571428571426
2022,Courtney Kirkland|Evan Scott|John Butler,1,-0.7075926057476684,0.40042372881355937
2022,Courtney Kirkland|Evan Scott|Rodney Mott,1,-0.6088060321261943,0.5390990990990991
2022,Courtney Kirkland|JB DeRosa|JT Orr,1,0.12054893328049039,1.1257459505541347
2022,Courtney Kirkland|JB DeRosa|John Conley,1,-0.2657031657330056,0.667741935483871
2022,Courtney Kirkland|JT Orr|Jacyn Goble,1,-0.04580953603129422,1.047664901299952
2022,Courtney Kirkland|JT Orr|Justin Van Duyne,1,-0.030771658666753774,0.9523809523809523
2022,Courtney Kirkland|Jacyn Goble|Leon Wood,1,-0.48550781578170077,0.6249999999999999
2022,Courtney Kirkland|Jacyn Goble|Mousa Dagher,1,0.27528155925332576,1.619263970922308
2022,Courtney Kirkland|Jacyn Goble|Phenizee Ransom,1,0.21985947611301987,1.1628415300546449
2022,Courtney Kirkland|Jacyn Goble|Tyler Ricks,1,-0.21130909366720704,0.6746031746031745
2022,Courtney Kirkland|Jason Goldenberg|Matt Boland,1,-0.16299179065428746,0.9664179104477612
2022,Courtney Kirkland|Jenna Reneau|Mitchell Ervin,1,-0.44279106572085075,0.8563218390804599
2022,Courtney Kirkland|Jenna Schroeder|Nick Buchert,1,0.3513978868378884,1.44
2022,Courtney Kirkland|Jenna Schroeder|Ray Acosta,1,-0.03709412440624082,1.2141176470588235
2022,Courtney Kirkland|John Butler|Phenizee Ransom,1,-0.8455060663224413,0.4351576442593695
2022,Courtney Kirkland|John Butler|Rodney Mott,1,0.4096889792243496,1.510344827586207
2022,Courtney Kirkland|John Butler|Scott Wall,1,0.5764586645969114,1.5407801418439717
2022,Courtney Kirkland|John Conley|Kevin Cutler,1,-1.0232040952936345,0.31306187202538344
2022,Courtney Kirkland|John Conley|Lauren Holtkamp,1,0.13248918304607887,1.0336076817558297
2022,Courtney Kirkland|John Conley|Ray Acosta,1,-0.23189071282336535,0.6608606557377049
2022,Courtney Kirkland|Jonathan Sterling|Justin Van Duyne,1,0.31015492830383945,1.5734265734265735
2022,Courtney Kirkland|Justin Van Duyne|Lauren Holtkamp,1,0.412109650826833,1.5099999999999998
2022,Courtney Kirkland|Justin Van Duyne|Nate Green,1,-0.3372929178326422,0.6839622641509434
2022,Courtney Kirkland|Karl Lane|Matt Boland,1,0.660112743614511,2.0362264150943394
2022,Courtney Kirkland|Karl Lane|Nate Green,1,-0.2557608562380408,0.84472049689441
2022,Courtney Kirkland|Karl Lane|Tyler Ricks,1,0.6348782724359695,1.9245283018867925
2022,Courtney Kirkland|Kevin Cutler|Matt Boland,1,-0.3310325133253948,0.8207792207792207
2022,Courtney Kirkland|Kevin Cutler|Matt Myers,1,-0.12801304988607587,1.0707070707070707
2022,Courtney Kirkland|Marat Kogut|Nate Green,1,-0.3681908719538437,0.6241109530583214
2022,Courtney Kirkland|Matt Boland|Nick Buchert,1,0.21213793747760765,1.2202623247399367
2022,Courtney Kirkland|Matt Myers|Sean Corbin,1,0.5686848322452834,1.4605543710021323
2022,Courtney Kirkland|Michael Smith|Phenizee Ransom,1,-0.02941388520629334,0.864516129032258
2022,Courtney Kirkland|Mitchell Ervin|Sharae Mitchell,1,-0.15869483305937143,0.9034482758620689
2022,Courtney Kirkland|Natalie Sago|Suyash Mehta,1,0.5335170349680615,1.7637083097795363
2022,Courtney Kirkland|Nate Green|Nick Buchert,1,-0.3898730133483283,0.6710424710424711
2022,Courtney Kirkland|Nick Buchert|Sharae Mitchell,1,-0.2024752072300101,0.7864583333333333
2022,Courtney Kirkland|Robert Hussey|Sean Corbin,1,-0.12606309801699686,0.7603448275862069
2022,Courtney Kirkland|Rodney Mott|Tyler Ricks,1,0.4460090103397156,1.7267924528301888
2022,Curtis Blair|Dannica Mosher|Gediminas Petraitis,1,0.35222059358935215,1.471264367816092
2022,Curtis Blair|Dannica Mosher|JB DeRosa,1,-0.3285040669720361,0.6060606060606061
2022,Curtis Blair|David Guthrie|JD Ralls,1,-0.30594379471186195,0.746341463414634
2022,Curtis Blair|Dedric Taylor|Eric Lewis,1,-0.13939651207692075,0.8463726884779516
2022,Curtis Blair|Dedric Taylor|Zach Zarba,1,0.5140989491109598,1.5885245901639344
2022,Curtis Blair|Derek Richardson|James Williams,1,0.2364229316529221,1.1246707638279194
2022,Curtis Blair|Ed Malloy|JD Ralls,1,-0.2218688538822091,0.7476190476190476
2022,Curtis Blair|Ed Malloy|Jason Goldenberg,1,0.5088272581268451,1.3412604042806184
2022,Curtis Blair|Eric Dalen|Kevin Scott,1,0.3825467931474534,1.4758856167306873
2022,Curtis Blair|Eric Dalen|Natalie Sago,1,-0.6751286750572669,0.43076923076923074
2022,Curtis Blair|Evan Scott|Jacyn Goble,1,0.16303962724450427,1.3066188197767146
2022,Curtis Blair|Evan Scott|Scott Twardoski,1,0.1520979935095161,1.280701754385965
2022,Curtis Blair|Gediminas Petraitis|Mousa Dagher,1,-0.41738936863790016,0.7009512485136742
2022,Curtis Blair|JB DeRosa|Jason Goldenberg,1,-0.03871451218069039,0.949367088607595
2022,Curtis Blair|JB DeRosa|Matt Kallio,1,0.11988608585316225,1.2190402476780187
2022,Curtis Blair|JT Orr|Josh Tiven,1,-0.9274832723064336,0.380677721701514
2022,Curtis Blair|James Capers|Robert Hussey,1,-0.015504186535965199,1.0756302521008403
2022,Curtis Blair|James Capers|Scott Wall,1,-0.8472978603872037,0.375
2022,Curtis Blair|James Williams|Natalie Sago,1,-0.006018072325563021,1.0224
2022,Curtis Blair|Jason Goldenberg|Ray Acosta,1,0.1336683695441258,1.0497064579256359
2022,Curtis Blair|John Butler|Karl Lane,1,0.2169173118991116,1.1293103448275863
2022,Curtis Blair|John Conley|Justin Van Duyne,1,-0.057070226530045294,0.7786429365962181
2022,Curtis Blair|John Conley|Nick Buchert,1,-0.8692381876032639,0.34401709401709407
2022,Curtis Blair|John Goble|Leon Wood,1,0.3982656529653099,1.6074332171893149
2022,Curtis Blair|John Goble|Suyash Mehta,1,0.29751499336801995,1.5484848484848486
2022,Curtis Blair|Josh Tiven|Matt Kallio,1,0.16430305129127615,1.0862068965517242
2022,Curtis Blair|Kevin Cutler|Phenizee Ransom,1,-0.12307872323109387,0.9284037558685446
2022,Curtis Blair|Kevin Scott|Mousa Dagher,1,0.3746934494414107,1.3749999999999998
2022,Curtis Blair|Matt Boland|Natalie Sago,1,0.598755696272693,1.375
2022,Curtis Blair|Matt Myers|Nick Buchert,1,-0.0800427076735365,0.8205128205128206
2022,Curtis Blair|Mousa Dagher|Tyler Ford,1,-0.18949004627256724,0.7206221198156683
2022,Curtis Blair|Nick Buchert|Ray Acosta,1,0.08847229762930456,1.0774349667271628
2022,Curtis Blair|Scott Wall|Sean Wright,1,-0.21098945166352642,0.8552295918367347
2022,Danielle Scott|Eric Lewis|Jacyn Goble,1,-0.898898989162286,0.3508771929824561
2022,Danielle Scott|JB DeRosa|Kevin Scott,1,-0.18642833874660802,0.9920859242509892
2022,Danielle Scott|Jacyn Goble|Tony Brothers,1,-0.038657491510682124,0.8933601609657947
2022,Danielle Scott|Karl Lane|Sean Corbin,1,-0.08994823666293952,1.0236559139784946
2022,Danielle Scott|Kevin Cutler|Rodney Mott,1,0.061824382008339056,0.9751275510204082
2022,Danielle Scott|Natalie Sago|Pat Fraher,1,-0.020921265160639912,1.0683229813664596
2022,Dannica Mosher|David Guthrie|Mitchell Ervin,1,0.17395330712343798,1.1180555555555556
2022,Dannica Mosher|Dedric Taylor|Kevin Cutler,1,0.22677331936478853,1.2266666666666668
2022,Dannica Mosher|Ed Malloy|Marat Kogut,1,-0.38017291520603624,0.7275296777840589
2022,Dannica Mosher|Ed Malloy|Michael Smith,1,-0.4408670351590804,0.6994328922495274
2022,Dannica Mosher|Eric Dalen|James Williams,1,0.2863584455212726,1.2982804232804233
2022,Dannica Mosher|Eric Lewis|Natalie Sago,1,-0.4094973716361028,0.7655343827671913
2022,Dannica Mosher|Eric Lewis|Nick Buchert,1,0.12323264042394826,1.2927400468384074
2022,Dannica Mosher|Jacyn Goble|Pat Fraher,1,-0.32850406697203594,0.6923076923076924
2022,Dannica Mosher|James Capers|Sean Corbin,2,-0.20687589705194748,0.7334851589667164
2022,Dannica Mosher|James Williams|Tre Maddox,1,0.5536456209489187,1.4458874458874458
2022,Dannica Mosher|Justin Van Duyne|Scott Foster,1,-0.7866732385707687,0.45075757575757575
2022,Dannica Mosher|Karl Lane|Marat Kogut,1,-0.13264447460629486,0.6497695852534562
2022,Dannica Mosher|Karl Lane|Zach Zarba,1,0.30271994981632133,1.417989417989418
2022,Dannica Mosher|Kevin Cutler|Tyler Ford,1,0.08991933116944835,1.0443548387096773
2022,Dannica Mosher|Marc Davis|Michael Smith,2,0.08456643197507965,1.2059596558152168
2022,Dannica Mosher|Marc Davis|Tom Washington,1,0.15103271437037977,1.4517601043024773
2022,Dannica Mosher|Marc Davis|Tre Maddox,1,0.13608567242961936,1.4279918864097363
2022,Dannica Mosher|Scott Foster|Tre Maddox,1,-0.8314690897712168,0.43327480245829675
2022,David Guthrie|Dedric Taylor|JT Orr,1,-0.10109611687136863,1.1220159151193636
2022,David Guthrie|Dedric Taylor|Scott Wall,1,-0.1670540846631662,0.9090909090909092
2022,David Guthrie|Derek Richardson|JB DeRosa,1,-0.2931415946566799,0.7795163584637268
2022,David Guthrie|Evan Scott|Nick Buchert,1,0.16862271243579272,1.1381475667189953
2022,David Guthrie|Gediminas Petraitis|Matt Boland,1,-0.1913467772322107,0.7176470588235295
2022,David Guthrie|Gediminas Petraitis|Matt Kallio,1,-0.3746934494414107,0.5257352941176471
2022,David Guthrie|Gediminas Petraitis|Scott Twardoski,1,-0.4069454932785985,0.6410256410256411
2022,David Guthrie|Gediminas Petraitis|Suyash Mehta,1,0.16813692180199835,1.1483015741507872
2022,David Guthrie|JB DeRosa|Jenna Schroeder,1,0.3332386040541481,1.3991817650496787
2022,David Guthrie|JB DeRosa|Leon Wood,1,0.10419587011007507,1.0551209103840682
2022,David Guthrie|JB DeRosa|Pat OConnell,1,-0.11444413439086883,0.7287784679089027
2022,David Guthrie|JB DeRosa|Ray Acosta,1,-0.13353139262452263,0.7954545454545455
2022,David Guthrie|JT Orr|Scott Twardoski,1,-0.8046114791557893,0.5240641711229946
2022,David Guthrie|Jason Goldenberg|Natalie Sago,1,0.09089272369760225,1.1487603305785123
2022,David Guthrie|Jenna Schroeder|Matt Boland,1,0.10285738543970782,0.984375
2022,David Guthrie|John Conley|Scott Twardoski,1,0.012254264923466929,1.099502487562189
2022,David Guthrie|John Conley|Tyler Ford,1,0.3382128810989969,1.326631509558339
2022,David Guthrie|Lauren Holtkamp|Leon Wood,1,0.09909090264423097,1.1656891495601172
2022,David Guthrie|Marat Kogut|Michael Smith,1,-0.4374985965953402,0.49373191899710706
2022,David Guthrie|Matt Boland|Mitchell Ervin,1,0.4584907228957472,1.404326923076923
2022,David Guthrie|Matt Kallio|Mitchell Ervin,1,-0.5874868597732058,0.5036231884057971
2022,David Guthrie|Mitchell Ervin|Phenizee Ransom,1,0.39138036822642547,1.590769230769231
2022,David Guthrie|Mousa Dagher|Sean Corbin,1,-0.1107005629007336,0.8141025641025641
2022,David Guthrie|Mousa Dagher|Tre Maddox,1,-0.6931471805599453,0.4090909090909091
2022,David Guthrie|Mousa Dagher|Tyler Ford,1,-0.253090627682162,0.7344300822561692
2022,David Guthrie|Natalie Sago|Simone Jelks,1,0.1070039014015562,0.9666666666666666
2022,David Guthrie|Nate Green|Nick Buchert,1,-0.3235940734744801,0.6558230318802862
2022,David Guthrie|Sean Corbin|Suyash Mehta,1,0.4346506630017034,1.9318840579710146
2022,Dedric Taylor|Eric Dalen|Kevin Scott,1,-0.20124956667947344,0.6541666666666667
2022,Dedric Taylor|Eric Dalen|Tony Brothers,1,0.1502332422424541,1.104
2022,Dedric Taylor|Eric Dalen|Tyler Ford,1,0.22314355131420976,1.2727272727272727
2022,Dedric Taylor|Eric Lewis|Justin Van Duyne,1,-0.7000676234045191,0.5445378151260504
2022,Dedric Taylor|Eric Lewis|Matt Boland,1,-0.006968669316093428,0.89375
2022,Dedric Taylor|Eric Lewis|Nick Buchert,1,-0.5890296731417161,0.5711849957374254
2022,Dedric Taylor|JB DeRosa|Pat Fraher,1,-0.14732471475685843,0.8383561643835615
2022,Dedric Taylor|JT Orr|Rodney Mott,1,-0.19283820181888078,0.8375
2022,Dedric Taylor|Jacyn Goble|Pat Fraher,1,-0.09572758563319629,0.6775009028530155
2022,Dedric Taylor|James Capers|Matt Boland,1,0.24946085963158324,1.2962962962962963
2022,Dedric Taylor|James Capers|Nate Green,1,0.5034455164683683,1.35
2022,Dedric Taylor|James Williams|Justin Van Duyne,1,0.19255121659665,1.1777003484320556
2022,Dedric Taylor|James Williams|Mousa Dagher,1,-0.28139669663682004,0.6412729026036644
2022,Dedric Taylor|Jason Goldenberg|Pat Fraher,1,0.054488185284069776,1.1428571428571428
2022,Dedric Taylor|Jenna Schroeder|Sean Wright,1,0.4006689358446712,1.3853989813242782
2022,Dedric Taylor|John Butler|John Goble,1,-0.20194134366360675,1.0957854406130267
2022,Dedric Taylor|John Butler|Tony Brothers,1,-0.2592005882454387,0.8806306306306307
2022,Dedric Taylor|John Goble|Mousa Dagher,1,-0.6770791815881256,0.43282498184458973
2022,Dedric Taylor|Jonathan Sterling|Tyler Ford,1,-0.1417979118602574,0.9943502824858758
2022,Dedric Taylor|Justin Van Duyne|Pat Fraher,1,-0.15738260844670257,1.1814814814814814
2022,Dedric Taylor|Karl Lane|Tony Brothers,1,-0.3321338350226148,0.7797731568998109
2022,Dedric Taylor|Kevin Scott|Nick Buchert,1,-0.08529758051189507,1.1018867924528304
2022,Dedric Taylor|Mark Lindsay|Tom Washington,1,-0.4353744680658012,0.6977107180020812
2022,Dedric Taylor|Natalie Sago|Pat Fraher,1,0.4219463342919562,1.6907675194660734
2022,Dedric Taylor|Nick Buchert|Rodney Mott,1,0.08653049215227915,1.1375000000000002
2022,Dedric Taylor|Pat Fraher|Tom Washington,1,-0.29469964511042757,0.6327985739750446
2022,Dedric Taylor|Phenizee Ransom|Scott Foster,1,-0.5389965007326871,0.625
2022,Dedric Taylor|Ray Acosta|Tony Brothers,1,0.45107561936021656,1.6526315789473685
2022,Dedric Taylor|Rodney Mott|Scott Wall,1,0.1008046991219657,1.2130987292277615
2022,Derek Richardson|Ed Malloy|Matt Boland,1,-0.3795687638045848,0.6333333333333333
2022,Derek Richardson|Eric Lewis|Gediminas Petraitis,1,0.12699969076130732,1.1289285714285713
2022,Derek Richardson|Eric Lewis|Scott Twardoski,1,-0.7282385003712154,0.4994054696789536
2022,Derek Richardson|Gediminas Petraitis|Lauren Holtkamp,1,0.4678082386822999,1.8666666666666667
2022,Derek Richardson|Gediminas Petraitis|Natalie Sago,1,0.10697211955216794,1.1512791991101226
2022,Derek Richardson|Jacyn Goble|James Williams,1,-0.1685228731769165,0.8363774733637747
2022,Derek Richardson|Jacyn Goble|Kevin Scott,1,-0.6535476077696262,0.40772200772200773
2022,Derek Richardson|John Goble|Nick Buchert,1,-0.04730096061796437,0.9406444318824194
2022,Derek Richardson|Marat Kogut|Scott Foster,1,-0.6546898123484032,0.4887078859681599
2022,Derek Richardson|Marc Davis|Tyler Ford,1,-0.2337819495192655,0.7015873015873016
2022,Derek Richardson|Nick Buchert|Tony Brothers,1,0.8534577911624917,1.9088235294117648
2022,Derrick Collins|Ed Malloy|Justin Van Duyne,2,-0.5555219465051275,0.5463269036322626
2022,Derrick Collins|Ed Malloy|Kevin Cutler,1,-0.42121346507630353,0.6336206896551724
2022,Derrick Collins|Eric Lewis|Gediminas Petraitis,1,0.16016875215282136,1.2270593256508748
2022,Derrick Collins|Eric Lewis|Natalie Sago,1,0.29750697306060137,1.139344262295082
2022,Derrick Collins|Gediminas Petraitis|John Goble,1,0.336806740722007,1.1676361713379164
2022,Derrick Collins|Gediminas Petraitis|Karl Lane,1,-0.620826518980319,0.6142857142857143
2022,Derrick Collins|Gediminas Petraitis|Scott Foster,2,-0.1710787689105676,0.7947811205188254
2022,Derrick Collins|Jacyn Goble|Mark Lindsay,1,0.3547672290403776,1.6456031816173222
2022,Derrick Collins|James Williams|Michael Smith,1,-0.5596157879354228,0.5142857142857142
2022,Derrick Collins|John Goble|Natalie Sago,1,-0.44207485372072536,0.5949579831932774
2022,Derrick Collins|Josh Tiven|Mitchell Ervin,1,0.17765619753346046,1.1346938775510205
2022,Derrick Collins|Justin Van Duyne|Scott Foster,1,0.2730832730306281,1.2318840579710144
2022,Derrick Collins|Karl Lane|Matt Myers,1,-0.05542079394140793,0.9556433904259991
2022,Derrick Collins|Kevin Cutler|Mark Lindsay,1,0.5356841426197041,1.6775510204081634
2022,Derrick Collins|Kevin Scott|Ray Acosta,1,-0.28950522701329595,0.7486338797814207
2022,Derrick Collins|Marc Davis|Mitchell Ervin,1,-0.18359220499541024,0.7376984126984126
2022,Derrick Collins|Nick Buchert|Sean Wright,1,-0.052950905965183384,0.9935897435897436
2022,Ed Malloy|Eric Dalen|Natalie Sago,1,-0.41273786743724405,0.524904214559387
2022,Ed Malloy|Gediminas Petraitis|John Conley,1,0.049881363337597635,1.1434768101434767
2022,Ed Malloy|Gediminas Petraitis|Matt Kallio,1,0.42480680268911264,1.2914046121593292
2022,Ed Malloy|JB DeRosa|Nate Green,1,0.3412455153738706,1.375438596491228
2022,Ed Malloy|JB DeRosa|Scott Twardoski,1,-0.2231435513142097,0.8064516129032258
2022,Ed Malloy|JB DeRosa|Scott Wall,2,0.17967826522740044,1.4667517278043594
2022,Ed Malloy|JT Orr|Natalie Sago,1,0.06410288619275978,0.9951219512195121
2022,Ed Malloy|JT Orr|Tom Washington,1,-0.23478041422736753,0.8200312989045383
2022,Ed Malloy|John Butler|Scott Twardoski,1,0.15254650863905367,1.0998959417273673
2022,Ed Malloy|John Conley|Matt Boland,1,0.4701789294477798,1.5609879032258065
2022,Ed Malloy|John Conley|Sean Corbin,1,0.08928152552416897,1.1454545454545455
2022,Ed Malloy|Justin Van Duyne|Nate Green,1,-0.18856321771743076,0.6789473684210526
2022,Ed Malloy|Karl Lane|Matt Boland,1,-0.4141231708512789,0.5548245614035088
2022,Ed Malloy|Kevin Cutler|Mousa Dagher,1,-0.12118555680222323,0.6791666666666667
2022,Ed Malloy|Kevin Cutler|Robert Hussey,1,-0.5243977013115343,0.5261437908496732
2022,Ed Malloy|Lauren Holtkamp|Ray Acosta,1,-0.049271049006782676,1.0049627791563276
2022,Ed Malloy|Matt Boland|Mousa Dagher,1,-1.0551271767283708,0.39166666666666666
2022,Ed Malloy|Matt Myers|Michael Smith,1,-0.44404086799819914,0.6489151873767258
2022,Ed Malloy|Matt Myers|Natalie Sago,1,0.6314753599044501,2.213869463869464
2022,Ed Malloy|Mitchell Ervin|Scott Wall,1,0.3150581421173964,1.2457627118644068
2022,Ed Malloy|Mitchell Ervin|Sharae Mitchell,1,-0.7032312996265713,0.5473372781065089
2022,Ed Malloy|Mousa Dagher|Rodney Mott,1,-1.2725868161758496,0.24615384615384617
2022,Ed Malloy|Nate Green|Sean Corbin,1,0.13858616328614673,1.1446740858505566
2022,Ed Malloy|Ray Acosta|Robert Hussey,1,0.5224123727171518,1.642857142857143
2022,Ed Malloy|Rodney Mott|Suyash Mehta,1,0.03253377366015293,1.2021164021164021
2022,Eric Dalen|Eric Lewis|Tre Maddox,1,-0.3083846548109514,0.7758620689655172
2022,Eric Dalen|Evan Scott|John Goble,2,0.24781832074521437,1.15625541892823
2022,Eric Dalen|Evan Scott|Marc Davis,1,0.3101549283038396,1.5340909090909092
2022,Eric Dalen|Evan Scott|Pat Fraher,1,-0.02792877552501015,1.1624780829924022
2022,Eric Dalen|Gediminas Petraitis|JT Orr,1,-1.140409417346571,0.28771929824561404
2022,Eric Dalen|JD Ralls|Sean Wright,1,0.3199145727147271,1.0867579908675797
2022,Eric Dalen|Jacyn Goble|Jonathan Sterling,1,0.5244989256662005,1.885880077369439
2022,Eric Dalen|Jacyn Goble|Kevin Scott,1,0.2746255071493531,1.3497822931785195
2022,Eric Dalen|James Capers|Jason Goldenberg,1,-0.39474689188814016,0.6160919540229884
2022,Eric Dalen|James Capers|Mousa Dagher,1,0.46722970236301026,1.6518218623481782
2022,Eric Dalen|Jason Goldenberg|Tyler Ford,1,0.060343129907468436,1.112781954887218
2022,Eric Dalen|Jenna Schroeder|Sean Wright,1,-0.3455880700292223,0.7063711911357341
2022,Eric Dalen|John Butler|John Goble,1,-0.2674793651342614,0.9316770186335404
2022,Eric Dalen|John Butler|Josh Tiven,1,-0.8594683960074587,0.3592375366568915
2022,Eric Dalen|John Goble|Matt Myers,1,-0.1999764920326754,1.0916666666666668
2022,Eric Dalen|Josh Tiven|Kevin Cutler,1,-0.14458122881110755,0.7941176470588236
2022,Eric Dalen|Karl Lane|Kevin Scott,1,0.591876650153644,1.7450537026568682
2022,Eric Dalen|Karl Lane|Matt Kallio,1,0.26826398659467937,1.3421052631578947
2022,Eric Dalen|Marat Kogut|Mitchell Ervin,1,0.17855507399847767,1.0958646616541354
2022,Eric Dalen|Marc Davis|Tyler Mirkovich,1,0.2812615046488582,1.1935135135135135
2022,Eric Dalen|Mitchell Ervin|Nate Green,1,0.17768117723745241,1.2528195488721805
2022,Eric Dalen|Rodney Mott|Sharae Mitchell,1,-0.6530996794306698,0.3934959349593496
2022,Eric Dalen|Tre Maddox|Zach Zarba,1,0.6849504133557668,1.705263157894737
2022,Eric Lewis|Evan Scott|Sean Corbin,1,0.01589136733663466,0.8375778155065081
2022,Eric Lewis|JB DeRosa|JT Orr,1,-0.13378337700282453,0.8504801097393689
2022,Eric Lewis|JB DeRosa|Jonathan Sterling,1,-0.37729423114146804,0.6
2022,Eric Lewis|JT Orr|Kevin Cutler,1,-0.6054908503070691,0.6097297297297297
2022,Eric Lewis|JT Orr|Natalie Sago,1,-0.14922456149120247,0.7634920634920634
2022,Eric Lewis|JT Orr|Sean Corbin,1,-0.42295042244918396,0.5955555555555556
2022,Eric Lewis|Jacyn Goble|John Butler,1,-0.5908683314395271,0.5212669683257919
2022,Eric Lewis|Jacyn Goble|Jonathan Sterling,1,-0.8064758658669485,0.390625
2022,Eric Lewis|Jason Goldenberg|Kevin Cutler,1,0.2594388601383859,1.2261375299349984
2022,Eric Lewis|Jason Goldenberg|Mitchell Ervin,1,-0.5267564458381849,0.5142642642642643
2022,Eric Lewis|Jenna Schroeder|Scott Twardoski,1,0.0813456394539524,0.9097867687260798
2022,Eric Lewis|Jonathan Sterling|Ray Acosta,1,0.11452747119661721,0.9980966882375332
2022,Eric Lewis|Justin Van Duyne|Phenizee Ransom,1,0.1689657656123989,1.2686567164179103
2022,Eric Lewis|Kevin Cutler|Leon Wood,1,-0.21781537208258442,0.8405024743052911
2022,Eric Lewis|Kevin Cutler|Scott Wall,1,-0.7888631221876503,0.49826989619377166
2022,Eric Lewis|Lauren Holtkamp|Rodney Mott,1,-0.05264373348542203,0.9852071005917159
2022,Eric Lewis|Lauren Holtkamp|Sean Corbin,1,0.2460373711800623,1.296
2022,Eric Lewis|Leon Wood|Suyash Mehta,1,-0.23658014731177637,0.6929637526652451
2022,Eric Lewis|Marat Kogut|Mousa Dagher,1,-0.31292468963938885,0.7214587737843552
2022,Eric Lewis|Marat Kogut|Pat OConnell,1,-0.09531017980432502,1.0185185185185184
2022,Eric Lewis|Matt Boland|Mitchell Ervin,1,-0.3715635564324831,0.6578947368421053
2022,Eric Lewis|Michael Smith|Nate Green,1,-0.20378579546225456,0.8071585098612126
2022,Eric Lewis|Michael Smith|Ray Acosta,1,-0.04160600083246379,0.7816091954022989
2022,Eric Lewis|Mousa Dagher|Tre Maddox,1,-0.33185329076491843,0.6928480204342272
2022,Eric Lewis|Natalie Sago|Suyash Mehta,1,-0.4531805811478309,0.6500488758553274
2022,Eric Lewis|Nick Buchert|Ray Acosta,1,0.025716888005129737,0.7835294117647058
2022,Eric Lewis|Scott Wall|Sean Corbin,1,-0.4193319969765979,0.6011299435028249
2022,Evan Scott|Gediminas Petraitis|Kevin Scott,1,0.20423308790492029,0.943526170798898
2022,Evan Scott|Gediminas Petraitis|Mark Lindsay,1,-0.2433928924145218,0.7689759036144579
2022,Evan Scott|Gediminas Petraitis|Scott Foster,1,-0.015334364000106687,1.0413793103448277
2022,Evan Scott|JB DeRosa|John Goble,1,-0.22827676021388882,0.727683615819209
2022,Evan Scott|JB DeRosa|Sean Wright,1,-0.1774980438242494,0.7775510204081632
2022,Evan Scott|James Capers|Mitchell Ervin,1,0.5238128192928018,1.580392156862745
2022,Evan Scott|James Capers|Tom Washington,1,0.026559273072354665,1.1153439153439153
2022,Evan Scott|John Goble|Nick Buchert,1,0.6015799870344549,1.6222222222222222
2022,Evan Scott|Josh Tiven|Natalie Sago,1,-0.3052649430096477,0.8770053475935828
2022,Evan Scott|Karl Lane|Tre Maddox,1,0.179340928655817,1.2884615384615383
2022,Evan Scott|Kevin Scott|Mitchell Ervin,1,0.24978548226063088,1.234375
2022,Evan Scott|Mitchell Ervin|Sean Wright,1,0.43192427045797654,1.379454926624738
2022,Evan Scott|Natalie Sago|Tyler Ford,1,-0.08062973440010919,1.1531690140845072
2022,Evan Scott|Pat Fraher|Tyler Ford,1,0.20440263986920984,1.235053235053235
2022,Gediminas Petraitis|JT Orr|Sean Wright,1,0.6145040532408322,1.7023809523809526
2022,Gediminas Petraitis|Jacyn Goble|Jason Goldenberg,1,-0.09331644516498092,1.207043108682453
2022,Gediminas Petraitis|James Williams|Matt Myers,2,-0.5577502533483157,0.5294460026764927
2022,Gediminas Petraitis|Jason Goldenberg|Pat Fraher,1,-0.4929427942692187,0.5457013574660634
2022,Gediminas Petraitis|Jenna Reneau|Pat Fraher,1,-0.14343246360723416,0.8589743589743589
2022,Gediminas Petraitis|Jenna Schroeder|Tom Washington,1,0.3083013596545165,1.1666666666666667
2022,Gediminas Petraitis|John Conley|Justin Van Duyne,1,0.05802384011637739,1.098989898989899
2022,Gediminas Petraitis|John Conley|Ray Acosta,1,-0.03051554392595049,0.7759562841530055
2022,Gediminas Petraitis|John Goble|Matt Kallio,1,0.14698219034864585,1.3238095238095238
2022,Gediminas Petraitis|Jonathan Sterling|Michael Smith,1,-0.20098197951135735,0.6361655773420479
2022,Gediminas Petraitis|Justin Van Duyne|Ray Acosta,1,-0.1800514082594155,0.875
2022,Gediminas Petraitis|Kevin Scott|Natalie Sago,1,-0.21819304615435356,0.7126099706744868
2022,Gediminas Petraitis|Leon Wood|Sean Corbin,1,-0.3367596342377908,0.6528735632183909
2022,Gediminas Petraitis|Leon Wood|Tony Brothers,1,0.29241610396645795,1.3975468975468974
2022,Gediminas Petraitis|Marat Kogut|Pat Fraher,1,-0.6508716974117071,0.4535573122529644
2022,Gediminas Petraitis|Marat Kogut|Scott Foster,1,-0.575364144903562,0.5487804878048781
2022,Gediminas Petraitis|Marat Kogut|Zach Zarba,1,0.2557744547884354,1.3208128078817734
2022,Gediminas Petraitis|Marc Davis|Matt Boland,1,-0.5773153650348236,0.5807622504537205
2022,Gediminas Petraitis|Marc Davis|Scott Wall,1,-0.31775952768905885,0.9357142857142858
2022,Gediminas Petraitis|Matt Boland|Sean Wright,1,-0.17373781310256323,0.7718749999999999
2022,Gediminas Petraitis|Matt Kallio|Sean Wright,1,0.0015209128407067448,1.1037181996086105
2022,Gediminas Petraitis|Matt Myers|Tony Brothers,1,-0.27533623662948165,0.8337595907928389
2022,Gediminas Petraitis|Mitchell Ervin|Suyash Mehta,1,0.3795643796760072,1.53125
2022,Gediminas Petraitis|Nate Green|Scott Foster,1,0.5197066768099512,1.7959582790091264
2022,Gediminas Petraitis|Scott Twardoski|Tony Brothers,1,-0.07483164846078412,0.9610389610389611
2022,Gediminas Petraitis|Sean Wright|Tyler Ricks,1,-0.30759526417949573,0.6065505804311775
2022,Intae Hwang|James Capers|Michael Smith,1,0.24523538220452387,1.1181818181818182
2022,Intae Hwang|Karl Lane|Tony Brothers,1,0.017314032067414404,1.0153272576636287
2022,Intae Hwang|Matt Boland|Scott Foster,1,0.021481888815899578,1.2359447004608293
2022,Intae Hwang|Scott Twardoski|Sean Wright,1,0.45547552868282587,1.6982248520710057
2022,JB DeRosa|JT Orr|Josh Tiven,1,-0.014657157799973468,0.9918074756784433
2022,JB DeRosa|Jacyn Goble|Suyash Mehta,1,-0.7560144586202141,0.430921052631579
2022,JB DeRosa|James Williams|Ray Acosta,1,0.6401464838541697,1.7465986394557824
2022,JB DeRosa|James Williams|Tyler Mirkovich,1,-0.402294097523523,0.4848684210526316
2022,JB DeRosa|Jason Goldenberg|Kevin Scott,1,-0.10586039069947724,0.8917954815695601
2022,JB DeRosa|Jason Goldenberg|Tony Brothers,1,-0.4600201852615522,0.6452991452991453
2022,JB DeRosa|Jenna Schroeder|Kevin Scott,1,-0.23556607131276697,0.7407407407407408
2022,JB DeRosa|John Butler|Josh Tiven,1,-0.3164638738772329,0.6304286915102271
2022,JB DeRosa|John Butler|Sean Wright,1,-0.38266161909058755,0.744047619047619
2022,JB DeRosa|John Goble|Lauren Holtkamp,1,0.4396805608257086,1.6813426329555363
2022,JB DeRosa|John Goble|Pat OConnell,1,0.13068644049229144,1.0566502463054186
2022,JB DeRosa|Jonathan Sterling|Zach Zarba,1,0.01716526313009421,1.0275893260967888
2022,JB DeRosa|Kevin Scott|Matt Myers,1,-0.11840483833886374,0.9411563462196372
2022,JB DeRosa|Marc Davis|Phenizee Ransom,2,0.22228538757350072,1.2514174509438716
2022,JB DeRosa|Mark Lindsay|Matt Myers,1,-0.36318962495992596,0.8568000000000001
2022,JB DeRosa|Matt Boland|Rodney Mott,1,0.14050006194061587,1.2005772005772006
2022,JB DeRosa|Matt Kallio|Pat Fraher,1,0.26875406256626205,1.3586538461538462
2022,JB DeRosa|Matt Myers|Zach Zarba,1,-0.5874868597732058,0.7325428194993412
2022,JB DeRosa|Ray Acosta|Zach Zarba,1,0.2558240187868812,1.113383985973115
2022,JB DeRosa|Robert Hussey|Scott Foster,1,0.048692177789460445,1.0297067901234567
2022,JB DeRosa|Scott Twardoski|Tyler Ford,1,-0.18924199963852842,0.8648648648648649
2022,JB DeRosa|Scott Wall|Tony Brothers,1,0.08983225333127111,1.0789012273524254
2022,JB DeRosa|Suyash Mehta|Tony Brothers,1,-0.17402275397925965,0.7971014492753623
2022,JD Ralls|Josh Tiven|Scott Twardoski,1,-0.30888428010238406,0.6238859180035651
2022,JD Ralls|Kevin Scott|Sean Corbin,1,0.14856926998906314,1.0291858678955452
2022,JT Orr|Jacyn Goble|Sean Wright,1,-0.015504186535965199,0.9081081081081082
2022,JT Orr|Jacyn Goble|Tony Brothers,1,-0.18186917044830678,0.8957219251336899
2022,JT Orr|James Capers|Tom Washington,1,0.43999097695723777,1.7019906323185015
2022,JT Orr|James Capers|Tre Maddox,2,0.3497770121292687,1.4848616543531796
2022,JT Orr|James Williams|Mitchell Ervin,2,0.04537474588325348,1.0381370481188994
2022,JT Orr|Josh Tiven|Mitchell Ervin,1,0.028509057558353524,0.924102184376157
2022,JT Orr|Justin Van Duyne|Scott Foster,1,0.13699105954443197,1.1781206171107994
2022,JT Orr|Justin Van Duyne|Sean Wright,1,-0.496436886313891,0.5217391304347826
2022,JT Orr|Karl Lane|Sean Wright,1,-0.30759526417949573,0.8421528720036183
2022,JT Orr|Kevin Cutler|Kevin Scott,1,-0.5143405658734351,0.48217317487266553
2022,JT Orr|Kevin Scott|Scott Twardoski,1,-0.38027485927960586,0.6380952380952382
2022,JT Orr|Kevin Scott|Sean Corbin,1,-0.4160291865879151,0.6079825041006014
2022,JT Orr|Mark Lindsay|Ray Acosta,1,0.2657031657330057,1.4516129032258063
2022,JT Orr|Mark Lindsay|Sean Corbin,1,-0.03745756253490044,0.9632352941176471
2022,JT Orr|Nick Buchert|Tyler Ford,1,-0.25518290505882646,0.8716216216216216
2022,JT Orr|Pat Fraher|Sean Corbin,1,0.29530599756244047,1.3099489795918369
2022,JT Orr|Scott Foster|Scott Twardoski,1,-0.4585749334221128,0.6620370370370371
2022,JT Orr|Sean Corbin|Tyler Ford,1,-0.11220162581818836,1.0637720488466758
2022,Jacyn Goble|James Williams|John Butler,1,-0.4227566052182255,0.6605222734254992
2022,Jacyn Goble|James Williams|Jonathan Sterling,1,-0.21622310846963608,0.8055555555555556
2022,Jacyn Goble|Josh Tiven|Phenizee Ransom,1,-0.25778085490490843,0.7405660377358491
2022,Jacyn Goble|Josh Tiven|Ray Acosta,1,-0.8529752949921804,0.4240561896400351
2022,Jacyn Goble|Leon Wood|Scott Foster,2,-0.22948087875821638,0.7736208942013031
2022,Jacyn Goble|Marc Davis|Phenizee Ransom,1,-0.008280062360613365,1.1767241379310345
2022,Jacyn Goble|Mark Lindsay|Natalie Sago,1,-0.6272359756104018,0.4398190045248869
2022,Jacyn Goble|Mitchell Ervin|Scott Wall,1,-0.14261410719884182,0.8670886075949369
2022,Jacyn Goble|Mousa Dagher|Rodney Mott,1,-0.2657031657330056,0.9857142857142857
2022,Jacyn Goble|Mousa Dagher|Sean Corbin,1,0.43178241642553783,1.1846153846153846
2022,Jacyn Goble|Mousa Dagher|Zach Zarba,1,-0.08144542918282097,0.7558072009291521
2022,Jacyn Goble|Nate Green|Nick Buchert,1,-0.29912945829213167,0.8198874296435272
2022,Jacyn Goble|Nate Green|Zach Zarba,1,0.336472236621213,1.2727272727272725
2022,Jacyn Goble|Pat OConnell|Tony Brothers,1,-0.15817745786459353,0.7792267215740105
2022,Jacyn Goble|Ray Acosta|Sean Wright,1,-0.27532930448477994,0.5752439650744735
2022,Jacyn Goble|Scott Wall|Sean Corbin,1,-0.06305813596713691,0.817741935483871
2022,Jacyn Goble|Scott Wall|Sean Wright,1,-0.13132307372929408,0.9736995908825249
2022,Jacyn Goble|Suyash Mehta|Tyler Ford,1,-0.005282632464427224,0.9174379859311366
2022,James Capers|Jenna Schroeder|Justin Van Duyne,1,-0.3101549283038396,0.6387096774193548
2022,James Capers|John Butler|Matt Boland,1,-0.11007380010992449,0.8305588585017835
2022,James Capers|John Conley|Marat Kogut,1,-0.3980301296206464,0.5488272921108742
2022,James Capers|Karl Lane|Natalie Sago,1,-0.3968813644167731,0.6492271105826397
2022,James Capers|Lauren Holtkamp|Suyash Mehta,1,-0.7718394491356102,0.4579985390796202
2022,James Capers|Marat Kogut|Ray Acosta,1,0.5985885979349325,1.6005291005291005
2022,James Capers|Matt Boland|Mitchell Ervin,1,-0.7164945445569364,0.39687500000000003
2022,James Capers|Matt Boland|Tyler Mirkovich,1,0.18392283816092841,1.1253462603878117
2022,James Capers|Matt Kallio|Tre Maddox,1,-0.21098945166352642,0.8552295918367347
2022,James Capers|Natalie Sago|Tre Maddox,1,-0.6966621226673898,0.4152046783625731
2022,James Capers|Nick Buchert|Robert Hussey,1,-0.5079806716337595,0.5375565610859729
2022,James Capers|Suyash Mehta|Tre Maddox,1,0.13851893413556152,0.7853479853479853
2022,James Williams|Jason Goldenberg|Leon Wood,1,0.5243393429327136,1.5812244897959185
2022,James Williams|Jason Goldenberg|Michael Smith,1,0.5140989491109598,1.6144714527981912
2022,James Williams|Jenna Schroeder|Rodney Mott,1,0.3326600677348584,1.7835723598435462
2022,James Williams|John Butler|Justin Van Duyne,1,-0.713766467762681,0.43102040816326526
2022,James Williams|John Butler|Lauren Holtkamp,1,-0.2634704592705579,0.7113006396588486
2022,James Williams|Justin Van Duyne|Kevin Cutler,1,-0.31374784008112183,0.6946191474493362
2022,James Williams|Justin Van Duyne|Nick Buchert,1,-0.35752564581904533,0.5822072072072073
2022,James Williams|Karl Lane|Matt Myers,1,0.14732471475685852,1.2016460905349795
2022,James Williams|Karl Lane|Ray Acosta,1,0.7576857016975165,2.0444444444444447
2022,James Williams|Kevin Cutler|Mousa Dagher,1,-0.5322168137473082,0.642361111111111
2022,James Williams|Kevin Cutler|Ray Acosta,1,0.06187540371808745,1.1605415860735009
2022,James Williams|Lauren Holtkamp|Nate Green,1,-0.10339429820428384,0.7777777777777778
2022,James Williams|Lauren Holtkamp|Tre Maddox,1,-0.3828202240430547,0.6285119667013528
2022,James Williams|Leon Wood|Phenizee Ransom,1,0.7227176378810649,1.8677551020408163
2022,James Williams|Marat Kogut|Michael Smith,1,0.4597048770451611,1.7595628415300546
2022,James Williams|Matt Boland|Mitchell Ervin,1,0.9489415016481837,2.6336206896551726
2022,James Williams|Matt Boland|Sean Corbin,1,-0.0945261734921162,1.0060331825037707
2022,James Williams|Matt Boland|Tom Washington,1,-0.0761613609655639,0.8237037037037037
2022,James Williams|Matt Myers|Nick Buchert,1,0.794630219471351,1.7153996101364521
2022,James Williams|Michael Smith|Mousa Dagher,1,-0.09154369700884808,0.9559748427672956
2022,James Williams|Mitchell Ervin|Ray Acosta,1,0.6296776066112793,1.9431818181818181
2022,James Williams|Nate Green|Rodney Mott,1,-0.21602608354534578,0.7592307692307694
2022,James Williams|Phenizee Ransom|Tom Washington,1,0.5972270586812061,1.6518847006651884
2022,Jason Goldenberg|John Goble|Lauren Holtkamp,1,-0.19821730855932432,0.7434248977206313
2022,Jason Goldenberg|Josh Tiven|Matt Boland,1,-0.06984357336726432,1.0444444444444443
2022,Jason Goldenberg|Josh Tiven|Nick Buchert,1,0.2445099005865722,1.3657703798548868
2022,Jason Goldenberg|Justin Van Duyne|Scott Foster,1,-0.538752330300513,0.676923076923077
2022,Jason Goldenberg|Karl Lane|Tony Brothers,1,-0.10471095408903086,0.9924812030075187
2022,Jason Goldenberg|Kevin Cutler|Sean Wright,1,0.006269613013595395,0.8490566037735848
2022,Jason Goldenberg|Michael Smith|Rodney Mott,1,-0.10673319946979844,0.8432432432432433
2022,Jason Goldenberg|Michael Smith|Sean Wright,1,-0.24797552701539144,0.6376811594202898
2022,Jason Goldenberg|Natalie Sago|Tony Brothers,3,-0.2007261056941735,0.8455924145652499
2022,Jason Goldenberg|Nick Buchert|Sean Wright,1,-0.4234836136108427,0.6481481481481481
2022,Jason Goldenberg|Nick Buchert|Tyler Ford,1,0.3751179517188726,1.1953125
2022,Jason Goldenberg|Pat Fraher|Ray Acosta,1,-0.8472978603872037,0.5
2022,Jason Goldenberg|Sean Wright|Tre Maddox,1,0.22187290311275415,1.2767857142857142
2022,Jason Goldenberg|Tony Brothers|Tyler Ford,1,-0.42081529664579925,0.5213472485768501
2022,Jenna Reneau|Kevin Scott|Rodney Mott,1,-0.028667894869571914,1.0275862068965518
2022,Jenna Reneau|Nick Buchert|Tyler Ford,1,-0.7323678937132265,0.5
2022,Jenna Schroeder|Josh Tiven|Tre Maddox,1,0.7177294239652812,1.6752958579881656
2022,Jenna Schroeder|Justin Van Duyne|Marc Davis,1,0.33296960607001097,1.1780885780885781
2022,Jenna Schroeder|Justin Van Duyne|Sean Wright,1,0.1001887272554323,1.1016949152542372
2022,Jenna Schroeder|Karl Lane|Tony Brothers,1,-0.7845536468837969,0.5727644652250146
2022,Jenna Schroeder|Kevin Cutler|Zach Zarba,1,-0.5500463369192718,0.5897435897435898
2022,Jenna Schroeder|Kevin Scott|Tom Washington,1,-0.31717250096248595,0.7067873303167421
2022,Jenna Schroeder|Mark Lindsay|Sean Corbin,1,0.07195858927357754,1.0539452495974235
2022,Jenna Schroeder|Mark Lindsay|Tyler Ford,1,0.03927997416843988,1.224105461393597
2022,Jenna Schroeder|Nick Buchert|Pat Fraher,1,-0.5285252008653917,0.6775559588626738
2022,Jenna Schroeder|Pat Fraher|Sean Corbin,1,0.10008345855698263,1.013157894736842
2022,Jenna Schroeder|Sean Wright|Tom Washington,1,0.26466095615456203,1.0703125
2022,Jenna Schroeder|Tom Washington|Tyler Ford,1,0.04760285277372485,0.8302636330805344
2022,John Butler|Josh Tiven|Nick Buchert,1,-0.15577537555426013,0.8407382091592617
2022,John Butler|Justin Van Duyne|Mark Lindsay,1,0.9336824745860243,2.861842105263158
2022,John Butler|Justin Van Duyne|Sean Wright,1,0.36980865688880477,1.3547632963179428
2022,John Butler|Justin Van Duyne|Tyler Ford,1,-0.026433257068155597,1.1781206171107994
2022,John Butler|Karl Lane|Marc Davis,1,-0.021414094503816473,1.0440677966101695
2022,John Butler|Kevin Scott|Tre Maddox,1,-0.043172171865208664,0.7765511990864105
2022,John Butler|Leon Wood|Zach Zarba,2,0.01343435342350064,0.9234952231285392
2022,John Butler|Marc Davis|Rodney Mott,1,-0.13253289029493315,0.8326210826210826
2022,John Butler|Marc Davis|Tre Maddox,2,-0.19331101015334223,0.9404761904761905
2022,John Butler|Matt Boland|Rodney Mott,1,0.05182506786458595,0.9829787234042553
2022,John Butler|Rodney Mott|Tony Brothers,1,-0.7041162119305193,0.6181818181818182
2022,John Butler|Scott Twardoski|Zach Zarba,1,0.07333127308554951,0.966796875
2022,John Butler|Sean Wright|Tre Maddox,1,0.1838731474853734,0.9477551020408163
2022,John Butler|Tony Brothers|Tre Maddox,2,-0.04371710152221496,0.8802608421267188
2022,John Butler|Tre Maddox|Zach Zarba,1,-0.013698844358162028,1.0954670329670328
2022,John Conley|John Goble|Karl Lane,1,-0.0800427076735365,0.7027027027027026
2022,John Conley|Josh Tiven|Mitchell Ervin,1,0.17540771354218612,1.2459016393442623
2022,John Conley|Justin Van Duyne|Zach Zarba,1,-0.12516314295400605,0.9803921568627451
2022,John Conley|Kevin Cutler|Tre Maddox,1,-0.7102416139192455,0.4096045197740113
2022,John Conley|Lauren Holtkamp|Pat Fraher,1,0.09829080794246256,1.1940298507462686
2022,John Conley|Marc Davis|Tre Maddox,1,0.0966268356890717,1.0977777777777777
2022,John Conley|Michael Smith|Pat Fraher,1,-0.19105523676270922,0.774074074074074
2022,John Conley|Natalie Sago|Sean Wright,2,-0.08979800265898294,0.8514820290982781
2022,John Conley|Nick Buchert|Tyler Ford,1,-0.06531156309602329,1.023368251410153
2022,John Conley|Ray Acosta|Tony Brothers,1,0.330241686870577,1.2521739130434784
2022,John Goble|Justin Van Duyne|Matt Kallio,1,-0.17284281283941097,0.9013605442176871
2022,John Goble|Karl Lane|Phenizee Ransom,1,0.10779657045570738,1.2530487804878048
2022,John Goble|Kevin Cutler|Lauren Holtkamp,1,0.4519851237430574,1.7763975155279506
2022,John Goble|Lauren Holtkamp|Robert Hussey,1,-0.011119283042406562,0.9402027027027027
2022,John Goble|Lauren Holtkamp|Scott Wall,1,-0.24746085896491618,0.9582309582309584
2022,John Goble|Lauren Holtkamp|Tre Maddox,1,-0.33241032193910114,0.7684210526315789
2022,John Goble|Leon Wood|Michael Smith,1,0.48081454534995116,1.6282828282828283
2022,John Goble|Matt Boland|Sean Corbin,1,-0.2737929602911139,0.7323232323232323
2022,John Goble|Matt Myers|Michael Smith,1,0.4895482253187058,1.4698275862068966
2022,John Goble|Matt Myers|Mitchell Ervin,2,0.006522769828782582,1.1430670339761249
2022,John Goble|Mitchell Ervin|Nate Green,1,0.616436420991886,1.5114893617021277
2022,John Goble|Mousa Dagher|Scott Twardoski,1,-0.3218783919998986,0.6475113122171946
2022,John Goble|Natalie Sago|Phenizee Ransom,1,-0.1746586840483855,0.9405128205128206
2022,John Goble|Natalie Sago|Rodney Mott,1,0.014252022707201413,0.8656987295825771
2022,John Goble|Phenizee Ransom|Ray Acosta,1,0.3136349607510217,1.2523847376788553
2022,John Goble|Phenizee Ransom|Tom Washington,1,0.05802384011637739,0.9714285714285715
2022,Jonathan Sterling|Josh Tiven|Justin Van Duyne,1,0.43267238288037496,1.658649398704903
2022,Jonathan Sterling|Justin Van Duyne|Tyler Ford,1,0.2790926572379543,1.3352826510721245
2022,Jonathan Sterling|Justin Van Duyne|Zach Zarba,1,-0.4279164929836147,0.6131062569418733
2022,Jonathan Sterling|Karl Lane|Kevin Scott,1,0.057629112836636215,0.7477567298105683
2022,Jonathan Sterling|Kevin Cutler|Tyler Ford,1,0.03310647177504067,0.9760665972944849
2022,Jonathan Sterling|Kevin Scott|Michael Smith,1,0.30888428010238395,1.5074074074074075
2022,Jonathan Sterling|Kevin Scott|Nick Buchert,1,0.30010459245033816,1.5599999999999998
2022,Jonathan Sterling|Marat Kogut|Scott Foster,1,-0.5316392555422659,0.5692771084337349
2022,Jonathan Sterling|Marc Davis|Tyler Ford,1,0.13353139262452277,1.2692307692307694
2022,Jonathan Sterling|Mark Lindsay|Ray Acosta,1,0.0870113769896297,1.0666666666666667
2022,Jonathan Sterling|Matt Boland|Pat Fraher,1,-0.09020626788614897,0.6990131578947368
2022,Jonathan Sterling|Matt Boland|Zach Zarba,1,-0.2727285227847226,0.696045197740113
2022,Jonathan Sterling|Michael Smith|Zach Zarba,1,0.24053529402607873,0.863095238095238
2022,Jonathan Sterling|Mitchell Ervin|Scott Foster,1,0.22945841217288424,1.1321266968325792
2022,Jonathan Sterling|Nick Buchert|Tony Brothers,1,-0.23151180098472623,0.818125
2022,Jonathan Sterling|Pat Fraher|Rodney Mott,1,0.6127905504226788,1.8252933507170794
2022,Jonathan Sterling|Rodney Mott|Zach Zarba,1,-0.18162250049145662,0.6552197802197803
2022,Jonathan Sterling|Sean Corbin|Tyler Ford,1,0.038313323537344686,0.9250956806998359
2022,Jonathan Sterling|Sean Wright|Tre Maddox,1,-0.137201121513485,0.6974358974358975
2022,Jonathan Sterling|Tom Washington|Zach Zarba,1,-0.2996084376398622,0.9068825910931174
2022,Jonathan Sterling|Tre Maddox|Zach Zarba,1,0.32760140405532173,1.5698505523066926
2022,Josh Tiven|Justin Van Duyne|Phenizee Ransom,1,0.26662866325394846,1.2572016460905349
2022,Josh Tiven|Justin Van Duyne|Robert Hussey,1,-0.20268885961838834,1.0887096774193548
2022,Josh Tiven|Justin Van Duyne|Sharae Mitchell,1,-1.6154080794206043,0.1893424036281179
2022,Josh Tiven|Karl Lane|Leon Wood,1,-0.07290677080808779,0.9296875
2022,Josh Tiven|Karl Lane|Marat Kogut,1,0.002208318895228497,1.234866828087167
2022,Josh Tiven|Karl Lane|Nate Green,1,0.2587756309061305,1.3878676470588236
2022,Josh Tiven|Karl Lane|Ray Acosta,1,-0.10826327531578782,0.8248081841432224
2022,Josh Tiven|Kevin Cutler|Ray Acosta,1,-0.09980185765399861,0.7687499999999999
2022,Josh Tiven|Leon Wood|Tre Maddox,1,-0.11191791620398532,0.979788838612368
2022,Josh Tiven|Matt Kallio|Sean Corbin,1,-0.05623971832287608,0.7279411764705882
2022,Josh Tiven|Matt Myers|Michael Smith,3,-0.22233601015932436,0.789785587128263
2022,Josh Tiven|Michael Smith|Pat OConnell,1,0.44996287836228943,1.572413793103448
2022,Josh Tiven|Natalie Sago|Robert Hussey,1,0.05782708654958441,1.0004962779156328
2022,Josh Tiven|Phenizee Ransom|Rodney Mott,1,0.7015731208740171,1.9815384615384617
2022,Josh Tiven|Ray Acosta|Sean Corbin,1,-0.0921152889078055,0.9100840336134454
2022,Josh Tiven|Scott Twardoski|Scott Wall,1,-0.3537930975638437,0.765840220385675
2022,Josh Tiven|Scott Wall|Tyler Ford,1,-0.19497267434751345,0.6926406926406926
2022,Josh Tiven|Sean Corbin|Sharae Mitchell,1,0.3765175320732958,1.3541666666666665
2022,Josh Tiven|Suyash Mehta|Tre Maddox,1,-0.48760179160948847,0.4946895424836601
2022,Justin Van Duyne|Leon Wood|Scott Foster,1,0.4638758702645789,1.2155172413793105
2022,Justin Van Duyne|Leon Wood|Zach Zarba,2,-0.1854803848424063,1.0984918343080396
2022,Justin Van Duyne|Marat Kogut|Tony Brothers,1,-0.4691809224942722,0.778289810547875
2022,Justin Van Duyne|Mark Lindsay|Matt Boland,1,0.296082768059258,1.5462686567164179
2022,Justin Van Duyne|Matt Boland|Tre Maddox,1,-0.4891151373950893,0.4869281045751634
2022,Justin Van Duyne|Matt Kallio|Tre Maddox,1,0.5653138090500605,2.1286956521739135
2022,Justin Van Duyne|Mousa Dagher|Rodney Mott,1,0.05936673273517715,0.9447785675232367
2022,Justin Van Duyne|Phenizee Ransom|Tony Brothers,1,-0.1597280445710932,0.8295847750865052
2022,Karl Lane|Leon Wood|Mark Lindsay,1,0.13513381440424616,1.080909571655209
2022,Karl Lane|Marat Kogut|Marc Davis,1,0.15168458733206475,1.6114058355437666
2022,Karl Lane|Marat Kogut|Tony Brothers,1,0.047296714703065096,1.1303418803418803
2022,Karl Lane|Matt Boland|Tony Brothers,1,-0.28578633728688174,1.0073131955484897
2022,Karl Lane|Matt Kallio|Rodney Mott,1,-0.7381708619339005,0.40970350404312667
2022,Karl Lane|Matt Myers|Pat Fraher,1,-0.41817714369652637,0.6066779852857951
2022,Karl Lane|Matt Myers|Scott Foster,3,-0.025598866083346005,0.8787894317703727
2022,Karl Lane|Mousa Dagher|Scott Foster,1,-1.183111552368219,0.28079710144927533
2022,Karl Lane|Mousa Dagher|Tyler Ford,1,0.667737465034577,2.0248138957816377
2022,Karl Lane|Nate Green|Tyler Ford,1,-0.10627921117489891,0.7673981191222571
2022,Karl Lane|Robert Hussey|Rodney Mott,1,-0.3557175479824049,0.698948948948949
2022,Kevin Cutler|Lauren Holtkamp|Tony Brothers,1,-0.6785483811387927,0.47750865051903113
2022,Kevin Cutler|Leon Wood|Mark Lindsay,1,0.02747182066419831,1.1415094339622642
2022,Kevin Cutler|Marc Davis|Mousa Dagher,1,0.13353139262452257,0.8042328042328042
2022,Kevin Cutler|Mark Lindsay|Mousa Dagher,1,0.02531780798429,1.2923076923076924
2022,Kevin Cutler|Matt Boland|Tony Brothers,1,0.34805201452661244,1.1984126984126984
2022,Kevin Cutler|Matt Myers|Scott Foster,1,-0.924258901523332,0.33846872082166196
2022,Kevin Cutler|Pat Fraher|Robert Hussey,1,-0.1070981355563671,0.80859375
2022,Kevin Cutler|Pat Fraher|Tyler Mirkovich,1,-0.5501866976465711,0.465195246179966
2022,Kevin Cutler|Phenizee Ransom|Zach Zarba,1,0.2507775155163301,1.2930056710775049
2022,Kevin Cutler|Scott Twardoski|Zach Zarba,1,0.256541831716058,1.550943396226415
2022,Kevin Scott|Leon Wood|Tyler Ford,1,0.3479196224615638,1.4334586466165413
2022,Kevin Scott|Matt Boland|Scott Twardoski,1,-0.14668238521973243,0.8561236623067777
2022,Kevin Scott|Matt Kallio|Scott Twardoski,1,0.5841169360131566,2.1362637362637362
2022,Kevin Scott|Matt Kallio|Tyler Ford,1,-0.4623407565001665,0.5582386363636365
2022,Kevin Scott|Mitchell Ervin|Ray Acosta,2,0.10127335293959266,1.1264954444627766
2022,Kevin Scott|Mousa Dagher|Scott Twardoski,1,0.3629054936893685,1.4375
2022,Kevin Scott|Natalie Sago|Tyler Mirkovich,1,0.12859615743779165,0.9476923076923077
2022,Kevin Scott|Nate Green|Sean Corbin,1,0.14637953510237164,1.260536398467433
2022,Kevin Scott|Nick Buchert|Robert Hussey,1,0.16841185812362658,1.215725806451613
2022,Kevin Scott|Nick Buchert|Simone Jelks,1,0.4730000588243466,1.5991902834008098
2022,Kevin Scott|Phenizee Ransom|Sean Corbin,1,-1.136055086151886,0.29432624113475175
2022,Kevin Scott|Ray Acosta|Robert Hussey,1,-0.41238555095273816,0.6227027027027028
2022,Kevin Scott|Scott Twardoski|Tyler Ford,1,-0.02298951822469872,1.0718475073313782
2022,Kevin Scott|Suyash Mehta|Tre Maddox,1,-0.31265440888026164,0.7725563909774436
2022,Lauren Holtkamp|Matt Myers|Scott Foster,1,-0.4350796496080304,0.6934426229508196
2022,Lauren Holtkamp|Pat Fraher|Robert Hussey,1,0.7298394473598678,1.6415584415584414
2022,Lauren Holtkamp|Phenizee Ransom|Rodney Mott,1,-0.7207351370787743,0.5674603174603174
2022,Lauren Holtkamp|Phenizee Ransom|Scott Foster,1,-0.45658585482899405,0.6786885245901639
2022,Lauren Holtkamp|Ray Acosta|Zach Zarba,1,0.023802989350660202,0.8802083333333333
2022,Lauren Holtkamp|Scott Foster|Scott Twardoski,1,0.023295562603522082,1.0052910052910053
2022,Lauren Holtkamp|Scott Twardoski|Tony Brothers,2,-0.026916082545554554,1.0850312794883443
2022,Leon Wood|Marat Kogut|Zach Zarba,1,0.11492996667397702,1.1666666666666667
2022,Leon Wood|Marc Davis|Michael Smith,1,0.1040841912982215,0.8928571428571428
2022,Leon Wood|Marc Davis|Tre Maddox,1,0.1008046991219655,0.9733333333333335
2022,Leon Wood|Mark Lindsay|Mitchell Ervin,1,-0.3810805713068731,0.6996834011759385
2022,Leon Wood|Mousa Dagher|Tre Maddox,1,0.17807526591250344,1.504708097928437
2022,Leon Wood|Nick Buchert|Zach Zarba,1,0.7080094498811861,1.9112727272727275
2022,Leon Wood|Rodney Mott|Sean Wright,1,-0.41817714369652637,0.9235588972431078
2022,Leon Wood|Rodney Mott|Zach Zarba,1,-0.5510885464977157,0.45407196969696967
2022,Leon Wood|Scott Twardoski|Sean Wright,1,0.13217177310848302,1.11328125
2022,Leon Wood|Sean Wright|Tyler Ford,1,0.19324808651758338,1.0801248699271593
2022,Leon Wood|Tre Maddox|Zach Zarba,1,-0.2895886507223627,0.8049155145929339
2022,Marat Kogut|Matt Boland|Tyler Ford,1,0.1508454246919371,1.321382842509603
2022,Marat Kogut|Matt Kallio|Tony Brothers,1,0.15707893960634672,1.0379812695109263
2022,Marat Kogut|Michael Smith|Tre Maddox,1,0.13513381440424616,1.3205200678349351
2022,Marat Kogut|Nick Buchert|Scott Foster,1,-0.22614655657397936,0.6879310344827587
2022,Marat Kogut|Pat Fraher|Suyash Mehta,1,-0.503136564098169,0.6139332365747461
2022,Marat Kogut|Phenizee Ransom|Sean Wright,1,0.24342706344774007,1.4143404488232074
2022,Marat Kogut|Rodney Mott|Suyash Mehta,1,-0.30010459245033816,0.8484848484848485
2022,Marat Kogut|Scott Foster|Tyler Ford,1,0.3807514515253259,1.4826388888888888
2022,Marc Davis|Matt Boland|Robert Hussey,1,0.08302333581167413,1.0447761194029852
2022,Marc Davis|Matt Boland|Scott Twardoski,1,-0.06544390825238373,0.7892156862745098
2022,Marc Davis|Matt Kallio|Sean Corbin,1,0.3387231340041584,1.2947292069632494
2022,Marc Davis|Mitchell Ervin|Phenizee Ransom,1,-0.0785132656216384,1.2058562555456966
2022,Marc Davis|Mousa Dagher|Tyler Ford,1,-0.05585987188479574,0.7114427860696518
2022,Marc Davis|Natalie Sago|Robert Hussey,1,-0.7459896619343253,0.44636678200692037
2022,Marc Davis|Natalie Sago|Rodney Mott,1,0.18767337186590194,1.252840909090909
2022,Marc Davis|Phenizee Ransom|Tre Maddox,1,0.04123598748828751,1.1570881226053638
2022,Marc Davis|Ray Acosta|Tre Maddox,1,0.2595111954850846,1.355218855218855
2022,Marc Davis|Rodney Mott|Simone Jelks,1,0.39613378067927996,1.2549019607843137
2022,Marc Davis|Scott Twardoski|Tyler Mirkovich,1,0.15415067982725836,1.0694444444444444
2022,Mark Lindsay|Matt Myers|Nick Buchert,1,-0.2707325141380077,0.8195592286501376
2022,Mark Lindsay|Mitchell Ervin|Scott Twardoski,1,-0.20395864159861715,0.7159420289855073
2022,Mark Lindsay|Nate Green|Ray Acosta,1,0.07266260037591372,0.9342560553633219
2022,Mark Lindsay|Scott Wall|Sean Corbin,1,-0.14008879317068154,0.9779411764705883
2022,Matt Boland|Mousa Dagher|Zach Zarba,1,0.4367176516122687,1.5517241379310345
2022,Matt Boland|Natalie Sago|Sean Wright,1,-0.14001917710326534,0.9285714285714286
2022,Matt Boland|Rodney Mott|Sean Corbin,1,-0.03220046079031317,0.7982504100601422
2022,Matt Boland|Suyash Mehta|Tre Maddox,1,0.05239806341908391,0.93821760524877
2022,Matt Kallio|Mitchell Ervin|Sean Wright,1,-0.45425527227759643,0.5442176870748299
2022,Matt Kallio|Natalie Sago|Pat Fraher,1,0.13023245219739155,0.9896193771626297
2022,Matt Kallio|Natalie Sago|Sean Wright,1,-0.39934312053955884,0.630877452795261
2022,Matt Kallio|Pat Fraher|Sean Corbin,1,0.018349138668196617,1.1523809523809523
2022,Matt Kallio|Pat Fraher|Tyler Ford,1,0.09274205169861495,1.4854111405835544
2022,Matt Myers|Michael Smith|Pat Fraher,1,-0.2529965144638909,0.6280276816608997
2022,Matt Myers|Michael Smith|Rodney Mott,1,0.33119517952036903,1.4112
2022,Matt Myers|Michael Smith|Sean Wright,1,-0.022337179846152036,0.8597014925373134
2022,Matt Myers|Mitchell Ervin|Tre Maddox,1,-0.012192040765361947,1.1079774375503624
2022,Matt Myers|Nick Buchert|Sean Wright,1,0.2434635538051673,1.131633714880333
2022,Matt Myers|Ray Acosta|Zach Zarba,1,0.24227750590075373,1.29375
2022,Michael Smith|Rodney Mott|Suyash Mehta,1,0.28030196515415834,1.0436974789915965
2022,Michael Smith|Scott Foster|Scott Twardoski,1,-0.06021885999305484,0.8035714285714286
2022,Michael Smith|Scott Wall|Tony Brothers,1,0.0408219945202552,1.1666666666666667
2022,Michael Smith|Sean Wright|Suyash Mehta,1,-0.44579315349513604,0.6545454545454545
2022,Mitchell Ervin|Pat Fraher|Scott Wall,1,0.07410797215372204,1.1960059171597632
2022,Mitchell Ervin|Phenizee Ransom|Zach Zarba,1,0.7233870657496635,1.9239766081871343
2022,Mitchell Ervin|Robert Hussey|Tre Maddox,1,0.13248918304607887,1.3192592592592591
2022,Mitchell Ervin|Scott Wall|Zach Zarba,1,0.1497919134963029,1.234192037470726
2022,Mitchell Ervin|Sean Wright|Suyash Mehta,1,-0.9750985783027413,0.39772727272727276
2022,Mousa Dagher|Nick Buchert|Rodney Mott,1,-0.17958557697508,0.7916366258111031
2022,Natalie Sago|Pat Fraher|Robert Hussey,1,-0.1488315183496583,0.8285714285714286
2022,Natalie Sago|Ray Acosta|Zach Zarba,1,-0.41169565785880047,0.7638533674339302
2022,Natalie Sago|Suyash Mehta|Zach Zarba,1,0.06113599999173131,0.8763440860215053
2022,Natalie Sago|Tre Maddox|Zach Zarba,1,-0.027028672387919145,1.1680000000000001
2022,Nate Green|Pat Fraher|Scott Twardoski,1,-0.2697907044484793,0.6920750151240169
2022,Nate Green|Pat Fraher|Sean Corbin,1,0.03499684203709615,1.1506849315068493
2022,Nate Green|Scott Twardoski|Zach Zarba,1,-1.1896622621274244,0.2674362674362674
2022,Nick Buchert|Pat Fraher|Phenizee Ransom,1,0.09893994785490365,1.013877551020408
2022,Nick Buchert|Phenizee Ransom|Sean Wright,1,0.17941879713599324,1.0905797101449277
2022,Nick Buchert|Robert Hussey|Scott Foster,1,0.3007541540191337,1.670175438596491
2022,Nick Buchert|Scott Foster|Scott Wall,1,-0.06704719212048152,0.8762711864406779
2022,Nick Buchert|Sean Wright|Tyler Mirkovich,1,0.3523828127477904,1.4696828358208955
2022,Nick Buchert|Suyash Mehta|Tony Brothers,1,0.25467577598361096,1.562937062937063
2022,Pat Fraher|Phenizee Ransom|Sean Corbin,1,0.1923718926474559,1.1238825031928479
2022,Pat Fraher|Robert Hussey|Tom Washington,1,-0.16070808037341755,0.8024132730015083
2022,Pat Fraher|Suyash Mehta|Tyler Ford,1,-0.8551410378482295,0.42092803030303033
2022,Phenizee Ransom|Scott Foster|Tyler Ford,1,-0.10919929196499184,0.8571428571428572
2022,Ray Acosta|Sean Corbin|Sean Wright,1,0.2848371203195495,1.3499999999999999
2022,Ray Acosta|Sean Wright|Suyash Mehta,1,0.189857573680743,1.2122844827586206
2022,Robert Hussey|Scott Twardoski|Sean Wright,1,-0.07847161544149521,0.9600870827285921
2022,Rodney Mott|Scott Twardoski|Tony Brothers,1,-0.22970426119550688,0.7417840375586855
2022,Scott Wall|Sean Corbin|Tyler Ford,1,0.30421137440299156,1.4022988505747127
2022,Sean Wright|Suyash Mehta|Tre Maddox,1,0.14787250989518017,1.007469654528478
2023,Aaron Smith|Andy Nagy|Ben Taylor,1,-0.3961914713228352,0.8563899868247694
2023,Aaron Smith|Andy Nagy|James Capers,1,-0.4498687208366795,0.5830508474576271
2023,Aaron Smith|Andy Nagy|Kevin Cutler,1,0.11285118738698385,1.3562753036437245
2023,Aaron Smith|Andy Nagy|Zach Zarba,1,0.12405264866997882,0.9108653220559532
2023,Aaron Smith|Ashley Moyer-Gleich|Curtis Blair,1,0.21082306692616912,1.1379310344827587
2023,Aaron Smith|Ben Taylor|John Conley,1,-0.23033077598031518,0.6759751773049646
2023,Aaron Smith|Ben Taylor|Ray Acosta,1,0.5970199701623061,1.9913793103448276
2023,Aaron Smith|Bill Kennedy|Derek Richardson,1,0.26366719624790713,1.2397094430992737
2023,Aaron Smith|Bill Kennedy|JT Orr,1,0.015037877364540502,1.1166666666666667
2023,Aaron Smith|Bill Kennedy|Matt Myers,1,0.25659148538174975,1.2602040816326532
2023,Aaron Smith|Brandon Schwab|Jacyn Goble,1,0.30950111984642054,1.6484819734345353
2023,Aaron Smith|Brandon Schwab|Kevin Cutler,1,-0.1431008436406733,0.8
2023,Aaron Smith|Brent Barnaky|Jonathan Sterling,1,-0.8023464725249374,0.5023781212841856
2023,Aaron Smith|Brent Barnaky|Josh Tiven,1,0.5820886437874814,1.96969696969697
2023,Aaron Smith|Brett Nansel|Curtis Blair,1,-0.18962085927556632,0.7428571428571428
2023,Aaron Smith|Brett Nansel|Kevin Scott,1,-0.6205667743191525,0.46821469356680623
2023,Aaron Smith|Brian Forte|Ray Acosta,1,0.4125871841825775,1.6074074074074074
2023,Aaron Smith|CJ Washington|Josh Tiven,1,0.054488185284069776,1.2374999999999998
2023,Aaron Smith|CJ Washington|Tony Brothers,1,0.19390673112918436,1.148715144887917
2023,Aaron Smith|Che Flores|Josh Tiven,1,-0.16681737025798943,0.76171875
2023,Aaron Smith|Che Flores|Marc Davis,2,-0.2726428466219692,0.796148139921633
2023,Aaron Smith|Che Flores|Mark Lindsay,1,0.003960401216096914,0.9583333333333333
2023,Aaron Smith|Che Flores|Sean Wright,1,-0.0515182409636874,0.7426900584795321
2023,Aaron Smith|Che Flores|Tyler Ford,1,-0.20183437101753654,0.6265432098765432
2023,Aaron Smith|Curtis Blair|Danielle Scott,1,0.011503824481484713,1.1333333333333333
2023,Aaron Smith|Danielle Scott|Rodney Mott,1,0.06127232335095007,0.9763975155279503
2023,Aaron Smith|Dannica Mosher|Karl Lane,1,-0.6143046713241114,0.5259887005649718
2023,Aaron Smith|Dannica Mosher|Marc Davis,1,0.2542341383842407,1.2417153996101362
2023,Aaron Smith|Dannica Mosher|Mark Lindsay,1,-0.028191241699053494,1.1215375918598078
2023,Aaron Smith|David Guthrie|Derrick Collins,1,-0.03459144476961897,0.8492307692307692
2023,Aaron Smith|David Guthrie|Jenna Schroeder,1,-0.7056473433241768,0.4320652173913044
2023,Aaron Smith|Ed Malloy|Lauren Holtkamp,1,-0.4561209444605461,0.6636636636636637
2023,Aaron Smith|Ed Malloy|Scott Wall,1,0.17785601769597986,0.8092812676853424
2023,Aaron Smith|Ed Malloy|Sha'Rae Mitchell,1,-0.26072626246325253,0.7704918032786885
2023,Aaron Smith|Ed Malloy|Tom Washington,1,0.05182506786458595,0.9829787234042553
2023,Aaron Smith|Evan Scott|Kevin Scott,1,-0.23660828089121075,0.8239949351060463
2023,Aaron Smith|Evan Scott|Mark Lindsay,1,-0.24833054629550064,0.8510204081632653
2023,Aaron Smith|Gediminas Petraitis|Mousa Dagher,1,-0.07122750928836775,0.7760416666666666
2023,Aaron Smith|Intae Hwang|Pat Fraher,1,0.017699577099401075,1.0555555555555556
2023,Aaron Smith|JB DeRosa|Suyash Mehta,1,0.06490466503621228,1.0185546875
2023,Aaron Smith|JD Ralls|Zach Zarba,1,-0.1415718976203981,0.7291139240506329
2023,Aaron Smith|JT Orr|Rodney Mott,1,0.34512197820069584,1.4307432432432432
2023,Aaron Smith|JT Orr|Scott Twardoski,1,-0.3158342142309842,0.6408811475409836
2023,Aaron Smith|JT Orr|Tony Brothers,1,-0.08775681123957829,1.221311475409836
2023,Aaron Smith|Jacyn Goble|Scott Wall,1,0.1207027457597183,0.8245192307692308
2023,Aaron Smith|James Capers|Scott Wall,1,0.5127862339653774,1.6271186440677967
2023,Aaron Smith|Jason Goldenberg|Scott Foster,1,-0.4782003964499142,0.6061224489795919
2023,Aaron Smith|John Butler|Josh Tiven,1,0.15024883690596055,0.8980044345898005
2023,Aaron Smith|John Goble|Matt Boland,1,0.08879549878313106,0.9607535321821035
2023,Aaron Smith|Josh Tiven|Matt Myers,1,0.2586945355785287,1.193730407523511
2023,Aaron Smith|Karl Lane|Matt Boland,1,0.285828503802458,1.3391304347826087
2023,Aaron Smith|Kevin Scott|Tom Washington,1,-0.08701137698962981,0.967741935483871
2023,Aaron Smith|Leon Wood|Tyler Ford,1,0.1292868601378681,1.0551724137931036
2023,Aaron Smith|Mark Lindsay|Mousa Dagher,1,0.29673190797169885,1.2956228956228957
2023,Aaron Smith|Mitchell Ervin|Sha'Rae Mitchell,1,0.08879549878313106,0.8052631578947369
2023,Aaron Smith|Mousa Dagher|Tyler Ford,1,-0.18070995289961306,0.7898022892819979
2023,Aaron Smith|Nate Green|Scott Foster,2,-0.13119325459079595,0.9675459773498989
2023,Aaron Smith|Nate Green|Zach Zarba,1,-0.08004270767353637,0.7472527472527472
2023,Aaron Smith|Nick Buchert|Robert Hussey,1,-0.05205636195605315,0.8438003220611916
2023,Aaron Smith|Phenizee Ransom|Tony Brothers,1,-0.25802586286889295,0.6782608695652174
2023,Aaron Smith|Phenizee Ransom|Tyler Ford,1,-0.08630690355436597,0.9006342494714589
2023,Aaron Smith|Suyash Mehta|Tre Maddox,1,0.006779686985378769,0.8494897959183674
2023,Andy Nagy|Ben Taylor|Brandon Schwab,1,-0.48361306024110595,0.4972191323692992
2023,Andy Nagy|Ben Taylor|Evan Scott,1,0.5891574670358977,2.2334943639291467
2023,Andy Nagy|Bill Kennedy|Leon Wood,1,0.20067069546215105,1.1862745098039218
2023,Andy Nagy|Bill Kennedy|Natalie Sago,1,-0.08515780834030683,0.972972972972973
2023,Andy Nagy|Brandon Adair|Curtis Blair,1,-0.13102826240640428,0.8695652173913044
2023,Andy Nagy|Brandon Adair|Mitchell Ervin,1,0.1833768801861303,1.3249269005847955
2023,Andy Nagy|Brandon Schwab|JB DeRosa,1,-0.3090732624330984,0.74
2023,Andy Nagy|Brett Nansel|James Capers,1,-0.1763299271256879,0.7123161764705882
2023,Andy Nagy|Brett Nansel|Kevin Scott,1,0.12861737782209354,0.9477124183006536
2023,Andy Nagy|Brett Nansel|Zach Zarba,1,0.2573689371896124,1.310769230769231
2023,Andy Nagy|Brian Forte|Matt Boland,1,-0.27060154333396974,0.7311320754716981
2023,Andy Nagy|CJ Washington|Mark Lindsay,1,-0.06297479916138843,1.056338028169014
2023,Andy Nagy|Che Flores|Ray Acosta,1,0.3265974887014545,1.3169312169312168
2023,Andy Nagy|Courtney Kirkland|Robert Hussey,2,0.1353427864717901,1.0515978221415607
2023,Andy Nagy|Curtis Blair|Mitchell Ervin,1,-0.2540907871914926,0.7360799001248439
2023,Andy Nagy|Curtis Blair|Tre Maddox,1,-0.44292267064306495,0.6232698961937717
2023,Andy Nagy|Danielle Scott|James Williams,1,-0.3218734372000603,0.5340557275541796
2023,Andy Nagy|Derek Richardson|Marc Davis,1,-0.9382696385929302,0.48000000000000004
2023,Andy Nagy|Derek Richardson|Mark Lindsay,1,0.14536585027152543,1.1275510204081634
2023,Andy Nagy|Ed Malloy|Jacyn Goble,1,-0.19957727636872613,0.711764705882353
2023,Andy Nagy|Ed Malloy|Pat Fraher,1,-0.025317807984289783,0.75
2023,Andy Nagy|Eric Dalen|Scott Foster,1,0.7802717757778309,1.851449275362319
2023,Andy Nagy|Eric Dalen|Zach Zarba,1,0.1141923675256548,1.1209677419354838
2023,Andy Nagy|Gediminas Petraitis|Josh Tiven,1,-0.16070808037341755,0.9537254901960783
2023,Andy Nagy|Gediminas Petraitis|Tony Brothers,1,-0.4114831804337273,0.6107526881720431
2023,Andy Nagy|JB DeRosa|Mark Lindsay,1,-0.628060564040059,0.44162129461585
2023,Andy Nagy|JB DeRosa|Tyler Ford,1,0.27369583047704094,1.232638888888889
2023,Andy Nagy|James Capers|Mousa Dagher,1,0.21630201949749303,1.3563519813519813
2023,Andy Nagy|James Williams|Marat Kogut,1,-0.05112074672082953,0.9072745901639345
2023,Andy Nagy|Jenna Schroeder|Josh Tiven,1,0.6977875601164476,2.1767441860465113
2023,Andy Nagy|John Conley|Tyler Ford,1,-0.12465591494414555,0.8276255707762556
2023,Andy Nagy|John Goble|Leon Wood,1,0.13248918304607907,0.9256756756756757
2023,Andy Nagy|Josh Tiven|Natalie Sago,1,-0.28239213132648305,1.0232558139534884
2023,Andy Nagy|Josh Tiven|Phenizee Ransom,1,-0.7402486305650435,0.4968701095461659
2023,Andy Nagy|Justin Van Duyne|Tony Brothers,1,0.22692586303070855,1.5547826086956522
2023,Andy Nagy|Kevin Cutler|Sean Corbin,1,-0.3450559803126045,0.7192460317460317
2023,Andy Nagy|Kevin Scott|Lauren Holtkamp,1,0.2169130015635738,1.2288786482334868
2023,Andy Nagy|Leon Wood|Marc Davis,1,-0.04249723722387806,0.7758420441347271
2023,Andy Nagy|Leon Wood|Sean Wright,1,0.1433643135407615,1.0369318181818181
2023,Andy Nagy|Marc Davis|Robert Hussey,1,0.31309178797714926,1.476190476190476
2023,Andy Nagy|Matt Myers|Nick Buchert,1,0.31994293467000234,1.6229508196721312
2023,Andy Nagy|Nate Green|Sean Wright,1,0.3517478920915403,1.2621483375959082
2023,Andy Nagy|Nick Buchert|Robert Hussey,1,0.06534988020845041,1.1070707070707069
2023,Andy Nagy|Nick Buchert|Zach Zarba,1,0.6219196712715775,2.04973544973545
2023,Andy Nagy|Pat Fraher|Scott Wall,1,0.03067400718481492,0.9523809523809523
2023,Andy Nagy|Phenizee Ransom|Zach Zarba,1,0.00128123015604854,0.8606060606060607
2023,Andy Nagy|Tony Brothers|Tyler Ford,1,0.248279524585752,1.3804195804195805
2023,Ashley Moyer-Gleich|Bill Kennedy|Matt Boland,1,0.060726918374244834,1.2133152173913044
2023,Ashley Moyer-Gleich|Bill Kennedy|Robert Hussey,1,0.19209191187908845,1.1345769487008661
2023,Ashley Moyer-Gleich|Bill Kennedy|Tyler Ford,1,0.23621563288156236,1.2157894736842105
2023,Ashley Moyer-Gleich|Brandon Adair|Brian Forte,1,-0.45322813198265427,0.7218855218855219
2023,Ashley Moyer-Gleich|Brandon Adair|Courtney Kirkland,1,-0.011507606851479802,0.8526315789473684
2023,Ashley Moyer-Gleich|Brandon Adair|James Capers,1,-0.11225399417723775,1.0010752688172044
2023,Ashley Moyer-Gleich|Brandon Schwab|Mark Lindsay,1,-0.288194236355422,0.8270219728845255
2023,Ashley Moyer-Gleich|Brandon Schwab|Scott Foster,1,0.03226086221822148,1.06840022611645
2023,Ashley Moyer-Gleich|Brent Haskill|Marc Davis,1,-0.5972102379648112,0.4438264738598443
2023,Ashley Moyer-Gleich|Brian Forte|Derrick Collins,3,-0.27336641249770144,0.7861911387537329
2023,Ashley Moyer-Gleich|Brian Forte|Sha'Rae Mitchell,1,-0.37993180610299965,0.8374384236453203
2023,Ashley Moyer-Gleich|CJ Washington|Gediminas Petraitis,2,-0.04711601534201256,0.8272267603164289
2023,Ashley Moyer-Gleich|CJ Washington|Tony Brothers,1,0.04778184545531489,0.911297852474323
2023,Ashley Moyer-Gleich|Courtney Kirkland|Derek Richardson,1,0.14655433293532372,1.012417823228634
2023,Ashley Moyer-Gleich|Courtney Kirkland|Derrick Collins,1,-0.5225216635291818,0.5156723963599595
2023,Ashley Moyer-Gleich|Curtis Blair|Nate Green,1,0.3382398022603775,1.2526395173454
2023,Ashley Moyer-Gleich|Curtis Blair|Nick Buchert,2,-0.44978062816172404,0.560668364365033
2023,Ashley Moyer-Gleich|Curtis Blair|Robert Hussey,1,0.5653138090500605,1.3866666666666667
2023,Ashley Moyer-Gleich|Curtis Blair|Scott Wall,1,-0.015963850989013977,0.9138655462184874
2023,Ashley Moyer-Gleich|Dannica Mosher|Tyler Ford,1,0.6567368168641051,2.073316283034953
2023,Ashley Moyer-Gleich|David Guthrie|Jason Goldenberg,1,0.13736324674400002,1.1119449656035023
2023,Ashley Moyer-Gleich|David Guthrie|Matt Myers,1,0.10125373370517289,1.0327868852459017
2023,Ashley Moyer-Gleich|Derek Richardson|Marc Davis,1,0.1613661916179665,0.9677419354838709
2023,Ashley Moyer-Gleich|Derek Richardson|Pat Fraher,1,0.21631758624381,1.504120879120879
2023,Ashley Moyer-Gleich|Ed Malloy|Matt Boland,1,0.027180990536025157,1.0848074921956297
2023,Ashley Moyer-Gleich|Evan Scott|James Williams,1,-0.016529301951210582,0.9899524061343203
2023,Ashley Moyer-Gleich|Intae Hwang|Pat Fraher,1,0.12656272330842924,1.0532514080901179
2023,Ashley Moyer-Gleich|Intae Hwang|Tony Brothers,1,-0.3953127366441464,0.7004081632653062
2023,Ashley Moyer-Gleich|JT Orr|Marc Davis,1,-0.504405055963068,0.6172839506172839
2023,Ashley Moyer-Gleich|JT Orr|Sean Wright,1,0.3513978868378886,1.3533834586466165
2023,Ashley Moyer-Gleich|JT Orr|Tony Brothers,1,0.22297645297644936,1.0339181286549708
2023,Ashley Moyer-Gleich|James Williams|Ray Acosta,1,0.2580258628688929,1.3142857142857143
2023,Ashley Moyer-Gleich|Jason Goldenberg|John Goble,1,-0.335567668490786,0.6076923076923076
2023,Ashley Moyer-Gleich|Jason Goldenberg|Marc Davis,1,-0.4165149442947494,0.5934065934065934
2023,Ashley Moyer-Gleich|Jenna Schroeder|Tony Brothers,1,-0.49109584149866664,0.6693262411347517
2023,Ashley Moyer-Gleich|John Goble|Pat Fraher,1,0.316799471022508,1.4783216783216782
2023,Ashley Moyer-Gleich|Jonathan Sterling|Tony Brothers,2,0.10420115594783254,1.1797294452047584
2023,Ashley Moyer-Gleich|Jonathan Sterling|Zach Zarba,1,0.051591286449143715,0.9123345935727789
2023,Ashley Moyer-Gleich|Josh Tiven|Matt Kallio,1,-0.007843177461025893,0.9921875
2023,Ashley Moyer-Gleich|Justin Van Duyne|Marc Davis,1,-0.11488027599842202,0.6976744186046512
2023,Ashley Moyer-Gleich|Kevin Cutler|Scott Foster,1,0.3519016651860746,1.4540816326530612
2023,Ashley Moyer-Gleich|Kevin Cutler|Scott Twardoski,1,0.2814124594381855,1.0515873015873016
2023,Ashley Moyer-Gleich|Kevin Scott|Sha'Rae Mitchell,2,0.1935953265772359,1.1451201577069905
2023,Ashley Moyer-Gleich|Marc Davis|Rodney Mott,1,0.7011041614605276,1.625615763546798
2023,Ashley Moyer-Gleich|Mark Lindsay|Matt Kallio,1,-0.3868887225352291,1.0723684210526316
2023,Ashley Moyer-Gleich|Matt Boland|Tyler Ford,1,1.064224089376522,3.1684981684981683
2023,Ashley Moyer-Gleich|Matt Myers|Pat Fraher,1,-0.3910763706560646,0.6260869565217391
2023,Ashley Moyer-Gleich|Michael Smith|Mitchell Ervin,1,-0.11276940117609349,0.9358974358974359
2023,Ashley Moyer-Gleich|Nate Green|Tyler Ford,1,-0.7494623270725267,0.39639147074904313
2023,Ashley Moyer-Gleich|Scott Wall|Sean Wright,1,-0.23889190828234896,0.751953125
2023,Ben Taylor|Brent Barnaky|CJ Washington,1,-0.4094255093242614,0.5266457680250783
2023,Ben Taylor|Brent Barnaky|JT Orr,1,-0.33877373360949214,0.6478578892371996
2023,Ben Taylor|Brent Barnaky|Justin Van Duyne,1,-0.2696635669491027,0.9292929292929293
2023,Ben Taylor|Brent Barnaky|Nate Green,1,-0.3756121449584833,0.6666666666666666
2023,Ben Taylor|Brent Haskill|JB DeRosa,1,-0.12968485790821133,0.9049049049049048
2023,Ben Taylor|Brent Haskill|Sean Corbin,1,0.40195016600071976,1.5685510071474984
2023,Ben Taylor|Brett Nansel|Matt Kallio,1,-1.0833448165373212,0.4307692307692308
2023,Ben Taylor|CJ Washington|Scott Wall,1,-0.43563598574152773,0.5270655270655271
2023,Ben Taylor|Courtney Kirkland|Intae Hwang,1,0.5030454364470284,1.0584
2023,Ben Taylor|Danielle Scott|Marc Davis,1,,0.0
2023,Ben Taylor|Dedric Taylor|Jacyn Goble,1,-0.34033990464223723,0.7705053852526926
2023,Ben Taylor|Derek Richardson|Gediminas Petraitis,1,-0.8406533176685351,0.3719211822660098
2023,Ben Taylor|Derek Richardson|Tyler Ford,1,-0.4466231806016719,0.5982404692082111
2023,Ben Taylor|Derrick Collins|Jason Goldenberg,1,0.496226824344838,1.7674858223062384
2023,Ben Taylor|Derrick Collins|Natalie Sago,1,-0.47213810177436816,0.6848112379280069
2023,Ben Taylor|Eric Dalen|John Butler,1,-0.30962498658502474,0.5926216640502355
2023,Ben Taylor|Eric Dalen|Jonathan Sterling,1,0.02611748815485428,1.036829836829837
2023,Ben Taylor|Intae Hwang|Michael Smith,1,-0.12289813632315402,0.9821428571428571
2023,Ben Taylor|Jacyn Goble|Mousa Dagher,1,-0.23509976214134223,1.0004664179104479
2023,Ben Taylor|Jacyn Goble|Scott Twardoski,1,0.4936578201436253,1.6382978723404253
2023,Ben Taylor|Jason Goldenberg|John Butler,1,-0.1746586840483855,0.8451612903225807
2023,Ben Taylor|Jenna Reneau|Sean Wright,1,0.3088842801023838,1.3218487394957983
2023,Ben Taylor|Jenna Schroeder|Scott Twardoski,1,-0.21724382918702131,0.7384615384615385
2023,Ben Taylor|John Butler|Mousa Dagher,2,0.08485154641737169,1.240388426476417
2023,Ben Taylor|Jonathan Sterling|Mark Lindsay,1,0.23881738985763395,1.241530054644809
2023,Ben Taylor|Kevin Cutler|Scott Twardoski,1,0.15415067982725836,0.9259259259259258
2023,Ben Taylor|Kevin Cutler|Tyler Ricks,1,-0.13737672955678468,1.0895522388059702
2023,Ben Taylor|Marat Kogut|Scott Wall,1,0.1172801440189306,0.9594594594594595
2023,Ben Taylor|Marat Kogut|Tyler Mirkovich,1,0.2344506222289013,1.4861538461538464
2023,Ben Taylor|Matt Myers|Nick Buchert,1,-0.8823891801984737,0.4117647058823529
2023,Ben Taylor|Natalie Sago|Rodney Mott,1,-0.8571812338670844,0.36960087479496995
2023,Ben Taylor|Natalie Sago|Tyler Mirkovich,1,0.09851359952186252,1.0134453781512607
2023,Ben Taylor|Nick Buchert|Phenizee Ransom,1,0.021215839150272572,0.9525623268698062
2023,Ben Taylor|Ray Acosta|Sharae Mitchell,1,-0.5993561165849369,0.6040816326530613
2023,Ben Taylor|Robert Hussey|Tom Washington,1,0.5282341871942547,1.3844367015098724
2023,Bill Kennedy|Brandon Adair|Brett Nansel,1,0.5442735578335308,1.613061224489796
2023,Bill Kennedy|Brandon Adair|Eric Dalen,1,0.5036571342873781,1.5977011494252873
2023,Bill Kennedy|Brandon Schwab|Jacyn Goble,1,0.9408729752794909,2.5553846153846154
2023,Bill Kennedy|Brandon Schwab|John Butler,1,0.2762533766281583,1.1693548387096773
2023,Bill Kennedy|Brandon Schwab|Kevin Cutler,1,0.26163831162254186,1.332365747460087
2023,Bill Kennedy|Brandon Schwab|Pat Fraher,1,-1.0001450423110179,0.3253846153846154
2023,Bill Kennedy|Brent Barnaky|JT Orr,1,-0.4757343039547207,0.6041666666666666
2023,Bill Kennedy|Brent Haskill|CJ Washington,1,-0.2164990085955413,0.8118279569892473
2023,Bill Kennedy|Brett Nansel|Jacyn Goble,1,-0.3522205935893521,0.5443548387096774
2023,Bill Kennedy|Brett Nansel|Scott Wall,1,0.3642221495741153,1.5240641711229947
2023,Bill Kennedy|Brett Nansel|Tre Maddox,1,0.00523365680610955,1.0630202140309155
2023,Bill Kennedy|Brian Forte|Derrick Collins,1,-0.017167803622365446,0.7561374795417348
2023,Bill Kennedy|CJ Washington|Danielle Scott,1,0.00863004277421497,0.7887323943661972
2023,Bill Kennedy|CJ Washington|Matt Boland,1,0.036469679781391415,0.9123015873015872
2023,Bill Kennedy|CJ Washington|Nate Green,1,-0.24282180823525248,0.6244453408632512
2023,Bill Kennedy|CJ Washington|Scott Twardoski,1,0.5084699100735317,1.7666666666666666
2023,Bill Kennedy|Che Flores|Nick Buchert,1,0.10714463745132774,1.0625
2023,Bill Kennedy|Danielle Scott|Sean Wright,1,-0.13888320769646986,0.7333333333333334
2023,Bill Kennedy|Dannica Mosher|Mitchell Ervin,1,-0.38299225225610584,0.648148148148148
2023,Bill Kennedy|Dannica Mosher|Nick Buchert,1,-0.2564295289476766,0.7322068612391193
2023,Bill Kennedy|Dedric Taylor|Evan Scott,1,-0.3086657247523718,0.6454918032786885
2023,Bill Kennedy|Dedric Taylor|Mitchell Ervin,1,0.3567850094278093,1.3656419529837251
2023,Bill Kennedy|Dedric Taylor|Sean Corbin,1,0.1964334009866359,1.1112234580384228
2023,Bill Kennedy|Derrick Collins|Gediminas Petraitis,1,-0.8881198549074587,0.354679802955665
2023,Bill Kennedy|Derrick Collins|Michael Smith,1,0.4459366031630983,1.2446808510638296
2023,Bill Kennedy|Eric Dalen|Matt Boland,1,0.336472236621213,1.290282131661442
2023,Bill Kennedy|Evan Scott|Kevin Cutler,1,-0.22518526122573684,1.0043988269794721
2023,Bill Kennedy|Evan Scott|Sean Corbin,1,-0.03975849213908429,0.9672216441207077
2023,Bill Kennedy|Evan Scott|Tom Washington,1,-0.3813675565291038,0.6585365853658537
2023,Bill Kennedy|Gediminas Petraitis|Mousa Dagher,1,-0.3644135188216614,0.7114427860696518
2023,Bill Kennedy|Gediminas Petraitis|Tyler Mirkovich,1,-0.11544463472445222,1.158791208791209
2023,Bill Kennedy|Intae Hwang|Nick Buchert,1,0.12133611953070435,1.253846153846154
2023,Bill Kennedy|Intae Hwang|Pat Fraher,1,-0.21559634567882674,0.8186553030303031
2023,Bill Kennedy|Intae Hwang|Tom Washington,1,0.08313964418406986,1.0372983870967742
2023,Bill Kennedy|JB DeRosa|Jonathan Sterling,1,0.35598505084479465,1.4980842911877392
2023,Bill Kennedy|JT Orr|Justin Van Duyne,1,-1.1457908489432,0.2738095238095238
2023,Bill Kennedy|Jacyn Goble|John Butler,1,-1.0986122886681098,0.3125
2023,Bill Kennedy|Jacyn Goble|Matt Kallio,1,-0.2247966853514092,0.746701090074584
2023,Bill Kennedy|Jenna Reneau|Kevin Cutler,1,-0.017391742711869107,0.9413793103448277
2023,Bill Kennedy|Jenna Schroeder|Rodney Mott,1,-0.31133626334967063,0.5806145074437757
2023,Bill Kennedy|John Butler|Marat Kogut,1,0.27739920549619684,1.6024844720496894
2023,Bill Kennedy|Jonathan Sterling|Scott Twardoski,1,-0.6704783807472324,0.41847041847041844
2023,Bill Kennedy|Justin Van Duyne|Sha'Rae Mitchell,1,-0.004914014802428929,0.8748114630467572
2023,Bill Kennedy|Justin Van Duyne|Suyash Mehta,1,-0.3831165221705194,0.7488738738738739
2023,Bill Kennedy|Kevin Cutler|Michael Smith,1,-0.08338160893905101,0.9553846153846153
2023,Bill Kennedy|Marat Kogut|Suyash Mehta,1,0.053244514518812285,0.7834821428571429
2023,Bill Kennedy|Matt Myers|Natalie Sago,1,-0.21772348384487053,0.9788359788359788
2023,Bill Kennedy|Matt Myers|Phenizee Ransom,1,0.22181621537713056,1.3050847457627117
2023,Bill Kennedy|Matt Myers|Sean Wright,1,-0.2876820724517809,0.9130434782608697
2023,Bill Kennedy|Michael Smith|Phenizee Ransom,1,-0.2889527206532365,0.6205128205128205
2023,Bill Kennedy|Mitchell Ervin|Nate Green,1,0.32056566432167816,1.0021141649048626
2023,Bill Kennedy|Mitchell Ervin|Pat O'Connell,1,0.3633994428226517,1.2144886363636365
2023,Bill Kennedy|Mousa Dagher|Natalie Sago,1,-0.37955272712252475,0.5426154847104749
2023,Bill Kennedy|Nick Buchert|Phenizee Ransom,1,-0.3395071403163671,0.6103896103896104
2023,Biniam Maru|Courtney Kirkland|Ray Acosta,1,-0.03620304866396047,1.043771043771044
2023,Biniam Maru|Dedric Taylor|Kevin Scott,1,0.48225789416920245,1.5522388059701493
2023,Brandon Adair|Brent Barnaky|Tony Brothers,1,-0.009569451016150672,0.9419913419913419
2023,Brandon Adair|Brett Nansel|Courtney Kirkland,1,-0.21837027256155225,0.8421052631578947
2023,Brandon Adair|Brian Forte|James Capers,1,-0.1562912443263694,0.9496890898812889
2023,Brandon Adair|Brian Forte|James Williams,1,-0.7674592135244966,0.5826397146254458
2023,Brandon Adair|CJ Washington|John Goble,1,-0.1670540846631662,0.7857142857142857
2023,Brandon Adair|Courtney Kirkland|Eric Dalen,1,0.043172171865208574,1.0142857142857142
2023,Brandon Adair|Courtney Kirkland|Jason Goldenberg,1,-0.31920476382375734,0.6813063063063063
2023,Brandon Adair|Courtney Kirkland|Mitchell Ervin,1,0.2746255071493531,1.191474493361286
2023,Brandon Adair|Courtney Kirkland|Ray Acosta,1,0.23601581271904326,1.4479166666666665
2023,Brandon Adair|Curtis Blair|Pat Fraher,1,0.1967102942460543,1.0909090909090908
2023,Brandon Adair|Dedric Taylor|Ed Malloy,1,-0.19651475896760812,0.8145065398335316
2023,Brandon Adair|Ed Malloy|JT Orr,1,-0.26072626246325253,0.7704918032786885
2023,Brandon Adair|Eric Dalen|Mitchell Ervin,1,0.43267767163304915,1.7785145888594165
2023,Brandon Adair|Eric Dalen|Sean Wright,1,-0.0009657171199589738,0.9815078236130869
2023,Brandon Adair|Evan Scott|Pat Fraher,1,-0.35473758459850624,0.6435986159169551
2023,Brandon Adair|Gediminas Petraitis|JB DeRosa,1,0.11332868530700327,1.232
2023,Brandon Adair|Gediminas Petraitis|Josh Tiven,1,0.11401857840094097,1.0086956521739132
2023,Brandon Adair|Gediminas Petraitis|Sean Corbin,1,-0.7608653546148961,0.4005102040816327
2023,Brandon Adair|JB DeRosa|James Capers,1,-0.04189094170916014,0.9153846153846155
2023,Brandon Adair|JB DeRosa|Kevin Scott,1,-0.15811108104335528,0.9642857142857144
2023,Brandon Adair|Jacyn Goble|Justin Van Duyne,1,0.0013577734604602887,0.9455645161290323
2023,Brandon Adair|Jacyn Goble|Scott Foster,1,0.09672962645855111,1.0574999999999999
2023,Brandon Adair|James Capers|Karl Lane,1,0.40782638429384416,1.8452611218568664
2023,Brandon Adair|James Capers|Scott Twardoski,1,-0.48550781578170077,0.5454545454545454
2023,Brandon Adair|James Williams|Natalie Sago,1,-0.0020429016298002933,0.7676609105180534
2023,Brandon Adair|James Williams|Pat Fraher,1,-0.09337407077745839,0.8942917547568711
2023,Brandon Adair|Jason Goldenberg|Sean Wright,1,-0.11992819200277174,0.8552188552188552
2023,Brandon Adair|John Butler|Sean Wright,1,-0.3546846605445112,0.7169811320754718
2023,Brandon Adair|John Goble|Sean Corbin,1,0.1124779834266903,1.227342549923195
2023,Brandon Adair|Josh Tiven|Marat Kogut,1,-0.11549732037552746,0.7684210526315789
2023,Brandon Adair|Josh Tiven|Tre Maddox,1,-0.6014799920341214,0.7339285714285714
2023,Brandon Adair|Justin Van Duyne|Kevin Scott,1,0.11551288712184443,1.094387755102041
2023,Brandon Adair|Karl Lane|Tom Washington,1,0.21197776637684268,1.2228287841191068
2023,Brandon Adair|Kevin Cutler|Tony Brothers,1,-0.6441821759319859,0.6334440753045404
2023,Brandon Adair|Kevin Scott|Michael Smith,1,0.08217718020216905,1.268939393939394
2023,Brandon Adair|Michael Smith|Sean Wright,1,0.31493878901109,1.3840155945419104
2023,Brandon Adair|Nate Green|Ray Acosta,1,-0.8711303357553017,0.5133333333333333
2023,Brandon Adair|Sean Corbin|Zach Zarba,1,0.25075310353981306,1.5532879818594103
2023,Brandon Schwab|Brent Barnaky|Courtney Kirkland,1,-0.1644494320278328,0.8027498677948176
2023,Brandon Schwab|Brent Barnaky|Curtis Blair,1,-0.2411620568168881,0.8511904761904762
2023,Brandon Schwab|Brent Barnaky|James Williams,1,-1.0510651327382747,0.3092307692307692
2023,Brandon Schwab|Brent Barnaky|Karl Lane,1,-0.4770212019043819,0.6301775147928994
2023,Brandon Schwab|Brett Nansel|Kevin Scott,1,-0.7241307260799125,0.7181418706842436
2023,Brandon Schwab|Brian Forte|CJ Washington,1,0.1143818712916619,1.113394216133942
2023,Brandon Schwab|CJ Washington|Tyler Ford,1,0.24294617861038958,1.3636363636363635
2023,Brandon Schwab|Courtney Kirkland|Justin Van Duyne,1,-0.2729759250620855,0.7611111111111111
2023,Brandon Schwab|Courtney Kirkland|Scott Twardoski,1,-0.3566749439387323,0.7
2023,Brandon Schwab|Curtis Blair|JB DeRosa,1,-0.4457390072461043,0.6182698124621899
2023,Brandon Schwab|Curtis Blair|Jacyn Goble,1,-0.31585294941847714,0.6666666666666666
2023,Brandon Schwab|Eric Dalen|James Capers,1,-0.11826392049373412,0.8480769230769232
2023,Brandon Schwab|Eric Dalen|Karl Lane,1,-0.592774206413158,0.5653550429669831
2023,Brandon Schwab|Gediminas Petraitis|Ray Acosta,1,-0.17897233300107224,0.6334310850439883
2023,Brandon Schwab|Gediminas Petraitis|Scott Foster,1,0.008779687652045773,0.9807956104252401
2023,Brandon Schwab|Gediminas Petraitis|Tyler Ford,1,-0.9459203983045114,0.32948532948532944
2023,Brandon Schwab|JB DeRosa|Mitchell Ervin,1,-0.533846274756371,0.6596385542168675
2023,Brandon Schwab|JT Orr|Marc Davis,1,-0.126751705639144,1.0530925013683634
2023,Brandon Schwab|Jacyn Goble|Mitchell Ervin,1,-0.6410587980082425,0.5516475379489078
2023,Brandon Schwab|John Butler|Mark Lindsay,1,-0.13976194237515874,0.8666666666666666
2023,Brandon Schwab|John Goble|Tom Washington,1,-0.28038276997016925,0.8004158004158004
2023,Brandon Schwab|Karl Lane|Lauren Holtkamp,1,-0.1309490800210498,0.8538062283737025
2023,Brandon Schwab|Michael Smith|Mitchell Ervin,1,-0.5596157879354228,0.5142857142857143
2023,Brandon Schwab|Michael Smith|Scott Foster,1,-0.04543717849606081,0.8873239436619719
2023,Brandon Schwab|Mitchell Ervin|Tony Brothers,1,0.20558471026458008,1.2561576354679804
2023,Brandon Schwab|Pat Fraher|Sean Corbin,1,0.20700904644662882,1.178743961352657
2023,Brandon Schwab|Tom Washington|Tony Brothers,1,0.08836915045009021,0.9814453125
2023,Brent Barnaky|Brent Haskill|Scott Foster,1,0.22006188477680183,1.2857142857142858
2023,Brent Barnaky|Brian Forte|Derrick Collins,1,0.11778303565638346,0.8571428571428571
2023,Brent Barnaky|Brian Forte|Suyash Mehta,1,-0.4463265107189055,0.5942622950819673
2023,Brent Barnaky|Courtney Kirkland|Jenna Schroeder,1,0.0031298930089275656,1.1238825031928479
2023,Brent Barnaky|Courtney Kirkland|Mousa Dagher,2,-0.030107274828758322,0.7826663961038961
2023,Brent Barnaky|Courtney Kirkland|Scott Twardoski,1,-0.5029515673350846,0.4967532467532468
2023,Brent Barnaky|Courtney Kirkland|Scott Wall,1,-1.5917968816301993,0.18447580645161288
2023,Brent Barnaky|Curtis Blair|Matt Boland,1,-0.2645094208138792,0.9071428571428571
2023,Brent Barnaky|Dannica Mosher|Kevin Cutler,1,-0.30095240937267764,0.842197545295149
2023,Brent Barnaky|Dannica Mosher|Tony Brothers,1,-0.3980301296206464,0.6518876207199298
2023,Brent Barnaky|David Guthrie|Matt Kallio,1,0.024391453124159048,1.0060606060606059
2023,Brent Barnaky|Derrick Collins|Jacyn Goble,1,0.020367302824433733,0.9420702754036087
2023,Brent Barnaky|Ed Malloy|Evan Scott,1,-0.14327688448260334,1.1072124756335282
2023,Brent Barnaky|Ed Malloy|Gediminas Petraitis,1,-0.09858082867244768,0.8457142857142856
2023,Brent Barnaky|Ed Malloy|Scott Wall,1,-0.09515763613840482,0.9013914095583787
2023,Brent Barnaky|Evan Scott|Mark Lindsay,1,0.17881892624275258,1.2474747474747476
2023,Brent Barnaky|Gediminas Petraitis|Sean Wright,1,-0.21840794656837545,0.8255217242559015
2023,Brent Barnaky|Gediminas Petraitis|Sha'Rae Mitchell,1,0.4015172151005794,1.0343698854337153
2023,Brent Barnaky|Jacyn Goble|Suyash Mehta,1,0.23674920336998834,1.393835616438356
2023,Brent Barnaky|James Capers|Justin Van Duyne,1,0.04348511193973889,0.9536231884057971
2023,Brent Barnaky|James Capers|Leon Wood,1,-0.24977249937856089,0.8322764743183259
2023,Brent Barnaky|James Capers|Phenizee Ransom,1,-0.28470144431364314,0.7639925373134329
2023,Brent Barnaky|James Capers|Robert Hussey,1,-0.6849615959735058,0.5251141552511416
2023,Brent Barnaky|James Capers|Suyash Mehta,1,-0.34043263783730987,0.6818181818181818
2023,Brent Barnaky|James Williams|Ray Acosta,1,-0.081678031014267,0.9570135746606336
2023,Brent Barnaky|James Williams|Sean Corbin,1,-0.5289608358102031,0.508869179600887
2023,Brent Barnaky|Jenna Schroeder|Karl Lane,1,0.09322156200790865,1.048155737704918
2023,Brent Barnaky|John Butler|Zach Zarba,1,-0.4420227038419619,0.6573426573426574
2023,Brent Barnaky|John Conley|Marc Davis,1,-0.7088564742651251,0.544267053701016
2023,Brent Barnaky|Jonathan Sterling|Justin Van Duyne,1,-0.2529965144638909,0.748663101604278
2023,Brent Barnaky|Josh Tiven|Tom Washington,1,-0.1059434361056936,0.9423076923076922
2023,Brent Barnaky|Karl Lane|Marat Kogut,1,0.0014609206396748698,1.0515350877192984
2023,Brent Barnaky|Karl Lane|Matt Boland,1,0.6484112867185539,2.6842105263157894
2023,Brent Barnaky|Karl Lane|Scott Foster,1,0.1383046713771801,1.132486388384755
2023,Brent Barnaky|Kevin Scott|Nate Green,1,-0.3524683474107647,0.617827868852459
2023,Brent Barnaky|Marc Davis|Matt Boland,1,0.6453565167235967,2.3060869565217392
2023,Brent Barnaky|Mark Lindsay|Nate Green,2,-0.1199149423336081,0.8213037835679347
2023,Brent Barnaky|Mark Lindsay|Phenizee Ransom,1,-0.0020429016298002933,1.3016858917480036
2023,Brent Barnaky|Matt Boland|Rodney Mott,1,0.01563020254016453,1.347826086956522
2023,Brent Barnaky|Matt Myers|Sean Wright,1,0.3373591546394408,1.4477678571428572
2023,Brent Barnaky|Nate Green|Scott Foster,1,-0.3059222388066208,0.7479508196721312
2023,Brent Barnaky|Pat Fraher|Phenizee Ransom,1,0.4459366031630983,1.4431082331174838
2023,Brent Barnaky|Phenizee Ransom|Zach Zarba,1,-0.1999764920326754,0.83154296875
2023,Brent Barnaky|Scott Foster|Scott Twardoski,1,-0.036881386797124015,0.7853107344632768
2023,Brent Barnaky|Scott Foster|Suyash Mehta,1,-1.043696531071995,0.35378086419753085
2023,Brent Barnaky|Sean Corbin|Tyler Ford,2,0.3920824832244817,1.4406463054187193
2023,Brent Barnaky|Sha'Rae Mitchell|Zach Zarba,1,-0.13473259397015672,0.6797385620915033
2023,Brent Haskill|Brian Forte|Ed Malloy,1,-1.5703267823174747,0.1931216931216931
2023,Brent Haskill|Courtney Kirkland|Dedric Taylor,1,-0.5641234508101088,0.5282258064516129
2023,Brent Haskill|James Williams|Natalie Sago,1,0.2382337970377998,1.497584541062802
2023,Brett Nansel|Brian Forte|Dedric Taylor,2,-0.20164386758426953,0.6251770859072563
2023,Brett Nansel|Brian Forte|Jacyn Goble,1,-0.041242958534049017,0.8636363636363636
2023,Brett Nansel|Brian Forte|Marat Kogut,1,-0.11821194409100938,0.797843665768194
2023,Brett Nansel|Che Flores|Josh Tiven,1,0.10114998312148266,1.3166666666666664
2023,Brett Nansel|Che Flores|Kevin Scott,1,-0.02139118998131767,0.9851510496671787
2023,Brett Nansel|Che Flores|Tyler Ford,1,0.4054651081081644,1.1666666666666667
2023,Brett Nansel|Courtney Kirkland|Danielle Scott,2,0.023501462675970183,1.0519058386497617
2023,Brett Nansel|Courtney Kirkland|Matt Myers,1,0.20372546545710807,1.176923076923077
2023,Brett Nansel|Curtis Blair|Jason Goldenberg,1,0.255246796698627,1.5087040618955514
2023,Brett Nansel|Curtis Blair|Marat Kogut,1,-0.31685244975156074,0.6684491978609626
2023,Brett Nansel|David Guthrie|John Butler,1,-0.15415067982725836,0.6666666666666666
2023,Brett Nansel|David Guthrie|John Conley,1,0.507894502957132,1.602439024390244
2023,Brett Nansel|David Guthrie|Justin Van Duyne,1,0.849081982180705,1.7679999999999998
2023,Brett Nansel|David Guthrie|Sean Corbin,1,-0.43563598574152773,0.6568047337278107
2023,Brett Nansel|Dedric Taylor|Pat Fraher,1,-0.02433210065953067,1.1618589743589745
2023,Brett Nansel|Derrick Collins|Gediminas Petraitis,1,0.0047732787526575905,1.0526315789473684
2023,Brett Nansel|Eric Dalen|Karl Lane,1,0.3595554068040865,1.2735042735042736
2023,Brett Nansel|Eric Dalen|Kevin Scott,1,-0.3876584894586995,0.7271186440677967
2023,Brett Nansel|Intae Hwang|Kevin Scott,1,0.3411615769845991,1.4160524160524162
2023,Brett Nansel|Jacyn Goble|Marc Davis,1,0.09092308915831829,1.206290471785384
2023,Brett Nansel|James Capers|John Conley,1,-0.4189484584454514,0.6167800453514739
2023,Brett Nansel|James Capers|Phenizee Ransom,1,-0.35379309756384353,0.5515873015873015
2023,Brett Nansel|James Capers|Scott Wall,1,0.23326168147979434,1.0590486604702023
2023,Brett Nansel|James Williams|Karl Lane,1,0.3579125678590824,1.4494117647058824
2023,Brett Nansel|James Williams|Mousa Dagher,1,0.029136594086655247,1.3584541062801931
2023,Brett Nansel|James Williams|Zach Zarba,1,-0.5383066076387494,0.4794973544973545
2023,Brett Nansel|Jason Goldenberg|Tyler Ford,1,-0.23634088649074356,0.7218390804597701
2023,Brett Nansel|John Butler|Josh Tiven,1,0.7122615765832607,1.9657894736842105
2023,Brett Nansel|John Goble|Ray Acosta,1,0.3513978868378886,1.44
2023,Brett Nansel|Josh Tiven|Leon Wood,1,-0.0662493855412006,0.701923076923077
2023,Brett Nansel|Justin Van Duyne|Tony Brothers,1,0.15237448042600255,1.0822510822510822
2023,Brett Nansel|Kevin Cutler|Tyler Ford,1,0.23789140794876532,1.1158730158730157
2023,Brett Nansel|Kevin Scott|Tom Washington,1,-0.6090640633494039,0.6798245614035088
2023,Brett Nansel|Lauren Holtkamp|Tony Brothers,1,-0.1591544975124202,1.058728448275862
2023,Brett Nansel|Marat Kogut|Pat Fraher,1,-0.6493445579015524,0.5698778833107191
2023,Brett Nansel|Marat Kogut|Scott Foster,1,-0.1937502526175774,0.8630952380952381
2023,Brett Nansel|Matt Myers|Rodney Mott,1,0.23052365861183235,1.168253968253968
2023,Brett Nansel|Phenizee Ransom|Scott Foster,1,0.45552698356976495,1.5541490857946554
2023,Brett Nansel|Phenizee Ransom|Tyler Ford,1,-0.4929427942692187,0.7086538461538462
2023,Brett Nansel|Scott Foster|Tom Washington,1,-0.7992067525202696,0.4996505939902167
2023,Brett Nansel|Sean Corbin|Zach Zarba,1,-0.1698990367953976,0.7983870967741935
2023,Brian Forte|CJ Washington|Curtis Blair,1,-0.1259004701763502,0.9547848990342406
2023,Brian Forte|CJ Washington|Justin Van Duyne,1,0.2668789448220177,1.339366515837104
2023,Brian Forte|CJ Washington|Matt Myers,1,-0.32607450349001527,0.6598870056497176
2023,Brian Forte|CJ Washington|Sean Corbin,1,0.005457039463058117,0.9767441860465117
2023,Brian Forte|Che Flores|Kevin Scott,1,-0.6079893722196386,0.4454545454545455
2023,Brian Forte|Che Flores|Michael Smith,1,0.03514270859311032,0.9114754098360656
2023,Brian Forte|Che Flores|Sean Corbin,1,0.042101176018635535,0.916923076923077
2023,Brian Forte|Clare Aubry|Ed Malloy,1,-0.626338510887835,0.5880000000000001
2023,Brian Forte|Curtis Blair|Derek Richardson,1,0.0163364193196936,1.0267379679144386
2023,Brian Forte|Curtis Blair|Marat Kogut,1,-0.06952606264861033,0.8480325644504749
2023,Brian Forte|Danielle Scott|Natalie Sago,1,-0.7037292898904824,0.5117967332123412
2023,Brian Forte|Danielle Scott|Tre Maddox,1,-0.27358830937592143,1.0200222469410456
2023,Brian Forte|David Guthrie|Intae Hwang,1,-0.35545468753350307,0.8677248677248677
2023,Brian Forte|Dedric Taylor|Mark Lindsay,1,0.5717005271504946,2.204255319148936
2023,Brian Forte|Dedric Taylor|Mousa Dagher,1,-0.37922576946062886,0.6505939902166318
2023,Brian Forte|Derrick Collins|Tony Brothers,1,-0.3541718137206139,0.8020050125313283
2023,Brian Forte|Ed Malloy|Tom Washington,1,0.09309042306601203,1.3060975609756098
2023,Brian Forte|Evan Scott|Marat Kogut,1,-0.1737817952458201,0.880503144654088
2023,Brian Forte|Evan Scott|Tony Brothers,1,-0.11821194409100938,1.0740203193033382
2023,Brian Forte|Intae Hwang|Natalie Sago,1,0.3053816495511819,1.3571428571428572
2023,Brian Forte|JB DeRosa|Michael Smith,1,-0.21930477500704415,0.7668269230769231
2023,Brian Forte|JB DeRosa|Phenizee Ransom,1,0.5548259530284282,1.2526395173454
2023,Brian Forte|JT Orr|Kevin Cutler,1,-0.19430800167432258,0.6333878887070375
2023,Brian Forte|Jacyn Goble|Scott Wall,1,0.20812944074982728,1.1840120663650076
2023,Brian Forte|James Williams|John Conley,1,-0.5934122147752648,0.4803817603393425
2023,Brian Forte|Jason Goldenberg|Josh Tiven,1,0.015748356968139112,0.8571428571428571
2023,Brian Forte|Jenna Schroeder|Natalie Sago,1,0.16430305129127615,1.2053571428571428
2023,Brian Forte|Jenna Schroeder|Ray Acosta,1,-0.04020642047804059,0.8954081632653061
2023,Brian Forte|John Conley|Mitchell Ervin,1,-0.05870043419176392,0.9878934624697338
2023,Brian Forte|John Conley|Sean Wright,1,0.31666960932503324,1.4705882352941175
2023,Brian Forte|Jonathan Sterling|Josh Tiven,1,-0.8274952330910238,0.43714285714285717
2023,Brian Forte|Jonathan Sterling|Sean Corbin,1,0.3728143383341357,1.341350601295097
2023,Brian Forte|Josh Tiven|Matt Myers,1,-0.6163436073400546,0.5315829528158295
2023,Brian Forte|Justin Van Duyne|Matt Myers,1,-0.037740327982847086,0.7061728395061728
2023,Brian Forte|Justin Van Duyne|Scott Wall,1,-0.35992308766124825,0.809475806451613
2023,Brian Forte|Justin Van Duyne|Sha'Rae Mitchell,1,-0.36545977349446523,0.8
2023,Brian Forte|Karl Lane|Matt Kallio,1,0.12685853753925078,0.9757575757575758
2023,Brian Forte|Kevin Scott|Scott Twardoski,1,-0.4541302800894454,0.8617857142857143
2023,Brian Forte|Kevin Scott|Tom Washington,1,0.03474294844387284,1.0165289256198347
2023,Brian Forte|Marat Kogut|Scott Foster,1,0.19189100781010546,1.0821005917159763
2023,Brian Forte|Matt Kallio|Sean Wright,1,0.2684898578941739,1.3114571746384873
2023,Brian Forte|Mitchell Ervin|Sha'Rae Mitchell,1,-0.010152371464018073,0.7509578544061303
2023,Brian Forte|Nate Green|Nick Buchert,1,-0.262364264467491,0.8615384615384616
2023,Brian Forte|Sha'Rae Mitchell|Tony Brothers,1,0.01660773639966033,0.8049242424242424
2023,Brian Forte|Suyash Mehta|Tom Washington,1,-0.3465877424053315,0.7127991675338189
2023,CJ Washington|Che Flores|Tony Brothers,1,0.010482276273510447,0.9383561643835615
2023,CJ Washington|Clare Aubry|Ed Malloy,1,-0.16730876440476933,0.6579520697167756
2023,CJ Washington|Curtis Blair|Eric Dalen,1,-0.23346051828514208,0.8247800586510263
2023,CJ Washington|Curtis Blair|Natalie Sago,1,-0.6700056519982508,0.4358974358974359
2023,CJ Washington|Dannica Mosher|Marc Davis,1,0.015162247739677455,0.975986842105263
2023,CJ Washington|David Guthrie|Mousa Dagher,1,-0.43642733371213144,0.554006968641115
2023,CJ Washington|David Guthrie|Natalie Sago,1,-0.7913856201433587,0.40789473684210525
2023,CJ Washington|Dedric Taylor|Ed Malloy,1,-0.22587953113308437,0.7978142076502732
2023,CJ Washington|Derek Richardson|Mark Lindsay,1,-0.2715526905218973,0.6533101045296167
2023,CJ Washington|Derrick Collins|Kevin Scott,1,-0.5004334659983765,0.7033653846153847
2023,CJ Washington|Ed Malloy|JB DeRosa,1,-0.1273394223766015,0.9310344827586208
2023,CJ Washington|Ed Malloy|Matt Kallio,1,-0.14121988110840267,0.8893480257116619
2023,CJ Washington|Ed Malloy|Pat Fraher,1,-1.5833656721243254,0.19007686932215234
2023,CJ Washington|Eric Dalen|John Goble,1,0.01157490839607554,1.144686907020873
2023,CJ Washington|Gediminas Petraitis|Mark Lindsay,1,-0.014184634991956413,0.9279204639602321
2023,CJ Washington|JB DeRosa|Josh Tiven,1,-0.12641392485565867,0.734375
2023,CJ Washington|JB DeRosa|Zach Zarba,1,0.49429632181478,1.5573770491803278
2023,CJ Washington|Jacyn Goble|Rodney Mott,1,-0.2342082978523066,0.5621662852784134
2023,CJ Washington|Jacyn Goble|Sean Corbin,1,0.08734201015514789,0.9027777777777778
2023,CJ Washington|James Capers|Matt Boland,1,0.1342642618401752,1.229143492769744
2023,CJ Washington|James Williams|Mitchell Ervin,1,0.05072292505795696,1.0407191961924909
2023,CJ Washington|Josh Tiven|Lauren Holtkamp,1,0.4591692870800254,1.8262599469496021
2023,CJ Washington|Karl Lane|Natalie Sago,1,-1.2693093646097768,0.24796380090497738
2023,CJ Washington|Karl Lane|Tyler Ford,1,0.19076962447943954,1.3690932311621966
2023,CJ Washington|Kevin Cutler|Ray Acosta,1,-0.2105036163783901,0.6964671953857245
2023,CJ Washington|Kevin Scott|Suyash Mehta,1,-0.1996424177365851,0.8580246913580246
2023,CJ Washington|Marat Kogut|Pat Fraher,1,-0.6880320798931747,0.3990950226244344
2023,CJ Washington|Marat Kogut|Tony Brothers,1,-0.5458906205143078,0.44690831556503197
2023,CJ Washington|Marc Davis|Nate Green,1,0.37832414556235944,1.1978142076502731
2023,CJ Washington|Marc Davis|Ray Acosta,1,-0.23896859245860666,0.7546296296296295
2023,CJ Washington|Mark Lindsay|Nick Buchert,1,-0.20810567394966922,0.7382920110192838
2023,CJ Washington|Mark Lindsay|Robert Hussey,1,-0.18540322333136267,0.7552447552447553
2023,CJ Washington|Matt Myers|Sean Wright,1,-0.3045458785037858,0.6265984654731458
2023,CJ Washington|Mitchell Ervin|Phenizee Ransom,1,-0.3074846997479607,0.7531194295900178
2023,CJ Washington|Pat Fraher|Tony Brothers,1,-0.38077249551779285,0.8200000000000001
2023,CJ Washington|Scott Twardoski|Tyler Ford,1,-0.14368376408854067,0.9074074074074073
2023,Che Flores|David Guthrie|JB DeRosa,1,0.4297578006772089,1.2559492332099418
2023,Che Flores|Dedric Taylor|Ed Malloy,1,0.06887692273616945,1.0690537084398977
2023,Che Flores|Dedric Taylor|Zach Zarba,1,-0.052599061711275166,0.8519480519480518
2023,Che Flores|Ed Malloy|Phenizee Ransom,1,0.35354505092980465,1.4384920634920633
2023,Che Flores|Ed Malloy|Ray Acosta,1,0.07988075123946307,0.9408000000000001
2023,Che Flores|Jacyn Goble|Michael Smith,1,-0.06659478880293865,1.047843137254902
2023,Che Flores|John Butler|Scott Foster,1,0.22284544429158168,1.3855285472018088
2023,Che Flores|Justin Van Duyne|Sean Wright,2,0.03416304628273484,1.0956321839080458
2023,Che Flores|Justin Van Duyne|Tyler Ford,1,-0.10873320013646567,0.7973063973063973
2023,Che Flores|Justin Van Duyne|Zach Zarba,1,0.25659148538174975,1.565934065934066
2023,Che Flores|Kevin Scott|Marat Kogut,1,0.16378930866502717,1.3462469733656175
2023,Che Flores|Kevin Scott|Scott Twardoski,1,-0.6499572478095337,0.5108408249603384
2023,Che Flores|Marc Davis|Ray Acosta,1,-0.8197099038683746,0.4970414201183432
2023,Che Flores|Mitchell Ervin|Nick Buchert,1,0.13720112151348496,1.090909090909091
2023,Che Flores|Phenizee Ransom|Zach Zarba,1,-0.31775952768905885,0.7277777777777777
2023,Che Flores|Tom Washington|Zach Zarba,1,0.3487089630696499,1.1971688574317492
2023,Che Flores|Tony Brothers|Tyler Ford,1,0.021506205220963682,0.9328922495274102
2023,Clare Aubry|Michael Smith|Sean Wright,1,-0.4953214372300254,0.65
2023,Courtney Kirkland|Danielle Scott|JT Orr,1,0.1885380221367343,0.9297619047619048
2023,Courtney Kirkland|Danielle Scott|Rodney Mott,1,-0.4025846452428102,0.7209677419354839
2023,Courtney Kirkland|Dannica Mosher|Dedric Taylor,1,-0.24918450202308132,0.6430348258706469
2023,Courtney Kirkland|Dannica Mosher|JB DeRosa,2,-0.4551621925900624,0.5963653483992468
2023,Courtney Kirkland|Dedric Taylor|Michael Smith,1,-0.03950244297624637,0.9487836107554417
2023,Courtney Kirkland|Eric Dalen|Ray Acosta,1,0.8078390236466558,1.6088709677419355
2023,Courtney Kirkland|Evan Scott|Kevin Cutler,1,0.1749801499355869,1.0482758620689654
2023,Courtney Kirkland|Evan Scott|Marat Kogut,1,-0.4238142467763609,0.5191222570532915
2023,Courtney Kirkland|Gediminas Petraitis|Natalie Sago,1,-0.6355291022669479,0.5149425287356322
2023,Courtney Kirkland|Intae Hwang|Natalie Sago,1,0.1707103958662767,0.9513888888888888
2023,Courtney Kirkland|JD Ralls|Ray Acosta,2,0.14252847201091315,1.200187969924812
2023,Courtney Kirkland|JT Orr|Matt Boland,1,-0.632238427472953,0.43650793650793646
2023,Courtney Kirkland|Jacyn Goble|Scott Wall,1,-0.2133555449480469,0.8143839238498148
2023,Courtney Kirkland|Jason Goldenberg|Jenna Schroeder,1,-0.13353139262452263,0.7368421052631579
2023,Courtney Kirkland|Jason Goldenberg|Leon Wood,1,0.36714624380602773,1.263157894736842
2023,Courtney Kirkland|Jason Goldenberg|Pat Fraher,1,0.14522511422175408,1.1403508771929822
2023,Courtney Kirkland|Jason Goldenberg|Scott Wall,1,-0.661894637055841,0.5396825396825397
2023,Courtney Kirkland|Jonathan Sterling|Pat Fraher,1,0.14008879317068168,0.9991836734693876
2023,Courtney Kirkland|Jonathan Sterling|Tre Maddox,1,0.24479794074959188,1.3264925373134329
2023,Courtney Kirkland|Justin Van Duyne|Robert Hussey,1,0.21480701193844304,1.2714078374455733
2023,Courtney Kirkland|Marat Kogut|Ray Acosta,1,0.12861737782209354,1.0935143288084463
2023,Courtney Kirkland|Marat Kogut|Sean Wright,1,0.103011718336071,1.1913236929922135
2023,Courtney Kirkland|Matt Myers|Pat Fraher,1,-0.11122563511022437,0.918918918918919
2023,Courtney Kirkland|Matt Myers|Sean Corbin,1,0.06040912779555998,1.3384615384615384
2023,Courtney Kirkland|Michael Smith|Sharae Mitchell,1,0.47762755435639503,1.4187755102040815
2023,Courtney Kirkland|Michael Smith|Tre Maddox,1,-0.5151640253645889,0.6969696969696969
2023,Courtney Kirkland|Nick Buchert|Sha'Rae Mitchell,1,-0.39893475322861494,0.7189655172413794
2023,Courtney Kirkland|Ray Acosta|Scott Twardoski,1,0.0764611660944775,0.9610678531701891
2023,Curtis Blair|Dannica Mosher|Jacyn Goble,1,-0.11934675763256625,0.7395833333333333
2023,Curtis Blair|Dedric Taylor|Mitchell Ervin,1,0.21130909366720696,1.2914438502673797
2023,Curtis Blair|Dedric Taylor|Sha'Rae Mitchell,1,-0.49388911423509235,0.596687370600414
2023,Curtis Blair|Derek Richardson|Justin Van Duyne,1,-0.626207697884836,0.434375
2023,Curtis Blair|Derrick Collins|JB DeRosa,2,-0.20356543284743192,0.6773855135924101
2023,Curtis Blair|Derrick Collins|Mitchell Ervin,1,-0.05715841383994864,0.9444444444444444
2023,Curtis Blair|Derrick Collins|Nick Buchert,1,0.14153221586804685,1.013793103448276
2023,Curtis Blair|Derrick Collins|Sean Corbin,1,-1.0399046878413318,0.321353065539112
2023,Curtis Blair|Eric Dalen|Suyash Mehta,1,-0.8072413761865262,0.39461538461538465
2023,Curtis Blair|Evan Scott|John Butler,1,0.34032580593720296,1.3314366998577525
2023,Curtis Blair|Evan Scott|Sean Corbin,1,-0.09409326453397883,0.7462148521989905
2023,Curtis Blair|Gediminas Petraitis|Phenizee Ransom,1,-0.13005312824819767,0.9709193245778613
2023,Curtis Blair|Intae Hwang|Tre Maddox,1,0.419879772110349,1.7793103448275862
2023,Curtis Blair|JB DeRosa|Jonathan Sterling,1,0.0028011222797117733,1.1568409343715238
2023,Curtis Blair|JB DeRosa|Phenizee Ransom,1,-0.8257767243333233,0.6081871345029239
2023,Curtis Blair|JB DeRosa|Suyash Mehta,1,-0.5020919437972361,0.6917293233082706
2023,Curtis Blair|JT Orr|Mousa Dagher,1,-0.31535679460800137,0.9483870967741935
2023,Curtis Blair|Jacyn Goble|John Conley,1,-0.5353401895295765,0.6313364055299538
2023,Curtis Blair|Jason Goldenberg|Mousa Dagher,1,0.050149783685471516,1.1948051948051948
2023,Curtis Blair|Jason Goldenberg|Sean Corbin,1,-0.1949003390008148,0.6929824561403508
2023,Curtis Blair|Jenna Reneau|Sean Wright,1,0.0489394290402219,0.9241379310344827
2023,Curtis Blair|John Butler|Rodney Mott,1,0.23965557867720272,1.2402813772676784
2023,Curtis Blair|John Conley|Nick Buchert,1,-0.08112554481236846,0.7869458128078818
2023,Curtis Blair|John Conley|Phenizee Ransom,1,0.2831262559159203,1.006896551724138
2023,Curtis Blair|Justin Van Duyne|Suyash Mehta,1,-0.3200651983261715,0.6692181519956261
2023,Curtis Blair|Karl Lane|Tyler Ricks,1,-0.14460347352520822,0.9243243243243244
2023,Curtis Blair|Kevin Cutler|Leon Wood,1,-0.13697885607206772,0.7980330172110993
2023,Curtis Blair|Leon Wood|Phenizee Ransom,1,-0.181138824544905,1.0496277915632755
2023,Curtis Blair|Leon Wood|Tre Maddox,1,0.40000806864510613,1.5357142857142858
2023,Curtis Blair|Marat Kogut|Mousa Dagher,1,-0.26282203513238594,0.6969147005444646
2023,Curtis Blair|Matt Boland|Mitchell Ervin,1,-0.13555541760379516,0.841958041958042
2023,Curtis Blair|Matt Boland|Sean Corbin,2,-0.4897780764206392,0.6744819232406124
2023,Curtis Blair|Matt Kallio|Ray Acosta,1,-0.19051832399813312,0.7714285714285715
2023,Curtis Blair|Natalie Sago|Tyler Ricks,1,-0.25131442828090605,0.9256198347107438
2023,Curtis Blair|Pat Fraher|Phenizee Ransom,1,-0.1172044993370939,0.7291666666666667
2023,Curtis Blair|Ray Acosta|Robert Hussey,1,-0.7081850579244858,0.5373134328358209
2023,Curtis Blair|Robert Hussey|Scott Twardoski,1,-0.9976930590637311,0.32618343195266275
2023,Curtis Blair|Robert Hussey|Tom Washington,1,-0.6799019538099246,0.4405797101449275
2023,Danielle Scott|David Guthrie|Justin Van Duyne,1,0.32569139841876515,1.471549636803874
2023,Danielle Scott|Dedric Taylor|James Williams,1,-0.7827593392496325,0.5102040816326531
2023,Danielle Scott|Dedric Taylor|Tyler Ford,1,-1.2307630376935048,0.2677304964539007
2023,Danielle Scott|Gediminas Petraitis|Pat Fraher,1,-0.03319806940959586,0.7441130298273155
2023,Danielle Scott|JB DeRosa|Tyler Ford,1,0.2195005600357088,1.3385057471264368
2023,Danielle Scott|JT Orr|Kevin Scott,1,0.2573689371896124,1.0113960113960114
2023,Danielle Scott|JT Orr|Marc Davis,1,-0.30748469974796055,0.5991285403050108
2023,Danielle Scott|JT Orr|Scott Foster,2,0.02929892568547819,1.0722104537415442
2023,Danielle Scott|Jason Goldenberg|Scott Foster,1,-1.0949425597791473,0.325
2023,Danielle Scott|Josh Tiven|Natalie Sago,1,-0.057158413839948755,1.057777777777778
2023,Danielle Scott|Josh Tiven|Tyler Ford,1,0.012251301780520585,0.9386323787258913
2023,Danielle Scott|Justin Van Duyne|Mitchell Ervin,1,-0.01270306425625345,1.032258064516129
2023,Danielle Scott|Justin Van Duyne|Pat Fraher,1,0.1646594939968857,1.2200000000000002
2023,Danielle Scott|Justin Van Duyne|Tyler Ford,1,-0.04779066383634832,0.8474074074074075
2023,Danielle Scott|Karl Lane|Nick Buchert,1,-0.3141153295199366,0.6620689655172414
2023,Danielle Scott|Karl Lane|Tyler Ford,1,-0.31812309795301635,0.7142857142857143
2023,Danielle Scott|Kevin Scott|Tre Maddox,1,0.33555802049780964,1.5193000514668038
2023,Danielle Scott|Marat Kogut|Scott Foster,1,-0.17655435307179687,0.8531202435312023
2023,Danielle Scott|Marat Kogut|Tony Brothers,1,0.06453852113757116,1.003921568627451
2023,Danielle Scott|Mark Lindsay|Michael Smith,1,-0.28071340313568766,0.717948717948718
2023,Danielle Scott|Mitchell Ervin|Sean Wright,1,-0.5059116089635617,0.7428571428571429
2023,Danielle Scott|Natalie Sago|Scott Foster,1,-0.11997842621981923,1.3242784380305601
2023,Danielle Scott|Tony Brothers|Tre Maddox,1,-0.4332150210610668,0.6304093567251461
2023,Dannica Mosher|David Guthrie|Pat Fraher,1,0.04925039275775028,0.9702380952380951
2023,Dannica Mosher|Ed Malloy|Lauren Holtkamp,1,0.018882187721330015,1.1209677419354838
2023,Dannica Mosher|Ed Malloy|Ray Acosta,1,-0.5986278272104383,0.6076923076923078
2023,Dannica Mosher|Eric Dalen|Josh Tiven,2,-0.19174664914469444,0.6979151495410816
2023,Dannica Mosher|JT Orr|Marc Davis,1,-0.5320760578881133,0.5492424242424242
2023,Dannica Mosher|JT Orr|Zach Zarba,1,0.46726764942686094,1.3897408778424114
2023,Dannica Mosher|Jacyn Goble|Karl Lane,1,0.3007541540191337,1.670175438596491
2023,Dannica Mosher|Jacyn Goble|Sean Wright,1,0.026317308317373576,0.9125925925925926
2023,Dannica Mosher|Jason Goldenberg|Kevin Cutler,1,-0.4561145170850684,0.643491124260355
2023,Dannica Mosher|John Butler|Zach Zarba,1,-0.3429447511268305,0.9225806451612902
2023,Dannica Mosher|John Goble|Justin Van Duyne,1,-0.017019005169594755,1.04736328125
2023,Dannica Mosher|Justin Van Duyne|Marc Davis,1,-0.06351340572232575,0.8353153153153153
2023,Dannica Mosher|Kevin Cutler|Mitchell Ervin,1,-0.27584761480477815,0.9296875000000001
2023,Dannica Mosher|Marc Davis|Michael Smith,1,0.14359091961225595,1.37375
2023,Dannica Mosher|Mark Lindsay|Natalie Sago,1,0.5444639829148206,1.7790123456790121
2023,Dannica Mosher|Mark Lindsay|Sean Corbin,1,0.7126917766329156,2.235576923076923
2023,Dannica Mosher|Natalie Sago|Pat Fraher,1,0.06443705495109087,0.9889162561576355
2023,Dannica Mosher|Nick Buchert|Sean Wright,1,0.4354701895047225,1.4051724137931034
2023,Dannica Mosher|Pat Fraher|Ray Acosta,1,-0.14550758367123828,0.6916666666666667
2023,Dannica Mosher|Phenizee Ransom|Sean Wright,1,-0.9100742665313755,0.42261904761904756
2023,Dannica Mosher|Phenizee Ransom|Zach Zarba,1,0.21007146974685686,1.2175324675324677
2023,David Guthrie|Dedric Taylor|JT Orr,1,0.4167530678820157,1.6141176470588237
2023,David Guthrie|Dedric Taylor|Mousa Dagher,1,-0.5644062162580553,0.45161290322580644
2023,David Guthrie|Dedric Taylor|Scott Twardoski,1,-1.132513840343791,0.2876984126984127
2023,David Guthrie|Derek Richardson|Sean Corbin,1,-0.42665318837212185,0.6020376659462797
2023,David Guthrie|Derrick Collins|Jacyn Goble,1,-0.6321112899735762,0.44970414201183434
2023,David Guthrie|Eric Dalen|Scott Wall,1,0.061777359696243365,1.0941176470588236
2023,David Guthrie|Evan Scott|JB DeRosa,1,0.015384918839479456,0.9271991911021235
2023,David Guthrie|Gediminas Petraitis|Intae Hwang,1,0.015748356968139112,0.9876543209876543
2023,David Guthrie|Gediminas Petraitis|JT Orr,1,0.17563256864315796,1.2900432900432899
2023,David Guthrie|Gediminas Petraitis|Mousa Dagher,1,-0.4561145170850684,0.5163817663817664
2023,David Guthrie|JB DeRosa|Jason Goldenberg,1,-1.13385444031725,0.3813813813813814
2023,David Guthrie|JB DeRosa|Matt Boland,1,0.582990492638626,1.7454545454545454
2023,David Guthrie|JD Ralls|Justin Van Duyne,1,-0.29448108976041526,0.8535519125683061
2023,David Guthrie|JT Orr|Jenna Schroeder,1,-0.7194857092616206,0.48461538461538467
2023,David Guthrie|JT Orr|Tre Maddox,1,-0.15685637573445885,1.0922787193973635
2023,David Guthrie|Jacyn Goble|Marat Kogut,1,-0.5792029212107276,0.6190476190476191
2023,David Guthrie|Jason Goldenberg|Kevin Cutler,1,-0.033387016032737055,0.9769335142469471
2023,David Guthrie|Jason Goldenberg|Ray Acosta,1,0.09325749348658272,1.1173469387755104
2023,David Guthrie|Jenna Schroeder|Nick Buchert,1,0.1006435257796873,1.2164705882352942
2023,David Guthrie|John Butler|Karl Lane,1,0.007968169649176881,0.8861538461538462
2023,David Guthrie|John Butler|Natalie Sago,1,0.011180649189583808,1.0675883256528418
2023,David Guthrie|John Butler|Suyash Mehta,1,0.2662679779479645,1.3182674199623352
2023,David Guthrie|Jonathan Sterling|Marat Kogut,1,-0.13518565272054922,0.9151515151515152
2023,David Guthrie|Justin Van Duyne|Matt Myers,1,-0.13815033848081704,0.8241415192507804
2023,David Guthrie|Kevin Cutler|Sha'Rae Mitchell,1,-1.461343993232764,0.21018145161290322
2023,David Guthrie|Marat Kogut|Mitchell Ervin,1,-0.2552467966986269,1.0168269230769231
2023,David Guthrie|Marat Kogut|Tyler Mirkovich,1,-0.0330138120724435,1.253384912959381
2023,David Guthrie|Matt Boland|Sean Corbin,1,0.29951653009878365,1.4691358024691357
2023,David Guthrie|Matt Myers|Natalie Sago,1,-0.5316419358930168,0.6427304964539007
2023,David Guthrie|Matt Myers|Ray Acosta,1,-0.3101549283038396,0.6387096774193548
2023,David Guthrie|Michael Smith|Robert Hussey,1,-0.1901017441129169,0.6960227272727273
2023,David Guthrie|Natalie Sago|Sean Wright,1,-0.29725152346793177,0.9116883116883117
2023,David Guthrie|Nate Green|Ray Acosta,1,-0.1823215567939546,0.7258064516129032
2023,David Guthrie|Nate Green|Sean Corbin,1,0.1433375580458503,1.3950892857142856
2023,David Guthrie|Nate Green|Tom Washington,1,-0.1715106406897389,1.1710164835164834
2023,David Guthrie|Nick Buchert|Scott Twardoski,1,-1.2001920814860298,0.2760416666666667
2023,David Guthrie|Phenizee Ransom|Sean Corbin,1,-0.22314355131420985,0.703125
2023,David Guthrie|Ray Acosta|Suyash Mehta,1,0.29679223433735524,1.5054945054945055
2023,Dedric Taylor|Derrick Collins|Marc Davis,1,-0.5992153607257417,0.45454545454545453
2023,Dedric Taylor|Ed Malloy|Matt Myers,1,0.18383950135518004,1.0441176470588236
2023,Dedric Taylor|Ed Malloy|Mousa Dagher,1,-0.043408574493756104,0.8891257995735609
2023,Dedric Taylor|Ed Malloy|Pat Fraher,1,0.49405418723941175,1.6607999999999998
2023,Dedric Taylor|Eric Dalen|Scott Foster,1,-0.6974188658252484,0.55052790346908
2023,Dedric Taylor|Evan Scott|Josh Tiven,1,0.16570364556529457,1.1639443436176649
2023,Dedric Taylor|Intae Hwang|James Capers,1,0.12470347850095724,0.9329044117647058
2023,Dedric Taylor|Intae Hwang|Josh Tiven,1,-0.4097295068946218,0.7215541165587419
2023,Dedric Taylor|JT Orr|Tre Maddox,1,-0.1489184899969561,0.8227459016393444
2023,Dedric Taylor|James Williams|Lauren Holtkamp,1,0.4982468415591307,1.8605072463768115
2023,Dedric Taylor|James Williams|Sean Corbin,1,-0.11778303565638351,0.982905982905983
2023,Dedric Taylor|Jenna Schroeder|John Goble,1,-0.33573811203177584,0.5904954499494439
2023,Dedric Taylor|John Butler|Zach Zarba,1,-0.7323678937132265,0.5341880341880343
2023,Dedric Taylor|Jonathan Sterling|Scott Foster,1,-0.16643018945731997,1.023715415019763
2023,Dedric Taylor|Josh Tiven|Justin Van Duyne,1,-0.31520674584187086,0.5962184873949581
2023,Dedric Taylor|Josh Tiven|Karl Lane,1,-0.23262229526875347,0.6226415094339622
2023,Dedric Taylor|Josh Tiven|Nate Green,1,0.5573456394008836,1.8333333333333333
2023,Dedric Taylor|Josh Tiven|Ray Acosta,1,0.3274872162162024,1.3826259946949604
2023,Dedric Taylor|Josh Tiven|Suyash Mehta,1,-0.010582109330536972,1.281818181818182
2023,Dedric Taylor|Karl Lane|Marc Davis,1,0.2999221273462828,1.1810344827586208
2023,Dedric Taylor|Kevin Cutler|Kevin Scott,1,-0.26282203513238594,0.6969147005444646
2023,Dedric Taylor|Kevin Scott|Matt Boland,1,-0.14937740107460082,0.8458646616541353
2023,Dedric Taylor|Marat Kogut|Tony Brothers,1,0.12473679462096511,1.0281329923273657
2023,Dedric Taylor|Marat Kogut|Zach Zarba,1,0.026072240309775105,0.9869375907111757
2023,Dedric Taylor|Marc Davis|Pat Fraher,1,-0.10334235150158907,1.18989898989899
2023,Dedric Taylor|Matt Kallio|Zach Zarba,1,-0.05448818528406968,1.2408568443051202
2023,Dedric Taylor|Matt Myers|Mitchell Ervin,1,0.125163142954006,1.1666666666666667
2023,Dedric Taylor|Michael Smith|Mitchell Ervin,2,0.08186242147286851,1.0654524089821538
2023,Dedric Taylor|Michael Smith|Pat Fraher,1,0.025533302005164626,0.9574712643678162
2023,Dedric Taylor|Mitchell Ervin|Nate Green,1,0.6131740889538252,2.142857142857143
2023,Dedric Taylor|Mitchell Ervin|Tyler Ford,1,0.08403074885149207,0.9571428571428571
2023,Dedric Taylor|Mousa Dagher|Tony Brothers,1,0.2862824920973577,1.5151193633952256
2023,Dedric Taylor|Natalie Sago|Zach Zarba,1,-0.712462969859237,0.4177777777777778
2023,Dedric Taylor|Pat Fraher|Robert Hussey,1,0.0695260626486103,1.0307692307692309
2023,Dedric Taylor|Phenizee Ransom|Sean Wright,1,0.3530569498480489,1.2280419016921835
2023,Dedric Taylor|Ray Acosta|Rodney Mott,1,0.1119179162039854,1.3195488721804511
2023,Derek Richardson|Ed Malloy|Michael Smith,1,0.39559036018840593,1.5774493705528188
2023,Derek Richardson|Eric Dalen|Scott Foster,1,-0.07122750928836775,0.8691666666666666
2023,Derek Richardson|JB DeRosa|Mitchell Ervin,1,0.5282173664778598,1.8044444444444445
2023,Derek Richardson|JB DeRosa|Tom Washington,1,0.39762193064713847,1.5591517857142858
2023,Derek Richardson|James Williams|Karl Lane,1,-0.6418538861723948,0.43859649122807015
2023,Derek Richardson|James Williams|Lauren Holtkamp,1,-0.9250244118429097,0.3507692307692307
2023,Derek Richardson|James Williams|Michael Smith,1,-0.9538963706521383,0.40625
2023,Derek Richardson|James Williams|Tyler Ford,1,-0.18903299138194157,0.9782608695652174
2023,Derek Richardson|John Butler|Scott Foster,1,-0.36828610486641045,0.7548209366391184
2023,Derek Richardson|John Goble|Mitchell Ervin,1,-0.22071144634559725,0.9669642857142857
2023,Derek Richardson|Josh Tiven|Natalie Sago,1,-0.3873157896024872,0.6017316017316017
2023,Derek Richardson|Karl Lane|Ray Acosta,1,0.25417867988105164,0.9125000000000001
2023,Derek Richardson|Karl Lane|Scott Foster,2,0.0790972204229348,1.0010101010101011
2023,Derek Richardson|Kevin Cutler|Scott Twardoski,1,0.32590328527197865,1.0666666666666667
2023,Derek Richardson|Kevin Scott|Tom Washington,1,-0.6343066805370119,0.5454545454545454
2023,Derek Richardson|Marat Kogut|Rodney Mott,1,-0.1974683725539403,0.7275326797385621
2023,Derek Richardson|Marat Kogut|Zach Zarba,1,-0.33915140768126134,0.6826923076923077
2023,Derek Richardson|Marc Davis|Natalie Sago,1,0.7513178134148134,2.242424242424242
2023,Derek Richardson|Marc Davis|Pat Fraher,2,-0.34204390587130146,0.7451007773588418
2023,Derek Richardson|Mark Lindsay|Sean Corbin,1,-0.6609440400653104,0.5680000000000001
2023,Derek Richardson|Mitchell Ervin|Pat Fraher,1,0.01438873745209967,0.9855072463768116
2023,Derek Richardson|Mitchell Ervin|Sean Corbin,1,-0.05033413247390045,1.032795698924731
2023,Derek Richardson|Natalie Sago|Zach Zarba,1,-0.3947698189914164,0.7817540322580646
2023,Derek Richardson|Nick Buchert|Tony Brothers,1,-0.32008549650644025,0.605072463768116
2023,Derek Richardson|Ray Acosta|Sean Wright,1,-0.3373721916842037,0.7536945812807883
2023,Derek Richardson|Scott Foster|Scott Twardoski,1,-0.3208196306516566,0.5716486902927581
2023,Derrick Collins|Ed Malloy|Phenizee Ransom,1,0.11472826566142645,1.0784313725490196
2023,Derrick Collins|Gediminas Petraitis|Suyash Mehta,1,-0.6213838753654777,0.43647540983606553
2023,Derrick Collins|JB DeRosa|Mark Lindsay,1,-0.6966621226673898,0.5154264972776769
2023,Derrick Collins|Jacyn Goble|James Williams,2,-0.09865668730659585,0.9078781512605043
2023,Derrick Collins|James Capers|Phenizee Ransom,1,-0.006588822878012841,0.8733475479744136
2023,Derrick Collins|James Williams|Tyler Ford,1,0.05563169598614863,1.3695652173913044
2023,Derrick Collins|John Butler|Karl Lane,1,-0.4513401704798108,0.586888657648283
2023,Derrick Collins|John Butler|Sean Wright,1,0.34830669426821564,1.4255208333333333
2023,Derrick Collins|Josh Tiven|Tom Washington,1,0.22524660151098846,1.088
2023,Derrick Collins|Karl Lane|Sean Wright,1,-0.5661337353026367,0.44496670583627107
2023,Derrick Collins|Kevin Cutler|Scott Foster,1,-0.10911286527637677,0.8151174668028601
2023,Derrick Collins|Kevin Cutler|Scott Twardoski,1,0.38355499847242003,1.4870588235294115
2023,Derrick Collins|Mark Lindsay|Ray Acosta,1,0.11372876532834272,1.244343891402715
2023,Derrick Collins|Matt Myers|Pat Fraher,1,0.05299253014051017,1.1710164835164834
2023,Derrick Collins|Matt Myers|Ray Acosta,1,-0.09882512191176936,0.7731397459165154
2023,Derrick Collins|Michael Smith|Pat Fraher,1,-0.41284521540578695,0.726643598615917
2023,Derrick Collins|Natalie Sago|Nick Buchert,1,0.07232066157962629,1.061038961038961
2023,Derrick Collins|Pat Fraher|Scott Twardoski,1,-0.2448266438021634,0.7538461538461539
2023,Derrick Collins|Ray Acosta|Tre Maddox,1,-0.46262352194811296,0.6439393939393939
2023,Derrick Collins|Ray Acosta|Tyler Ford,1,-0.1489184899969561,1.037158469945355
2023,Derrick Collins|Scott Twardoski|Sean Wright,1,0.6528732814220055,2.2942857142857145
2023,Derrick Collins|Sean Corbin|Tyler Ford,1,-0.7884573603642702,0.4
2023,Derrick Collins|Tom Washington|Tony Brothers,1,0.4343532858477465,1.2498758072528564
2023,Derrick Collins|Tony Brothers|Tre Maddox,1,0.3429447511268304,1.1302083333333333
2023,Ed Malloy|Eric Dalen|Jenna Schroeder,1,-0.4418327522790392,0.5142857142857142
2023,Ed Malloy|Evan Scott|Tom Washington,1,0.17565688504822205,1.2771739130434783
2023,Ed Malloy|Gediminas Petraitis|Leon Wood,1,0.001713796477734598,0.8549121665582303
2023,Ed Malloy|Gediminas Petraitis|Phenizee Ransom,1,-0.38931471799559275,0.5639904610492846
2023,Ed Malloy|Gediminas Petraitis|Scott Wall,1,0.08557356222000242,1.1982758620689655
2023,Ed Malloy|Gediminas Petraitis|Tyler Ricks,1,-0.26985493619664874,0.7006145741878841
2023,Ed Malloy|Intae Hwang|JT Orr,1,-0.14183019543921785,0.7792207792207791
2023,Ed Malloy|Intae Hwang|Marat Kogut,2,-0.11597466596775333,0.8204147640791477
2023,Ed Malloy|Intae Hwang|Michael Smith,1,-0.1485191835900145,1.041958041958042
2023,Ed Malloy|JB DeRosa|Suyash Mehta,1,0.30058547728768864,1.3778801843317972
2023,Ed Malloy|Jacyn Goble|Scott Twardoski,1,-0.2946996451104273,1.137820512820513
2023,Ed Malloy|Jacyn Goble|Scott Wall,1,0.5194093674573822,1.6625615763546797
2023,Ed Malloy|Jason Goldenberg|Marat Kogut,1,-0.3197243793199903,0.6383928571428571
2023,Ed Malloy|Jenna Reneau|Scott Twardoski,1,0.06375451482536251,0.9379310344827586
2023,Ed Malloy|Jenna Schroeder|Justin Van Duyne,1,-0.23638877806423053,0.9545454545454545
2023,Ed Malloy|Jenna Schroeder|Michael Smith,1,-0.2060380834112706,0.732421875
2023,Ed Malloy|Jenna Schroeder|Natalie Sago,1,0.7713853764656227,2.2878787878787876
2023,Ed Malloy|Jenna Schroeder|Nick Buchert,1,0.34558536528334,1.5183719615602034
2023,Ed Malloy|Jenna Schroeder|Sean Corbin,1,-1.3571577670332353,0.2368
2023,Ed Malloy|John Conley|Tom Washington,1,0.2617738875931161,1.0672268907563025
2023,Ed Malloy|Jonathan Sterling|Sean Corbin,1,0.5070449009260847,1.630188679245283
2023,Ed Malloy|Karl Lane|Phenizee Ransom,1,0.06317890162153146,1.1827586206896552
2023,Ed Malloy|Marat Kogut|Tyler Mirkovich,1,0.04267556316957808,1.0252904989747094
2023,Ed Malloy|Nick Buchert|Scott Twardoski,1,0.15119345542159135,1.0450819672131149
2023,Ed Malloy|Phenizee Ransom|Ray Acosta,1,-0.3022808718729337,0.9807692307692307
2023,Ed Malloy|Sharae Mitchell|Tre Maddox,1,-0.1976559207940613,0.8667091836734694
2023,Ed Malloy|Suyash Mehta|Tom Washington,1,-0.01308523954865548,1.175
2023,Eric Dalen|Evan Scott|Tyler Ford,1,-0.4337531840202042,0.532345013477089
2023,Eric Dalen|Gediminas Petraitis|Suyash Mehta,1,-0.103598400664427,1.126984126984127
2023,Eric Dalen|JB DeRosa|Tony Brothers,1,-0.15006069457573323,0.814383923849815
2023,Eric Dalen|JD Ralls|Tyler Ford,1,0.16195886227506995,1.1968085106382977
2023,Eric Dalen|Jacyn Goble|Kevin Scott,1,0.3959683605709072,1.395993179880648
2023,Eric Dalen|Jacyn Goble|Lauren Holtkamp,1,-0.23638877806423053,0.7531163434903047
2023,Eric Dalen|Jacyn Goble|Matt Boland,1,-0.19840568883129892,0.9588126159554732
2023,Eric Dalen|James Capers|Marat Kogut,1,-0.39589565709201374,0.875
2023,Eric Dalen|James Williams|Lauren Holtkamp,1,-0.20067069546215124,0.8571428571428572
2023,Eric Dalen|Jason Goldenberg|Marc Davis,1,0.5280674302004967,1.7763975155279506
2023,Eric Dalen|Jenna Schroeder|Rodney Mott,1,0.25417867988105164,1.3245967741935485
2023,Eric Dalen|John Butler|Kevin Scott,1,0.08907963005368864,1.0814132104454683
2023,Eric Dalen|John Butler|Marc Davis,1,-0.1351747783682526,0.9
2023,Eric Dalen|John Conley|Tyler Ford,1,0.008449054486527663,0.9696969696969697
2023,Eric Dalen|John Goble|Jonathan Sterling,1,0.18176148957124968,1.2207446808510638
2023,Eric Dalen|Jonathan Sterling|Zach Zarba,1,-0.5007752879124893,0.6989247311827956
2023,Eric Dalen|Josh Tiven|Phenizee Ransom,2,-0.33006668424375096,0.6539779664779665
2023,Eric Dalen|Josh Tiven|Tom Washington,1,-0.22767870647960095,0.6991596638655462
2023,Eric Dalen|Justin Van Duyne|Karl Lane,1,0.20117957542835127,1.062127659574468
2023,Eric Dalen|Karl Lane|Scott Wall,1,-0.1698990367953976,1.0086206896551724
2023,Eric Dalen|Kevin Cutler|Scott Wall,1,0.13580154115906182,1.05
2023,Eric Dalen|Kevin Scott|Leon Wood,1,0.2036879060663171,0.9577464788732394
2023,Eric Dalen|Kevin Scott|Matt Boland,1,0.4926451618292389,1.3125
2023,Eric Dalen|Kevin Scott|Michael Smith,1,-0.7866732385707687,0.375
2023,Eric Dalen|Kevin Scott|Mousa Dagher,1,0.11821867060119516,1.1576470588235295
2023,Eric Dalen|Leon Wood|Pat Fraher,1,-0.05791091594483844,1.2274159663865547
2023,Eric Dalen|Mark Lindsay|Nate Green,1,-0.27663223626519584,0.8986486486486487
2023,Eric Dalen|Mark Lindsay|Scott Twardoski,1,-0.31913702461966714,0.6329984135378107
2023,Eric Dalen|Matt Kallio|Zach Zarba,1,-0.3781449330217809,0.5533751962323391
2023,Eric Dalen|Mitchell Ervin|Tom Washington,1,-0.09473342308353996,0.8682692307692308
2023,Eric Dalen|Nick Buchert|Zach Zarba,1,0.45953232937844013,1.6916666666666667
2023,Eric Dalen|Rodney Mott|Tyler Ricks,1,-0.14066732948997124,0.8067226890756303
2023,Eric Dalen|Scott Wall|Zach Zarba,1,0.31295605058355136,1.4047866805411031
2023,Eric Dalen|Sha'Rae Mitchell|Tony Brothers,1,0.11475914463130643,0.79375
2023,Eric Dalen|Suyash Mehta|Zach Zarba,1,-0.884617932007488,0.4315177154944474
2023,Evan Scott|Gediminas Petraitis|Josh Tiven,1,-0.012072581234269136,1.2258064516129032
2023,Evan Scott|JT Orr|Mark Lindsay,1,0.16456961133550432,1.2669632925472747
2023,Evan Scott|Jacyn Goble|Kevin Cutler,1,-0.3522205935893521,0.6428571428571429
2023,Evan Scott|Jacyn Goble|Pat Fraher,1,0.49059737399051917,1.6096207215541163
2023,Evan Scott|Jacyn Goble|Tyler Ford,1,0.23226127851037306,1.2389233954451346
2023,Evan Scott|James Capers|Rodney Mott,1,0.012103022171243627,0.8408851422550052
2023,Evan Scott|James Capers|Tyler Ford,1,0.216454563163413,1.158888888888889
2023,Evan Scott|Josh Tiven|Marat Kogut,1,-0.10627921117489891,0.8831168831168832
2023,Evan Scott|Josh Tiven|Rodney Mott,1,-0.3053816495511819,0.7840290381125227
2023,Evan Scott|Justin Van Duyne|Sean Wright,1,-0.23407262184640004,0.8357142857142857
2023,Evan Scott|Kevin Scott|Michael Smith,1,0.20194134366360694,1.0817307692307692
2023,Evan Scott|Kevin Scott|Natalie Sago,1,0.035718082602079246,1.0747474747474748
2023,Evan Scott|Kevin Scott|Rodney Mott,1,-0.31804229313700544,0.7318771763216207
2023,Evan Scott|Kevin Scott|Sean Wright,1,0.6151856390902335,1.7939393939393937
2023,Evan Scott|Marat Kogut|Pat Fraher,1,0.04206566528551249,0.9726315789473684
2023,Evan Scott|Marat Kogut|Tony Brothers,1,-0.12604072089536505,0.9403508771929824
2023,Evan Scott|Mitchell Ervin|Nick Buchert,1,-0.44214667474276936,0.5875706214689265
2023,Evan Scott|Pat Fraher|Ray Acosta,1,-0.045023681373955245,0.9927431059506531
2023,Evan Scott|Rodney Mott|Scott Twardoski,1,-0.3777283531365647,0.8392857142857142
2023,Evan Scott|Scott Twardoski|Zach Zarba,1,-0.3285040669720361,0.6784615384615386
2023,Evan Scott|Sean Corbin|Tyler Ford,1,-0.22018350968573314,0.7272727272727272
2023,Gediminas Petraitis|Intae Hwang|Sean Wright,1,-0.4989911661189879,0.5862068965517242
2023,Gediminas Petraitis|JB DeRosa|James Williams,1,-0.7070362927206123,0.5407563025210084
2023,Gediminas Petraitis|JB DeRosa|Marat Kogut,1,0.3169117107667194,1.3075060532687652
2023,Gediminas Petraitis|JB DeRosa|Scott Twardoski,1,0.2944065713357003,1.292842741935484
2023,Gediminas Petraitis|JT Orr|James Capers,1,-0.2662417412139116,0.6513157894736842
2023,Gediminas Petraitis|JT Orr|Pat Fraher,1,0.34854481785548236,1.346153846153846
2023,Gediminas Petraitis|James Capers|Phenizee Ransom,1,0.16316319023089376,0.967817896389325
2023,Gediminas Petraitis|James Williams|Jenna Schroeder,1,-0.31924853841961537,0.7732320280537698
2023,Gediminas Petraitis|James Williams|Phenizee Ransom,1,-0.05789397841890262,0.8808333333333334
2023,Gediminas Petraitis|Jason Goldenberg|Sean Wright,1,0.12459969463548122,0.8372093023255814
2023,Gediminas Petraitis|Jenna Schroeder|Tony Brothers,1,0.3559644643351337,1.4183467741935485
2023,Gediminas Petraitis|Jonathan Sterling|Sean Wright,1,0.38083651395512463,1.3551002987622707
2023,Gediminas Petraitis|Josh Tiven|Lauren Holtkamp,1,0.4149438520627083,1.3956112852664577
2023,Gediminas Petraitis|Justin Van Duyne|Matt Kallio,1,0.41593640797545967,1.748987854251012
2023,Gediminas Petraitis|Karl Lane|Scott Wall,1,0.2101655829651279,1.2324324324324325
2023,Gediminas Petraitis|Leon Wood|Tom Washington,1,0.08369901887664684,0.8077097505668933
2023,Gediminas Petraitis|Leon Wood|Tony Brothers,1,0.11472826566142645,0.9346405228758171
2023,Gediminas Petraitis|Marat Kogut|Zach Zarba,2,-0.10091718550876819,0.8454621769477457
2023,Gediminas Petraitis|Marc Davis|Matt Myers,2,-0.10500643493900698,0.8641210026711739
2023,Gediminas Petraitis|Marc Davis|Ray Acosta,1,0.22482281283392974,1.3514739229024944
2023,Gediminas Petraitis|Mark Lindsay|Matt Myers,1,0.526589496999055,1.5164220824598182
2023,Gediminas Petraitis|Matt Kallio|Ray Acosta,1,-0.07723134793599004,0.8769559032716928
2023,Gediminas Petraitis|Natalie Sago|Scott Foster,1,-0.322773392263051,0.5853658536585366
2023,Gediminas Petraitis|Natalie Sago|Sean Wright,1,-0.06858566390726369,0.9306010928961749
2023,Gediminas Petraitis|Nick Buchert|Suyash Mehta,1,-0.8223589120399515,0.45194805194805193
2023,Gediminas Petraitis|Phenizee Ransom|Scott Wall,1,-0.27770692739496133,0.6869806094182825
2023,Gediminas Petraitis|Robert Hussey|Sean Corbin,1,0.08670939903172589,1.0764163372859024
2023,Gediminas Petraitis|Robert Hussey|Tom Washington,1,0.006472514505617298,0.9885204081632654
2023,Gediminas Petraitis|Tom Washington|Tyler Ford,1,0.18986876242933765,1.1822222222222223
2023,Intae Hwang|JB DeRosa|James Williams,1,-0.38317119114895143,0.7037510656436488
2023,Intae Hwang|Jacyn Goble|Zach Zarba,1,-0.32277339226305085,0.5606229143492769
2023,Intae Hwang|Jason Goldenberg|Scott Foster,1,0.22746321245872608,1.0909090909090908
2023,Intae Hwang|Kevin Cutler|Phenizee Ransom,1,-0.058840500022933465,1.1174603174603173
2023,Intae Hwang|Kevin Scott|Nick Buchert,1,0.22314355131420976,0.9624999999999999
2023,Intae Hwang|Kevin Scott|Sean Corbin,1,-0.09712268659395056,0.8982785602503912
2023,Intae Hwang|Mark Lindsay|Natalie Sago,1,-0.06593810149199437,0.8406593406593408
2023,Intae Hwang|Natalie Sago|Pat Fraher,1,-0.060249879447425075,0.6985539488320356
2023,Intae Hwang|Nick Buchert|Sean Wright,1,-0.28239213132648305,1.0232558139534884
2023,Intae Hwang|Phenizee Ransom|Zach Zarba,1,0.24763038467331103,0.962046908315565
2023,Intae Hwang|Scott Foster|Tom Washington,1,-0.0977977432761265,1.024234693877551
2023,Intae Hwang|Sean Corbin|Tyler Ford,1,-0.17912301625573904,0.944235588972431
2023,JB DeRosa|JT Orr|Rodney Mott,1,0.07998601993791274,0.9644614543466375
2023,JB DeRosa|James Capers|Leon Wood,1,-0.5855165163675797,0.6929292929292928
2023,JB DeRosa|James Capers|Scott Wall,1,0.280134866816398,1.4060150375939848
2023,JB DeRosa|James Capers|Tyler Ricks,1,-1.540445040947149,0.19480519480519481
2023,JB DeRosa|James Williams|Matt Kallio,1,-0.6245186741708492,0.4381520119225037
2023,JB DeRosa|James Williams|Suyash Mehta,1,-0.6436671232965758,0.4475308641975308
2023,JB DeRosa|Jason Goldenberg|Kevin Cutler,1,0.29705580960097944,1.468244084682441
2023,JB DeRosa|Jenna Reneau|Sean Wright,1,0.3457059125681584,1.7024630541871921
2023,JB DeRosa|Jenna Schroeder|Pat Fraher,1,-0.09959590064982417,0.9021857923497267
2023,JB DeRosa|John Conley|Mitchell Ervin,1,0.13453089295760606,1.1
2023,JB DeRosa|John Conley|Nick Buchert,1,-0.2695327539461035,0.8553846153846155
2023,JB DeRosa|John Conley|Tyler Ford,1,0.2790926572379543,1.0774349667271628
2023,JB DeRosa|Josh Tiven|Matt Myers,1,-0.8266785731844679,0.4306640625
2023,JB DeRosa|Josh Tiven|Michael Smith,1,-0.2318016140573243,0.6907675194660734
2023,JB DeRosa|Josh Tiven|Tyler Mirkovich,1,0.29947002820382324,1.2753623188405796
2023,JB DeRosa|Kevin Cutler|Sharae Mitchell,1,-0.5325239862270695,0.5525846702317291
2023,JB DeRosa|Marc Davis|Matt Kallio,1,-0.10686314554236113,0.922936449963477
2023,JB DeRosa|Marc Davis|Mousa Dagher,1,0.16570364556529457,1.1639443436176649
2023,JB DeRosa|Marc Davis|Nate Green,1,-0.133947972509739,0.8241758241758241
2023,JB DeRosa|Marc Davis|Suyash Mehta,1,-0.35172443877887616,0.5542521994134898
2023,JB DeRosa|Matt Kallio|Scott Foster,2,-0.05473364880523982,1.0823185011709602
2023,JB DeRosa|Mitchell Ervin|Robert Hussey,1,-0.5596157879354228,0.49350649350649345
2023,JB DeRosa|Mitchell Ervin|Suyash Mehta,1,0.07101103564318849,0.9523809523809523
2023,JB DeRosa|Phenizee Ransom|Tony Brothers,1,0.06008196511099838,0.8288770053475936
2023,JB DeRosa|Robert Hussey|Sean Wright,1,0.6267020811517925,2.233392122281011
2023,JB DeRosa|Tom Washington|Zach Zarba,1,-0.5418091692859578,0.5655367231638418
2023,JD Ralls|Josh Tiven|Michael Smith,1,-0.19530875232076572,0.9833147942157954
2023,JD Ralls|Kevin Scott|Tom Washington,1,-0.021403908663153604,0.8605042016806722
2023,JD Ralls|Lauren Holtkamp|Zach Zarba,1,-0.6054253239667169,0.4912579957356077
2023,JT Orr|Jacyn Goble|Marc Davis,1,0.5212969236332861,1.7728531855955678
2023,JT Orr|Jacyn Goble|Matt Kallio,1,0.7205461547480596,2.0929292929292926
2023,JT Orr|James Capers|Jenna Schroeder,1,0.594370961990729,1.5795971410006497
2023,JT Orr|James Capers|Kevin Cutler,1,-0.2687061709927753,0.6657397107897665
2023,JT Orr|James Capers|Mousa Dagher,1,-1.4527394605280433,0.21129032258064517
2023,JT Orr|James Capers|Scott Wall,1,0.1410785982599056,1.051383399209486
2023,JT Orr|James Williams|Mitchell Ervin,1,0.14715764433628784,1.0681142177275433
2023,JT Orr|James Williams|Mousa Dagher,1,-0.6143663027068311,0.5293495505023798
2023,JT Orr|James Williams|Sean Corbin,1,-0.8628020469231689,0.3475113122171946
2023,JT Orr|John Butler|Marc Davis,1,0.7842200658887549,2.086378737541528
2023,JT Orr|John Butler|Mitchell Ervin,1,0.1393017490858589,1.2135176651305684
2023,JT Orr|John Goble|Robert Hussey,1,-0.0724955020381536,0.8351648351648353
2023,JT Orr|Josh Tiven|Ray Acosta,1,-1.430465579433028,0.22660818713450293
2023,JT Orr|Josh Tiven|Sha'Rae Mitchell,1,-0.049952758761181396,0.7842046718576196
2023,JT Orr|Justin Van Duyne|Karl Lane,1,0.10968017680234277,0.8944805194805195
2023,JT Orr|Kevin Cutler|Mark Lindsay,1,0.13688522472295406,0.9427168576104746
2023,JT Orr|Kevin Cutler|Tre Maddox,1,0.709349155136226,2.4275862068965517
2023,JT Orr|Mark Lindsay|Matt Kallio,1,0.2017396426510563,1.3458823529411765
2023,JT Orr|Mark Lindsay|Matt Myers,1,-0.8107725993825247,0.37281861448968795
2023,JT Orr|Matt Kallio|Sean Wright,1,-0.19105523676270922,0.8724489795918369
2023,JT Orr|Matt Myers|Scott Foster,1,-0.46015399149685304,0.6762711864406781
2023,JT Orr|Matt Myers|Zach Zarba,1,-0.9195287271479304,0.42045454545454547
2023,JT Orr|Mousa Dagher|Zach Zarba,1,0.09580412893760827,1.0887096774193548
2023,Jacyn Goble|James Williams|Robert Hussey,1,-1.7429693050586232,0.16666666666666666
2023,Jacyn Goble|James Williams|Tom Washington,1,0.2741291060470774,1.705128205128205
2023,Jacyn Goble|John Butler|Matt Myers,1,0.14770824322340875,1.3372296902396261
2023,Jacyn Goble|John Butler|Rodney Mott,1,0.36437469324003535,1.166086956521739
2023,Jacyn Goble|John Butler|Zach Zarba,1,0.38744660260548613,1.6941964285714286
2023,Jacyn Goble|John Conley|Mark Lindsay,1,0.6732129656591279,1.805484693877551
2023,Jacyn Goble|John Conley|Michael Smith,1,0.09884583463663243,1.3024118738404453
2023,Jacyn Goble|John Conley|Mitchell Ervin,1,0.5793455702027468,1.4828150572831424
2023,Jacyn Goble|Josh Tiven|Matt Myers,1,-0.6545725171749651,0.5442428730099963
2023,Jacyn Goble|Josh Tiven|Michael Smith,1,-0.40223756361729773,0.8189655172413794
2023,Jacyn Goble|Marc Davis|Nate Green,1,0.07856232250310209,1.0384615384615385
2023,Jacyn Goble|Marc Davis|Ray Acosta,1,,0.0
2023,Jacyn Goble|Mark Lindsay|Nate Green,1,-0.24994174446893389,0.8050089445438283
2023,Jacyn Goble|Matt Boland|Nick Buchert,1,-0.14624550032014508,1.007936507936508
2023,Jacyn Goble|Matt Boland|Scott Foster,1,0.26897367385516474,1.4641909814323606
2023,Jacyn Goble|Matt Kallio|Zach Zarba,1,-0.11954515064978269,0.7887323943661972
2023,Jacyn Goble|Nick Buchert|Tyler Ricks,1,-0.4394536314311434,0.598360655737705
2023,Jacyn Goble|Pat Fraher|Sha'Rae Mitchell,1,0.1953087523207659,1.0130718954248366
2023,Jacyn Goble|Robert Hussey|Tony Brothers,1,0.1349301898871506,0.9940425531914894
2023,Jacyn Goble|Scott Wall|Sean Wright,1,0.072864963914125,0.788235294117647
2023,Jacyn Goble|Sean Wright|Suyash Mehta,1,0.17798315519535643,1.0599078341013823
2023,James Capers|Jason Goldenberg|John Butler,1,0.007547205635382904,1.1700879765395893
2023,James Capers|Jenna Schroeder|Kevin Cutler,1,0.20308907632643272,1.3860640301318268
2023,James Capers|Jenna Schroeder|Nick Buchert,1,-0.2416757994431374,0.8936294564582116
2023,James Capers|John Butler|Matt Myers,1,0.6810194284338246,1.7225716282320054
2023,James Capers|John Conley|Kevin Cutler,1,-0.15415067982725822,0.7999999999999999
2023,James Capers|John Conley|Sean Corbin,1,-0.016807118316381174,0.8649691358024691
2023,James Capers|Jonathan Sterling|Natalie Sago,1,0.2195005600357088,1.0538461538461539
2023,James Capers|Justin Van Duyne|Suyash Mehta,1,-0.3153984277946532,0.7875264270613107
2023,James Capers|Karl Lane|Ray Acosta,1,-0.7971368940839929,0.6239316239316239
2023,James Capers|Kevin Cutler|Natalie Sago,1,-0.3760512229018711,0.6663740122914837
2023,James Capers|Leon Wood|Michael Smith,1,0.16338435577420368,1.1513227513227513
2023,James Capers|Matt Myers|Scott Twardoski,1,0.0152674721307886,1.289010989010989
2023,James Capers|Mitchell Ervin|Nate Green,1,0.3693601034660482,1.3563829787234043
2023,James Capers|Natalie Sago|PAT O'Connell,1,0.5167411070974254,1.7356643356643358
2023,James Capers|Ray Acosta|Sha'Rae Mitchell,1,0.20537294896530284,1.139616935483871
2023,James Williams|Jenna Reneau|Rodney Mott,1,-0.0033112613036560315,0.9241379310344828
2023,James Williams|Jenna Schroeder|Ray Acosta,1,0.4394880853197852,1.6054267947993215
2023,James Williams|Jenna Schroeder|Tre Maddox,1,0.3440961617318722,1.5047619047619045
2023,James Williams|John Butler|Mousa Dagher,1,-0.05264373348542203,1.1384615384615386
2023,James Williams|John Butler|Natalie Sago,1,-0.23202122534622718,0.623015873015873
2023,James Williams|John Butler|Scott Twardoski,1,0.6399088031000704,1.7539886773031392
2023,James Williams|John Conley|Tom Washington,1,-0.01932427282640293,0.7765151515151515
2023,James Williams|Jonathan Sterling|Kevin Cutler,1,0.18512267907366636,1.4315906562847611
2023,James Williams|Jonathan Sterling|Michael Smith,1,-0.2665379273859978,0.6865581675708258
2023,James Williams|Karl Lane|Leon Wood,1,-0.2340445890480241,0.8632653061224489
2023,James Williams|Karl Lane|Matt Kallio,1,0.4827426550231653,1.4179487179487178
2023,James Williams|Karl Lane|Nate Green,1,-0.3057348192528925,0.5702569710224166
2023,James Williams|Karl Lane|Sha'Rae Mitchell,1,-1.3862943611198906,0.23076923076923075
2023,James Williams|Kevin Cutler|Scott Twardoski,1,0.276787023046714,1.3364705882352943
2023,James Williams|Lauren Holtkamp|Robert Hussey,1,-0.12656272330842938,0.923076923076923
2023,James Williams|Lauren Holtkamp|Suyash Mehta,1,0.263352988388052,1.2804097311139564
2023,James Williams|Matt Myers|Nick Buchert,1,-0.2770488161504121,0.7640816326530612
2023,James Williams|Michael Smith|Scott Twardoski,1,0.09440067542148449,0.9661538461538463
2023,James Williams|Mousa Dagher|Sean Corbin,1,-0.06923793949454982,1.045422781271838
2023,James Williams|Nick Buchert|Sha'Rae Mitchell,1,-0.28198405133714327,0.6349206349206349
2023,James Williams|Pat Fraher|Sha'Rae Mitchell,1,-0.2712395120541661,0.9073593073593074
2023,James Williams|Ray Acosta|Tom Washington,1,0.38193461069797036,1.2177589852008455
2023,James Williams|Sean Corbin|Suyash Mehta,1,0.19266988470904933,0.946394686907021
2023,Jason Goldenberg|Jenna Schroeder|Kevin Scott,1,0.32130998888153556,1.5946843853820596
2023,Jason Goldenberg|Justin Van Duyne|Zach Zarba,2,0.08714500312467151,0.9423378166693674
2023,Jason Goldenberg|Karl Lane|Kevin Scott,1,-0.546964670381864,0.5952380952380952
2023,Jason Goldenberg|Karl Lane|Scott Foster,1,0.20544397421480887,1.4035087719298245
2023,Jason Goldenberg|Leon Wood|Rodney Mott,1,0.06453852113757116,1.1428571428571428
2023,Jason Goldenberg|Marat Kogut|Tony Brothers,1,0.30663998619639504,1.328654970760234
2023,Jason Goldenberg|Marc Davis|Pat OConnell,1,0.14045183546909631,0.9259259259259258
2023,Jason Goldenberg|Marc Davis|Phenizee Ransom,1,0.31101875263101664,1.3786008230452675
2023,Jason Goldenberg|Mark Lindsay|Sean Corbin,1,0.1892196225168967,0.9074626865671642
2023,Jason Goldenberg|Michael Smith|Pat Fraher,1,0.16034265007517948,1.557692307692308
2023,Jason Goldenberg|Michael Smith|Tony Brothers,1,-0.5596157879354228,0.5741626794258373
2023,Jason Goldenberg|Mitchell Ervin|Sean Wright,1,-0.7726902629420492,0.5063938618925832
2023,Jason Goldenberg|Scott Wall|Zach Zarba,1,0.8091070616548137,2.021311475409836
2023,Jason Goldenberg|Sean Corbin|Zach Zarba,1,0.42348361361084275,1.4545454545454544
2023,Jenna Reneau|Marc Davis|Nick Buchert,1,-0.01868086864304164,1.086287313432836
2023,Jenna Schroeder|John Goble|Michael Smith,1,0.054675996346693415,1.1064935064935064
2023,Jenna Schroeder|Justin Van Duyne|Tony Brothers,1,-0.4543843128610388,0.7274193548387097
2023,Jenna Schroeder|Kevin Cutler|Scott Twardoski,1,-0.12306009275722737,0.785622593068036
2023,Jenna Schroeder|Marat Kogut|Nick Buchert,1,0.49553693125090026,1.6748768472906406
2023,Jenna Schroeder|Marc Davis|Phenizee Ransom,1,0.04023531219189897,1.0266963292547275
2023,Jenna Schroeder|Mark Lindsay|Pat Fraher,1,-0.4635289090629256,0.7298076923076924
2023,Jenna Schroeder|Mark Lindsay|Ray Acosta,1,-0.3694356445289468,0.6125874125874127
2023,Jenna Schroeder|Mitchell Ervin|Ray Acosta,1,0.535104756921073,1.6888619854721552
2023,Jenna Schroeder|Mitchell Ervin|Sean Wright,1,-0.05129329438755046,0.9228571428571429
2023,Jenna Schroeder|Nick Buchert|Zach Zarba,2,-0.07130750567878248,0.8631221719457014
2023,Jenna Schroeder|Rodney Mott|Scott Twardoski,1,-0.6497967396863314,0.5012658227848101
2023,Jenna Schroeder|Scott Foster|Tre Maddox,1,0.11492996667397702,1.258169934640523
2023,John Butler|John Goble|Sha'Rae Mitchell,1,-0.2536935491288019,0.6427818756585879
2023,John Butler|Jonathan Sterling|Tony Brothers,1,0.14953173397096384,1.0161290322580645
2023,John Butler|Josh Tiven|Karl Lane,1,-0.07718963869112987,0.935064935064935
2023,John Butler|Marc Davis|Matt Kallio,2,-0.10374996343928561,0.7900771291913956
2023,John Butler|Mark Lindsay|Robert Hussey,1,-0.4513401704798108,0.682258064516129
2023,John Butler|Mark Lindsay|Tre Maddox,1,0.5074300347648526,1.793898305084746
2023,John Butler|Matt Kallio|Tony Brothers,1,-0.03322564762832028,1.004524886877828
2023,John Butler|Michael Smith|Scott Foster,1,-0.21299117985019184,0.8816326530612244
2023,John Butler|Mitchell Ervin|Scott Wall,1,-0.3974969384589874,0.525
2023,John Butler|Mitchell Ervin|Tyler Ford,2,-0.1322611312838201,0.7927579365079366
2023,John Butler|Mousa Dagher|Scott Foster,2,-0.2134845910220507,0.723786888492771
2023,John Butler|Pat OConnell|Scott Foster,1,-0.46357273891544515,0.6375
2023,John Butler|Ray Acosta|Tyler Ford,1,-0.09270939810426745,0.9173387096774194
2023,John Butler|Robert Hussey|Scott Foster,1,-0.2568507746020665,0.7594202898550725
2023,John Butler|Scott Twardoski|Sean Wright,1,-0.7282385003712154,0.5294117647058824
2023,John Butler|Sean Wright|Tony Brothers,1,-0.12783337150988489,0.8484848484848485
2023,John Conley|Josh Tiven|Natalie Sago,1,-1.1451323043030026,0.29166666666666663
2023,John Conley|Josh Tiven|Ray Acosta,2,-0.42507506352963864,0.5435790835181079
2023,John Conley|Karl Lane|Scott Foster,1,0.1392620673335078,1.251596424010217
2023,John Conley|Kevin Scott|Marat Kogut,1,-0.1137081039578735,0.8998043052837573
2023,John Conley|Kevin Scott|Nick Buchert,1,0.16290347093685306,1.3599999999999999
2023,John Conley|Kevin Scott|Ray Acosta,1,0.23385520690913744,1.2958579881656807
2023,John Conley|Mark Lindsay|Nick Buchert,1,-0.4382549309311551,0.6504065040650406
2023,John Conley|Michael Smith|Sean Wright,1,-0.19496149172977434,0.7458492975734355
2023,John Conley|Mitchell Ervin|Tyler Ford,1,-0.08745930532858609,0.9226190476190477
2023,John Conley|Natalie Sago|Zach Zarba,1,0.7985076962177716,2.256410256410257
2023,John Conley|Nick Buchert|Sean Wright,1,0.291910408561302,1.2497175141242938
2023,John Conley|Scott Foster|Tom Washington,1,0.04911701496495506,0.865874363327674
2023,John Conley|Sean Corbin|Zach Zarba,1,-0.2135741002980589,0.7678062678062677
2023,John Goble|Jonathan Sterling|Tom Washington,1,-0.5209651276184303,0.6863387978142076
2023,John Goble|Karl Lane|Matt Boland,1,0.24323030988094702,1.2222222222222223
2023,John Goble|Karl Lane|Scott Twardoski,1,0.6144346063850107,1.9046296296296295
2023,John Goble|Leon Wood|Ray Acosta,1,0.21607638409111726,1.0780684104627767
2023,John Goble|Marat Kogut|Nick Buchert,1,-0.21559634567882674,0.9100684261974585
2023,John Goble|Matt Myers|Scott Twardoski,1,0.425943639451705,1.6066411238825031
2023,John Goble|Scott Wall|Sean Corbin,1,0.05830797138693496,1.0486431131592422
2023,John Goble|Sean Wright|Sha'Rae Mitchell,1,-0.05264373348542203,0.9852071005917159
2023,Jonathan Sterling|Josh Tiven|Scott Twardoski,1,-0.2037055991573053,0.7324675324675324
2023,Jonathan Sterling|Justin Van Duyne|Kevin Scott,1,-0.13771725055720083,0.6898148148148148
2023,Jonathan Sterling|Justin Van Duyne|Mark Lindsay,1,-0.7185568960853136,0.5660770031217481
2023,Jonathan Sterling|Justin Van Duyne|Pat Fraher,1,-0.1525795875952172,1.1871698113207547
2023,Jonathan Sterling|Karl Lane|Rodney Mott,1,-0.20073211863713447,0.7573560767590618
2023,Jonathan Sterling|Karl Lane|Sean Wright,1,0.06317890162153167,0.863689776733255
2023,Jonathan Sterling|Kevin Scott|Nick Buchert,1,-0.22476824704121154,0.7402597402597403
2023,Jonathan Sterling|Marat Kogut|Zach Zarba,1,-0.23753228876630947,0.7430769230769231
2023,Jonathan Sterling|Mark Lindsay|Natalie Sago,1,1.0805937831654313,3.0
2023,Jonathan Sterling|Mark Lindsay|Phenizee Ransom,1,-0.32481629389285144,0.7115079365079365
2023,Jonathan Sterling|Pat Fraher|Sean Wright,1,0.3228615795729543,1.3897058823529413
2023,Jonathan Sterling|Tom Washington|Tyler Ford,1,0.19611487892629054,1.1571095571095573
2023,Josh Tiven|Justin Van Duyne|Matt Myers,1,0.39678557438844153,1.2120051085568326
2023,Josh Tiven|Justin Van Duyne|Michael Smith,1,0.15526987412427334,1.1888297872340425
2023,Josh Tiven|Karl Lane|Nate Green,1,-0.16989903679539747,0.9374999999999999
2023,Josh Tiven|Kevin Cutler|Leon Wood,1,-0.7514160886839212,0.4043126684636118
2023,Josh Tiven|Leon Wood|Tre Maddox,1,0.531561522245169,1.8231292517006803
2023,Josh Tiven|Marat Kogut|Michael Smith,1,0.08369901887664684,1.1925243215565795
2023,Josh Tiven|Marat Kogut|Mitchell Ervin,1,0.21114199532944644,1.1228070175438596
2023,Josh Tiven|Matt Boland|Natalie Sago,1,-0.14358172847802397,0.7527573529411765
2023,Josh Tiven|Mousa Dagher|Natalie Sago,1,0.423814246776361,1.4259259259259258
2023,Josh Tiven|Natalie Sago|Tyler Ford,1,-1.114612630014551,0.29951690821256044
2023,Justin Van Duyne|Karl Lane|Leon Wood,1,-0.7716187960014406,0.39622641509433965
2023,Justin Van Duyne|Kevin Cutler|Mousa Dagher,1,0.3837559025414032,1.594320486815416
2023,Justin Van Duyne|Leon Wood|Tony Brothers,1,0.47545053550786753,1.528301886792453
2023,Justin Van Duyne|Marat Kogut|Tony Brothers,1,-0.2591358905454194,0.8310810810810811
2023,Justin Van Duyne|Marc Davis|Matt Kallio,1,-0.4424156727269065,0.6523668639053255
2023,Justin Van Duyne|Marc Davis|Pat Fraher,1,0.3579125678590824,1.2775263951734541
2023,Justin Van Duyne|Mark Lindsay|Matt Myers,1,-0.5859330962527962,0.4709576138147566
2023,Justin Van Duyne|Mark Lindsay|Mousa Dagher,1,-1.6312668828755126,0.1858974358974359
2023,Justin Van Duyne|Mark Lindsay|Tyler Mirkovich,1,0.005755411570620531,0.901098901098901
2023,Justin Van Duyne|Matt Myers|Ray Acosta,1,0.06820825002653357,1.0294117647058825
2023,Justin Van Duyne|Michael Smith|Tony Brothers,1,-0.2309867287752357,0.6420036764705882
2023,Justin Van Duyne|Mousa Dagher|Tony Brothers,1,0.5286977485321125,1.5081967213114753
2023,Justin Van Duyne|Nate Green|Pat Fraher,1,0.22656325739573535,1.279569892473118
2023,Justin Van Duyne|Nick Buchert|Phenizee Ransom,1,-0.01600034134644119,0.9995039682539681
2023,Justin Van Duyne|Pat Fraher|Scott Twardoski,1,-0.39235269501566955,0.660455486542443
2023,Justin Van Duyne|Robert Hussey|Sean Wright,1,-0.7123170966676654,0.42111762889780796
2023,Justin Van Duyne|Scott Wall|Tony Brothers,1,0.23192838086994258,1.2446524064171123
2023,Justin Van Duyne|Sha'Rae Mitchell|Tony Brothers,1,0.37351350830156227,1.5645863570391871
2023,Karl Lane|Kevin Scott|Nate Green,1,-0.6860297127910814,0.41964285714285715
2023,Karl Lane|Marc Davis|Mousa Dagher,1,-0.7409378443962937,0.4085714285714286
2023,Karl Lane|Marc Davis|Ray Acosta,1,0.21291075035665302,1.2653940886699508
2023,Karl Lane|Mark Lindsay|Matt Myers,1,-0.0524199322200108,0.8960573476702508
2023,Karl Lane|Matt Boland|Sean Wright,1,0.1298625613109846,0.9786931818181818
2023,Karl Lane|Matt Myers|Tom Washington,1,0.02934573513982062,1.078817733990148
2023,Karl Lane|Natalie Sago|Robert Hussey,1,-0.22738984219566089,0.7966101694915254
2023,Karl Lane|Natalie Sago|Scott Foster,1,-0.1753528874778613,1.1076923076923078
2023,Karl Lane|Natalie Sago|Zach Zarba,1,0.04879016416943205,1.1363636363636365
2023,Karl Lane|Nate Green|Scott Foster,1,0.16718489766616515,0.9101190476190476
2023,Karl Lane|Nate Green|Tony Brothers,1,-0.328193941368682,0.6935483870967742
2023,Karl Lane|Nick Buchert|Robert Hussey,1,-0.478587372937127,0.5753968253968254
2023,Karl Lane|Phenizee Ransom|Scott Twardoski,1,0.005865119452398058,0.8777618364418939
2023,Karl Lane|Scott Foster|Tom Washington,1,0.2191555101362543,1.4087626384207992
2023,Karl Lane|Scott Wall|Sean Corbin,1,-0.03125254350410431,0.8999999999999999
2023,Karl Lane|Sean Corbin|Tom Washington,1,0.109199291964992,0.9294871794871794
2023,Kevin Cutler|Kevin Scott|Matt Kallio,1,0.17200458982302222,1.6749379652605458
2023,Kevin Cutler|Leon Wood|Sean Corbin,1,-0.022305757514298162,1.2814401622718055
2023,Kevin Cutler|Marat Kogut|Matt Myers,1,-0.17979311044059582,0.8354430379746836
2023,Kevin Cutler|Marc Davis|Mousa Dagher,1,-0.3498020646509702,0.649610678531702
2023,Kevin Cutler|Marc Davis|Scott Twardoski,1,-0.2451224580329851,0.7499999999999999
2023,Kevin Cutler|Michael Smith|Tyler Ford,1,0.20067069546215124,1.011111111111111
2023,Kevin Cutler|Phenizee Ransom|Tony Brothers,1,0.41558323827374904,1.5900816070307597
2023,Kevin Cutler|Robert Hussey|Tom Washington,1,0.47288547562062444,1.6146464646464649
2023,Kevin Cutler|Scott Foster|Scott Twardoski,1,0.25175006322571764,1.1884057971014492
2023,Kevin Cutler|Scott Twardoski|Scott Wall,1,-0.2782855450556983,0.7008403361344538
2023,Kevin Cutler|Scott Twardoski|Suyash Mehta,1,-0.30088476199946695,0.8604395604395604
2023,Kevin Scott|Leon Wood|Natalie Sago,1,0.17576415624779554,0.9934640522875818
2023,Kevin Scott|Marat Kogut|Natalie Sago,1,-0.1709037353226284,0.8830409356725146
2023,Kevin Scott|Matt Kallio|Scott Twardoski,1,-0.015528262326554996,1.1588198367859386
2023,Kevin Scott|Natalie Sago|Tyler Ford,1,-0.048095960739956235,1.0061443932411673
2023,Kevin Scott|Nick Buchert|Sha'Rae Mitchell,1,-0.1053605156578264,1.0
2023,Kevin Scott|Pat Fraher|Tom Washington,1,-0.07410797215372185,1.1607142857142856
2023,Kevin Scott|Robert Hussey|Sean Wright,1,0.17714976839156066,1.1898305084745764
2023,Kevin Scott|Rodney Mott|Sharae Mitchell,1,-0.11697167658550435,0.7592364532019705
2023,Kevin Scott|Scott Twardoski|Sha'Rae Mitchell,1,-0.04831266624941268,1.0545708955223883
2023,Kevin Scott|Scott Twardoski|Tom Washington,1,-0.2138287800396623,1.0658823529411765
2023,Kevin Scott|Scott Wall|Tom Washington,1,0.2608838792970568,1.5
2023,Lauren Holtkamp|Nate Green|Tony Brothers,1,1.5786460922737826,4.040322580645161
2023,Leon Wood|Mark Lindsay|Michael Smith,1,-0.4374813220071227,0.7490671641791046
2023,Leon Wood|Mark Lindsay|Mitchell Ervin,1,0.3371458641306873,1.7320754716981133
2023,Marat Kogut|Marc Davis|Matt Boland,1,-0.0594896399353744,0.9321136254212807
2023,Marat Kogut|Matt Kallio|Tony Brothers,1,0.11448319765382815,1.0901467505241091
2023,Marat Kogut|Mousa Dagher|Tyler Ford,1,-0.005231049417552556,1.0434782608695652
2023,Marat Kogut|Natalie Sago|Tyler Ford,1,-0.004713284452098202,1.0948275862068966
2023,Marat Kogut|Robert Hussey|Sean Wright,1,-0.5850506850832443,0.5871899296556831
2023,Marat Kogut|Scott Twardoski|Zach Zarba,1,0.2657031657330057,1.2254901960784315
2023,Marc Davis|Matt Kallio|Tom Washington,1,0.3541718137206139,1.5200000000000002
2023,Marc Davis|Michael Smith|Phenizee Ransom,1,-0.16551443847757344,0.9643483343074226
2023,Marc Davis|Nate Green|Nick Buchert,1,0.20120374451528467,0.7912713472485768
2023,Marc Davis|Phenizee Ransom|Ray Acosta,1,-0.5353401895295765,0.46127946127946123
2023,Mark Lindsay|Matt Myers|Natalie Sago,1,0.17295380679035444,1.3903743315508021
2023,Mark Lindsay|Matt Myers|Nick Buchert,1,-1.3235320393835752,0.24489795918367346
2023,Mark Lindsay|Michael Smith|Mousa Dagher,1,-0.7582337970798316,0.410958904109589
2023,Mark Lindsay|Michael Smith|Suyash Mehta,1,0.07302513501489002,1.1798631476050832
2023,Mark Lindsay|Michael Smith|Tre Maddox,1,0.2183702725615521,1.2122448979591838
2023,Mark Lindsay|Mousa Dagher|Nick Buchert,1,0.7592214071439448,1.9391100702576112
2023,Mark Lindsay|Mousa Dagher|Sean Corbin,1,-0.0827861936192874,0.8454011741682974
2023,Mark Lindsay|Nate Green|Nick Buchert,1,-0.16158565831477653,0.9605734767025089
2023,Mark Lindsay|Phenizee Ransom|Scott Twardoski,1,0.19562745710722224,1.249266862170088
2023,Mark Lindsay|Ray Acosta|Tyler Ford,1,-0.060624621816434854,0.9773755656108598
2023,Mark Lindsay|Scott Twardoski|Sha'Rae Mitchell,1,-0.8749542017109557,0.5666977611940298
2023,Matt Boland|Mitchell Ervin|Tom Washington,1,-0.46793537618167647,0.7971014492753623
2023,Matt Boland|Natalie Sago|Tyler Ford,1,-0.2591358905454194,0.6998577524893315
2023,Matt Boland|Pat Fraher|Scott Foster,1,0.1967102942460543,1.2903225806451613
2023,Matt Boland|Pat Fraher|Scott Twardoski,1,0.3419292760842711,1.3985200845665964
2023,Matt Boland|Scott Twardoski|Zach Zarba,1,0.23989140861543243,1.4444444444444442
2023,Matt Boland|Sean Corbin|Zach Zarba,1,-0.3437715391028243,0.5909090909090909
2023,Matt Kallio|Mitchell Ervin|Scott Foster,1,0.0769610411361284,1.0384615384615385
2023,Matt Kallio|Natalie Sago|Scott Foster,1,-0.20787607918342121,0.7384615384615385
2023,Matt Kallio|Phenizee Ransom|Tyler Ford,1,-0.3381714723741728,0.6290115532734274
2023,Matt Kallio|Sean Wright|Tom Washington,1,-0.603535021870258,0.45258620689655177
2023,Michael Smith|Nick Buchert|Pat Fraher,1,-0.005390848634876534,1.1139784946236557
2023,Michael Smith|Nick Buchert|Tony Brothers,1,0.22677331936478853,0.9517241379310346
2023,Michael Smith|Ray Acosta|Zach Zarba,1,-0.3298055452630235,0.6598465473145779
2023,Mitchell Ervin|Mousa Dagher|Scott Foster,1,0.38063097607042606,1.3301886792452828
2023,Mitchell Ervin|Phenizee Ransom|Ray Acosta,1,-0.8142169899229514,0.3773584905660377
2023,Mitchell Ervin|Ray Acosta|Sha'Rae Mitchell,1,-0.4277107170554841,0.5258064516129032
2023,Mitchell Ervin|Robert Hussey|Rodney Mott,1,-0.11551288712184435,0.8075235109717868
2023,Mitchell Ervin|Robert Hussey|Tyler Ford,1,0.03822121282019767,0.8885850991114148
2023,Mitchell Ervin|Rodney Mott|Scott Twardoski,1,-0.5101497197186298,0.5441176470588235
2023,Mitchell Ervin|Scott Foster|Scott Wall,1,0.26615573820375316,1.5252525252525253
2023,Mitchell Ervin|Scott Wall|Tyler Ford,1,-0.048095960739956235,1.0061443932411673
2023,Mousa Dagher|Natalie Sago|Tyler Ford,2,-0.0753240246380281,0.8441555838521033
2023,Mousa Dagher|Rodney Mott|Tony Brothers,1,0.24839972411711858,1.1897211591033352
2023,Mousa Dagher|Scott Twardoski|Zach Zarba,1,0.08801087732271358,0.808888888888889
2023,Mousa Dagher|Tom Washington|Tre Maddox,1,0.6221361449167567,2.115890083632019
2023,Natalie Sago|Nate Green|Sean Wright,1,0.2573689371896124,1.1553254437869822
2023,Natalie Sago|Pat Fraher|Suyash Mehta,1,-0.21072103131565253,0.7560000000000001
2023,Natalie Sago|Robert Hussey|Tyler Ford,1,-0.5624688569178291,0.5090497737556561
2023,Natalie Sago|Scott Foster|Suyash Mehta,1,-0.44687516497997376,0.5714285714285714
2023,Natalie Sago|Scott Twardoski|Tyler Ford,1,0.15415067982725836,1.3548387096774195
2023,Natalie Sago|Sean Wright|Sha'Rae Mitchell,1,-0.022595429549647612,0.9064874342489773
2023,Nate Green|Scott Foster|Scott Twardoski,1,0.09134977858822804,0.923913043478261
2023,Nate Green|Scott Foster|Tom Washington,1,0.20944470695604775,0.8352534562211982
2023,Nate Green|Tom Washington|Zach Zarba,1,0.2416649484543409,1.0662800331400164
2023,Nick Buchert|PAT O'Connell|Sean Wright,1,-0.46258703159068587,0.6789802289281998
2023,Nick Buchert|Phenizee Ransom|Zach Zarba,1,0.2866073813220155,1.449829931972789
2023,Nick Buchert|Scott Foster|Tyler Ricks,1,-0.7879577350728377,0.49872122762148335
2023,Nick Buchert|Sean Corbin|Tom Washington,1,-0.08701137698962981,1.0666666666666667
2023,Nick Buchert|Tom Washington|Tony Brothers,1,0.7227176378810649,2.067176870748299
2023,PAT O'Connell|Ray Acosta|Tyler Ford,1,-0.2771628810109987,0.6985539488320356
2023,Pat Fraher|Phenizee Ransom|Rodney Mott,1,-0.4382549309311553,0.6031746031746031
2023,Pat Fraher|Ray Acosta|Sean Corbin,1,0.02580788395587272,0.9121278140885984
2023,Pat Fraher|Ray Acosta|Suyash Mehta,2,-0.41573491499809456,0.6995634861131937
2023,Pat Fraher|Scott Foster|Scott Twardoski,1,0.04546237407675741,1.0274841437632136
2023,Pat OConnell|Ray Acosta|Zach Zarba,1,0.29259608725420994,1.713527851458886
2023,Phenizee Ransom|Sean Wright|Zach Zarba,1,0.18924199963852834,1.0939643347050754
2023,Robert Hussey|Sean Corbin|Sean Wright,1,-0.02150620522096362,0.7340425531914894
2023,Rodney Mott|Scott Wall|Sean Corbin,1,-0.10821358464023272,0.7657657657657657
2023,Sean Corbin|Suyash Mehta|Zach Zarba,1,0.4260843953109001,1.474798387096774
2023,Sharae Mitchell|Tom Washington|Tony Brothers,1,0.4297297301077957,1.5314685314685315
2024,Aaron Smith|Ben Taylor|Intae Hwang,1,-0.4531805811478309,0.6895161290322581
2024,Aaron Smith|Ben Taylor|PAT OConnell,1,0.14541699985850368,1.285024154589372
2024,Aaron Smith|Ben Taylor|Simone Jelks,1,0.03434948001463764,1.1591397849462364
2024,Aaron Smith|Biniam Maru|Sean Wright,1,-0.05465841253786408,0.9468085106382979
2024,Aaron Smith|Brandon Adair|Tyler Ford,1,-0.004713284452098202,0.9815695600475624
2024,Aaron Smith|Brett Nansel|Brian Forte,2,-0.7129208291040726,0.520208719851577
2024,Aaron Smith|Curtis Blair|Jason Goldenberg,1,0.14996281848678364,1.1593503072870939
2024,Aaron Smith|Derrick Collins|Pat Fraher,1,-0.27680827710712597,0.8007518796992481
2024,Aaron Smith|Derrick Collins|Tre Maddox,1,-1.0919677459494412,0.41426611796982166
2024,Aaron Smith|Gediminas Petraitis|Robert Hussey,1,-0.17309836264275064,0.8382513661202186
2024,Aaron Smith|Intae Hwang|Tyler Ford,1,-0.0735280266523427,0.9871794871794872
2024,Aaron Smith|JD Ralls|James Williams,1,-0.3142627025951424,0.7564102564102565
2024,Aaron Smith|James Capers|Phenizee Ransom,1,0.4620354595965585,1.5079365079365077
2024,Aaron Smith|James Capers|ShaRae Mitchell,1,0.10676797542570614,1.0808853118712274
2024,Aaron Smith|Kevin Cutler|Matt Boland,1,0.10058723690516862,1.1282051282051282
2024,Aaron Smith|Marc Davis|Phenizee Ransom,2,0.09432666762490034,1.0698107266734718
2024,Aaron Smith|Marc Davis|Simone Jelks,1,0.5884362264709145,1.991111111111111
2024,Aaron Smith|Matt Myers|Mitchell Ervin,1,-0.5893503868783018,0.5220588235294118
2024,Aaron Smith|Scott Foster|Tyler Ricks,1,-0.20991778909494851,0.6624175824175824
2024,Agon Abazi|Ben Taylor|Justin Van Duyne,1,0.015504186535965254,0.9232954545454546
2024,Agon Abazi|Ed Malloy|Kevin Cutler,1,-0.01178795575204224,1.0433467741935485
2024,Andy Nagy|Ben Taylor|Derek Richardson,1,0.040821994520254985,1.1666666666666665
2024,Andy Nagy|Ben Taylor|Marat Kogut,1,0.5067188418133373,1.8852459016393441
2024,Andy Nagy|Ben Taylor|Tom Washington,1,0.1565690606915401,1.0915254237288137
2024,Andy Nagy|Bill Kennedy|Brian Forte,1,0.16079522254592685,0.9903549382716049
2024,Andy Nagy|Bill Kennedy|Danielle Scott,1,-0.35667494393873245,0.7056451612903226
2024,Andy Nagy|Bill Kennedy|Matt Kallio,1,0.12134049227191032,1.0661025912215758
2024,Andy Nagy|Brandon Schwab|Courtney Kirkland,1,-0.24334625863172918,0.8983333333333332
2024,Andy Nagy|Brandon Schwab|Kevin Cutler,1,0.17540771354218612,0.9061102831594634
2024,Andy Nagy|Brandon Schwab|Marc Davis,1,-0.25593337413720063,0.7804370447450573
2024,Andy Nagy|Brandon Schwab|Tyler Ford,1,0.1758068757727608,1.092857142857143
2024,Andy Nagy|Brent Barnaky|Simone Jelks,1,-0.09895317108282597,0.7730407523510973
2024,Andy Nagy|Brian Forte|Matt Myers,1,-0.2559015922878122,0.7017543859649122
2024,Andy Nagy|Brian Forte|Michael Smith,1,0.048790164169431834,1.08
2024,Andy Nagy|Brian Forte|Tony Brothers,1,0.12654221574626492,0.9102822580645161
2024,Andy Nagy|CJ Washington|Tyler Ford,1,-0.5048634943632284,0.751008064516129
2024,Andy Nagy|Che Flores|Mark Lindsay,1,-0.014184634991956413,0.9279204639602321
2024,Andy Nagy|Che Flores|Zach Zarba,1,-0.8408253458815862,0.3795918367346939
2024,Andy Nagy|Courtney Kirkland|Derek Richardson,1,-0.4366964312279669,0.6561085972850679
2024,Andy Nagy|Courtney Kirkland|Jonathan Sterling,1,-0.7339691750802003,0.5052631578947369
2024,Andy Nagy|Courtney Kirkland|Nate Green,1,-0.4160291865879151,0.6079825041006014
2024,Andy Nagy|Curtis Blair|Intae Hwang,1,-0.19051832399813312,0.7714285714285715
2024,Andy Nagy|Curtis Blair|Robert Hussey,1,-0.33314444652853825,0.6050656660412758
2024,Andy Nagy|Danielle Scott|Zach Zarba,1,0.2707938544232592,1.4089534180278283
2024,Andy Nagy|David Guthrie|Nick Buchert,1,0.031252543504104315,0.849673202614379
2024,Andy Nagy|David Guthrie|Sean Corbin,1,0.19189100781010546,1.3333333333333333
2024,Andy Nagy|Derek Richardson|Mark Lindsay,1,0.057400230923776545,0.9201053555750659
2024,Andy Nagy|Derrick Collins|Pat Fraher,1,-0.5970603016874481,0.5146853146853146
2024,Andy Nagy|Ed Malloy|Jenna Schroeder,1,0.1811101696076576,1.1046171829339568
2024,Andy Nagy|Ed Malloy|Sean Corbin,1,-0.22154226994723586,0.8974358974358975
2024,Andy Nagy|Eric Dalen|Jacyn Goble,1,0.17127172060736964,1.2307692307692308
2024,Andy Nagy|Evan Scott|Zach Zarba,1,0.6054520428599149,1.8282312925170068
2024,Andy Nagy|Gediminas Petraitis|Matt Myers,1,0.36155192101823636,1.398857142857143
2024,Andy Nagy|Intae Hwang|Josh Tiven,2,-0.48282041769453116,0.6996727272727273
2024,Andy Nagy|JD Ralls|Mitchell Ervin,1,-0.5144553918165692,0.4910714285714286
2024,Andy Nagy|JD Ralls|Pat Fraher,1,-0.3221212892076637,0.7863754165124027
2024,Andy Nagy|JD Ralls|Rodney Mott,1,-0.4670230011075977,0.6838534599728628
2024,Andy Nagy|JT Orr|James Williams,1,-0.5124503194929926,0.734159779614325
2024,Andy Nagy|James Capers|Pat Fraher,1,-0.5717863235556778,0.4605263157894737
2024,Andy Nagy|James Williams|John Conley,2,0.05225490688875671,0.9087301587301586
2024,Andy Nagy|James Williams|Nick Buchert,1,-0.8531118302526234,0.4695652173913043
2024,Andy Nagy|Jason Goldenberg|Nick Buchert,1,-0.07358645975598291,0.8344118766653978
2024,Andy Nagy|Jenna Schroeder|Pat Fraher,1,0.3463014069314043,1.678921568627451
2024,Andy Nagy|Jenna Schroeder|Tyler Ford,1,0.16034265007517948,1.205955334987593
2024,Andy Nagy|Jonathan Sterling|Zach Zarba,1,0.3439629083503705,1.7866666666666664
2024,Andy Nagy|Karl Lane|Natalie Sago,1,-0.24847381252108247,0.7780738484963836
2024,Andy Nagy|Kevin Scott|Matt Myers,1,0.16316319023089376,1.2814625850340136
2024,Andy Nagy|Marat Kogut|Zach Zarba,1,-0.09156719352549039,0.7380514705882353
2024,Andy Nagy|Marc Davis|Matt Boland,1,-0.12460935642455483,0.753012048192771
2024,Andy Nagy|Marc Davis|ShaRae Mitchell,1,-0.42075380062325474,0.6861261261261261
2024,Andy Nagy|Mark Lindsay|Michael Smith,1,0.3308542443169896,1.2529411764705882
2024,Andy Nagy|Matt Boland|Tyler Ford,1,0.1312174694941254,1.124488603156049
2024,Andy Nagy|Matt Kallio|Tyler Ford,1,-0.5493521334897962,0.4798534798534799
2024,Andy Nagy|Michael Smith|Tre Maddox,1,0.6394029045532547,1.4833164812942368
2024,Andy Nagy|Mitchell Ervin|Tyler Ricks,1,0.40874379956986273,1.5089179548156957
2024,Andy Nagy|Mousa Dagher|Zach Zarba,1,-0.016529301951210582,1.0491803278688525
2024,Andy Nagy|Nick Buchert|Robert Hussey,1,0.04688358589885046,0.9213186813186813
2024,Andy Nagy|Rodney Mott|Tyler Ford,1,-0.09966249454318858,1.0017857142857143
2024,Andy Nagy|Scott Foster|Simone Jelks,1,-0.049996370796296354,1.0294728102947281
2024,Andy Nagy|Scott Foster|Tyler Ricks,1,0.14732471475685852,1.062169312169312
2024,Andy Nagy|Sean Corbin|Tony Brothers,1,0.20382776201491823,1.1524038461538462
2024,Andy Nagy|Sean Wright|Simone Jelks,1,0.23223452301546155,1.257050765511684
2024,Andy Nagy|Sean Wright|Suyash Mehta,1,0.09156719352549043,1.0763209393346378
2024,Andy Nagy|ShaRae Mitchell|Tyler Ford,1,0.029398974854781566,1.4036458333333333
2024,Andy Nagy|Tom Washington|Tony Brothers,1,-0.6258651734766233,0.5232974910394266
2024,Ashley Moyer-Gleich|Brandon Adair|Curtis Blair,1,0.0017621149933992233,0.8452380952380952
2024,Ashley Moyer-Gleich|Brandon Adair|Zach Zarba,1,-0.35473758459850613,0.8367071524966262
2024,Ashley Moyer-Gleich|Curtis Blair|Matt Boland,1,0.04666008146606219,1.152542372881356
2024,Ashley Moyer-Gleich|Derrick Collins|Kevin Scott,1,0.24882492956245722,1.2352357320099256
2024,Ashley Moyer-Gleich|Evan Scott|Jacyn Goble,1,-0.24896123434015074,0.6724137931034483
2024,Ashley Moyer-Gleich|James Capers|Nate Green,1,-0.37109746460395665,0.7007575757575757
2024,Ashley Moyer-Gleich|James Williams|John Conley,1,0.21030932429991986,1.3961079723791587
2024,Ashley Moyer-Gleich|John Goble|Tom Washington,2,-0.4432291217676694,0.7757748260594561
2024,Ben Taylor|Brandon Adair|Brent Barnaky,1,-0.36689649801027036,0.6386003280481137
2024,Ben Taylor|Brandon Adair|Nick Buchert,1,-0.9180669312754108,0.3532182103610675
2024,Ben Taylor|Brent Barnaky|Scott Twardoski,1,0.125163142954006,1.0260631001371743
2024,Ben Taylor|Brett Nansel|Jason Goldenberg,1,0.11472826566142645,0.9346405228758171
2024,Ben Taylor|Brett Nansel|Kevin Cutler,1,-0.32583383841615715,0.5882352941176471
2024,Ben Taylor|Brian Forte|Che Flores,1,-0.842702375216666,0.3711598746081505
2024,Ben Taylor|CJ Washington|Dedric Taylor,1,0.3031862589877461,1.2037037037037035
2024,Ben Taylor|CJ Washington|Derrick Collins,1,-0.325422400434628,0.7222222222222221
2024,Ben Taylor|CJ Washington|JT Orr,1,-0.11778303565638351,0.9142857142857143
2024,Ben Taylor|CJ Washington|Tre Maddox,1,-0.13288518904791619,0.8130252100840336
2024,Ben Taylor|Danielle Scott|Tre Maddox,1,-0.7683706017975329,0.5128205128205129
2024,Ben Taylor|Dedric Taylor|Matt Kallio,1,-0.27377771379336124,0.7539450613676212
2024,Ben Taylor|Derek Richardson|Eric Dalen,1,-0.606912502638488,0.59846547314578
2024,Ben Taylor|Derek Richardson|Natalie Sago,1,-0.04738862224414358,1.0589543937708565
2024,Ben Taylor|Eric Dalen|Intae Hwang,1,-0.722822948706062,0.43684210526315786
2024,Ben Taylor|Eric Dalen|Michael Smith,1,-0.2976572175086004,0.8044354838709677
2024,Ben Taylor|Eric Dalen|Robert Hussey,1,-0.19782574332991992,0.7203463203463203
2024,Ben Taylor|Evan Scott|Scott Twardoski,1,0.20254722068910858,1.2828282828282829
2024,Ben Taylor|Gediminas Petraitis|Michael Smith,1,0.11778303565638346,1.2338709677419355
2024,Ben Taylor|JB DeRosa|Mousa Dagher,1,-0.15813872100521392,1.0671641791044777
2024,Ben Taylor|JB DeRosa|Suyash Mehta,1,-0.5385623787375904,0.6382978723404256
2024,Ben Taylor|JD Ralls|John Butler,1,0.04036422385536035,1.2287334593572778
2024,Ben Taylor|JT Orr|Jenna Reneau,1,0.5863331762741358,1.9607843137254901
2024,Ben Taylor|JT Orr|John Conley,1,-0.32158362412746233,0.7807692307692308
2024,Ben Taylor|JT Orr|Jonathan Sterling,1,0.04492168739151165,1.2529560810810811
2024,Ben Taylor|JT Orr|Matt Myers,1,0.2341933875007947,1.2717391304347827
2024,Ben Taylor|JT Orr|Mousa Dagher,1,-0.1094565928798298,0.8322981366459627
2024,Ben Taylor|JT Orr|Sean Corbin,1,-0.057158413839948755,0.8395061728395061
2024,Ben Taylor|JT Orr|Sha'Rae Mitchell,1,-0.3219152440940231,0.6979166666666667
2024,Ben Taylor|Jacyn Goble|Natalie Sago,1,-0.16507975035944844,0.8478260869565216
2024,Ben Taylor|Jason Goldenberg|Sha'Rae Mitchell,1,0.168749479248411,1.1684491978609626
2024,Ben Taylor|Jenna Schroeder|Karl Lane,1,0.4548669701179462,1.4751020408163267
2024,Ben Taylor|Jenna Schroeder|Phenizee Ransom,1,0.5350986601221973,1.8783783783783783
2024,Ben Taylor|Jenna Schroeder|Sean Corbin,2,-0.1305736479053713,0.7241338684082874
2024,Ben Taylor|John Butler|Jonathan Sterling,1,0.028626721426436793,1.2348484848484849
2024,Ben Taylor|John Conley|Rodney Mott,1,-1.0005382078803164,0.32172131147540983
2024,Ben Taylor|Jonathan Sterling|Rodney Mott,2,-0.1136364376703313,0.8073851521612715
2024,Ben Taylor|Marat Kogut|Phenizee Ransom,1,-0.21360919232690823,0.912227602905569
2024,Ben Taylor|Marat Kogut|Tyler Ricks,1,-0.10648348040245006,1.2136363636363636
2024,Ben Taylor|Mark Lindsay|Scott Twardoski,1,0.17525795527520446,0.9207459207459208
2024,Ben Taylor|Matt Boland|Phenizee Ransom,1,-0.449105511608119,0.5061576354679803
2024,Ben Taylor|Matt Kallio|Rodney Mott,2,0.22422121951997495,1.1813709677419353
2024,Ben Taylor|Matt Myers|Sean Corbin,1,-0.2056689207909458,0.7559523809523809
2024,Ben Taylor|Mitchell Ervin|Nate Green,1,-0.5073106816585462,0.5203442879499218
2024,Ben Taylor|Mitchell Ervin|Tyler Ricks,1,-0.25131442828090605,0.6774193548387096
2024,Ben Taylor|Mousa Dagher|Phenizee Ransom,1,0.4438549976598071,1.4807692307692308
2024,Ben Taylor|Mousa Dagher|Ray Acosta,1,-0.050643732818754915,0.7439613526570048
2024,Ben Taylor|Mousa Dagher|Sean Corbin,1,0.23630767835208996,1.3611922852133256
2024,Ben Taylor|Nick Buchert|Tyler Ricks,1,-0.3452250277308077,0.7309688581314878
2024,Ben Taylor|Pat Fraher|Suyash Mehta,1,-0.5671064596645803,0.6616915422885573
2024,Ben Taylor|Ray Acosta|Simone Jelks,1,0.4716049106127094,1.5
2024,Ben Taylor|Robert Hussey|Rodney Mott,1,0.3351486096907045,1.5056980056980056
2024,Ben Taylor|Rodney Mott|Tyler Ricks,1,0.3007541540191337,1.2833333333333334
2024,Bill Kennedy|Brandon Schwab|JT Orr,1,-0.09582615667052466,1.078087167070218
2024,Bill Kennedy|Brent Barnaky|Evan Scott,1,0.1215896637779462,1.1494565217391306
2024,Bill Kennedy|Brent Barnaky|Mousa Dagher,1,0.3143413195654422,1.1567239635995956
2024,Bill Kennedy|Brett Nansel|Sean Corbin,1,0.23084330061551278,1.0797101449275364
2024,Bill Kennedy|Brian Forte|Matt Myers,1,-0.5669958952330453,0.5839100346020762
2024,Bill Kennedy|Che Flores|Nick Buchert,1,0.16690383299133368,1.1279296875
2024,Bill Kennedy|Danielle Scott|Kevin Cutler,1,0.43959811447762287,1.3658333333333332
2024,Bill Kennedy|Danielle Scott|Nick Buchert,1,0.08071138038317208,1.0236559139784946
2024,Bill Kennedy|Dedric Taylor|Michael Smith,1,-0.13176927763112334,0.8217592592592593
2024,Bill Kennedy|Derek Richardson|Evan Scott,1,-0.006216465342779528,1.0755441741357235
2024,Bill Kennedy|Derek Richardson|JT Orr,1,,0.0
2024,Bill Kennedy|Derek Richardson|Phenizee Ransom,1,-0.4285875255290187,0.7487684729064039
2024,Bill Kennedy|Derek Richardson|Scott Twardoski,1,0.20700904644662882,1.4734299516908214
2024,Bill Kennedy|Evan Scott|Natalie Sago,1,-0.9981207501217871,0.39329268292682923
2024,Bill Kennedy|Gediminas Petraitis|John Conley,1,0.3607072074666709,1.2678571428571428
2024,Bill Kennedy|Gediminas Petraitis|Nate Green,1,-0.5533852381847865,0.4791666666666667
2024,Bill Kennedy|Gediminas Petraitis|Robert Hussey,2,-0.44961281700842215,0.6301194411057692
2024,Bill Kennedy|Intae Hwang|Tre Maddox,1,0.1528311282832496,1.157037037037037
2024,Bill Kennedy|JB DeRosa|Jenna Schroeder,1,-0.1318521311048025,0.7303921568627451
2024,Bill Kennedy|JB DeRosa|John Butler,1,0.160921186394469,1.2066532258064517
2024,Bill Kennedy|JT Orr|Robert Hussey,1,-0.41238555095273816,0.6436781609195402
2024,Bill Kennedy|Jason Goldenberg|Sha'Rae Mitchell,1,0.049574785629849905,1.1694386694386696
2024,Bill Kennedy|Jenna Schroeder|Justin Van Duyne,1,-0.09156719352549039,0.8295454545454546
2024,Bill Kennedy|Jenna Schroeder|Tre Maddox,1,0.29785740049343334,1.532758620689655
2024,Bill Kennedy|John Butler|Michael Smith,1,0.2782033284972373,1.2718378756114606
2024,Bill Kennedy|Jonathan Sterling|Karl Lane,1,-0.08775681123957829,0.9770491803278689
2024,Bill Kennedy|Justin Van Duyne|Robert Hussey,3,0.12382846685452963,1.1250540565369758
2024,Bill Kennedy|Kevin Cutler|Robert Hussey,1,-0.10189166831974887,0.6700622524052066
2024,Bill Kennedy|Marat Kogut|Robert Hussey,1,-0.3216587527853241,0.7850346020761245
2024,Bill Kennedy|Michael Smith|Natalie Sago,1,0.0080734383476268,0.9446327683615819
2024,Bill Kennedy|Michael Smith|Nick Buchert,1,0.47988081991656906,1.6244314489928524
2024,Bill Kennedy|Michael Smith|Sean Corbin,1,-0.45622148973113896,0.5476190476190476
2024,Bill Kennedy|Mousa Dagher|Ray Acosta,1,0.2766322362651961,1.2923076923076924
2024,Bill Kennedy|Pat Fraher|Robert Hussey,1,0.20893040558082962,1.2659968270756214
2024,Bill Kennedy|Robert Hussey|Scott Twardoski,1,-0.13321041685543727,0.85553772070626
2024,Bill Kennedy|Rodney Mott|Suyash Mehta,1,-0.05406722127027582,0.9391304347826087
2024,Biniam Maru|Gediminas Petraitis|Kevin Scott,1,0.3060312111199775,1.1800766283524904
2024,Brandon Adair|Brent Barnaky|Courtney Kirkland,1,0.03328597763346676,1.1442307692307694
2024,Brandon Adair|Brent Barnaky|David Guthrie,1,-0.4477674877988537,0.48868778280542996
2024,Brandon Adair|Brent Barnaky|Ed Malloy,2,-0.2960772836789837,0.7803282496760553
2024,Brandon Adair|Brent Barnaky|James Williams,4,-0.14360315134421564,0.8497149411907621
2024,Brandon Adair|Brent Barnaky|Kevin Scott,1,-0.7897191901846924,0.47213114754098356
2024,Brandon Adair|Brian Forte|Eric Dalen,1,0.1823215567939546,1.25
2024,Brandon Adair|Brian Forte|Marc Davis,1,-0.28432072474907616,0.5912698412698412
2024,Brandon Adair|CJ Washington|Tre Maddox,1,0.10275973395776894,1.2067340067340067
2024,Brandon Adair|Curtis Blair|Karl Lane,1,-1.1927156498013016,0.3745632424877708
2024,Brandon Adair|Curtis Blair|Tre Maddox,1,0.19912867511033575,1.0235101148168397
2024,Brandon Adair|Danielle Scott|Mark Lindsay,1,-0.7432763777357559,0.47322212467076386
2024,Brandon Adair|Dedric Taylor|John Goble,1,-0.09485455445065562,0.8681640625
2024,Brandon Adair|Dedric Taylor|Zach Zarba,1,-0.24751603072644626,0.6506147540983607
2024,Brandon Adair|Gediminas Petraitis|Karl Lane,1,0.1529469481140503,1.2022556390977444
2024,Brandon Adair|Gediminas Petraitis|Marat Kogut,1,-1.8804251063137112,0.1458937198067633
2024,Brandon Adair|Jacyn Goble|Tyler Ford,1,0.1448384635392142,1.0384615384615385
2024,Brandon Adair|James Capers|Mitchell Ervin,1,0.42032654705807565,1.2331914893617022
2024,Brandon Adair|James Capers|Nick Buchert,1,-0.2142546038969637,0.70625
2024,Brandon Adair|James Williams|John Butler,1,0.21747781377853248,1.3534212178279974
2024,Brandon Adair|James Williams|Nick Buchert,1,-0.3867729750960117,0.6509433962264151
2024,Brandon Adair|Jason Goldenberg|Mitchell Ervin,1,-0.18737632745557864,0.7812971342383107
2024,Brandon Adair|Jason Goldenberg|Pat Fraher,1,-0.08302333581167416,0.9750519750519749
2024,Brandon Adair|John Butler|Marc Davis,1,0.04136093282486546,1.1574746008708274
2024,Brandon Adair|John Goble|Natalie Sago,1,-0.20212418409013436,0.9803921568627451
2024,Brandon Adair|Josh Tiven|Mitchell Ervin,1,-0.8053122239121056,0.49255533199195173
2024,Brandon Adair|Josh Tiven|Nick Buchert,1,-0.6539264674066639,0.43333333333333335
2024,Brandon Adair|Josh Tiven|Ray Acosta,1,-0.19969189027915998,0.7198093220338984
2024,Brandon Adair|Kevin Cutler|Mitchell Ervin,1,0.26185806349490004,0.9899749373433584
2024,Brandon Adair|Kevin Scott|Mitchell Ervin,1,0.31915278742103254,1.2457264957264957
2024,Brandon Adair|Mark Lindsay|Nate Green,1,-0.07825858588003509,0.9935064935064934
2024,Brandon Adair|Phenizee Ransom|Tre Maddox,1,0.3448404862917296,1.8141517476555842
2024,Brandon Adair|Rodney Mott|Tony Brothers,1,-0.08855339734144495,0.8576271186440678
2024,Brandon Adair|Scott Twardoski|Tyler Ford,1,0.4097847692526807,1.4545454545454544
2024,Brandon Schwab|Brent Barnaky|Brian Forte,1,0.29873190863836585,1.3565217391304347
2024,Brandon Schwab|Brent Barnaky|David Guthrie,1,0.505183136366909,1.3206521739130437
2024,Brandon Schwab|Brian Forte|Phenizee Ransom,1,0.24116205681688824,1.5419580419580419
2024,Brandon Schwab|CJ Washington|Mark Lindsay,1,-0.5587540903379418,0.7818181818181819
2024,Brandon Schwab|Courtney Kirkland|Dedric Taylor,2,0.12242732564974815,1.1932619047619049
2024,Brandon Schwab|Courtney Kirkland|Eric Dalen,2,-0.02077726080026432,0.981593137254902
2024,Brandon Schwab|Courtney Kirkland|Gediminas Petraitis,1,-0.22677331936478862,0.9420289855072463
2024,Brandon Schwab|Courtney Kirkland|Jacyn Goble,1,-0.18933912945260123,0.7593582887700535
2024,Brandon Schwab|Courtney Kirkland|Jason Goldenberg,1,-0.2231435513142097,0.9032258064516129
2024,Brandon Schwab|Courtney Kirkland|Karl Lane,1,-0.3332232829036827,0.7677966101694916
2024,Brandon Schwab|Courtney Kirkland|Nick Buchert,2,-0.3155251928713452,0.7063765691167574
2024,Brandon Schwab|Courtney Kirkland|Phenizee Ransom,3,-0.03232285513028205,0.9943459171876595
2024,Brandon Schwab|Curtis Blair|Eric Dalen,1,-0.3230214388970899,0.770320197044335
2024,Brandon Schwab|David Guthrie|JB DeRosa,1,-0.38276265748985777,0.5794556628621598
2024,Brandon Schwab|David Guthrie|Justin Van Duyne,1,0.05752384413818673,0.9199999999999999
2024,Brandon Schwab|David Guthrie|Phenizee Ransom,1,0.3063742054639334,1.2133526850507983
2024,Brandon Schwab|Ed Malloy|Josh Tiven,1,-0.3604414267342093,0.6733212341197822
2024,Brandon Schwab|Ed Malloy|Scott Twardoski,1,-0.26883677897310854,0.5844402277039848
2024,Brandon Schwab|Evan Scott|Pat Fraher,1,0.422303672470994,1.540880503144654
2024,Brandon Schwab|Gediminas Petraitis|Phenizee Ransom,1,0.45802743819902,1.45705329153605
2024,Brandon Schwab|JT Orr|Scott Foster,1,-0.8627988846128483,0.4410364886303543
2024,Brandon Schwab|Jacyn Goble|Justin Van Duyne,1,0.26602057567060156,1.3863095238095238
2024,Brandon Schwab|Jacyn Goble|Sean Corbin,1,-0.746551554402893,0.6541176470588236
2024,Brandon Schwab|Jason Goldenberg|Tyler Ford,1,0.15415067982725836,1.1739130434782608
2024,Brandon Schwab|John Butler|Josh Tiven,1,-0.5179430915348547,0.5004255319148936
2024,Brandon Schwab|John Butler|Scott Foster,1,0.4344526449814167,1.7234848484848484
2024,Brandon Schwab|Josh Tiven|Justin Van Duyne,1,-0.2696635669491027,0.6857142857142856
2024,Brandon Schwab|Josh Tiven|Tre Maddox,1,-0.3491121715570326,0.6759259259259259
2024,Brandon Schwab|Kevin Cutler|Kevin Scott,1,-0.41284521540578695,0.5625
2024,Brandon Schwab|Kevin Cutler|Mitchell Ervin,1,-0.3144933299024377,0.6023809523809524
2024,Brandon Schwab|Marat Kogut|Tre Maddox,2,0.16076145844405265,1.1506254323591785
2024,Brandon Schwab|Marc Davis|Natalie Sago,1,-0.4716152331400771,0.5125661375661376
2024,Brandon Schwab|Mark Lindsay|Tre Maddox,1,-0.4623407565001665,0.5582386363636365
2024,Brandon Schwab|Mark Lindsay|Zach Zarba,1,-0.3448404862917295,0.8623188405797102
2024,Brandon Schwab|Mitchell Ervin|Natalie Sago,1,-0.2102954088363608,0.810344827586207
2024,Brandon Schwab|Phenizee Ransom|Scott Foster,1,0.1737207760213555,1.1605113636363638
2024,Brent Barnaky|Brent Haskill|Courtney Kirkland,1,-0.35017108097937494,0.710204081632653
2024,Brent Barnaky|Brent Haskill|Sean Wright,1,-0.15180601286800408,0.8346076458752515
2024,Brent Barnaky|Brett Nansel|Brian Forte,1,0.11645940872587507,1.0785714285714285
2024,Brent Barnaky|Brett Nansel|James Capers,1,-0.24746085896491618,0.664718772826881
2024,Brent Barnaky|Brett Nansel|Pat Fraher,1,-0.5159407244327612,0.7316017316017317
2024,Brent Barnaky|Brian Forte|JD Ralls,1,-0.013072081567352888,0.9693877551020409
2024,Brent Barnaky|Che Flores|Ed Malloy,1,-0.05098191341041211,1.1230769230769233
2024,Brent Barnaky|Che Flores|Tre Maddox,1,-0.20437700681714177,0.7480245829675154
2024,Brent Barnaky|Courtney Kirkland|Michael Smith,1,0.008084118399959058,1.1865079365079365
2024,Brent Barnaky|Courtney Kirkland|Suyash Mehta,1,0.01710613042859958,1.0634920634920635
2024,Brent Barnaky|Curtis Blair|Jason Goldenberg,1,1.1277688729595652,2.817813765182186
2024,Brent Barnaky|David Guthrie|Matt Myers,1,-0.041869721324858264,1.1904761904761902
2024,Brent Barnaky|Derrick Collins|John Goble,1,-0.10763066419236544,1.0057142857142856
2024,Brent Barnaky|Derrick Collins|Ray Acosta,1,-0.7636773313657833,0.45866935483870963
2024,Brent Barnaky|Ed Malloy|Nate Green,1,-0.975915238209297,0.35172413793103446
2024,Brent Barnaky|Eric Dalen|Michael Smith,1,0.1941560144409574,1.259259259259259
2024,Brent Barnaky|Evan Scott|Mitchell Ervin,1,0.23869596432169446,1.3644470868014267
2024,Brent Barnaky|Evan Scott|Tyler Ricks,1,-0.06495789627477237,1.1245283018867924
2024,Brent Barnaky|Gediminas Petraitis|Matt Kallio,1,-0.028591133329259034,0.9242424242424242
2024,Brent Barnaky|JD Ralls|Marc Davis,1,-0.33610866635725545,0.7683284457478006
2024,Brent Barnaky|Jacyn Goble|Jonathan Sterling,1,-0.5808662220575452,0.5753968253968254
2024,Brent Barnaky|James Williams|John Conley,1,-0.10536051565782628,0.9140625
2024,Brent Barnaky|Jenna Reneau|Marc Davis,1,0.23867449334508656,0.990950226244344
2024,Brent Barnaky|Jenna Schroeder|Karl Lane,1,0.10419587011007507,1.2124060150375942
2024,Brent Barnaky|Jenna Schroeder|Zach Zarba,1,-0.3078266385442483,0.6300366300366301
2024,Brent Barnaky|John Conley|Pat Fraher,1,0.04673747785168984,0.8538011695906432
2024,Brent Barnaky|John Goble|Simone Jelks,1,0.16034265007517948,1.1612903225806452
2024,Brent Barnaky|Jonathan Sterling|Kevin Scott,1,-0.21630201949749325,0.9097744360902255
2024,Brent Barnaky|Jonathan Sterling|Mark Lindsay,1,-0.31299988043607085,0.6155303030303031
2024,Brent Barnaky|Kevin Scott|Robert Hussey,1,0.39927313786024327,1.2777777777777777
2024,Brent Barnaky|Marc Davis|Matt Boland,1,0.17565688504822205,1.0217391304347827
2024,Brent Barnaky|Marc Davis|Matt Myers,1,-0.2898590286839367,0.7465303140978816
2024,Brent Barnaky|Marc Davis|Michael Smith,1,0.19286519200794877,0.8862179487179488
2024,Brent Barnaky|Marc Davis|Phenizee Ransom,1,0.12233885219224404,1.1506849315068493
2024,Brent Barnaky|Marc Davis|Scott Twardoski,1,0.3698741630054619,1.556923076923077
2024,Brent Barnaky|Marc Davis|Sha'Rae Mitchell,1,0.32385377266200144,1.2263626251390434
2024,Brent Barnaky|Marc Davis|Simone Jelks,1,-0.4889316391312544,0.5772058823529411
2024,Brent Barnaky|Mark Lindsay|Matt Myers,1,-0.33428882964026935,0.7158469945355191
2024,Brent Barnaky|Matt Boland|Zach Zarba,1,-0.09402894964827621,0.7282051282051283
2024,Brent Barnaky|Matt Kallio|Ray Acosta,1,-0.1161339942359092,0.7014925373134329
2024,Brent Barnaky|Mousa Dagher|Tony Brothers,1,-0.18818853628063315,0.9357142857142858
2024,Brent Barnaky|Natalie Sago|Scott Twardoski,1,0.011412392051744765,0.9825783972125436
2024,Brent Barnaky|Pat Fraher|Robert Hussey,1,0.09393181983420347,1.1983471074380165
2024,Brent Barnaky|Phenizee Ransom|Scott Foster,1,0.750305594399894,1.7307692307692306
2024,Brent Barnaky|Scott Foster|Scott Twardoski,1,-0.12685728553682943,0.8408203124999999
2024,Brent Barnaky|Sean Wright|Simone Jelks,1,0.19522496162986247,0.9780564263322884
2024,Brent Barnaky|Tony Brothers|Tyler Ricks,1,0.25642952894767657,1.369727047146402
2024,Brent Haskill|Curtis Blair|JB DeRosa,1,-0.5113254988076417,0.7033248081841432
2024,Brent Haskill|John Goble|Scott Twardoski,1,0.01814931850567727,1.1309171597633136
2024,Brent Haskill|Justin Van Duyne|Tony Brothers,1,0.8109302162163288,2.7259615384615388
2024,Brett Nansel|Brian Forte|James Williams,1,0.20101368980610715,1.2539912917271407
2024,Brett Nansel|Brian Forte|Karl Lane,1,-0.3859205120351943,0.543859649122807
2024,Brett Nansel|Brian Forte|Mark Lindsay,1,-0.449140171610826,0.5967365967365968
2024,Brett Nansel|Brian Forte|Natalie Sago,1,-0.30121192468402863,0.709090909090909
2024,Brett Nansel|Brian Forte|Tre Maddox,1,0.12861737782209354,1.0935143288084463
2024,Brett Nansel|Courtney Kirkland|JB DeRosa,1,-0.019002947125615243,0.9910873440285205
2024,Brett Nansel|Curtis Blair|Nick Buchert,1,0.09089272369760225,1.053030303030303
2024,Brett Nansel|Curtis Blair|Phenizee Ransom,1,-0.1763895293600785,0.6426900584795321
2024,Brett Nansel|David Guthrie|Kevin Cutler,2,-0.042064765307370466,1.0528841528841528
2024,Brett Nansel|Ed Malloy|Karl Lane,1,-0.2475491786823505,0.637953091684435
2024,Brett Nansel|Ed Malloy|Rodney Mott,1,0.17077556579689382,1.087372448979592
2024,Brett Nansel|Eric Dalen|Karl Lane,1,0.24183072952652374,1.349875930521092
2024,Brett Nansel|Evan Scott|James Williams,1,0.011628037995118993,0.8009259259259259
2024,Brett Nansel|Gediminas Petraitis|Justin Van Duyne,1,-0.14693043185377128,0.8559113300492611
2024,Brett Nansel|James Capers|Sean Wright,1,0.2904798790761284,1.3505747126436782
2024,Brett Nansel|James Williams|Jenna Schroeder,1,0.06813780516721804,1.1116863905325443
2024,Brett Nansel|James Williams|Marat Kogut,3,-0.36288922450441663,0.7263438561964985
2024,Brett Nansel|James Williams|Nick Buchert,1,0.036171700210220495,0.9613555291319857
2024,Brett Nansel|James Williams|Tre Maddox,1,-0.46650099869453354,0.5017543859649123
2024,Brett Nansel|Jason Goldenberg|Tyler Ford,1,0.16941815195804694,1.303076923076923
2024,Brett Nansel|Josh Tiven|Justin Van Duyne,1,-0.10315219676259775,0.8942139099941555
2024,Brett Nansel|Karl Lane|Marc Davis,1,0.30323448545926573,1.3241379310344827
2024,Brett Nansel|Karl Lane|Scott Foster,3,-0.08444305004351099,1.0262579707271946
2024,Brett Nansel|Karl Lane|Scott Twardoski,1,-0.23369376220936233,0.7847800237812129
2024,Brett Nansel|Kevin Scott|Mousa Dagher,1,0.21597506183559723,1.2838669950738915
2024,Brett Nansel|Marat Kogut|Sean Wright,1,0.18356456503355165,1.2873134328358207
2024,Brett Nansel|Marc Davis|Nate Green,1,0.0025695945616307143,1.050314465408805
2024,Brett Nansel|Marc Davis|Nick Buchert,1,0.26966356694910243,1.206896551724138
2024,Brett Nansel|Mark Lindsay|Rodney Mott,1,-0.01868086864304164,0.9914066033469018
2024,Brett Nansel|Mark Lindsay|Sean Wright,1,-0.14355611339586216,1.0557692307692308
2024,Brett Nansel|Mitchell Ervin|Ray Acosta,1,0.2571623981633292,1.471635150166852
2024,Brett Nansel|Mitchell Ervin|Sean Corbin,1,0.09985951946747891,1.0897740784780023
2024,Brett Nansel|Nick Buchert|Sean Corbin,1,0.028170876966696224,0.9042386185243327
2024,Brett Nansel|Nick Buchert|Tre Maddox,1,0.21292199724267172,1.414043583535109
2024,Brett Nansel|Pat Fraher|Scott Twardoski,1,-0.3532793549375942,0.8676470588235294
2024,Brett Nansel|Phenizee Ransom|Scott Foster,1,-0.3226043448448477,0.7846153846153847
2024,Brett Nansel|Scott Twardoski|Sean Wright,1,0.2869366382018323,1.3027322404371586
2024,Brett Nansel|Scott Twardoski|Zach Zarba,1,-0.12199356819272687,1.161764705882353
2024,Brett Nansel|Sean Corbin|Tyler Ford,1,-0.5048908882461762,0.624384236453202
2024,Brian Forte|CJ Washington|Sean Corbin,1,-0.4030641465706263,0.86875
2024,Brian Forte|Che Flores|Justin Van Duyne,1,0.2013697517646492,1.371764705882353
2024,Brian Forte|Courtney Kirkland|Matt Myers,1,0.2372296883991671,1.0799200799200799
2024,Brian Forte|Curtis Blair|John Butler,1,-0.0813456394539524,1.0925925925925926
2024,Brian Forte|David Guthrie|Sha'Rae Mitchell,2,0.09484011335775565,1.088044847568657
2024,Brian Forte|Dedric Taylor|James Capers,1,0.03194795382420158,0.8272946859903381
2024,Brian Forte|Derek Richardson|Mousa Dagher,1,-0.2908617253691606,0.7536
2024,Brian Forte|Derrick Collins|Kevin Scott,1,0.5537953103437048,2.046875
2024,Brian Forte|Derrick Collins|Ray Acosta,1,-0.012422519998557209,0.8182601205857019
2024,Brian Forte|Ed Malloy|Robert Hussey,1,-0.2146710361419252,0.7912912912912913
2024,Brian Forte|Ed Malloy|Tom Washington,1,0.24168971490669652,1.1736028537455412
2024,Brian Forte|Eric Dalen|Suyash Mehta,1,-0.030098031157279527,0.9433962264150944
2024,Brian Forte|Gediminas Petraitis|Sha'Rae Mitchell,1,0.7295148247308201,1.876543209876543
2024,Brian Forte|Intae Hwang|Mark Lindsay,1,-0.31062102013236587,0.7311906501095691
2024,Brian Forte|JB DeRosa|Nate Green,1,-0.08701137698962981,0.8148148148148148
2024,Brian Forte|JD Ralls|Kevin Scott,1,-0.6247796821852769,0.5920060331825038
2024,Brian Forte|JT Orr|John Conley,1,-1.4773443345792054,0.20684523809523808
2024,Brian Forte|JT Orr|Marc Davis,1,0.44323233263346234,1.63562091503268
2024,Brian Forte|JT Orr|Mousa Dagher,1,-1.2361040825087293,0.266304347826087
2024,Brian Forte|Jacyn Goble|Michael Smith,1,-0.5342979799511329,0.7619047619047619
2024,Brian Forte|James Williams|Matt Myers,1,-0.9365564293337382,0.4096774193548387
2024,Brian Forte|James Williams|Phenizee Ransom,1,0.32404971662265575,1.1851851851851853
2024,Brian Forte|Jason Goldenberg|Jenna Schroeder,1,-0.44468582126144557,0.6461538461538462
2024,Brian Forte|Jason Goldenberg|Natalie Sago,1,-0.11927223920785121,1.0328042328042328
2024,Brian Forte|Jenna Schroeder|Kevin Scott,1,-0.46495056139434443,0.5276595744680851
2024,Brian Forte|Jenna Schroeder|Matt Myers,1,-0.23034646360826772,0.6561264822134387
2024,Brian Forte|Jenna Schroeder|Phenizee Ransom,1,0.08636223707718876,1.2537313432835822
2024,Brian Forte|Jenna Schroeder|Ray Acosta,1,-0.7419373447293773,0.5529953917050691
2024,Brian Forte|Jenna Schroeder|Scott Twardoski,1,0.2450737689855766,1.1097872340425532
2024,Brian Forte|John Conley|Josh Tiven,1,0.17529619974223762,1.125205030071077
2024,Brian Forte|John Goble|Matt Myers,1,0.1830114498878921,1.1879160266257038
2024,Brian Forte|John Goble|Michael Smith,1,-0.1385861632861468,0.9673202614379084
2024,Brian Forte|Jonathan Sterling|Sean Corbin,1,0.4512746441394587,1.5161637931034484
2024,Brian Forte|Josh Tiven|Scott Twardoski,1,0.4096889792243496,1.651190476190476
2024,Brian Forte|Justin Van Duyne|Tyler Ricks,1,0.0670771620888125,0.8713450292397661
2024,Brian Forte|Marat Kogut|Scott Foster,1,-0.1107005629007336,0.7519736842105262
2024,Brian Forte|Marc Davis|Matt Kallio,1,0.6985091237013307,2.1290322580645165
2024,Brian Forte|Mark Lindsay|Matt Kallio,1,0.6863328441402151,1.8798665183537264
2024,Brian Forte|Michael Smith|Scott Twardoski,1,-0.051868668396519546,0.955579058699101
2024,Brian Forte|Mousa Dagher|Zach Zarba,1,0.2696635669491026,1.3640873015873016
2024,Brian Forte|Natalie Sago|Simone Jelks,1,0.15684247149296968,1.2867924528301888
2024,Brian Forte|Nate Green|Phenizee Ransom,1,0.2301122206303031,1.4493506493506494
2024,Brian Forte|Ray Acosta|Tom Washington,1,0.13353139262452257,1.111111111111111
2024,Brian Forte|Scott Twardoski|Sha'Rae Mitchell,1,-0.3071001583088826,0.7470703125
2024,CJ Washington|Courtney Kirkland|Tre Maddox,1,0.06136894637629223,1.0772818121252496
2024,CJ Washington|Curtis Blair|Intae Hwang,1,-0.5187937934151677,0.5319148936170213
2024,CJ Washington|Curtis Blair|John Butler,1,-0.29255738681495513,0.8549127640036732
2024,CJ Washington|Danielle Scott|Ed Malloy,1,0.3555443615684463,1.5641646489104115
2024,CJ Washington|David Guthrie|Jason Goldenberg,1,-0.19105523676270922,0.6608695652173913
2024,CJ Washington|Derek Richardson|Ed Malloy,2,0.006951355355530847,1.2164855072463767
2024,CJ Washington|Derek Richardson|Gediminas Petraitis,1,-0.6568571791547448,0.45085066162570886
2024,CJ Washington|Derek Richardson|James Williams,1,-0.4274440148269398,0.7992973210364515
2024,CJ Washington|Derek Richardson|Josh Tiven,1,-0.05588045839445673,0.8861111111111111
2024,CJ Washington|Ed Malloy|JB DeRosa,2,-0.5382957297700428,0.5662731697214456
2024,CJ Washington|Ed Malloy|Jacyn Goble,1,-0.04039442220821026,0.9471635150166852
2024,CJ Washington|Ed Malloy|Natalie Sago,1,-0.24129836159458154,0.6775862068965518
2024,CJ Washington|Ed Malloy|Ray Acosta,1,-0.043734415967290066,1.028112449799197
2024,CJ Washington|Ed Malloy|Suyash Mehta,1,0.038208054838895056,1.2260869565217392
2024,CJ Washington|Ed Malloy|Tom Washington,1,-1.7888414630723408,0.15636960087479498
2024,CJ Washington|Evan Scott|Josh Tiven,1,-0.10855540655434566,0.7102272727272727
2024,CJ Washington|Evan Scott|Mark Lindsay,1,-0.10024541499105577,0.8223776223776225
2024,CJ Washington|Gediminas Petraitis|Jenna Schroeder,1,-0.48550781578170077,0.717948717948718
2024,CJ Washington|Gediminas Petraitis|Scott Foster,1,-0.28542414704612257,0.8140016570008285
2024,CJ Washington|JB DeRosa|Tony Brothers,1,0.0028011222797117733,0.8928199791883455
2024,CJ Washington|JD Ralls|Jacyn Goble,1,-0.05943955353632554,0.9341692789968652
2024,CJ Washington|JD Ralls|John Goble,1,0.7008758579316033,2.056650246305419
2024,CJ Washington|JT Orr|Tony Brothers,1,-0.040821994520255284,1.0625
2024,CJ Washington|Jacyn Goble|John Butler,1,0.4211878499941416,1.3742227247032222
2024,CJ Washington|Jacyn Goble|Mark Lindsay,1,-0.46650099869453354,0.7167919799498746
2024,CJ Washington|James Capers|Matt Boland,1,0.4054651081081644,1.3333333333333333
2024,CJ Washington|James Capers|ShaRae Mitchell,1,0.15950687902778324,1.2163742690058479
2024,CJ Washington|James Williams|Ray Acosta,1,0.1250032836298705,1.01806640625
2024,CJ Washington|Jenna Schroeder|John Goble,1,-0.34358970439007686,0.8687943262411347
2024,CJ Washington|Jenna Schroeder|Pat Fraher,1,-0.6422270901326885,0.6576492537313432
2024,CJ Washington|John Goble|Ray Acosta,1,0.05239806341908391,1.0502824858757063
2024,CJ Washington|Josh Tiven|Michael Smith,1,-0.4607188037118118,0.6045454545454545
2024,CJ Washington|Josh Tiven|Ray Acosta,1,-0.13353139262452263,0.7777777777777777
2024,CJ Washington|Justin Van Duyne|Sean Wright,1,-0.04798403756390727,1.0174216027874563
2024,CJ Washington|Karl Lane|Tyler Ricks,2,-0.32324865161378874,0.7138222222222221
2024,CJ Washington|Kevin Cutler|Pat Fraher,1,0.027200226299156544,1.0670955882352942
2024,CJ Washington|Kevin Cutler|Robert Hussey,1,-0.5108256237659907,0.5292682926829269
2024,CJ Washington|Kevin Cutler|Scott Foster,1,0.30918827767274437,1.3288690476190477
2024,CJ Washington|Kevin Scott|Michael Smith,1,-0.37520719206766,0.6282485875706215
2024,CJ Washington|Kevin Scott|Natalie Sago,1,0.31749633516220716,1.226923076923077
2024,CJ Washington|Kevin Scott|Robert Hussey,1,-0.38968124040690244,0.5518518518518519
2024,CJ Washington|Kevin Scott|Rodney Mott,1,-0.21360919232690823,0.8007013442431327
2024,CJ Washington|Kevin Scott|Sha'Rae Mitchell,1,0.47984207824602343,1.0692921236291126
2024,CJ Washington|Matt Boland|Mitchell Ervin,1,0.39738098970820535,1.394927536231884
2024,CJ Washington|Matt Boland|Scott Foster,1,0.3566749439387324,1.4193548387096773
2024,CJ Washington|Matt Kallio|Zach Zarba,1,-0.16693663795447522,0.6622851365015168
2024,CJ Washington|Scott Foster|Sean Corbin,1,0.14698219034864585,1.0811111111111111
2024,CJ Washington|Suyash Mehta|Tyler Ford,1,-0.11191791620398532,0.6877828054298643
2024,CJ Washington|Suyash Mehta|Zach Zarba,1,-0.4957877464014501,0.6184615384615384
2024,CJ Washington|Tom Washington|Zach Zarba,1,0.37972174413394644,1.6269284712482468
2024,CJ Washington|Tre Maddox|Tyler Ford,1,0.5818366594091793,1.8253968253968251
2024,Che Flores|Dedric Taylor|Ed Malloy,2,-0.11472175716006267,1.0682550208412276
2024,Che Flores|Ed Malloy|Justin Van Duyne,1,0.12337902116050457,0.9655172413793103
2024,Che Flores|Ed Malloy|Kevin Cutler,1,-0.35017108097937494,0.863095238095238
2024,Che Flores|Ed Malloy|Phenizee Ransom,1,-0.16008541534707282,0.8727272727272728
2024,Che Flores|Ed Malloy|Sean Corbin,1,-0.4097847692526807,0.5139043381535039
2024,Che Flores|Eric Dalen|Tony Brothers,1,0.34945943214802416,1.1980676328502418
2024,Che Flores|Gediminas Petraitis|Sean Wright,1,-0.23582871084152537,0.7443438914027151
2024,Che Flores|JT Orr|Marc Davis,1,-0.2034777567612663,0.8422847399829497
2024,Che Flores|Jacyn Goble|Zach Zarba,1,0.1445812288111075,0.9122807017543859
2024,Che Flores|Justin Van Duyne|Scott Twardoski,1,-0.17354661017483758,0.6368772470467386
2024,Che Flores|Justin Van Duyne|Tony Brothers,2,-0.7674681460573265,0.3937176683349455
2024,Che Flores|Kevin Cutler|Mark Lindsay,1,-0.08161133544616292,1.032567049808429
2024,Che Flores|Kevin Scott|Mousa Dagher,1,-0.19782574332991992,0.691358024691358
2024,Che Flores|Kevin Scott|Nick Buchert,1,0.05563169598614863,0.976449275362319
2024,Che Flores|Kevin Scott|Sean Corbin,1,-0.13181759614678787,1.0595065312046446
2024,Che Flores|Marat Kogut|Mitchell Ervin,1,-0.8183103235139514,0.48128342245989303
2024,Che Flores|Marat Kogut|Nick Buchert,1,-0.7991526494810183,0.3957446808510638
2024,Che Flores|Marat Kogut|Tre Maddox,1,-0.19237189264745613,0.75
2024,Che Flores|Marat Kogut|Zach Zarba,1,-0.7992067525202696,0.38544474393531
2024,Che Flores|Mousa Dagher|Tyler Ford,1,0.568538179833162,1.7767195767195767
2024,Che Flores|Nate Green|Sean Wright,1,0.4021262068426498,2.1083333333333334
2024,Che Flores|Nick Buchert|Sean Corbin,1,-0.17485326218642883,0.7241379310344829
2024,Che Flores|Ray Acosta|Zach Zarba,1,0.6549259677397476,1.9642857142857142
2024,Courtney Kirkland|Danielle Scott|JT Orr,1,0.048086186667637934,1.2241379310344827
2024,Courtney Kirkland|Danielle Scott|Scott Twardoski,1,-0.2459616052744988,0.8975061660728967
2024,Courtney Kirkland|Derek Richardson|Eric Dalen,1,-0.6529671032544145,0.440422322775264
2024,Courtney Kirkland|Derek Richardson|John Butler,1,-0.11301828572474427,0.9514925373134329
2024,Courtney Kirkland|Derrick Collins|Jacyn Goble,1,0.16515629366386048,1.4002726033621082
2024,Courtney Kirkland|Derrick Collins|Ray Acosta,1,0.0905140075408319,1.4181818181818182
2024,Courtney Kirkland|Eric Dalen|Phenizee Ransom,1,0.16726309291975305,1.2838541666666667
2024,Courtney Kirkland|Eric Dalen|Sha'Rae Mitchell,1,-0.23870806785532125,0.8168168168168168
2024,Courtney Kirkland|Evan Scott|JT Orr,1,0.44411082320582396,1.56884765625
2024,Courtney Kirkland|Evan Scott|Jacyn Goble,1,-0.28358873886078106,0.7216981132075472
2024,Courtney Kirkland|Evan Scott|Sean Corbin,1,0.12136085700426753,1.2419354838709677
2024,Courtney Kirkland|Gediminas Petraitis|Jason Goldenberg,1,-0.752501423209128,0.3926553672316384
2024,Courtney Kirkland|Gediminas Petraitis|John Conley,1,0.21364680377695258,1.2459239130434785
2024,Courtney Kirkland|Gediminas Petraitis|Jonathan Sterling,1,-0.8467982350957711,0.4266837169650469
2024,Courtney Kirkland|JB DeRosa|Nate Green,1,0.37647757123491205,1.4902597402597402
2024,Courtney Kirkland|JB DeRosa|Tyler Ricks,1,0.0,1.2672811059907834
2024,Courtney Kirkland|JD Ralls|Jacyn Goble,1,-0.830911120272431,0.5344000000000001
2024,Courtney Kirkland|JD Ralls|Mitchell Ervin,1,-0.15634607039069398,0.8535318559556786
2024,Courtney Kirkland|JD Ralls|Nick Buchert,1,-0.3600872970520485,0.8302200083022
2024,Courtney Kirkland|JT Orr|Jason Goldenberg,1,-1.1169614273363062,0.2934169278996865
2024,Courtney Kirkland|JT Orr|Matt Kallio,1,0.14590196592038523,0.9828629032258064
2024,Courtney Kirkland|Jason Goldenberg|John Conley,1,0.07510747248680569,1.1088
2024,Courtney Kirkland|Jenna Schroeder|John Butler,1,-0.048412163786930654,0.8537549407114624
2024,Courtney Kirkland|Jenna Schroeder|Phenizee Ransom,1,0.001566171032745098,1.0492610837438425
2024,Courtney Kirkland|John Butler|John Conley,1,-0.26451364734763566,0.6803542673107891
2024,Courtney Kirkland|John Butler|Mousa Dagher,1,-0.015267472130788533,0.9669421487603305
2024,Courtney Kirkland|Kevin Cutler|Mousa Dagher,1,-0.3431612247720095,0.5730769230769232
2024,Courtney Kirkland|Mark Lindsay|Scott Twardoski,1,-0.007490671729157626,0.9925373134328359
2024,Courtney Kirkland|Matt Boland|Sean Corbin,1,-0.3964549412229234,0.6016290262865606
2024,Courtney Kirkland|Matt Kallio|Scott Twardoski,1,-0.25131442828090605,0.8214285714285713
2024,Courtney Kirkland|Michael Smith|Rodney Mott,2,-0.08447603006476029,0.870219435736677
2024,Courtney Kirkland|Mousa Dagher|Pat Fraher,1,0.1681271477296798,1.0903686087990487
2024,Courtney Kirkland|Mousa Dagher|Scott Twardoski,1,-0.3090732624330984,0.8993055555555556
2024,Courtney Kirkland|Mousa Dagher|Suyash Mehta,1,-0.36872886828254514,0.6078629032258065
2024,Courtney Kirkland|Natalie Sago|Simone Jelks,1,-0.03386451395275642,0.8928571428571428
2024,Courtney Kirkland|Rodney Mott|Tyler Ricks,1,0.1753528874778611,1.5006172839506173
2024,Courtney Kirkland|Scott Twardoski|Sean Corbin,1,-0.1820217516650413,0.826397146254459
2024,Curtis Blair|Danielle Scott|Justin Van Duyne,1,0.1500281350732394,1.0377358490566038
2024,Curtis Blair|Danielle Scott|Marat Kogut,1,-0.10467062256388868,0.8928571428571428
2024,Curtis Blair|Danielle Scott|Ray Acosta,1,-0.24387944979338808,0.8149253731343284
2024,Curtis Blair|Derek Richardson|Eric Dalen,1,-0.7783049889002521,0.4040816326530612
2024,Curtis Blair|Derrick Collins|Nick Buchert,1,-0.33931498307625163,0.8161290322580645
2024,Curtis Blair|Derrick Collins|Phenizee Ransom,1,0.07333127308554951,1.064516129032258
2024,Curtis Blair|Eric Dalen|Matt Kallio,1,0.13353139262452257,1.0267857142857142
2024,Curtis Blair|Eric Dalen|Michael Smith,1,-0.8811344748895774,0.4330235101148168
2024,Curtis Blair|Eric Dalen|Natalie Sago,1,-0.13443026908953987,0.9078374455732946
2024,Curtis Blair|Eric Dalen|Nate Green,1,-0.4448676559741933,0.7324675324675324
2024,Curtis Blair|Gediminas Petraitis|Matt Myers,1,-0.03532747520261435,0.9480519480519481
2024,Curtis Blair|Gediminas Petraitis|Phenizee Ransom,1,-0.02105340919783238,1.0966666666666667
2024,Curtis Blair|Intae Hwang|Jacyn Goble,1,-0.1462002483799603,0.7792397660818713
2024,Curtis Blair|JB DeRosa|Mousa Dagher,1,-0.32047189527477193,0.7258064516129032
2024,Curtis Blair|JT Orr|Jenna Schroeder,1,-0.26396554583446485,0.7741935483870966
2024,Curtis Blair|JT Orr|Ray Acosta,1,-0.04919024419077166,0.7051851851851852
2024,Curtis Blair|JT Orr|Suyash Mehta,2,-0.37576400806491506,0.638347370093755
2024,Curtis Blair|JT Orr|Tyler Ricks,1,-0.7357634827143649,0.4018589393110989
2024,Curtis Blair|Jenna Schroeder|Nick Buchert,1,0.29601776950913367,1.4737723214285714
2024,Curtis Blair|Jenna Schroeder|Ray Acosta,2,0.06154404394303836,1.0582978723404255
2024,Curtis Blair|John Butler|John Conley,1,0.16195886227506995,1.021276595744681
2024,Curtis Blair|John Butler|Mitchell Ervin,1,-0.4663738611951568,0.5018181818181818
2024,Curtis Blair|John Butler|Mousa Dagher,2,0.20612841711546537,1.0424475815754715
2024,Curtis Blair|Justin Van Duyne|Matt Boland,1,-0.8512815117398961,0.44614543466375073
2024,Curtis Blair|Justin Van Duyne|Matt Myers,1,0.3108491317333154,1.4116379310344827
2024,Curtis Blair|Justin Van Duyne|Suyash Mehta,1,0.25131442828090617,1.2413793103448276
2024,Curtis Blair|Karl Lane|Phenizee Ransom,1,0.20294084399669038,1.4583333333333335
2024,Curtis Blair|Kevin Cutler|Matt Boland,1,-0.12210269680089984,0.7708565072302558
2024,Curtis Blair|Kevin Cutler|Mousa Dagher,1,-0.14922456149120247,0.8457142857142858
2024,Curtis Blair|Kevin Cutler|Sha'Rae Mitchell,1,0.3829922522561059,1.4160919540229884
2024,Curtis Blair|Kevin Cutler|Tom Washington,1,0.3633994428226517,1.2144886363636365
2024,Curtis Blair|Marat Kogut|Mousa Dagher,1,0.23433609174648826,1.0984326018808777
2024,Curtis Blair|Matt Boland|Nate Green,1,-0.5414809740603489,0.627471383975026
2024,Curtis Blair|Matt Boland|Nick Buchert,1,0.3492399654512142,2.0419047619047617
2024,Curtis Blair|Matt Kallio|Rodney Mott,1,-0.6545725171749651,0.5442428730099963
2024,Curtis Blair|Michael Smith|Mitchell Ervin,1,-0.20100242543699634,0.7435549525101763
2024,Curtis Blair|Mitchell Ervin|Tom Washington,1,0.0489394290402219,1.0356718192627825
2024,Curtis Blair|Natalie Sago|Tom Washington,1,-0.05017410009053557,1.240518038852914
2024,Curtis Blair|Nate Green|Tre Maddox,2,-0.27678453170989337,0.7151405880323629
2024,Curtis Blair|Ray Acosta|Robert Hussey,1,-0.41604721743870127,0.5449275362318841
2024,Curtis Blair|Robert Hussey|Rodney Mott,1,-0.01834913866819643,0.9024064171122995
2024,Curtis Blair|Scott Twardoski|Tre Maddox,1,-0.17420412227398782,0.8701298701298702
2024,Danielle Scott|Ed Malloy|Kevin Cutler,1,-0.3184537311185346,0.7851239669421487
2024,Danielle Scott|Ed Malloy|Rodney Mott,1,0.12087299575259908,1.0971348707197766
2024,Danielle Scott|Eric Dalen|James Williams,1,-0.05264373348542203,0.9852071005917159
2024,Danielle Scott|Gediminas Petraitis|Rodney Mott,1,0.3168103453748045,1.553001277139208
2024,Danielle Scott|Gediminas Petraitis|Tony Brothers,1,0.32949662288478787,1.650943396226415
2024,Danielle Scott|JT Orr|John Goble,1,-0.01270306425625345,0.9323621227887616
2024,Danielle Scott|JT Orr|Kevin Scott,1,-1.425515074273172,0.22189349112426035
2024,Danielle Scott|JT Orr|Tyler Ford,1,-0.0020181641562371246,0.8577712609970675
2024,Danielle Scott|Jacyn Goble|Michael Smith,1,-0.14677057252963568,0.8095238095238094
2024,Danielle Scott|Jason Goldenberg|Sean Wright,1,-0.22580666873369348,0.971322849213691
2024,Danielle Scott|Jason Goldenberg|Tyler Ford,1,0.17395330712343798,1.423444976076555
2024,Danielle Scott|John Butler|Scott Foster,1,-0.1479201300766222,1.0310344827586209
2024,Danielle Scott|John Goble|Justin Van Duyne,2,-0.4090523988327098,0.7510516679943537
2024,Danielle Scott|John Goble|Marat Kogut,1,0.40505094367896805,1.3722689075630252
2024,Danielle Scott|John Goble|Mark Lindsay,1,0.1720467288528562,1.1159259259259258
2024,Danielle Scott|John Goble|Nick Buchert,1,0.6168638758103147,1.7604519774011298
2024,Danielle Scott|John Goble|Ray Acosta,1,0.20602689466267604,1.0102040816326532
2024,Danielle Scott|John Goble|Sean Corbin,2,-0.015343055359220717,0.9995465144097725
2024,Danielle Scott|Josh Tiven|Natalie Sago,1,-0.44080447455347327,0.6581439393939394
2024,Danielle Scott|Josh Tiven|Rodney Mott,1,0.3427183531181658,1.280701754385965
2024,Danielle Scott|Justin Van Duyne|Tony Brothers,1,0.27193371548364176,1.1761363636363635
2024,Danielle Scott|Karl Lane|Natalie Sago,1,-0.7701082216960737,0.3968253968253968
2024,Danielle Scott|Kevin Cutler|Kevin Scott,1,0.09811130208403672,1.2725250278086764
2024,Danielle Scott|Kevin Cutler|Tyler Ford,1,0.3579125678590824,1.4494117647058824
2024,Danielle Scott|Kevin Scott|Pat Fraher,1,-0.10589228913486189,0.7676950998185118
2024,Danielle Scott|Marat Kogut|Scott Foster,1,-0.1608396679780549,1.2956521739130435
2024,Danielle Scott|Marat Kogut|Sean Wright,1,-0.18003584151309868,0.8279773156899811
2024,Danielle Scott|Mark Lindsay|Rodney Mott,1,-0.756862994946053,0.3958333333333333
2024,Danielle Scott|Mark Lindsay|Tre Maddox,1,-0.06739159011997761,0.9424603174603174
2024,Danielle Scott|Mitchell Ervin|Tre Maddox,1,0.6135945488579917,1.7008333333333334
2024,Danielle Scott|Natalie Sago|Pat Fraher,1,0.3044891907681623,1.0716238381629306
2024,Danielle Scott|Pat Fraher|Sean Corbin,1,0.37979736135958647,1.5555555555555556
2024,Danielle Scott|Pat Fraher|Tony Brothers,1,0.7195429233257685,2.383354350567465
2024,Danielle Scott|Sean Corbin|Tony Brothers,1,-0.8204089601708726,0.3773584905660377
2024,David Guthrie|Derrick Collins|Justin Van Duyne,1,-0.9886113934537812,0.33826638477801263
2024,David Guthrie|Derrick Collins|Nick Buchert,1,-0.24918450202308132,0.8046532045654083
2024,David Guthrie|Derrick Collins|Ray Acosta,1,0.5601099811750334,2.090909090909091
2024,David Guthrie|Evan Scott|Matt Myers,1,0.7735989698509681,2.477203647416413
2024,David Guthrie|Evan Scott|Nate Green,1,0.08258048732600647,1.3963963963963966
2024,David Guthrie|Evan Scott|Nick Buchert,1,0.08004270767353636,0.98079561042524
2024,David Guthrie|Intae Hwang|John Butler,1,0.5302608644886413,1.2498633132859487
2024,David Guthrie|Intae Hwang|Ray Acosta,1,0.03195159980660243,0.8502673796791443
2024,David Guthrie|Jason Goldenberg|John Conley,1,-0.23509976214134223,0.7761194029850746
2024,David Guthrie|Jason Goldenberg|Marat Kogut,1,0.08434114843375075,1.3499999999999999
2024,David Guthrie|John Butler|Matt Kallio,1,-0.4180438903150247,0.548611111111111
2024,David Guthrie|Justin Van Duyne|Mousa Dagher,1,0.27339611520430435,1.2322695035460993
2024,David Guthrie|Kevin Cutler|Mousa Dagher,1,0.311285241639922,1.3789682539682537
2024,David Guthrie|Kevin Cutler|Natalie Sago,1,-0.7621400520468967,0.40579710144927533
2024,David Guthrie|Kevin Cutler|Nate Green,1,-0.08701137698962981,0.8921568627450981
2024,David Guthrie|Marat Kogut|Nate Green,1,-0.08522725519612848,0.9552631578947368
2024,David Guthrie|Matt Boland|Sean Corbin,1,-0.39589565709201374,0.625
2024,David Guthrie|Mitchell Ervin|Phenizee Ransom,1,-0.262364264467491,1.0096153846153846
2024,David Guthrie|Nate Green|Phenizee Ransom,1,0.19788607333506616,1.119327731092437
2024,David Guthrie|Nate Green|Sean Corbin,1,-0.1938339811696605,0.9744623655913979
2024,David Guthrie|Nick Buchert|Robert Hussey,2,0.1999984070836529,1.4485433485433485
2024,David Guthrie|Nick Buchert|Simone Jelks,1,0.109199291964992,1.2269230769230768
2024,Dedric Taylor|JD Ralls|Jacyn Goble,1,0.41677217902285607,1.3594405594405596
2024,Dedric Taylor|Jenna Schroeder|Karl Lane,1,0.14496577025018564,1.1657142857142857
2024,Dedric Taylor|John Conley|Zach Zarba,1,0.369747025506085,1.3711911357340718
2024,Dedric Taylor|Justin Van Duyne|Mark Lindsay,1,-0.36318962495992596,0.8568000000000001
2024,Dedric Taylor|Karl Lane|Sean Corbin,1,0.5667332557042867,1.7017241379310344
2024,Dedric Taylor|Kevin Scott|Pat Fraher,1,0.15415067982725836,1.2098765432098764
2024,Dedric Taylor|Matt Myers|Mitchell Ervin,1,0.2837216712356841,1.3548387096774193
2024,Dedric Taylor|Sean Corbin|Tony Brothers,1,-0.4110831004123877,0.5354449472096531
2024,Dedric Taylor|Suyash Mehta|Tyler Ford,1,-0.22042492707521627,0.8005540166204986
2024,Derek Richardson|Derrick Collins|Pat Fraher,1,-0.043972243556094096,0.7797619047619048
2024,Derek Richardson|Ed Malloy|Kevin Cutler,1,-0.3566749439387323,0.7499999999999999
2024,Derek Richardson|Evan Scott|Marc Davis,1,-0.12350714974027216,1.0257856567284447
2024,Derek Richardson|JB DeRosa|Marc Davis,1,-0.8764544446786593,0.3885057471264368
2024,Derek Richardson|JB DeRosa|Mitchell Ervin,1,-0.0033389012655145986,0.8256410256410256
2024,Derek Richardson|Jason Goldenberg|Pat Fraher,1,0.5408415197062564,1.7780026990553304
2024,Derek Richardson|John Butler|Pat Fraher,1,-0.7621400520468966,0.43076923076923074
2024,Derek Richardson|John Butler|Tony Brothers,1,-0.8059426747052897,0.5630252100840336
2024,Derek Richardson|John Goble|Sean Corbin,2,0.14334078605909872,1.137617554858934
2024,Derek Richardson|Josh Tiven|Scott Twardoski,1,-0.5136786927483972,0.5555555555555556
2024,Derek Richardson|Josh Tiven|Tre Maddox,1,-0.43491230943446557,0.5178571428571428
2024,Derek Richardson|Karl Lane|Scott Foster,1,-0.2926696139628201,0.7643600180913614
2024,Derek Richardson|Kevin Cutler|Scott Twardoski,1,0.01929320293467885,1.1421957671957672
2024,Derek Richardson|Kevin Cutler|Tyler Ford,1,0.25417867988105164,1.3245967741935485
2024,Derek Richardson|Kevin Scott|Scott Twardoski,1,0.43999097695723777,1.2945531464833422
2024,Derek Richardson|Mark Lindsay|Scott Twardoski,1,0.053740263608379975,1.217296113847838
2024,Derek Richardson|Mousa Dagher|Scott Foster,1,-0.09461597637484909,0.8683712121212122
2024,Derek Richardson|Natalie Sago|Tyler Ford,1,0.0425596144187959,0.9807692307692308
2024,Derek Richardson|Nick Buchert|Zach Zarba,1,-0.2776317365982795,0.7759412304866851
2024,Derek Richardson|Pat Fraher|Ray Acosta,1,0.32014787370135794,1.2416851441241685
2024,Derrick Collins|Ed Malloy|Gediminas Petraitis,1,-0.5361772149634051,0.597979797979798
2024,Derrick Collins|Ed Malloy|Jacyn Goble,1,0.7288652631620246,2.354208754208754
2024,Derrick Collins|Ed Malloy|Nate Green,1,-0.23582871084152537,0.7443438914027151
2024,Derrick Collins|Ed Malloy|Phenizee Ransom,1,0.0,0.9821428571428571
2024,Derrick Collins|Gediminas Petraitis|JD Ralls,1,0.0833416481006674,0.9624060150375939
2024,Derrick Collins|Gediminas Petraitis|Matt Boland,1,-0.3873157896024872,0.8825396825396825
2024,Derrick Collins|Gediminas Petraitis|Mousa Dagher,1,0.5507453932217699,1.651948051948052
2024,Derrick Collins|JB DeRosa|Mitchell Ervin,2,0.207636529017027,1.1565870910698497
2024,Derrick Collins|JT Orr|Tre Maddox,1,-0.9563533140262257,0.3860708534621578
2024,Derrick Collins|Jacyn Goble|Pat Fraher,1,-1.734961870834922,0.1683884297520661
2024,Derrick Collins|James Williams|Matt Kallio,1,0.26524611084238003,1.002886002886003
2024,Derrick Collins|James Williams|Suyash Mehta,1,-0.42006390752931716,0.5210727969348659
2024,Derrick Collins|John Goble|Justin Van Duyne,1,-0.040821994520255166,0.8823529411764706
2024,Derrick Collins|Karl Lane|Tony Brothers,1,0.3487122915157149,1.4872286079182628
2024,Derrick Collins|Kevin Cutler|Pat Fraher,1,0.46532376535463793,1.4665898617511521
2024,Derrick Collins|Kevin Scott|Phenizee Ransom,1,-0.19301684591070253,0.8244680851063829
2024,Derrick Collins|Kevin Scott|Scott Twardoski,1,0.336472236621213,1.68
2024,Derrick Collins|Marc Davis|Natalie Sago,1,-0.11053230406022026,0.9468147282291058
2024,Derrick Collins|Mitchell Ervin|Natalie Sago,1,-0.3419517023858385,0.5327868852459017
2024,Derrick Collins|Mitchell Ervin|Sean Corbin,1,-0.14749593297489508,0.9667294413057125
2024,Derrick Collins|Mitchell Ervin|Zach Zarba,1,-0.7000676234045191,0.44999999999999996
2024,Derrick Collins|Pat Fraher|Ray Acosta,1,0.2394799706339032,1.150326797385621
2024,Derrick Collins|Suyash Mehta|Tyler Ford,1,0.28589476187768514,1.4589285714285714
2024,Derrick Collins|Tre Maddox|Tyler Ford,1,-0.7849547298130681,0.3671373555840821
2024,Ed Malloy|Eric Dalen|Sha'Rae Mitchell,1,-0.39235269501566955,0.5837359098228664
2024,Ed Malloy|JT Orr|Mousa Dagher,1,0.1166768408533168,1.0687471732247853
2024,Ed Malloy|JT Orr|Tom Washington,1,-0.48617648849133654,0.6244343891402715
2024,Ed Malloy|Jacyn Goble|Nate Green,1,-0.9402062832707131,0.33475479744136455
2024,Ed Malloy|Jason Goldenberg|Matt Boland,1,0.05971923470162228,1.0615384615384615
2024,Ed Malloy|Jenna Schroeder|Justin Van Duyne,2,0.055048028924706255,0.9942679245283019
2024,Ed Malloy|John Butler|Jonathan Sterling,1,0.4679005790489568,1.6521739130434783
2024,Ed Malloy|John Conley|Phenizee Ransom,1,0.6509144169366723,1.5380952380952382
2024,Ed Malloy|Jonathan Sterling|Nate Green,1,0.02435432395176406,1.1271186440677967
2024,Ed Malloy|Jonathan Sterling|Phenizee Ransom,1,0.194696194874353,0.9979879275653923
2024,Ed Malloy|Jonathan Sterling|Rodney Mott,1,-0.6719361545283089,0.5901639344262296
2024,Ed Malloy|Justin Van Duyne|Matt Kallio,1,0.2445099005865722,1.5447523852794183
2024,Ed Malloy|Justin Van Duyne|Matt Myers,1,-0.8096555187843282,0.3775853775853775
2024,Ed Malloy|Kevin Cutler|Matt Myers,1,-0.2969526926413083,0.8209255533199196
2024,Ed Malloy|Marat Kogut|Robert Hussey,1,-0.19941599015325473,0.7135046473482778
2024,Ed Malloy|Marat Kogut|Tyler Ricks,1,0.44253831923133274,1.6245909303412809
2024,Ed Malloy|Matt Boland|Nick Buchert,1,-0.10327189786140997,1.049462365591398
2024,Ed Malloy|Michael Smith|Tre Maddox,1,0.160921186394469,1.10400390625
2024,Ed Malloy|Mitchell Ervin|Suyash Mehta,1,-1.0511457514291862,0.31069958847736623
2024,Ed Malloy|Phenizee Ransom|Ray Acosta,2,-0.1898368841273666,0.6840708311296547
2024,Ed Malloy|Phenizee Ransom|Rodney Mott,1,0.5382245979541052,1.6033333333333333
2024,Ed Malloy|Rodney Mott|Simone Jelks,1,-0.9559832544251954,0.4731494920174165
2024,Ed Malloy|Tom Washington|Tre Maddox,1,0.04673747785168984,1.2332683560753737
2024,Eric Dalen|Evan Scott|Tony Brothers,1,-0.45622148973113896,0.5476190476190476
2024,Eric Dalen|Evan Scott|Zach Zarba,1,0.09625670140835574,1.3107638888888888
2024,Eric Dalen|Gediminas Petraitis|Tyler Ricks,1,-0.638599734260717,0.5166757791142701
2024,Eric Dalen|JB DeRosa|Jacyn Goble,1,-0.08559193033540351,0.923891129032258
2024,Eric Dalen|JD Ralls|Sean Wright,1,-0.10906682701281682,0.9633649932157395
2024,Eric Dalen|James Capers|Phenizee Ransom,1,0.09456270250528885,1.032724505327245
2024,Eric Dalen|James Williams|Michael Smith,1,-0.6505875661411494,0.4444444444444445
2024,Eric Dalen|Jenna Schroeder|Tony Brothers,1,0.10008345855698243,1.1250000000000002
2024,Eric Dalen|John Butler|John Goble,1,-0.06371581438610774,1.042022792022792
2024,Eric Dalen|John Goble|Sean Corbin,1,0.2952292780871638,1.1515151515151516
2024,Eric Dalen|Josh Tiven|Matt Boland,1,-0.21551962620355042,0.8061224489795918
2024,Eric Dalen|Josh Tiven|Nate Green,1,-0.38426290045756134,0.6864
2024,Eric Dalen|Kevin Scott|Matt Myers,1,0.31845373111853476,1.3076923076923077
2024,Eric Dalen|Kevin Scott|Robert Hussey,1,0.35065687161316933,1.2496
2024,Eric Dalen|Kevin Scott|Simone Jelks,1,-0.12188981760903689,0.8376520359598096
2024,Eric Dalen|Mitchell Ervin|Suyash Mehta,1,-0.1737817952458201,0.880503144654088
2024,Eric Dalen|Mousa Dagher|Tre Maddox,1,-0.03947881097378758,0.7775142314990513
2024,Eric Dalen|Natalie Sago|Tyler Ford,1,0.11013379441048396,1.2280701754385963
2024,Eric Dalen|Pat Fraher|Suyash Mehta,1,-0.015037877364540559,0.9147121535181236
2024,Eric Dalen|Robert Hussey|Tyler Ford,1,0.4958378328004989,1.8060606060606061
2024,Eric Dalen|Scott Twardoski|Sean Wright,1,-0.8701013494047805,0.4675324675324675
2024,Eric Dalen|Sean Wright|Simone Jelks,1,-0.3456466128972542,0.6705118961788031
2024,Eric Dalen|Simone Jelks|Tyler Ford,1,-1.2360760497103533,0.2604679802955665
2024,Evan Scott|Gediminas Petraitis|James Capers,1,-0.1879827122286929,0.8838709677419354
2024,Evan Scott|Gediminas Petraitis|Karl Lane,2,-0.08344148068061849,0.8245041483017889
2024,Evan Scott|Gediminas Petraitis|Kevin Scott,1,0.10626151808391071,1.203585147247119
2024,Evan Scott|Gediminas Petraitis|Matt Myers,1,0.26830781836833895,1.721311475409836
2024,Evan Scott|Gediminas Petraitis|Scott Foster,1,0.028948504105238596,1.0867265996827076
2024,Evan Scott|JT Orr|Karl Lane,1,0.5213945751152248,1.9250000000000003
2024,Evan Scott|Jacyn Goble|Mark Lindsay,1,0.008298802814695064,0.7764705882352941
2024,Evan Scott|Jacyn Goble|Tyler Ford,1,-0.23767165187711972,0.8187869822485206
2024,Evan Scott|Jacyn Goble|Zach Zarba,1,-0.4372508427739275,0.6218905472636815
2024,Evan Scott|James Williams|Mitchell Ervin,1,-0.2886403858935923,0.6850574712643679
2024,Evan Scott|James Williams|Nate Green,1,-0.028641575963384038,1.0516934046345812
2024,Evan Scott|Jenna Schroeder|Pat Fraher,1,-0.3303272215335511,0.6316598360655737
2024,Evan Scott|John Butler|Kevin Scott,1,-0.3608608018714105,0.7525252525252525
2024,Evan Scott|John Butler|Tyler Ford,1,-0.01319921906672949,1.0317460317460316
2024,Evan Scott|John Goble|Pat Fraher,2,0.35527883186294806,1.2767391304347826
2024,Evan Scott|John Goble|Phenizee Ransom,1,-0.44183275227903934,0.7878787878787878
2024,Evan Scott|Josh Tiven|Sean Corbin,1,-0.15841603594040018,0.9559139784946237
2024,Evan Scott|Justin Van Duyne|Sean Wright,1,-0.5144553918165692,0.6111111111111112
2024,Evan Scott|Kevin Cutler|Kevin Scott,1,0.33037914076646585,1.291363163371488
2024,Evan Scott|Kevin Scott|Tom Washington,1,-0.11147791190966537,0.9371069182389937
2024,Evan Scott|Marat Kogut|Tony Brothers,1,0.3148278340032319,1.1422527763088313
2024,Evan Scott|Marat Kogut|Zach Zarba,1,-0.5091435375830059,0.7478005865102639
2024,Evan Scott|Marc Davis|Nick Buchert,1,-0.38229804882663004,0.51171875
2024,Evan Scott|Mitchell Ervin|Sean Corbin,1,0.12656272330842924,1.0403439153439153
2024,Evan Scott|Natalie Sago|Zach Zarba,1,0.0748237917977445,1.050751879699248
2024,Evan Scott|Nate Green|Pat Fraher,1,-0.12987508142141213,0.7903846153846155
2024,Evan Scott|Nick Buchert|Zach Zarba,1,0.18472251833149275,0.9546703296703297
2024,Evan Scott|Phenizee Ransom|Zach Zarba,1,-0.43213335519032586,0.6267392619479734
2024,Evan Scott|Robert Hussey|Rodney Mott,1,0.09702397628205951,1.2120754716981132
2024,Evan Scott|Rodney Mott|Zach Zarba,1,0.134706250797647,1.006896551724138
2024,Evan Scott|Scott Foster|Tre Maddox,1,0.2752504681096356,1.1705426356589148
2024,Evan Scott|Suyash Mehta|Tyler Ford,1,-0.6526943653970421,0.5392354124748492
2024,Evan Scott|Tom Washington|Zach Zarba,1,0.15634607039069404,1.4615384615384617
2024,Evan Scott|Tre Maddox|Zach Zarba,1,0.2736083452401188,1.3229166666666665
2024,Gediminas Petraitis|Intae Hwang|Marat Kogut,1,-0.0809124998480556,0.9851106639839035
2024,Gediminas Petraitis|Intae Hwang|Tony Brothers,2,0.048715322512979796,1.2232015190229095
2024,Gediminas Petraitis|JB DeRosa|Matt Boland,1,-1.006674793342424,0.31827956989247314
2024,Gediminas Petraitis|JT Orr|James Williams,1,0.11460338273900376,0.9858712715855573
2024,Gediminas Petraitis|Jacyn Goble|Matt Kallio,1,-0.21330510231392186,0.919345412039743
2024,Gediminas Petraitis|Jacyn Goble|Suyash Mehta,1,-0.9313491957483566,0.3485576923076923
2024,Gediminas Petraitis|James Capers|Suyash Mehta,1,-0.5577894996263449,0.6976576576576577
2024,Gediminas Petraitis|John Butler|Marat Kogut,1,-0.31626952930369356,0.7346938775510204
2024,Gediminas Petraitis|Jonathan Sterling|Mitchell Ervin,1,-0.22705745063534608,0.9090277777777779
2024,Gediminas Petraitis|Kevin Cutler|Marat Kogut,1,0.043485111939738676,1.0042735042735043
2024,Gediminas Petraitis|Marc Davis|Matt Myers,1,-0.20607073700561793,0.8055555555555556
2024,Gediminas Petraitis|Mark Lindsay|Matt Kallio,1,-0.11778303565638351,0.7567567567567568
2024,Gediminas Petraitis|Matt Kallio|Scott Twardoski,1,-0.6291418505840329,0.4797441364605543
2024,Gediminas Petraitis|Matt Myers|Mitchell Ervin,1,-1.6476905713007466,0.17966101694915254
2024,Gediminas Petraitis|Matt Myers|Tony Brothers,3,-0.16987503774751408,0.7383432815531581
2024,Gediminas Petraitis|Michael Smith|Scott Twardoski,1,-0.006132898268697224,0.84423828125
2024,Gediminas Petraitis|Mitchell Ervin|Simone Jelks,1,-0.14870494599496978,0.8962962962962963
2024,Gediminas Petraitis|Mousa Dagher|Sha'Rae Mitchell,1,-0.12545795427689582,0.9327878433664525
2024,Gediminas Petraitis|Nick Buchert|Sha'Rae Mitchell,2,0.18682172718706253,1.262922646884911
2024,Gediminas Petraitis|Scott Foster|Tom Washington,1,-0.02725805170933673,0.9904870624048705
2024,Gediminas Petraitis|Sean Corbin|Tyler Mirkovich,1,0.8205456749157707,2.1550094517958414
2024,Gediminas Petraitis|Sean Corbin|Tyler Ricks,1,-0.2315926058007373,0.8125
2024,Gediminas Petraitis|Sean Wright|Simone Jelks,1,0.027834798993444057,1.034859521331946
2024,Gediminas Petraitis|Simone Jelks|Tony Brothers,1,0.06453852113757116,1.17487922705314
2024,Intae Hwang|JT Orr|Marc Davis,1,-0.273597332570042,0.6085106382978723
2024,Intae Hwang|JT Orr|Pat Fraher,1,0.06581321856957162,1.0383597883597884
2024,Intae Hwang|JT Orr|Tony Brothers,1,0.09414731385507834,0.9296875
2024,Intae Hwang|Jacyn Goble|Josh Tiven,1,-0.23614842233659805,0.9566532258064516
2024,Intae Hwang|Jason Goldenberg|Josh Tiven,1,-0.2068830304424293,0.8196721311475409
2024,Intae Hwang|John Butler|John Goble,1,0.3982239468516048,1.6175548589341693
2024,Intae Hwang|John Butler|Josh Tiven,1,-0.07738666361542024,0.8638297872340425
2024,Intae Hwang|John Butler|Kevin Cutler,1,-0.580669197133255,0.6119791666666667
2024,Intae Hwang|John Goble|Marat Kogut,1,-0.0778705455189689,0.8306878306878307
2024,Intae Hwang|John Goble|Sean Corbin,1,-0.6221777690920836,0.4926315789473684
2024,Intae Hwang|Josh Tiven|Mitchell Ervin,1,0.3063424951691836,1.1719939117199392
2024,Intae Hwang|Josh Tiven|Mousa Dagher,1,0.49062291644847134,1.7150000000000003
2024,Intae Hwang|Josh Tiven|Rodney Mott,3,0.060693489609518515,1.0410576398628644
2024,Intae Hwang|Josh Tiven|Scott Twardoski,2,-0.034052448239422495,0.9925637040887507
2024,Intae Hwang|Josh Tiven|Sean Corbin,1,-0.42701766649389855,0.637953091684435
2024,Intae Hwang|Justin Van Duyne|Pat Fraher,1,0.2951170509392991,1.334617236398652
2024,Intae Hwang|Justin Van Duyne|Tony Brothers,1,-0.4298235519402048,0.6606334841628959
2024,Intae Hwang|Karl Lane|Nick Buchert,1,-0.13150579576214866,0.7380254154447703
2024,Intae Hwang|Karl Lane|Tre Maddox,1,0.3949276028053785,1.3701015965166907
2024,Intae Hwang|Kevin Scott|Marat Kogut,1,-0.14209252492655627,1.163369135104579
2024,Intae Hwang|Marc Davis|Nick Buchert,1,0.20544397421480887,1.1666666666666667
2024,Intae Hwang|Natalie Sago|Sean Wright,1,0.8446970786871462,2.4203636363636365
2024,Intae Hwang|Pat Fraher|Tre Maddox,1,0.4837969513780714,1.4129032258064516
2024,Intae Hwang|Phenizee Ransom|Scott Foster,1,-0.4234836136108427,0.5450450450450451
2024,Intae Hwang|Ray Acosta|Scott Foster,1,-0.5055485666651471,0.6597222222222223
2024,JB DeRosa|JT Orr|John Goble,1,-0.02910808415807077,0.9190904283447912
2024,JB DeRosa|James Capers|ShaRae Mitchell,1,-0.4647847133699437,0.6959302325581396
2024,JB DeRosa|James Williams|Jenna Schroeder,1,0.13353139262452257,1.1851851851851851
2024,JB DeRosa|Jenna Schroeder|Karl Lane,1,-0.41689380393178715,0.5272727272727272
2024,JB DeRosa|John Goble|Mousa Dagher,1,-0.48402334938673586,0.5644736842105263
2024,JB DeRosa|Jonathan Sterling|Tony Brothers,1,-0.08338160893905101,0.9180672268907561
2024,JB DeRosa|Karl Lane|Matt Boland,1,0.27948092111902473,1.0705492424242424
2024,JB DeRosa|Karl Lane|Robert Hussey,1,-0.8646187213298343,0.468013468013468
2024,JB DeRosa|Mitchell Ervin|Simone Jelks,1,-0.9058194320068597,0.3484573502722323
2024,JB DeRosa|Mitchell Ervin|Suyash Mehta,1,0.41739732861513457,1.2875939849624058
2024,JB DeRosa|Mousa Dagher|Tyler Ford,1,-0.05212906543494668,0.8525096525096524
2024,JB DeRosa|Nate Green|Rodney Mott,1,0.8591323180342064,2.125
2024,JB DeRosa|Nate Green|Tyler Ford,1,-0.2199160068233433,0.7673076923076924
2024,JB DeRosa|Nick Buchert|Phenizee Ransom,1,-0.19088268909598838,0.8391393442622951
2024,JB DeRosa|Scott Foster|Tyler Ricks,1,0.6915586178748073,1.8793650793650791
2024,JB DeRosa|Suyash Mehta|Tyler Ford,1,0.09159270340419243,1.022857142857143
2024,JD Ralls|Jacyn Goble|Marc Davis,1,0.2595111954850846,1.1264367816091954
2024,JD Ralls|James Williams|Tre Maddox,1,0.2791713827838723,1.102241662110443
2024,JD Ralls|Jason Goldenberg|John Goble,1,-0.30912240368965027,0.7267184035476718
2024,JD Ralls|Jason Goldenberg|Marc Davis,1,-0.20686266571007236,0.991003787878788
2024,JD Ralls|Jenna Schroeder|Marc Davis,1,-0.002418380864281638,1.2541062801932366
2024,JD Ralls|John Butler|Mark Lindsay,1,0.5621981005388954,1.88628762541806
2024,JD Ralls|Josh Tiven|Marat Kogut,1,-0.7023155486468248,0.6218585622443016
2024,JD Ralls|Justin Van Duyne|Marc Davis,1,-0.47743860773325364,0.49629629629629624
2024,JD Ralls|Karl Lane|Marc Davis,2,-0.30361321255110907,0.643247676325861
2024,JD Ralls|Kevin Cutler|Marc Davis,1,0.14853584194292926,1.0076595744680852
2024,JD Ralls|Kevin Cutler|Natalie Sago,1,0.16824782958229262,1.190625
2024,JD Ralls|Marat Kogut|Mark Lindsay,1,0.4413805704942601,1.4211426616489906
2024,JD Ralls|Marat Kogut|Nick Buchert,1,-0.5746536652999632,0.5794556628621598
2024,JD Ralls|Marc Davis|Nick Buchert,1,-0.23922968906583425,0.6297872340425532
2024,JD Ralls|Marc Davis|Pat Fraher,1,-0.5377967405407829,0.7665441176470589
2024,JD Ralls|Marc Davis|Phenizee Ransom,1,0.14858925020864636,1.1244979919678715
2024,JD Ralls|Marc Davis|Sean Wright,1,-0.2761656303902218,0.5900900900900902
2024,JD Ralls|Marc Davis|Tre Maddox,1,-1.1034315751040586,0.29741379310344823
2024,JD Ralls|Natalie Sago|Sean Wright,2,-0.19297898927475074,0.9046299229226058
2024,JT Orr|James Williams|Nick Buchert,1,-0.4005751228139725,0.6201680672268908
2024,JT Orr|John Conley|Pat Fraher,1,-0.06812918926829979,0.9401664932362123
2024,JT Orr|Kevin Scott|Matt Boland,1,-0.34298691764240646,0.5782312925170068
2024,JT Orr|Kevin Scott|Mousa Dagher,1,-0.15920374767864942,0.7106854838709677
2024,JT Orr|Marc Davis|Matt Myers,1,-0.3298055452630235,0.7350427350427351
2024,JT Orr|Marc Davis|Mousa Dagher,1,-0.7208839355315451,0.425531914893617
2024,JT Orr|Marc Davis|Nate Green,1,0.2434635538051673,1.0231854838709677
2024,JT Orr|Mark Lindsay|Matt Myers,1,-0.22516171547044686,0.7554630593132154
2024,JT Orr|Mark Lindsay|Phenizee Ransom,2,-0.36579194370050905,0.6824866310160428
2024,JT Orr|Mark Lindsay|Scott Twardoski,1,0.5760218233225326,1.556578947368421
2024,JT Orr|Matt Kallio|Rodney Mott,1,0.09166718852582387,0.9242063492063491
2024,JT Orr|Mitchell Ervin|Robert Hussey,1,0.053563442922089685,0.9782214156079855
2024,JT Orr|Mitchell Ervin|Tom Washington,1,-0.15677650190492587,0.7263814616755794
2024,JT Orr|Mousa Dagher|Tony Brothers,1,-0.29511705093929896,0.7444444444444444
2024,JT Orr|Mousa Dagher|Tre Maddox,1,0.12044615307586726,1.321875
2024,JT Orr|Nate Green|Tyler Ford,1,-0.41494385206270806,0.6750524109014675
2024,JT Orr|Suyash Mehta|Tyler Ford,2,-0.32732074664053523,0.7742065475765397
2024,Jacyn Goble|James Williams|Jonathan Sterling,1,-0.15738260844670257,0.8950617283950616
2024,Jacyn Goble|James Williams|PAT O'Connell,1,0.15168458733206475,1.3300492610837438
2024,Jacyn Goble|Jason Goldenberg|Marc Davis,1,-0.696127808698083,0.4125615763546798
2024,Jacyn Goble|Jason Goldenberg|Sean Wright,1,-0.364941463174467,0.6998359759431383
2024,Jacyn Goble|Jason Goldenberg|Tyler Ford,1,-0.6335962009334132,0.4093816631130064
2024,Jacyn Goble|Jenna Reneau|Justin Van Duyne,1,-0.5072478024181069,0.49266862170087977
2024,Jacyn Goble|Jenna Schroeder|Karl Lane,1,0.10114998312148266,0.854978354978355
2024,Jacyn Goble|Jenna Schroeder|Kevin Cutler,1,0.09884583463663243,1.0722610722610721
2024,Jacyn Goble|Jenna Schroeder|Mark Lindsay,1,-0.0769610411361282,0.7692307692307692
2024,Jacyn Goble|Jenna Schroeder|Ray Acosta,1,0.6095900384384031,1.9778346121057118
2024,Jacyn Goble|Jenna Schroeder|Tyler Ford,1,0.33420208808667373,1.5031055900621118
2024,Jacyn Goble|Jenna Schroeder|Zach Zarba,1,-0.11122563511022437,0.6799999999999999
2024,Jacyn Goble|John Butler|Kevin Scott,1,-0.6040675505062565,0.4919254658385093
2024,Jacyn Goble|John Conley|Ray Acosta,1,-0.23656657164635045,0.69375
2024,Jacyn Goble|Jonathan Sterling|Karl Lane,1,0.009615458699441973,1.0555555555555556
2024,Jacyn Goble|Jonathan Sterling|Marc Davis,1,0.11778303565638346,0.8693181818181819
2024,Jacyn Goble|Jonathan Sterling|Mitchell Ervin,1,0.5908683314395271,1.6899999999999997
2024,Jacyn Goble|Jonathan Sterling|Nate Green,1,0.369747025506085,1.6885964912280702
2024,Jacyn Goble|Josh Tiven|Matt Myers,1,-0.17688183349813655,0.8915360501567398
2024,Jacyn Goble|Josh Tiven|Nate Green,1,0.2869715928481822,1.177734375
2024,Jacyn Goble|Josh Tiven|Simone Jelks,1,-0.0662493855412006,0.9718934911242604
2024,Jacyn Goble|Josh Tiven|Suyash Mehta,1,0.2727404924535819,1.225988700564972
2024,Jacyn Goble|Kevin Scott|Sha'Rae Mitchell,1,-0.44273650290539607,0.5505226480836237
2024,Jacyn Goble|Marat Kogut|Matt Myers,1,-0.3404602777991685,0.6098081023454157
2024,Jacyn Goble|Marat Kogut|Simone Jelks,1,-0.05134598003862552,1.102543720190779
2024,Jacyn Goble|Marc Davis|Sha'Rae Mitchell,1,-0.8142169899229514,0.3773584905660377
2024,Jacyn Goble|Marc Davis|Tom Washington,1,-1.1451323043030024,0.29946524064171126
2024,Jacyn Goble|Mark Lindsay|Suyash Mehta,1,-0.2411620568168881,0.8461538461538463
2024,Jacyn Goble|Matt Myers|Scott Foster,1,0.031151505104834158,0.8597014925373134
2024,Jacyn Goble|Michael Smith|Zach Zarba,1,-0.1760573609131251,0.8550124275062136
2024,Jacyn Goble|Natalie Sago|Simone Jelks,1,-0.6027123151187948,0.434640522875817
2024,Jacyn Goble|Scott Foster|Tyler Ricks,1,0.1130706540837938,1.1397058823529411
2024,Jacyn Goble|Sha'Rae Mitchell|Tyler Ford,1,-0.6119217406373595,0.5916083916083916
2024,Jacyn Goble|ShaRae Mitchell|Tre Maddox,1,0.15415067982725836,1.0694444444444444
2024,Jacyn Goble|Suyash Mehta|Zach Zarba,1,0.03764234160287545,0.8126293995859213
2024,James Capers|Jason Goldenberg|Tom Washington,1,-0.03709412440624082,0.6977687626774848
2024,James Capers|Jenna Reneau|Marat Kogut,1,0.16332505610329962,1.0989247311827957
2024,James Capers|Jonathan Sterling|Kevin Cutler,1,-0.07126302002149065,0.905349794238683
2024,James Capers|Justin Van Duyne|Sha'Rae Mitchell,1,0.16545775074194996,1.250620347394541
2024,James Capers|Kevin Cutler|Tom Washington,1,0.2322912242509969,1.2299498746867168
2024,James Capers|Matt Myers|Phenizee Ransom,1,0.30010459245033816,1.3846153846153848
2024,James Capers|Michael Smith|Natalie Sago,1,-0.2124318957192819,0.6806526806526807
2024,James Capers|Michael Smith|Nick Buchert,1,-0.2876820724517809,1.0909090909090908
2024,James Capers|Mousa Dagher|Natalie Sago,1,0.01856718767557481,1.0772889417360285
2024,James Capers|Natalie Sago|Robert Hussey,2,-0.2093185387341565,0.6830538672643937
2024,James Capers|Natalie Sago|ShaRae Mitchell,1,0.25439609481831404,1.2931034482758619
2024,James Capers|Nick Buchert|Ray Acosta,1,-0.3044891907681621,0.7375
2024,James Capers|PAT OConnell|Sean Wright,1,-0.8178900671513887,0.45901639344262296
2024,James Capers|Simone Jelks|Tre Maddox,1,-0.422212965409387,0.6313131313131313
2024,James Williams|Jason Goldenberg|Natalie Sago,1,-0.3640601931400419,0.5612244897959183
2024,James Williams|Jason Goldenberg|PAT OConnell,1,0.12656272330842924,1.324074074074074
2024,James Williams|Jason Goldenberg|Suyash Mehta,1,0.008084118399959058,0.8214285714285715
2024,James Williams|John Butler|Jonathan Sterling,1,0.12272945959170904,1.488111888111888
2024,James Williams|John Butler|Mitchell Ervin,1,-0.371354548175896,0.7051282051282052
2024,James Williams|John Conley|Justin Van Duyne,1,-0.11927223920785121,0.8472222222222221
2024,James Williams|John Conley|Kevin Cutler,1,0.21072103131565253,1.0542635658914727
2024,James Williams|John Conley|Mark Lindsay,1,0.03595893038744376,1.3428853754940713
2024,James Williams|John Conley|Natalie Sago,1,0.06443705495109087,0.8690476190476191
2024,James Williams|John Conley|Nick Buchert,1,0.34937564145712086,1.3161290322580643
2024,James Williams|John Conley|Pat Fraher,1,0.49492345431862345,1.7995535714285715
2024,James Williams|Jonathan Sterling|Sean Corbin,1,-0.12889101306802025,0.8933635847986388
2024,James Williams|Justin Van Duyne|Matt Myers,1,-0.30381145438166457,0.8883333333333334
2024,James Williams|Justin Van Duyne|Natalie Sago,1,0.029590323620922725,1.079081632653061
2024,James Williams|Karl Lane|Natalie Sago,1,-0.2735744049411017,0.5762543467461501
2024,James Williams|Kevin Cutler|Matt Kallio,1,-0.019672765598704893,0.8368226600985222
2024,James Williams|Mark Lindsay|ShaRae Mitchell,1,0.1941560144409574,1.259259259259259
2024,James Williams|Matt Boland|Nate Green,1,-0.4094838677030822,0.6742081447963801
2024,James Williams|Matt Myers|Ray Acosta,1,-0.19542478179238174,0.7547511312217194
2024,James Williams|Mousa Dagher|Rodney Mott,1,0.04911701496495485,1.1568998109640831
2024,James Williams|Nate Green|Pat Fraher,1,0.09412884475849377,1.0071428571428571
2024,James Williams|Ray Acosta|Tom Washington,1,-0.20935022918187393,0.8111111111111111
2024,James Williams|Scott Twardoski|Tre Maddox,1,-0.0020429016298002933,1.1088435374149659
2024,James Williams|Sean Corbin|Tom Washington,1,-0.31056636628536866,0.6230769230769232
2024,Jason Goldenberg|Jenna Reneau|Marc Davis,1,-0.21098945166352642,0.8552295918367347
2024,Jason Goldenberg|John Butler|Kevin Scott,1,0.17435338714477774,1.1607142857142856
2024,Jason Goldenberg|Jonathan Sterling|Marc Davis,1,-0.9254590999610345,0.4441846873173582
2024,Jason Goldenberg|Josh Tiven|Kevin Cutler,1,0.25181405357233855,1.4839476813317478
2024,Jason Goldenberg|Josh Tiven|Marat Kogut,1,-0.4366964312279669,0.6561085972850679
2024,Jason Goldenberg|Josh Tiven|Rodney Mott,1,0.5699337360204002,1.7327868852459016
2024,Jason Goldenberg|Josh Tiven|Scott Twardoski,1,0.12062798778861472,0.9610636277302943
2024,Jason Goldenberg|Josh Tiven|Sean Wright,1,-0.6237186741281824,0.47953216374269003
2024,Jason Goldenberg|Marc Davis|Nick Buchert,1,0.5943013459233129,1.6683333333333334
2024,Jason Goldenberg|Marc Davis|Sha'Rae Mitchell,1,-0.2965121519000531,0.6526530612244898
2024,Jason Goldenberg|Marc Davis|Tyler Mirkovich,1,-0.18095028472443256,0.6330513988288874
2024,Jason Goldenberg|Mark Lindsay|Matt Kallio,1,0.6241543090729939,1.681609195402299
2024,Jason Goldenberg|Mark Lindsay|ShaRae Mitchell,1,0.32668423025505,1.4033395176252321
2024,Jason Goldenberg|Matt Kallio|Sean Wright,1,-0.211505847234,0.8695652173913043
2024,Jason Goldenberg|Matt Myers|Tony Brothers,1,-0.3249262456241521,0.6350806451612904
2024,Jason Goldenberg|Michael Smith|Sean Wright,1,0.631589287560512,1.9454451878538341
2024,Jason Goldenberg|Mitchell Ervin|Tom Washington,1,0.16679061476307797,1.2029887920298878
2024,Jason Goldenberg|Mousa Dagher|Zach Zarba,1,-0.33756215498523856,0.7365916955017301
2024,Jason Goldenberg|Robert Hussey|Sean Wright,1,-0.1637768185790325,0.6298523783488245
2024,Jason Goldenberg|Sha'Rae Mitchell|Zach Zarba,1,0.018018505502678212,1.2316715542521994
2024,Jason Goldenberg|ShaRae Mitchell|Tony Brothers,1,-0.26460767539156893,0.596949891067538
2024,Jason Goldenberg|Simone Jelks|Zach Zarba,1,0.752525351138207,1.6400000000000001
2024,Jason Goldenberg|Tom Washington|Tony Brothers,1,-0.3943662150401156,0.770408163265306
2024,Jenna Reneau|Josh Tiven|Justin Van Duyne,1,0.14651858815133367,1.1256354393609296
2024,Jenna Schroeder|John Butler|Karl Lane,1,-0.09097177820572676,1.0833333333333333
2024,Jenna Schroeder|John Butler|Tony Brothers,1,0.2533821681516635,1.0901639344262297
2024,Jenna Schroeder|Josh Tiven|Karl Lane,1,-0.006430890330290514,1.0318047337278105
2024,Jenna Schroeder|Justin Van Duyne|Karl Lane,1,-0.023497971267303873,1.0312004230565837
2024,Jenna Schroeder|Karl Lane|Marat Kogut,1,0.01438873745209967,1.3043478260869565
2024,Jenna Schroeder|Karl Lane|Phenizee Ransom,1,-0.2172088157943952,0.7298245614035088
2024,Jenna Schroeder|Karl Lane|Rodney Mott,1,0.5756306339124674,1.6208022388059702
2024,Jenna Schroeder|Kevin Scott|Robert Hussey,1,0.21662887029301617,1.224753694581281
2024,Jenna Schroeder|Mark Lindsay|Ray Acosta,1,-0.31374784008112183,0.8243831640058055
2024,Jenna Schroeder|Mark Lindsay|Suyash Mehta,1,-0.004454350349380197,0.8589473684210526
2024,Jenna Schroeder|Natalie Sago|Pat Fraher,1,0.02738687065448764,0.8723471650300919
2024,Jenna Schroeder|Ray Acosta|Sean Wright,1,0.056706027494300884,0.9821858449687048
2024,Jenna Schroeder|Scott Twardoski|Tony Brothers,1,-0.6931471805599453,0.5555555555555556
2024,Jenna Schroeder|Sha'Rae Mitchell|Zach Zarba,1,-2.0298147600379477,0.12588652482269502
2024,John Butler|John Goble|Sha'Rae Mitchell,1,-0.6964972674452272,0.42450142450142453
2024,John Butler|John Goble|Tre Maddox,1,0.0387686057084131,1.048015873015873
2024,John Butler|Josh Tiven|Justin Van Duyne,1,0.5041366356151942,1.7343915343915344
2024,John Butler|Josh Tiven|Matt Boland,2,0.07821147976890612,1.0240944602272728
2024,John Butler|Josh Tiven|Suyash Mehta,1,0.005277057100843819,0.8042328042328042
2024,John Butler|Justin Van Duyne|Kevin Scott,1,-1.157632467067234,0.28804347826086957
2024,John Butler|Justin Van Duyne|Scott Foster,1,0.39432054355509927,1.5760869565217392
2024,John Butler|Kevin Scott|Nate Green,2,-0.24421222345505988,0.9371201977546606
2024,John Butler|Kevin Scott|Pat Fraher,1,0.2271758148421483,1.3446969696969697
2024,John Butler|Marc Davis|Tom Washington,1,-0.18095028472443256,0.8742138364779873
2024,John Butler|Matt Boland|Tre Maddox,1,-1.9360772281390743,0.13799621928166353
2024,John Butler|Matt Myers|Sean Wright,1,-0.5514190207312443,0.45751633986928103
2024,John Butler|Mitchell Ervin|Tre Maddox,1,-0.13160275171811697,1.0390390390390392
2024,John Butler|Mousa Dagher|Scott Foster,1,-0.06899287148695143,1.1666666666666665
2024,John Butler|Pat Fraher|Simone Jelks,1,0.30625845802471624,1.139247311827957
2024,John Butler|Sean Corbin|Tyler Ford,1,-0.4953214372300254,0.5914522058823529
2024,John Butler|Simone Jelks|Tony Brothers,1,-0.7246955382948713,0.49872122762148335
2024,John Butler|Simone Jelks|Zach Zarba,1,-0.37106368139083207,0.6955645161290323
2024,John Conley|Josh Tiven|Kevin Cutler,1,-0.37107776579868856,0.6955102040816327
2024,John Conley|Kevin Cutler|Pat Fraher,2,-0.16820587347868282,1.027009876518993
2024,John Conley|Kevin Cutler|Zach Zarba,1,0.03118292743668806,1.3700189753320684
2024,John Conley|Kevin Scott|Natalie Sago,1,0.22698865355231518,1.128390596745027
2024,John Conley|Kevin Scott|Nick Buchert,1,0.13386600865575257,1.1991122384273938
2024,John Conley|Mitchell Ervin|Nick Buchert,1,0.05793783710621908,1.1671497584541064
2024,John Conley|Pat Fraher|Rodney Mott,1,0.13279755535668913,1.3262153566560655
2024,John Conley|Pat Fraher|Sean Wright,1,0.03822121282019767,1.309090909090909
2024,John Conley|Pat Fraher|Tre Maddox,1,-0.10763066419236544,0.9097744360902255
2024,John Conley|Phenizee Ransom|Zach Zarba,1,-0.506206677909696,0.738095238095238
2024,John Conley|Ray Acosta|Sean Wright,1,-0.37948962170490386,0.660617059891107
2024,John Conley|Ray Acosta|Tony Brothers,1,0.05817063285486806,0.8161764705882353
2024,John Conley|Ray Acosta|Tyler Ford,1,-0.35017108097937494,0.5690737833594977
2024,John Conley|Ray Acosta|Zach Zarba,1,0.007968169649176881,0.7466666666666667
2024,John Conley|Rodney Mott|Sean Wright,1,-0.25674970071314546,0.6390293225480284
2024,John Goble|Jonathan Sterling|Marat Kogut,1,-1.048962380024289,0.2987861811391223
2024,John Goble|Jonathan Sterling|Ray Acosta,2,-0.05468527675559326,1.027513023234372
2024,John Goble|Jonathan Sterling|Sean Corbin,1,-0.3817110221000572,0.693359375
2024,John Goble|Justin Van Duyne|Matt Myers,1,-0.3715635564324831,0.6578947368421053
2024,John Goble|Marat Kogut|Robert Hussey,1,0.2377423507353624,1.1016806722689074
2024,John Goble|Mark Lindsay|Matt Myers,1,0.3220834991691134,1.544055944055944
2024,John Goble|Matt Boland|Nick Buchert,1,-0.5622533628969542,0.47843567251461994
2024,John Goble|Matt Kallio|Nick Buchert,1,0.1447902370676944,1.0913978494623655
2024,John Goble|Matt Kallio|Tre Maddox,1,-0.678177815451785,0.4934426229508197
2024,John Goble|Matt Myers|Ray Acosta,1,0.21172053164873597,1.2434782608695654
2024,John Goble|Mitchell Ervin|Phenizee Ransom,1,0.47106239059397775,1.499123319696084
2024,John Goble|Mousa Dagher|Sha'Rae Mitchell,1,0.16195886227506995,1.021276595744681
2024,John Goble|Natalie Sago|PAT O'Connell,1,-0.29725152346793177,0.7093253968253967
2024,John Goble|Nate Green|Scott Twardoski,1,0.2483297716938622,1.307017543859649
2024,John Goble|Nate Green|Sean Corbin,1,-0.10084652612548507,0.714781746031746
2024,John Goble|Nick Buchert|Scott Twardoski,1,0.6548191358396405,1.9220985691573926
2024,John Goble|Ray Acosta|Robert Hussey,1,-0.3205988874649227,0.623859649122807
2024,John Goble|Ray Acosta|ShaRae Mitchell,1,-0.019802627296179754,1.1764705882352942
2024,John Goble|Scott Twardoski|Tyler Mirkovich,1,-1.1364546418512695,0.3384615384615385
2024,Jonathan Sterling|Josh Tiven|Marat Kogut,1,0.4712544111473882,1.2765957446808511
2024,Jonathan Sterling|Justin Van Duyne|Pat Fraher,1,0.3709981054702865,1.5689131754705528
2024,Jonathan Sterling|Justin Van Duyne|Phenizee Ransom,1,-0.471576133220227,0.5574866310160427
2024,Jonathan Sterling|Karl Lane|Zach Zarba,1,-0.2430213016243601,0.7552083333333333
2024,Jonathan Sterling|Marat Kogut|Scott Foster,1,-0.7383595233814935,0.4994797086368366
2024,Jonathan Sterling|Mark Lindsay|Phenizee Ransom,1,0.493305328908195,1.4771596562641338
2024,Jonathan Sterling|Mitchell Ervin|Tre Maddox,1,-0.10536051565782628,1.209090909090909
2024,Jonathan Sterling|Mousa Dagher|Scott Foster,1,-0.1974683725539403,0.7275326797385621
2024,Jonathan Sterling|Natalie Sago|Pat Fraher,1,-0.43531807125784566,0.6280276816608997
2024,Jonathan Sterling|Natalie Sago|Tyler Ford,1,-0.44368632092836224,0.5628654970760234
2024,Jonathan Sterling|Nate Green|Zach Zarba,1,-0.12858496868919722,0.9212121212121213
2024,Jonathan Sterling|Pat Fraher|Zach Zarba,1,-0.1904056751939136,0.681964573268921
2024,Jonathan Sterling|Ray Acosta|Zach Zarba,2,-0.19225243260627137,0.903012486992716
2024,Jonathan Sterling|Scott Foster|Scott Twardoski,1,-0.45733693881500453,0.5696703296703297
2024,Josh Tiven|Karl Lane|Tyler Ricks,1,0.16560165158285123,1.497822931785196
2024,Josh Tiven|Marat Kogut|Mousa Dagher,2,-0.009191435300266719,0.7869473422752111
2024,Josh Tiven|Marat Kogut|Ray Acosta,1,-0.42312004334688524,0.57568359375
2024,Josh Tiven|Marat Kogut|Robert Hussey,1,-0.3174542307854511,0.6709677419354839
2024,Josh Tiven|Marat Kogut|Suyash Mehta,1,0.3144151346488496,1.5977011494252873
2024,Josh Tiven|Matt Boland|Nick Buchert,1,0.09835097404721145,1.091485986250661
2024,Josh Tiven|Mousa Dagher|Ray Acosta,1,0.23306675579918995,1.0612833453496755
2024,Josh Tiven|Mousa Dagher|Sha'Rae Mitchell,1,0.5158944253499378,1.789124668435013
2024,Josh Tiven|Nate Green|Rodney Mott,1,0.08803742047524517,1.3863095238095238
2024,Josh Tiven|Phenizee Ransom|Robert Hussey,1,0.10616019582839072,1.0212244897959184
2024,Justin Van Duyne|Karl Lane|Nate Green,1,0.2482639713977372,1.3046875
2024,Justin Van Duyne|Kevin Scott|Simone Jelks,2,0.21953605562742318,1.4062542258282624
2024,Justin Van Duyne|Marc Davis|Nate Green,1,0.10008345855698263,0.8842105263157894
2024,Justin Van Duyne|Mark Lindsay|Matt Kallio,1,-0.4214289590971784,0.6020761245674742
2024,Justin Van Duyne|Mark Lindsay|Nate Green,1,-0.3526869027607768,0.7928994082840237
2024,Justin Van Duyne|Mark Lindsay|Tom Washington,1,0.46608972992459924,1.59375
2024,Justin Van Duyne|Matt Kallio|Mitchell Ervin,1,-1.3037294120873957,0.2497959183673469
2024,Justin Van Duyne|Matt Myers|Tyler Ford,1,-0.4750583999073596,0.5596638655462185
2024,Justin Van Duyne|Pat Fraher|Sha'Rae Mitchell,1,0.05129329438755048,1.2422360248447206
2024,Justin Van Duyne|Robert Hussey|Tony Brothers,1,0.19464204118199518,1.069090909090909
2024,Justin Van Duyne|Scott Foster|Tom Washington,1,-0.13853891435514498,0.8276353276353277
2024,Justin Van Duyne|Sha'Rae Mitchell|Zach Zarba,1,0.12766627317212448,1.376518218623482
2024,Justin Van Duyne|Suyash Mehta|Tyler Ford,1,-0.36883097492838407,0.7544097693351425
2024,Justin Van Duyne|Tom Washington|Tyler Ford,1,-0.1350205961759904,0.7509469696969696
2024,Karl Lane|Kevin Cutler|Leon Wood,1,0.02934573513982062,1.078817733990148
2024,Karl Lane|Kevin Cutler|Matt Kallio,1,-0.2135741002980589,1.060096153846154
2024,Karl Lane|Kevin Scott|Tyler Ricks,1,-0.987599759578937,0.32280701754385965
2024,Karl Lane|Marc Davis|Simone Jelks,1,-0.2578291093020998,0.7345679012345678
2024,Karl Lane|Matt Boland|Tony Brothers,1,-0.3708398801254207,0.8783783783783784
2024,Karl Lane|Matt Kallio|Tre Maddox,1,-0.33917859821895585,0.6738495252008765
2024,Karl Lane|Matt Myers|Natalie Sago,1,-0.28665695703653565,0.7625
2024,Karl Lane|Matt Myers|Nate Green,1,0.33420208808667357,1.7435897435897434
2024,Karl Lane|Michael Smith|Ray Acosta,1,-0.4700036292457356,0.603448275862069
2024,Karl Lane|Mousa Dagher|Ray Acosta,1,0.44549627617360155,1.4508723599632691
2024,Karl Lane|Phenizee Ransom|Sean Corbin,1,0.2831262559159203,1.006896551724138
2024,Karl Lane|Ray Acosta|Sha'Rae Mitchell,1,-0.42701766649389855,0.5872068230277185
2024,Karl Lane|Ray Acosta|ShaRae Mitchell,1,-1.2132321297387327,0.37941176470588234
2024,Karl Lane|Rodney Mott|Suyash Mehta,1,-0.44515191308997204,0.5197505197505198
2024,Kevin Cutler|Kevin Scott|Nate Green,1,-0.6721490337201717,0.5310344827586206
2024,Kevin Cutler|Kevin Scott|Tom Washington,1,-0.4717877510392369,0.6334841628959276
2024,Kevin Cutler|Mark Lindsay|Matt Kallio,1,1.0245043165143877,2.630952380952381
2024,Kevin Cutler|Mark Lindsay|Mousa Dagher,1,-0.4238142467763609,0.748051948051948
2024,Kevin Cutler|Mark Lindsay|Nate Green,1,-1.0819253698830948,0.3012820512820513
2024,Kevin Cutler|Matt Boland|Zach Zarba,1,0.1823215567939546,1.32
2024,Kevin Cutler|Matt Myers|Mousa Dagher,1,0.6375154845737966,1.5374331550802138
2024,Kevin Cutler|Mitchell Ervin|Phenizee Ransom,1,-0.415278729556489,0.7201704545454546
2024,Kevin Cutler|Mitchell Ervin|Tom Washington,1,-0.22999165881208486,0.7264367816091953
2024,Kevin Cutler|Mousa Dagher|Tyler Ford,1,-0.1823215567939546,0.75
2024,Kevin Cutler|Mousa Dagher|Zach Zarba,1,-0.6602593137151103,0.45212765957446804
2024,Kevin Cutler|Scott Foster|Tom Washington,1,-0.11932505600819873,0.7231638418079096
2024,Kevin Cutler|Scott Twardoski|Tony Brothers,1,-0.5389965007326869,0.49
2024,Kevin Scott|Matt Boland|Natalie Sago,1,-0.496436886313891,0.6616257088846881
2024,Kevin Scott|Matt Myers|Nick Buchert,1,0.30512170673713684,1.162962962962963
2024,Kevin Scott|Mitchell Ervin|Natalie Sago,1,-0.1670540846631662,0.7428571428571429
2024,Kevin Scott|Natalie Sago|Nate Green,1,-0.19496149172977434,0.6308641975308642
2024,Kevin Scott|Sean Corbin|Tom Washington,1,0.3917662637500026,1.4795918367346939
2024,Kevin Scott|Sean Wright|Simone Jelks,1,-0.26363491266894673,0.9142857142857143
2024,Marat Kogut|Marc Davis|Nate Green,1,-0.260834822415593,0.770408163265306
2024,Marat Kogut|Mark Lindsay|Simone Jelks,1,-0.1811793522151776,0.8970814132104454
2024,Marat Kogut|Matt Boland|Tony Brothers,1,0.07973861766055017,0.9730113636363636
2024,Marat Kogut|Matt Myers|Mitchell Ervin,1,-0.021661496781179304,0.8531135531135532
2024,Marat Kogut|Matt Myers|Tony Brothers,1,-0.2852811109142428,0.7239583333333334
2024,Marat Kogut|Mitchell Ervin|Tom Washington,1,-0.6961913229411736,0.43617021276595747
2024,Marat Kogut|Mitchell Ervin|Zach Zarba,1,0.1583523666809583,1.1925
2024,Marat Kogut|Nate Green|Sean Wright,1,-0.11323457208873221,0.7759515570934256
2024,Marat Kogut|Nate Green|Tony Brothers,1,0.11651961160961144,1.3872767857142858
2024,Marat Kogut|Robert Hussey|Tre Maddox,1,-0.2043004635127298,0.7389162561576355
2024,Marat Kogut|Simone Jelks|Zach Zarba,1,-0.5197032977980081,0.6116883116883117
2024,Marat Kogut|Suyash Mehta|Tyler Ford,1,-0.5936043112584019,0.5404547858276045
2024,Marat Kogut|Tom Washington|Tony Brothers,1,-0.6440728851199556,0.4473493100944081
2024,Marc Davis|Matt Myers|Nick Buchert,1,-0.05702533778678798,0.9674688057040998
2024,Marc Davis|Nick Buchert|Suyash Mehta,1,-0.8649974374866044,0.38095238095238093
2024,Marc Davis|Sean Corbin|Tyler Ricks,1,-2.172142646225296,0.10971348707197764
2024,Mark Lindsay|Matt Kallio|Pat Fraher,1,0.20807405289636918,1.078857142857143
2024,Mark Lindsay|Matt Kallio|Ray Acosta,1,0.11724612289180747,1.1097935880544576
2024,Mark Lindsay|Matt Kallio|Scott Foster,1,0.1244377825087467,0.8840896664844177
2024,Mark Lindsay|Matt Kallio|Tony Brothers,1,-0.5669150904170343,0.624
2024,Mark Lindsay|Matt Kallio|Tre Maddox,1,-0.4186944050766617,0.5896531452087007
2024,Mark Lindsay|Matt Kallio|Tyler Ford,1,-0.0800427076735365,0.8205128205128206
2024,Mark Lindsay|Matt Myers|Nate Green,1,-0.09287835647630842,0.8375959079283888
2024,Mark Lindsay|Michael Smith|Nate Green,1,-0.19539363836130738,0.8416389811738648
2024,Mark Lindsay|Nate Green|Tom Washington,1,0.5478668954463398,2.091878589007383
2024,Mark Lindsay|Ray Acosta|Simone Jelks,1,0.008792751947978388,0.85693359375
2024,Mark Lindsay|Ray Acosta|Suyash Mehta,1,-0.38776553100876343,0.7755102040816326
2024,Mark Lindsay|Scott Twardoski|Tre Maddox,1,0.2815247622065668,1.3286637931034484
2024,Mark Lindsay|Simone Jelks|Tony Brothers,1,-0.009813621448324622,1.3238146551724137
2024,Matt Boland|Ray Acosta|Scott Foster,1,-0.8472978603872037,0.3714285714285714
2024,Matt Boland|Rodney Mott|Tony Brothers,1,0.28673644590377384,1.6601699150424785
2024,Matt Boland|Rodney Mott|Tyler Ford,1,-0.8772918919154151,0.43469063987308304
2024,Matt Boland|Sean Corbin|Zach Zarba,1,0.40245758704420914,1.4167852062588906
2024,Matt Kallio|Mitchell Ervin|Nick Buchert,1,-0.4624701477146834,0.6161837069436851
2024,Matt Kallio|Mousa Dagher|Tyler Ford,1,-0.8307171696541528,0.36103896103896105
2024,Matt Kallio|Natalie Sago|Zach Zarba,1,0.3148107398400336,1.116614420062696
2024,Matt Kallio|Pat Fraher|Ray Acosta,1,0.7433369250838007,1.98
2024,Matt Myers|Mitchell Ervin|Natalie Sago,1,-0.4446858212614458,0.6912442396313364
2024,Matt Myers|Natalie Sago|Tyler Ford,1,-0.11332868530700312,0.811965811965812
2024,Matt Myers|Nick Buchert|Scott Foster,1,-0.17609100704331845,0.8385416666666666
2024,Matt Myers|Phenizee Ransom|Tony Brothers,1,0.2429461786103894,1.0119047619047619
2024,Michael Smith|Mitchell Ervin|Nate Green,1,0.05406722127027579,0.8260869565217391
2024,Michael Smith|Natalie Sago|Scott Foster,1,0.07266260037591372,0.7720588235294117
2024,Michael Smith|Pat Fraher|Ray Acosta,1,-0.15415067982725836,1.1515151515151516
2024,Michael Smith|Sean Wright|Tre Maddox,1,-0.5458906205143078,0.6721082089552239
2024,Michael Smith|Tre Maddox|Tyler Ford,1,0.21362819382578152,1.331508723913787
2024,Mitchell Ervin|Mousa Dagher|Tyler Ford,1,0.004298440760214497,1.1115384615384616
2024,Mitchell Ervin|Nick Buchert|Tyler Ricks,1,-0.5020548786181144,0.6187363834422658
2024,Mitchell Ervin|Sean Corbin|Suyash Mehta,1,0.04326930167928145,1.1215686274509806
2024,Mitchell Ervin|Sean Wright|Sha'Rae Mitchell,1,-0.15006069457573323,0.9180327868852459
2024,Mousa Dagher|Scott Foster|Tom Washington,1,-0.16463000895317223,0.731578947368421
2024,Natalie Sago|Pat Fraher|Tom Washington,1,0.5831462853456169,1.621031746031746
2024,Natalie Sago|Ray Acosta|Zach Zarba,1,-0.2712486431817233,0.6970760233918128
2024,Natalie Sago|Robert Hussey|Tyler Ford,1,-0.6241543090729936,0.4433497536945813
2024,Natalie Sago|Robert Hussey|Zach Zarba,1,0.2335574574316688,1.2165200391006843
2024,Natalie Sago|Rodney Mott|Scott Twardoski,1,-0.3796351362202334,0.6352459016393442
2024,Natalie Sago|Scott Foster|Tyler Ricks,1,-0.604333061016528,0.5927884615384615
2024,Natalie Sago|Scott Twardoski|Zach Zarba,1,-0.15415067982725822,0.6666666666666666
2024,Natalie Sago|Sean Corbin|Tyler Ford,1,-0.2758941166997386,0.7272727272727273
2024,Natalie Sago|Sean Wright|Simone Jelks,1,-0.2852895066651974,0.6202321724709784
2024,Natalie Sago|Tom Washington|Tyler Ford,1,0.10354067894084036,1.0292803970223325
2024,Natalie Sago|Tom Washington|Zach Zarba,1,-0.29448108976041526,0.7509254362771021
2024,Nate Green|Rodney Mott|Tre Maddox,1,-0.5317323085853044,0.571264367816092
2024,Nick Buchert|PAT OConnell|Tyler Ford,1,0.028987536873252187,0.9150326797385622
2024,Nick Buchert|Phenizee Ransom|Tony Brothers,1,-0.5164436160702139,0.6141868512110727
2024,Nick Buchert|Phenizee Ransom|Tyler Ford,1,0.16632121544751352,1.3285714285714285
2024,Nick Buchert|Ray Acosta|Suyash Mehta,1,0.12076366379452134,1.0362473347547976
2024,Nick Buchert|Scott Foster|Simone Jelks,1,-0.5810298824392391,0.5472936030617824
2024,Nick Buchert|Sean Wright|Simone Jelks,1,-0.1186057424078469,0.7460526315789474
2024,Pat Fraher|Phenizee Ransom|Sean Wright,1,-0.35606593052161406,0.6053067993366501
2024,Pat Fraher|Ray Acosta|Tyler Ricks,1,-0.9948725189080166,0.3204678362573099
2024,Pat Fraher|Robert Hussey|Rodney Mott,1,-0.5083067307465068,0.4887295081967213
2024,Pat Fraher|Rodney Mott|Simone Jelks,1,0.1565690606915401,1.472693032015066
2024,Pat Fraher|Scott Foster|Tyler Ricks,1,-0.6303462793209149,0.44061302681992337
2024,Pat Fraher|Sean Corbin|Suyash Mehta,1,-0.20714320996776853,0.7762096774193549
2024,Pat Fraher|Suyash Mehta|Tyler Ford,2,-0.03562444631742247,1.0123017160991843
2024,Pat Fraher|Tony Brothers|Tyler Mirkovich,1,0.16280177492463582,1.2808500362231345
2024,Phenizee Ransom|Ray Acosta|Tony Brothers,1,0.2649250853291648,1.3773148148148149
2024,Phenizee Ransom|Robert Hussey|Tony Brothers,1,-0.008643096156019969,0.9885696632684585
2024,Phenizee Ransom|Scott Foster|Scott Twardoski,1,-0.1975741646725263,0.976723759332455
2024,Phenizee Ransom|Scott Foster|Tre Maddox,1,0.05030073847479894,0.8412698412698412
2024,Phenizee Ransom|Simone Jelks|Tony Brothers,1,-0.5994427454237314,0.5571928071928072
2024,Phenizee Ransom|Suyash Mehta|Tyler Ford,1,-0.9584723459104497,0.3392307692307692
2024,Ray Acosta|Rodney Mott|Tom Washington,1,0.13353139262452257,1.3487133984028394
2024,Ray Acosta|Sean Wright|Simone Jelks,2,-0.42695890780665247,0.5770719489981785
2024,Ray Acosta|Tom Washington|Zach Zarba,1,-0.7854224566691164,0.5550416281221092
2024,Robert Hussey|Rodney Mott|Sean Corbin,1,-0.4711846542501467,0.7687959299039004
2024,Robert Hussey|Rodney Mott|Tyler Ford,1,-0.1746894651180301,0.7788686302010285
2024,Robert Hussey|Scott Twardoski|Tyler Ford,1,-0.19297094616084828,1.0033670033670035
2024,Scott Foster|Scott Twardoski|Simone Jelks,1,-0.17443419196078874,0.9024064171122995
2024,Scott Twardoski|Sean Corbin|Sean Wright,1,0.04912079733495032,1.3444444444444443
2024,Sean Corbin|Sean Wright|Sha'Rae Mitchell,1,0.3829922522561059,1.2833333333333332
2024,Sean Corbin|Sean Wright|Simone Jelks,3,-0.20941499785968096,0.9494477107444839
2024,Sean Corbin|Suyash Mehta|Tyler Ford,1,-0.10594857800938079,0.905273937532002
2024,Sean Corbin|Tyler Ricks|Zach Zarba,1,-0.23542306094427146,0.7162734422262552
2024,Simone Jelks|Tre Maddox|Tyler Ford,1,-0.08223809823697212,0.7291666666666666
