game_id,elo_diff,home_win
0022000001,0.0,1
0022000002,0.0,0
0022000003,0.0,1
0022000004,0.0,1
0022000010,0.0,1
0022000011,0.0,1
0022000012,0.0,1
0022000013,0.0,1
0022000014,0.0,0
0022000015,0.0,0
0022000016,0.0,0
0022000017,0.0,0
0022000018,0.0,1
0022000019,0.0,0
0022000020,0.0,0
0022000005,-20.0,1
0022000006,0.0,1
0022000007,0.0,0
0022000008,-3.698649223373195,1
0022000009,-23.698649223373195,0
0022000021,-23.698649223373195,0
0022000022,-20.0,0
0022000023,-16.301350776626805,0
0022000024,-16.301350776626805,0
0022000025,-16.301350776626805,0
0022000026,-20.0,0
0022000027,23.698649223373195,1
0022000028,3.698649223373195,0
0022000029,0.0,1
0022000030,3.698649223373195,1
0022000031,39.43686960940249,0
0022000032,-39.43868519312173,1
0022000033,-39.08645502956506,0
0022000034,-16.213092517072482,1
0022000035,0.0,1
0022000036,-19.54322751478253,1
0022000037,23.137334416494923,1
0022000038,-6.835983639868118,0
0022000039,19.794781975015667,0
0022000040,-23.698244426727342,1
0022000041,42.5757325384202,1
0022000042,33.76689426071084,0
0022000043,23.23994342898709,0
0022000044,-3.0325050236376683,1
0022000045,8.919821909308666,0
0022000046,38.53806689108046,0
0022000047,-21.899520712891672,0
0022000048,38.16984543501712,0
0022000049,30.742979060036532,1
0022000050,4.508264054747315,0
0022000051,9.260378333676272,0
0022000052,-19.636880325233733,0
0022000053,0.7535772838064076,1
0022000054,-1.1718521727971165,1
0022000055,22.30152940147741,1
0022000056,11.934198538266628,1
0022000057,-32.06569187938112,1
0022000058,-14.95046417256708,1
0022000059,6.687266128543342,0
0022000060,17.620349125455505,0
0022000061,9.89981683287806,1
0022000062,-0.7292491238492858,1
0022000063,-19.440412228991818,0
0022000064,22.881438567010264,0
0022000065,-43.278079656370664,1
0022000066,-28.71313042820816,1
0022000067,-4.260022913492321,0
0022000068,-8.241698147184252,0
0022000069,19.946556212698624,0
0022000070,-47.267855840647826,1
0022000071,-12.545577736260157,1
0022000072,-13.955884916569175,0
0022000073,6.354796369847236,1
0022000074,56.66841321959282,0
0022000075,-7.0479936358651685,0
0022000076,-54.581100032688255,0
0022000077,-25.409566020935927,1
0022000078,6.0710793306020605,0
0022000079,-24.52686722619137,1
0022000080,29.149388832488285,0
0022000081,41.48726242646535,0
0022000082,41.71729653109196,1
0022000083,25.807228691000773,0
0022000084,33.04625797373387,1
0022000085,-28.28771475604799,0
0022000086,35.76248791211947,0
0022000087,-22.799704740094285,0
0022000088,22.373120816802157,0
0022000089,-22.87144806260494,0
0022000090,-12.473684417020877,1
0022000091,25.235836786192294,0
0022000092,-17.96397577469088,1
0022000093,-3.047084017998486,1
0022000094,55.760325066872156,1
0022000095,14.142846516848294,0
0022000096,-12.070715183699576,1
0022000097,-36.007747882961894,0
0022000098,5.499150129671079,0
0022000099,42.15078491879058,1
0022000100,12.998461913152369,0
0022000101,6.401326522287718,1
0022000102,-38.09616944637128,1
0022000103,-45.21707281922522,0
0022000104,2.553067837344088,1
0022000105,54.29719137330039,0
0022000106,14.876363013799846,0
0022000107,43.82424421919745,1
0022000108,13.42394303349488,1
0022000109,72.23958426032527,1
0022000110,31.855467053478606,0
0022000111,-24.874741243991366,0
0022000112,6.366550375189718,1
0022000113,56.171082044090326,1
0022000114,18.279699971709533,0
0022000115,65.7905135024323,1
0022000116,-5.342646987973922,0
0022000117,-12.412844853868364,1
0022000118,-59.13624074967652,1
0022000119,-30.633111718039345,0
0022000120,-8.576542858026869,0
0022000121,50.03271756970071,0
0022000122,22.42997444983598,1
0022000123,-89.40469025340167,1
0022000124,66.65865161581723,1
0022000125,21.49217889779561,0
0022000126,9.531188736044669,0
0022000127,-61.139816326949585,1
0022000128,-40.25009670312261,1
0022000129,12.833868981687374,0
0022000130,-28.743443307061852,1
0022000131,32.92579714696467,1
0022000132,39.54158389522195,0
0022000133,64.97572124318344,0
0022000134,5.692773381690131,1
0022000135,3.0628117810315416,0
0022000136,-25.86642864503574,0
0022000137,-9.8883043608771,1
0022000138,-40.39291673458183,0
0022000139,-14.170383715927073,1
0022000140,-14.729296809189918,0
0022000141,-58.13396248049003,0
0022000142,33.76969483002085,1
0022000143,-24.387339310493644,0
0022000144,23.63838916891177,0
0022000145,42.43480559323825,0
0022000146,-52.04660901811849,0
0022000147,-61.80705059377897,1
0022000148,37.73026131771144,1
0022000149,7.5944409923993135,1
0022000150,34.889229268018426,0
0022000151,1.0238131987882753,0
0022000152,-88.7671645921123,1
0022000153,-40.76731813530182,1
0022000154,30.719819313061407,1
0022000155,46.99159199235146,1
0022000156,-43.84202437961767,1
0022000157,8.412338760662124,1
0022000158,-21.02350732743139,1
0022000159,-33.10771146454681,0
0022000160,-48.13773354042678,1
0022000161,-72.79192084394344,0
0022000162,25.210385930261054,0
0022000163,8.1443934672036,0
0022000164,-7.404514666386376,0
0022000165,-77.0631257106536,0
0022000166,-77.39460415426174,1
0022000167,15.067628134948563,1
0022000168,2.9859334865006986,0
0022000169,-22.77621281280335,0
0022000170,-37.57523423386374,0
0022000171,30.7248694488419,1
0022000172,47.907701322039884,1
0022000173,-35.095116594735146,0
0022000174,24.248173268186065,1
0022000175,-48.18499257983535,1
0022000176,54.637131518381466,0
0022000177,-9.884257270239232,1
0022000178,8.820553208315232,0
0022000179,-32.059441012931075,1
0022000180,30.538461823233547,1
0022000182,-1.372760826786589,1
0022000183,-45.1949134290403,0
0022000184,16.935206872092067,1
0022000185,39.18420787868013,1
0022000186,37.67421139768771,1
0022000187,92.13621076518552,1
0022000188,-61.84941436470922,0
0022000189,28.010143097145374,1
0022000190,15.233990182893649,1
0022000191,-29.152187174800247,1
0022000192,47.66786955937209,0
0022000193,-28.38268732292454,1
0022000194,9.74715572320929,0
0022000195,34.45260619128203,1
0022000196,50.817839799640296,0
0022000197,-21.15429507460385,1
0022000198,47.293054076906856,0
0022000199,-12.429361204262705,0
0022000200,-31.667142061384084,0
0022000201,-4.550017721116319,0
0022000202,-0.2638220061210177,1
0022000203,15.301692494129611,1
0022000204,-3.664942713131495,1
0022000205,35.498609514344935,1
0022000206,21.400358332726455,1
0022000207,13.99677468301843,0
0022000208,-14.875170104330891,1
0022000209,-32.661531671260036,1
0022000210,-39.073777315909865,1
0022000211,26.556472008466017,1
0022000212,81.64835460994937,0
0022000213,-9.817174471330645,1
0022000214,66.97105608463562,1
0022000215,8.56141284467708,1
0022000216,-53.806643250373554,1
0022000217,30.54450710112951,0
0022000218,17.60547827455116,1
0022000219,29.28571923001914,1
0022000220,-4.541805244458374,0
0022000221,-39.430154568835405,0
0022000222,-61.41529822516918,0
0022000223,-19.71205442726773,1
0022000224,101.91132542123796,1
0022000225,-11.708580461051724,0
0022000226,-22.319686413508634,0
0022000227,79.71962975185488,1
0022000228,8.603580349891217,0
0022000229,-6.330640131923701,0
0022000230,-4.025768685329695,0
0022000231,40.829312480389945,1
0022000232,-34.450761823534094,1
0022000233,32.937944916472816,1
0022000234,-27.987351182827297,1
0022000235,52.17533194080693,1
0022000236,-67.95515521511493,0
0022000237,-4.717149132369514,0
0022000238,31.251609522460512,0
0022000239,64.66727857994647,1
0022000240,-34.75244753472339,0
0022000241,-69.99385571340167,1
0022000242,58.511906445181694,1
0022000243,-117.87762698716074,0
0022000244,8.231173927013742,1
0022000245,-54.54716107829927,0
0022000246,-54.028161891920035,1
0022000247,68.53702830530779,0
0022000248,5.8484467937500995,0
0022000249,48.25414306232028,0
0022000250,20.0073311355884,1
0022000251,77.53131078589877,1
0022000252,-7.643224627533073,0
0022000253,38.08278598249399,1
0022000255,90.9996236629147,1
0022000256,-15.196033291991853,1
0022000257,-134.85703220088294,1
0022000258,21.956213591231744,1
0022000259,-30.915275049072534,1
0022000260,24.076986112318764,1
0022000261,-100.96717006442077,0
0022000262,-9.39080235578308,0
0022000264,-52.80284295061824,0
0022000265,-8.473581214294882,0
0022000266,71.08380653497011,1
0022000267,17.46301248014902,0
0022000268,-70.67308904628294,1
0022000269,18.480592118516824,1
0022000270,68.24837596449333,1
0022000271,-39.06102209054302,0
0022000272,30.361664906110036,1
0022000273,23.868129733279375,0
0022000274,-6.240965138134925,0
0022000275,-59.473493513015455,0
0022000276,-38.37669716292817,1
0022000277,-41.58641894351854,0
0022000279,-3.1942677482793442,1
0022000280,-4.2684053824687,1
0022000281,13.786718595463299,0
0022000282,65.89270680991717,1
0022000283,83.62764207109808,1
0022000284,-147.352726927101,1
0022000285,-93.3234133736471,0
0022000286,-10.417999032498983,1
0022000287,-2.8807886416543624,1
0022000288,-60.55142161595472,1
0022000289,-108.82930690120929,0
0022000290,-57.32545483625495,0
0022000291,14.541015499993364,1
0022000292,15.571306931226218,0
0022000293,-86.06188959045971,1
0022000294,-148.31678445585862,0
0022000295,-22.604773275905018,0
0022000296,-18.995844854740426,1
0022000297,78.69525559442877,1
0022000298,13.59858316882628,0
0022000299,-44.53550979436409,1
0022000300,-26.34551260954845,0
0022000301,-16.28442554131061,1
0022000302,-49.84681216613626,0
0022000303,-10.610372424156822,0
0022000304,-15.414744490162775,0
0022000305,53.91926444763203,1
0022000306,-45.20426244282271,1
0022000307,-39.449793005402626,0
0022000308,-80.61235381973688,0
0022000309,13.176926806053189,1
0022000310,-108.35204565029449,1
0022000311,-65.77343088492898,1
0022000312,45.72890869782077,1
0022000313,-67.28521232568391,0
0022000314,-28.17329315860684,0
0022000315,-9.086577241496343,1
0022000316,30.450308972752282,1
0022000317,-11.732297594134934,0
0022000318,-8.245954898535047,0
0022000319,-33.715963229865565,0
0022000320,-38.249878303144214,0
0022000321,111.5709473162558,1
0022000322,-58.82462769005474,1
0022000323,-28.751142840732655,0
0022000324,-59.940099907215426,1
0022000325,143.2280031425703,1
0022000326,-1.792097199107502,0
0022000559,-40.539122790841475,0
0022000327,-70.52368177534504,0
0022000328,-113.4551422280274,0
0022000329,2.5479625275395392,1
0022000330,28.591681440976345,0
0022000331,24.070644136436613,0
0022000332,7.7222890587136135,0
0022000333,-31.484228488244526,1
0022000334,109.35901171213914,1
0022000335,-83.27119467962143,1
0022000336,-39.87643246925427,1
0022000337,92.77577795494403,0
0022000338,-92.557969571169,0
0022000339,-8.870551406805134,0
0022000340,59.35688316997948,0
0022000341,32.88852149276704,1
0022000342,-91.91554314910627,0
0022000343,64.23505432956858,0
0022000344,-42.23773796919704,1
0022000345,53.7812140671017,0
0022000346,-79.82336587268037,0
0022000347,-0.9472224112435015,1
0022000348,91.9232922069466,0
0022000349,88.96394999962808,1
0022000350,78.95560758197507,0
0022000351,-15.740885646031074,1
0022000352,-59.30828213367158,1
0022000353,-23.54616761175248,0
0022000354,47.332820944771356,1
0022000355,-84.50407410789398,1
0022000356,-20.481418971081894,1
0022000357,-98.97058172122433,0
0022000358,-1.3229076213447115,0
0022000359,63.458015475280945,1
0022000360,-32.07380276375625,1
0022000361,172.81506433730033,1
0022000363,-93.51041188874729,0
0022000364,49.3096571671872,0
0022000365,-0.7112926661586698,1
0022000366,76.5180652848992,0
0022000367,-19.94044784573566,1
0022000368,41.562702923697316,0
0022000369,51.75804761234758,0
0022000370,72.74028157198791,1
0022000371,37.426164319867894,1
0022000372,91.70779408154021,1
0022000373,-18.542205952312315,0
0022000374,113.32929796893563,1
0022000375,-101.42796956838447,1
0022000376,-22.957044877263797,1
0022000377,-20.931329191739906,1
0022000378,51.69511604801801,0
0022000379,92.77082912001106,1
0022000380,67.63257348394336,1
0022000381,-68.64814388118089,0
0022000382,-53.14451954866195,0
0022000383,12.249816900781525,1
0022000384,0.836554843461272,1
0022000385,-21.40505381736898,1
0022000386,31.731492444523838,1
0022000387,-157.6732905817089,0
0022000388,92.92228411393262,1
0022000389,-30.870287129179587,1
0022000390,123.87946957044619,1
0022000391,-59.276339981030105,0
0022000392,16.069033570826832,0
0022000393,75.23806063323946,1
0022000394,-83.27407846702886,1
0022000398,-4.471587959558747,1
0022000395,94.29135644483813,1
0022000396,-40.11105427096186,0
0022000397,-48.019316258394156,0
0022000399,17.571685150520352,1
0022000400,-93.21103231831239,0
0022000401,56.77151946116169,1
0022000402,55.26664369895707,1
0022000403,73.06089059163264,1
0022000404,90.01594319391165,1
0022000405,81.35345572087931,0
0022000412,98.88353887101835,0
0022000406,-34.221743606189875,1
0022000407,-29.752516413627518,0
0022000408,12.303502430270328,1
0022000409,-8.00481975587877,0
0022000410,133.25357867163234,1
0022000411,-19.48948568091737,0
0022000413,115.80687462657352,0
0022000414,-42.137071441249645,0
0022000415,-83.16916516188826,1
0022000416,-76.78429691245469,1
0022000417,120.18107655668496,1
0022000418,-41.972494556164975,0
0022000419,155.41201779900325,1
0022000560,-73.94985160263286,1
0022000561,-37.7985317457767,1
0022000420,43.84676132991035,0
0022000421,-31.16925907605537,1
0022000422,41.048135685921125,1
0022000423,54.5022406304015,1
0022000424,79.12576234060975,1
0022000425,99.30120987486043,1
0022000426,-50.4957310262223,0
0022000427,-55.91173022949488,1
0022000428,-105.89204857799155,0
0022000429,78.76664025500259,0
0022000430,50.38983789159079,0
0022000431,-200.47041290809966,0
0022000432,-55.60204333371985,0
0022000433,21.659294018311357,0
0022000436,-76.33890057850408,1
0022000437,-90.57868384801873,1
0022000438,52.165639918529905,0
0022000439,102.25838782187407,1
0022000440,-98.09188266824435,0
0022000441,-69.27014675224541,0
0022000443,25.905393135146596,1
0022000444,-44.73141661720388,0
0022000562,57.80561332580078,1
0022000564,45.01839014440566,1
0022000445,23.981374046294377,0
0022000446,60.73259215803455,0
0022000447,-2.383666942255786,0
0022000449,-70.28438887729203,1
0022000450,83.9806707218952,1
0022000451,25.66559884733124,1
0022000452,106.58011513960696,1
0022000453,53.28945696509277,1
0022000454,-127.29493421999155,0
0022000455,-81.55918792703801,0
0022000457,-65.8968482675989,1
0022000563,-117.18364324684853,0
0022000459,-14.993966326012014,1
0022000460,24.536825260008072,1
0022000462,-18.24005366184724,0
0022000463,116.87115441543756,0
0022000464,95.4798954692601,0
0022000465,-40.67530585068084,1
0022000466,-52.71720280050636,0
0022000467,28.645493245494436,1
0022000468,-50.71575313235621,1
0022000469,114.38888109278628,1
0022000470,-80.57283376025771,1
0022000471,74.65729336587196,1
0022000472,22.51616356385921,0
0022000474,-30.851985724047836,0
0022000475,-29.952786193901602,0
0022000476,-34.72267179924506,1
0022000477,27.71267978372566,1
0022000478,139.00723180959108,1
0022000479,109.38683064325096,0
0022000480,-74.43056648659513,1
0022000481,43.38168112292351,0
0022000482,135.15486020300864,1
0022000483,9.376107663895027,0
0022000484,-31.53755749764582,0
0022000485,14.06263087330558,1
0022000486,152.64544767384223,1
0022000487,-6.600278304393214,1
0022000488,85.80836473756676,1
0022000489,2.0458689899003275,0
0022000490,-23.321344734865306,1
0022000491,-42.53566956007808,1
0022000492,-16.58563165402893,1
0022000493,126.7220620030032,1
0022000494,38.71522726114313,1
0022000495,-102.29376841007661,1
0022000496,86.9248115216476,0
0022000497,68.7276774390557,1
0022000498,67.35665948147607,1
0022000499,137.12541968209325,1
0022000500,51.96419480535451,1
0022000501,-61.84398018158845,1
0022000502,52.46528852882261,0
0022000503,60.15936972252234,1
0022000504,-10.049758861254759,0
0022000505,-22.429999214389,1
0022000506,78.89952844379582,1
0022000507,-128.06474695483666,1
0022000508,-58.4932839464509,0
0022000509,-42.02565028947993,0
0022000510,0.522615167240474,1
0022000511,12.475095024963366,1
0022000512,37.300654842416634,1
0022000513,171.1645497930126,0
0022000514,79.91825472361757,1
0022000515,10.555160939204598,1
0022000516,-192.23491082289775,0
0022000517,129.3195672884151,1
0022000518,-47.560518151824,0
0022000519,82.97413389903681,0
0022000520,-41.38658658666009,1
0022000521,-94.95181590476363,0
0022000522,69.96386638619902,1
0022000523,28.01976798068972,0
0022000524,-20.70495653590592,1
0022000525,-87.6432604458555,0
0022000526,-210.29038113895672,0
0022000527,46.13435147832388,1
0022000528,-53.616634049907816,0
0022000529,-84.1845511139029,0
0022000530,90.41215547414663,1
0022000531,-26.658645181317524,0
0022000532,-7.515524934912264,0
0022000533,-178.09032973395415,1
0022000534,-19.96130239181889,0
0022000535,12.318340644704676,1
0022000536,-34.937026475651464,0
0022000537,-82.85372922485794,1
0022000538,82.56327717557383,0
0022000540,5.511925934021747,0
0022000541,28.531283540949744,1
0022000542,-1.6085767375334399,0
0022000539,109.17108793250236,0
0022000543,-31.482705380047264,0
0022000544,-41.448192444219785,0
0022000545,-51.935484047887485,1
0022000546,-174.5645515138351,0
0022000547,-142.16258895275496,0
0022000548,-21.113906598174935,0
0022000549,63.049035126726494,1
0022000550,9.274838268697977,1
0022000551,-133.2677898826298,1
0022000552,5.515081099333429,1
0022000553,-73.16410327375024,0
0022000554,-79.96237989200199,1
0022000555,0.9333632955244866,0
0022000556,91.13041378953949,0
0022000557,-57.52571826061853,0
0022000558,90.3548212453536,1
0022000565,91.22932958263755,1
0022000566,34.35764111645585,1
0022000567,-0.9220292427100958,1
0022000568,97.42765167693801,1
0022000569,83.19715100337658,1
0022000570,9.97242320514897,0
0022000571,116.88539537403017,1
0022000572,-77.11918784414092,0
0022000573,37.879904282749294,1
0022000574,104.21409294536056,0
0022000575,-69.95692734381237,1
0022000576,42.22026419668691,1
0022000577,-50.386197344751736,0
0022000578,35.34373599962055,1
0022000579,-108.175583708055,0
0022000580,-31.983450761102176,0
0022000581,8.607250597165148,1
0022000582,-38.96126134967085,0
0022000583,118.17256981755281,1
0022000584,220.74378507687015,1
0022000585,80.11489643515415,1
0022000586,-22.161550772901364,0
0022000587,194.0159564167452,1
0022000588,37.49666562782886,1
0022000589,-80.27669635928555,0
0022000590,43.36995024761973,1
0022000591,-166.67674691109096,0
0022000592,44.82183354568224,0
0022000593,-51.841880201969616,1
0022000594,-117.35874197037538,1
0022000595,70.16147823156984,1
0022000596,-143.19290911473536,0
0022000597,74.0140284879883,1
0022000598,-109.71138554102458,0
0022000599,-180.98532068315671,1
0022000600,18.85536559815,1
0022000601,-112.36861320993307,1
0022000602,80.69988386020259,1
0022000603,-99.39786531604636,0
0022000604,85.15199202981944,1
0022000605,-2.01279928029885,0
0022000606,96.63227946942948,1
0022000607,87.55111619113745,1
0022000608,-45.65909929092845,0
0022000609,-97.28866009803824,0
0022000610,138.92455057543134,1
0022000611,98.54777459681804,1
0022000612,13.016669776004392,1
0022000613,-118.22683669219259,0
0022000614,66.167029956948,1
0022000615,200.8666859545151,1
0022000616,-60.11789880585934,1
0022000617,-145.32425967584936,0
0022000618,38.75938113151028,0
0022000619,25.48634733685799,0
0022000620,-90.98770741519274,1
0022000621,-24.053536107963282,0
0022000622,-127.99680503132822,0
0022000623,-51.623783217923574,1
0022000624,44.36875308932872,1
0022000625,-25.599426319642816,1
0022000626,37.38838133535455,1
0022000627,108.59066073576878,1
0022000628,241.2681284309176,0
0022000629,78.95583644441217,1
0022000630,55.36201732733798,1
0022000435,-115.30737241178463,0
0022000631,46.119918126234325,0
0022000632,95.71472517254438,0
0022000633,-224.32219318625994,1
0022000634,-167.36653757160798,0
0022000635,-42.43453711133566,0
0022000636,5.729437484618757,0
0022000637,86.01288003114291,1
0022000638,207.12462347268888,1
0022000639,-6.083377634524368,1
0022000640,62.672529731069744,0
0022000641,143.12863263951976,1
0022000642,-18.286747905735865,1
0022000643,42.769343103039546,1
0022000644,38.564952690350765,1
0022000645,67.07112716362576,0
0022000646,137.33804932896055,0
0022000647,155.01932173308455,1
0022000648,-29.735904706467636,1
0022000649,-64.44008013693201,0
0022000650,-96.12593054917193,0
0022000651,26.516806312624794,1
0022000652,10.557248013759363,0
0022000653,-31.40538323977239,0
0022000654,-86.70251318882674,0
0022000655,34.000373068439785,0
0022000656,-129.796735000549,0
0022000657,-77.35748820503181,1
0022000658,35.8699483816697,1
0022000659,113.38853497460627,1
0022000660,26.12621567331189,1
0022000661,-162.54237982924542,0
0022000662,59.63086466738014,1
0022000663,-99.00011552170554,1
0022000664,-79.04279627163737,0
0022000665,-100.10895221773785,0
0022000666,-72.4006076731921,0
0022000667,66.4270112872498,1
0022000668,-151.01879770654978,1
0022000669,129.68113985068385,1
0022000670,-212.91952142221248,1
0022000671,75.39692307030691,0
0022000672,-150.46650940252107,0
0022000673,-176.24049945937736,0
0022000674,-45.72483031435536,0
0022000675,-38.98389144366092,0
0022000676,17.99862986270591,1
0022000677,-59.29126328959478,1
0022000678,-10.53264917529782,0
0022000679,72.74920546791918,1
0022000680,-60.47870623658946,0
0022000681,-75.57352143346793,0
0022000682,-31.606296153268204,1
0022000683,-203.15910145971748,0
0022000684,-160.4238630090258,0
0022000685,139.51658585891028,0
0022000686,24.330531860651718,1
0022000687,-122.75467551286238,0
0022000688,3.7687182439071876,1
0022000689,-90.71232897993173,0
0022000690,70.05242681200411,0
0022000691,108.62353229401947,1
0022000692,-17.05535962567751,0
0022000693,113.76625349488154,1
0022000694,30.64495055033285,1
0022000695,76.74448303478152,0
0022000696,19.860971329321274,0
0022000697,32.19826275045261,1
0022000698,-77.25971077355507,1
0022000699,-16.42930180295184,0
0022000700,119.38545700319742,1
0022000701,-48.066101858074944,1
0022000702,63.641596050921635,1
0022000703,-71.2781684575009,0
0022000704,-113.96757783066937,0
0022000705,46.06090623819591,1
0022000706,140.8855541057094,1
0022000707,-61.1663348009929,1
0022000708,20.184514157600915,0
0022000709,254.52058551698724,1
0022000710,34.23420581893629,0
0022000711,-29.71556802165196,1
0022000712,-157.5352421093262,0
0022000713,-75.57694675679681,0
0022000714,22.365341177791606,0
0022000715,237.57227650634104,1
0022000716,20.07290334491381,1
0022000717,18.80764783906443,1
0022000718,-77.11899932384813,0
0022000719,-45.92380024552722,1
0022000720,204.34817873251814,0
0022000721,-151.89495315430963,0
0022000722,-19.033635896938222,0
0022000723,-58.469260391668286,0
0022000724,259.73196902302925,1
0022000725,-125.25104085953262,0
0022000726,-158.6050665153491,1
0022000727,32.73496251213123,1
0022000728,-2.5604268112381305,1
0022000729,-20.022952909410606,0
0022000730,155.66739615604638,1
0022000731,-204.47177424644315,0
0022000732,86.39585263209187,1
0022000733,24.096293407457097,1
0022000734,69.944890721398,0
0022000735,-10.45909459640825,0
0022000736,-1.43397250937619,0
0022000737,-81.84439636485172,1
0022000738,116.52051411054799,1
0022000739,-46.99292995390351,0
0022000740,-50.79984471464991,0
0022000741,151.69106893956314,1
0022000742,-58.76630307517894,0
0022000743,208.64262383532832,1
0022000744,166.86238102600782,1
0022000745,-21.268302267388208,0
0022000746,-43.35166692611847,0
0022000747,-123.62415650001276,0
0022000748,-99.67002228589536,0
0022000749,120.60678624250545,1
0022000750,256.81233354983215,1
0022000751,31.251073540393463,0
0022000752,236.880400371419,1
0022000753,100.6267355393577,1
0022000754,-107.82371808552944,0
0022000755,-174.51032751584557,1
0022000756,26.453632542798232,1
0022000757,-61.4660856272385,1
0022000758,98.90665438367728,0
0022000759,65.00193998655755,1
0022000760,-112.65643777229707,0
0022000761,173.88431060219227,1
0022000762,111.06376918456453,1
0022000763,-13.230802698704792,1
0022000764,-100.74690340024881,1
0022000765,-113.24793690802812,1
0022000766,58.55728047239313,0
0022000767,84.70709340589269,0
0022000768,-282.3392754601816,0
0022000769,14.75849092597764,0
0022000770,76.91184229586065,1
0022000771,-124.0710761494006,0
0022000772,-117.82459949599729,0
0022000773,-9.328662747511316,0
0022000774,-131.32162063580995,1
0022000775,28.861612854425175,1
0022000456,-243.52835247726784,1
0022000776,92.7848045715923,1
0022000777,2.64880059522784,0
0022000778,-18.227581206977675,1
0022000779,153.28913057535806,1
0022000780,1.9610255657566995,0
0022000781,-98.96915938400753,0
0022000782,133.95208025110833,1
0022000783,-30.98510008392077,1
0022000784,-30.874460915284544,1
0022000785,5.820900206857914,0
0022000786,-24.0796367264968,1
0022000787,102.78047725228998,1
0022000788,-46.25733063863413,1
0022000789,67.1296965824829,0
0022000790,-61.63039280568023,0
0022000791,65.45267312059718,1
0022000792,118.48128928680308,1
0022000793,-76.19967041062432,1
0022000795,-158.4803466716487,1
0022000796,43.442135480413526,0
0022000797,143.60631564920823,1
0022000798,49.70517754501725,0
0022000799,248.7380890606571,1
0022000794,10.757791475826025,0
0022000800,81.16549161773173,0
0022000801,204.33076046584688,1
0022000802,120.23557092612191,1
0022000803,181.9922126325198,1
0022000804,130.39206173536104,1
0022000805,1.7033852855161058,0
0022000806,122.3389817670618,0
0022000807,-58.81610226321527,0
0022000808,-166.69731483441683,0
0022000809,70.31851882573346,1
0022000810,112.72649412952592,0
0022000811,70.88674429507637,0
0022000812,-107.03403236993336,1
0022000813,196.67858610246776,1
0022000814,17.834143322050977,0
0022000278,80.87004112788486,1
0022000815,-51.00524732996223,1
0022000816,-82.43527885662047,0
0022000817,-234.17541579398858,0
0022000818,-46.75834946603891,0
0022000819,35.742560683087504,1
0022000820,217.29265999889458,0
0022000821,-125.5709748037998,1
0022000822,287.905409189229,1
0022000823,-110.04189950332466,0
0022000824,-138.94924957768694,0
0022000825,-7.448776224909125,0
0022000826,233.92752864462727,1
0022000827,92.69467745570796,1
0022000828,27.12406279842253,0
0022000461,-146.7006682244505,0
0022000829,122.64032163947195,0
0022000830,2.7186315779620145,1
0022000831,-72.1367726448218,1
0022000832,-212.64864590136858,0
0022000833,68.73821990334,0
0022000834,-205.84155884168445,0
0022000835,-23.56909999080881,0
0022000836,-80.44776331993512,0
0022000837,-3.040740103508824,0
0022000838,52.54459843211612,1
0022000839,-17.92799084466924,0
0022000840,-12.606792193136243,0
0022000841,-76.16175712939685,0
0022000842,37.89063693184926,0
0022000843,210.40018091968,1
0022000844,149.68363389433785,1
0022000845,1.0055257295657611,1
0022000846,3.654102807671052,1
0022000847,-9.639133858065179,1
0022000848,94.240268775103,1
0022000849,25.83126830498054,1
0022000850,-94.83914306199472,0
0022000851,-261.0747338088979,0
0022000852,-165.6400082043624,1
0022000853,-45.972589641953164,0
0022000854,35.59420142976114,0
0022000855,-105.09622721855294,1
0022000856,73.28365598734467,1
0022000857,20.89715991995331,1
0022000858,27.588161370948683,1
0022000859,49.10386036639102,0
0022000860,177.8013002726309,0
0022000362,-25.973249137784478,1
0022000861,65.87788449920708,1
0022000862,67.17980243315333,1
0022000863,-96.11038928927496,1
0022000864,62.01665334150562,0
0022000865,43.75796948993616,1
0022000866,122.38114721551574,0
0022000867,237.56674493272385,1
0022000473,3.55874465743409,0
0022000868,-3.230911846897243,1
0022000869,102.03004661108935,0
0022000870,135.4939304570953,0
0022000871,184.51126549575883,1
0022000872,103.72027338517637,1
0022000873,-47.461274988368814,0
0022000874,42.838512709095085,1
0022000875,-82.79829553561012,0
0022000876,186.2312536941463,1
0022000877,29.41459442904238,1
0022000878,-136.39470378606802,0
0022000879,-93.0087790919606,0
0022000880,67.860622498147,0
0022000442,126.27492765003012,1
0022000881,-58.75995276053641,1
0022000882,97.60099336584722,1
0022000883,-19.50973278978813,0
0022000884,-170.60704082269967,1
0022000885,-22.924671976780246,1
0022000886,-15.35088057740495,1
0022000887,-309.83772752135974,0
0022000888,-37.40004060204683,0
0022000889,75.84005420629933,1
0022000890,-92.3826749927382,0
0022000891,40.56476159410727,1
0022000892,-123.18764299321901,1
0022000893,-83.26485252711836,0
0022000894,-37.65841144952515,1
0022000895,80.40154786273001,1
0022000896,-65.15741474849528,1
0022000897,-8.204862654002682,1
0022000898,17.330195561984965,1
0022000899,58.847621424862155,1
0022000900,94.27200412417847,1
0022000901,-297.2825860746873,0
0022000902,-129.134688423527,0
0022000903,-111.70448719440151,1
0022000904,109.1355375357416,1
0022000905,-19.22907877819557,1
0022000906,82.53439638981536,1
0022000907,81.0288107419085,1
0022000908,8.55456035365296,1
0022000909,272.69293479655084,0
0022000910,274.14758729418236,1
0022000911,-27.128879388933683,1
0022000912,-34.442380677932306,1
0022000913,-20.523146244319832,1
0022000914,-120.51437609952518,0
0022000915,81.28963188828288,1
0022000916,-185.15279870616178,1
0022000917,-174.61493803440976,0
0022000918,227.31582319706285,1
0022000919,18.48628405870386,0
0022000920,-62.10215019261955,0
0022000921,48.17388205114253,1
0022000922,93.08506879730999,0
0022000923,-237.70166224507943,1
0022000924,-169.73119433488932,1
0022000926,-126.43406905998972,1
0022000927,163.44722715274452,0
0022000928,-65.72814311693378,0
0022000929,-12.087845760186838,0
0022000930,-158.9264297518605,0
0022000931,-83.73745965710759,0
0022000932,-21.35080683113597,0
0022000933,42.38866343845052,0
0022000934,30.106525215727515,1
0022000935,-42.53992612915977,1
0022000936,3.512232901731295,1
0022000937,94.89717037755759,1
0022000938,24.678774314411157,1
0022000939,27.107461906447725,0
0022000940,127.83664485270106,1
0022000941,15.094878534523332,1
0022000942,-180.20264388056216,0
0022000943,-150.75832385461558,0
0022000944,-137.77571127958345,0
0022000945,-269.8015731839439,1
0022000946,-89.17500208864135,1
0022000947,-100.07248835795895,0
0022000948,166.38768685656055,1
0022000949,44.764522140502095,1
0022000950,20.71763456042254,1
0022000951,-125.92828404689044,0
0022000952,98.010125153937,0
0022000953,169.41116973312046,1
0022000954,-117.6521685217806,0
0022000955,18.947786410064964,1
0022000956,94.6933513687552,0
0022000957,98.715843245114,1
0022000958,-165.84508300080302,0
0022000959,100.79724438835342,1
0022000960,-163.2205485677614,0
0022000961,-177.65004531891327,1
0022000962,-51.42647139382257,0
0022000963,-108.36620934651296,0
0022000964,49.43859553942707,1
0022000965,177.90111029161267,1
0022000966,-0.8265955440101607,0
0022000967,-31.355622614503773,1
0022000968,-21.836220838176587,0
0022000969,-40.16691960242633,0
0022000970,121.08750993512217,0
0022000971,-235.02735519926296,0
0022000972,-297.119776686503,0
0022000973,-120.42215257974499,0
0022000974,76.08435981487128,0
0022000975,19.485850531893448,0
0022000976,23.1617312213034,1
0022000977,-13.144968921068994,0
0022000978,-1.6192624505890763,1
0022000979,-173.42357433323605,0
0022000980,-44.97328031201778,0
0022000981,145.87356101618934,1
0022000982,-128.29619249633674,1
0022000983,-295.12015641786843,0
0022000984,-111.60361722382731,0
0022000985,-13.286317547426734,1
0022000986,-2.6388642965516738,0
0022000987,-36.108015657485794,1
0022000988,-110.09553851147734,0
0022000989,152.19861109189947,1
0022000990,-127.3894408746628,0
0022000991,-188.21506138920427,0
0022000992,-100.53454658630994,1
0022000993,3.7250621842981673,0
0022000994,-300.5426078608282,0
0022000995,38.55451398129412,1
0022000996,155.03413007652716,1
0022000434,63.80200059006552,0
0022000997,-66.11217158576301,0
0022000998,-29.83548856431753,1
0022000999,-142.37333383751047,1
0022001000,-109.55354394490519,1
0022001001,165.5373195457787,1
0022001002,96.4679826596107,1
0022001003,134.43648390709905,1
0022001004,109.66345717654553,1
0022001005,117.81082455680416,1
0022001006,282.0017412589343,1
0022001007,222.62804223638864,1
0022001008,8.969888896570637,1
0022001009,80.34651056654934,1
0022001010,47.347867449949035,1
0022001011,14.570925149140066,0
0022001012,-48.83820775918889,0
0022001013,249.23630214779496,1
0022001014,-62.426695098432674,0
0022001015,29.13167043708313,0
0022001016,325.5478290800829,1
0022001017,173.92303404232462,1
0022001018,79.37147993393387,1
0022001019,49.14010582636274,0
0022001020,3.391215899865074,0
0022001021,-229.04153658630844,0
0022001022,-46.73230860762783,0
0022001023,-69.3056654090069,0
0022001024,-157.9594771413431,1
0022001025,135.4437491484082,1
0022001026,27.69975592683727,1
0022001027,-120.66600365939394,0
0022001028,10.956218196246482,1
0022001029,-126.78006180640318,1
0022001030,-124.77085183118493,1
0022001031,253.41867940368206,1
0022000448,-124.80521140693213,0
0022001032,-25.7005683724974,0
0022001033,-58.12798888199586,0
0022001034,-173.63529158330562,0
0022001035,-161.33040163967667,1
0022001036,-141.21088079396168,0
0022001037,-65.97320819988227,1
0022001038,230.65826623593625,1
0022001039,-115.29845213025351,1
0022001040,145.03523393137675,1
0022001041,-66.08200112903683,1
0022001042,42.48664993129137,1
0022001043,120.36708468787288,1
0022001044,-173.01350185177853,1
0022001045,61.48815474124285,0
0022001046,211.6556947342292,1
0022000458,86.36685740756707,1
0022001047,-137.77907134316388,0
0022001048,-107.97100890494653,0
0022001049,219.60308808905415,1
0022001050,-65.14874131311558,1
0022001051,30.005789977865334,1
0022001052,-174.08023879934194,0
0022001053,50.49734886007491,1
0022000263,47.11983694397827,1
0022001054,-259.5634239370122,0
0022001055,258.0283739832337,1
0022001056,-290.9657995277089,0
0022001057,160.67098290646527,1
0022001058,-308.7899604640654,1
0022001059,49.85805775604649,1
0022001060,154.68042882692635,1
0022001061,-49.003885565092105,0
0022001062,35.961897541680855,1
0022001063,-64.55908728142413,0
0022001064,111.81524950935841,1
0022001065,-164.30327394571532,0
0022001066,256.12917768295824,1
0022001067,268.6961052231495,1
0022001068,-155.88543546013443,1
0022001069,-204.8399294258602,0
0022001070,13.10690069805537,1
0022001071,-157.4833755845657,1
0022001072,-51.66761239047764,0
0022001073,74.26086722230025,1
0022001074,-277.6672697624906,1
0022001075,263.41882393563196,1
0022001076,-47.34211803422431,1
0022001077,-147.89707527289397,0
0022001078,-178.73765416187507,0
0022001079,-57.29410697943831,0
0022001080,62.6091121596171,1
0022100001,-17.03659224492617,1
0022100002,-6.911204975359624,0
0022100003,-19.37033728998813,1
0022100004,-88.49987295585652,0
0022100005,64.98583082298501,1
0022100006,-95.6154462494153,0
0022100007,136.00742571260253,1
0022100008,84.5147253480543,1
0022100009,-106.94573715185811,0
0022100010,85.48507932532675,1
0022100011,218.79711252675247,1
0022100012,30.21683312183268,0
0022100013,89.59608130976608,0
0022100014,12.451980148991879,1
0022100015,-32.30666968938931,1
0022100016,-9.946697405193163,1
0022100017,-92.15331269959393,0
0022100018,-190.62279004877973,0
0022100019,55.12749260487544,1
0022100020,77.97702175642667,0
0022100021,15.301494962972129,0
0022100022,12.080222418879202,1
0022100023,-15.57054988445816,1
0022100024,120.84745846147212,1
0022100025,-79.89871765492398,0
0022100026,-111.49932615130456,0
0022100027,-199.15391458308932,1
0022100028,-91.02417070797628,1
0022100029,-112.56515488466084,0
0022100030,114.96631953269593,1
0022100031,-8.044665416241969,1
0022100032,-99.85771627563213,0
0022100033,-62.56011179367283,1
0022100034,29.904442477207112,0
0022100035,112.40820574413578,0
0022100036,203.69084079680533,0
0022100037,-110.8929103570481,0
0022100038,-217.55258467055228,0
0022100039,-81.65342778911054,0
0022100040,-24.074980409188584,1
0022100041,7.906375395130908,0
0022100042,-103.45971357084659,0
0022100043,184.29193514442704,1
0022100044,43.140528422215084,1
0022100045,157.18989013587816,1
0022100046,-76.74187665344857,0
0022100047,8.705778668916537,0
0022100048,219.4157432190059,0
0022100049,-17.763043173729102,1
0022100050,-29.150972950316827,1
0022100051,-210.7938221229149,0
0022100052,190.6024894107643,1
0022100053,-59.182530759537485,0
0022100054,22.442505007677255,1
0022100055,-97.81582761651612,0
0022100056,-28.713083905650137,0
0022100057,33.96929853429947,0
0022100058,-58.31027616184838,1
0022100059,-91.93292076322359,0
0022100060,137.8737159964669,0
0022100061,-178.0772687198696,1
0022100062,132.0620351671655,0
0022100063,22.51506129353311,1
0022100064,150.25958655217005,0
0022100065,213.3249943099504,1
0022100066,-29.333199186009097,1
0022100067,-63.165757272723795,0
0022100068,-260.940009119327,0
0022100069,100.59867996692583,1
0022100070,56.06472226540109,0
0022100071,43.67325617984079,1
0022100072,113.78358659465493,1
0022100073,71.79834879222267,1
0022100074,-27.407889541226268,0
0022100075,19.790969988135203,1
0022100076,23.506922013896883,1
0022100077,103.3049188897462,1
0022100078,59.77138255935006,1
0022100079,-5.4032054514432275,1
0022100080,-132.42301339875644,0
0022100081,26.46008639593356,0
0022100082,24.4447119291342,1
0022100083,-124.98652671633067,1
0022100084,-35.890046338143975,0
0022100085,127.23232878829799,0
0022100086,196.36707598720523,1
0022100087,-119.2569088874302,0
0022100088,176.9355040211251,1
0022100089,54.773459361587356,1
0022100090,-80.15420246183157,1
0022100091,-50.010165985423555,0
0022100092,205.4893074016411,1
0022100093,174.23934301159375,1
0022100094,90.01974756852815,0
0022100095,-21.442887612050527,1
0022100096,35.74315114860565,1
0022100097,-2.65742276181345,1
0022100098,-26.081015140905492,0
0022100099,148.01713422633634,0
0022100100,-71.26101870704133,1
0022100101,97.63286042987806,0
0022100102,163.85533386987527,1
0022100103,-180.2683737006712,0
0022100104,-23.07339815386922,0
0022100105,129.97932684301895,1
0022100106,152.34482882558632,1
0022100107,182.29788360096632,1
0022100108,-127.9355947308577,1
0022100109,-122.48758269423115,1
0022100110,-95.29727166881685,0
0022100111,79.61431270776143,1
0022100112,91.48576340820546,0
0022100113,20.940868435974153,1
0022100114,-50.90064450746286,1
0022100115,-87.54325088745918,0
0022100116,-93.32613442680713,0
0022100117,85.16805020146649,1
0022100118,50.50256149071174,1
0022100119,-242.733590714284,0
0022100120,-72.11672980050685,0
0022100121,112.49933859236353,0
0022100122,253.20644473287302,1
0022100123,173.0620846497925,0
0022100124,-232.11504254614056,0
0022100125,-78.06908222400762,0
0022100126,-11.090189357655618,1
0022100127,36.82850317724524,0
0022100128,-4.6174242873732965,0
0022100129,-106.24737509695296,0
0022100130,145.62161951773078,1
0022100131,75.5026833884881,1
0022100132,15.491234602417535,1
0022100133,235.27348424070306,1
0022100134,-56.978412920213486,1
0022100135,-97.02767573486403,0
0022100136,61.50427056354101,1
0022100137,55.612889190232636,1
0022100138,26.242797583854554,1
0022100139,-137.95119918475757,0
0022100140,126.92829811624483,0
0022100141,-268.18389898732244,1
0022100142,-3.3889190113579843,1
0022100143,44.45334474493461,0
0022100144,-78.4765074325785,1
0022100145,241.15182528690275,1
0022100146,81.43395534592969,1
0022100147,61.921780088290234,0
0022100148,-98.37328077333723,1
0022100149,108.74867020521106,1
0022100150,139.42898332609957,1
0022100151,-9.323605373181408,1
0022100152,44.61293379430799,1
0022100153,-118.6979116837158,0
0022100154,46.657082457602655,1
0022100155,69.70347255782303,0
0022100156,80.28370824385979,1
0022100157,5.705549516035262,1
0022100158,-88.70240744744183,0
0022100159,-219.3744064594748,0
0022100160,39.59514664653125,1
0022100161,21.08552506578667,0
0022100162,-17.3030227590923,0
0022100163,-52.438694424680534,1
0022100164,84.58749334970798,0
0022100165,32.53408576710831,0
0022100166,-34.42638141881025,1
0022100167,118.36201985269463,1
0022100168,71.29926106238486,1
0022100169,167.03776753929606,1
0022100170,-62.86786178985426,1
0022100171,150.51299765728072,0
0022100172,152.6626551865927,0
0022100173,-5.0156684893859165,1
0022100174,-88.47772665730963,1
0022100175,-66.8757245853767,1
0022100176,88.43413655919699,1
0022100177,-213.59974789393436,0
0022100178,-93.70110130972103,0
0022100179,-191.43707937411887,0
0022100180,-70.26945696038933,1
0022100181,-104.92625385072165,0
0022100182,68.40217333213059,1
0022100183,67.49091003329568,1
0022100184,109.46246563430236,0
0022100185,39.308687942893584,0
0022100186,-97.84131156260855,1
0022100187,-192.1934510431115,0
0022100188,-117.8634875029511,1
0022100189,100.21435251996377,0
0022100190,-48.370270159375195,1
0022100191,141.08984623130823,1
0022100192,67.56963380089474,1
0022100193,-35.0213861894124,1
0022100194,-117.91343272298059,1
0022100195,-312.57394702359966,0
0022100196,-194.86139878468634,0
0022100197,55.94604295455861,1
0022100198,58.89193809199901,0
0022100199,-29.326823988980323,0
0022100200,-87.65251350837207,0
0022100201,154.0984204524716,1
0022100202,166.4537229391035,1
0022100203,58.07894396795291,1
0022100204,-38.15237344723255,1
0022100205,192.8884755087654,1
0022100206,-206.4056907923259,0
0022100207,-171.33022641578555,0
0022100208,92.94348412515774,1
0022100209,-13.75245078522994,0
0022100210,23.246858786018947,0
0022100211,21.73608515018418,1
0022100212,126.08855605571966,1
0022100213,-77.27017928216878,1
0022100214,-121.1255901952893,1
0022100215,23.559607352425473,1
0022100216,142.28174587517333,1
0022100217,174.44261530480185,1
0022100218,198.7181343696261,0
0022100219,36.475595499390465,1
0022100220,-47.67080099134887,1
0022100221,86.37349528748587,1
0022100222,63.384642923061165,1
0022100223,-1.8642590263441434,1
0022100224,-148.66199909497755,0
0022100225,25.892242872254656,1
0022100226,-59.35820775858019,1
0022100227,-2.5800612185701084,1
0022100228,37.55049160253202,0
0022100229,158.00390560541427,1
0022100230,31.015100119410135,1
0022100231,-233.59966487643442,0
0022100232,0.0033206525515652174,1
0022100233,230.4021011184152,1
0022100234,148.73932955515238,1
0022100235,-156.49990729091815,1
0022100236,47.749459285461626,0
0022100237,76.31319476423369,1
0022100238,26.22017001099971,0
0022100239,234.69300260945647,1
0022100240,49.14307494547438,1
0022100241,-40.776247302112324,1
0022100242,28.149100174329078,1
0022100243,110.62071053094155,1
0022100244,185.7368003050924,1
0022100245,-80.91518643239942,1
0022100246,-21.39574557704418,1
0022100247,-153.0273016582371,0
0022100248,-16.94736680507799,1
0022100249,-123.16373207442302,0
0022100250,7.173828255656417,1
0022100251,82.3018781519686,1
0022100252,167.5012668217762,1
0022100253,-162.31473688589722,0
0022100254,58.50272053099138,0
0022100255,153.75670445057312,1
0022100256,212.63062774450373,1
0022100257,85.09928171992237,0
0022100258,193.37784146128615,1
0022100259,-40.613199124626135,0
0022100260,-233.43270863852672,0
0022100261,97.96731213757676,0
0022100262,-123.48108791080585,0
0022100263,-223.36897889762508,0
0022100264,33.45755103731403,1
0022100265,-5.323917729199366,1
0022100266,0.30400487267866083,0
0022100267,-227.4766818508233,0
0022100268,-7.2540671755932635,0
0022100269,-154.38094969242138,0
0022100270,-96.57411169004172,0
0022100271,-245.16178948363404,1
0022100272,82.1956454120018,0
0022100273,208.21300231206806,1
0022100274,-129.30469740309422,1
0022100275,-150.00555163612694,1
0022100276,-205.25838657453437,0
0022100277,-130.75692695521298,0
0022100278,46.27588779878329,1
0022100279,-136.21995162631674,1
0022100280,192.6005306335221,1
0022100281,51.96516852478635,1
0022100282,-128.79946279232627,0
0022100283,-173.29973591243493,0
0022100284,18.430522351903846,1
0022100285,-48.69065949172659,0
0022100286,-154.1273216869365,0
0022100287,-96.27132570797426,1
0022100288,-10.305021908138997,0
0022100289,188.676520398016,0
0022100290,69.12607611875637,1
0022100291,61.56659167038356,0
0022100292,99.03678979652045,0
0022100293,36.27082255368077,0
0022100294,-55.34919463900269,0
0022100295,83.32609113204967,1
0022100296,-42.74609757111648,0
0022100297,-218.43198230843268,1
0022100298,23.963341673480045,0
0022100299,156.21350399644666,1
0022100300,-83.17981297063284,0
0022100301,-96.12799943416826,0
0022100302,-48.887333482066424,0
0022100303,42.82463094744503,1
0022100304,143.63357898724212,1
0022100305,208.21624569310734,1
0022100306,43.86203543427837,0
0022100307,7.688470544841721,1
0022100308,-47.706878461966426,1
0022100309,7.0284550542749,1
0022100310,117.77127818958229,0
0022100311,-133.34217706429195,1
0022100312,38.45701209516551,1
0022100313,115.6135882384865,0
0022100314,66.70573297995657,1
0022100315,-68.82604873374339,0
0022100316,48.017267452113856,1
0022100317,198.93169407879304,1
0022100318,-46.20536013324113,0
0022100319,-91.50836249580675,0
0022100320,-219.22726249169273,1
0022100321,56.215237303622644,1
0022100322,-45.96413729606002,1
0022100323,123.48867446575719,0
0022100324,78.32389620346044,1
0022100325,-102.69697425632853,0
0022100326,28.70152930765562,0
0022100327,84.23350105971008,0
0022100328,6.989313930622529,0
0022100329,-165.39977277773914,1
0022100330,164.24756001999071,1
0022100331,355.7490270014987,1
0022100332,111.0424212095345,0
0022100333,-104.87976081822467,0
0022100334,83.7515774975966,0
0022100335,21.540220799377494,0
0022100336,137.69970930023828,1
0022100337,-3.824221989336138,1
0022100338,120.53543747883691,0
0022100339,77.6726440694631,1
0022100340,-63.36179303748236,1
0022100341,-2.8980162776408633,0
0022100342,-16.14494898440853,0
0022100343,79.16257961661904,0
0022100344,11.080524422659892,1
0022100345,13.445885791156115,0
0022100346,194.2248420762462,0
0022100347,20.028526429931617,0
0022100348,-67.90359954334212,1
0022100349,-119.84223227204802,0
0022100350,50.42714365423217,0
0022100351,-95.96127177950393,1
0022100352,-86.32191108473785,1
0022100353,-40.56285279306712,0
0022100354,-10.136032195857524,0
0022100355,-78.97116420134444,1
0022100356,28.619200415757405,0
0022100357,3.4810392840445274,1
0022100358,115.77000278119363,1
0022100359,-63.55523704966345,0
0022100360,221.35271778273545,1
0022100361,282.78634176873334,1
0022100362,7.440668989303504,0
0022100363,-87.77611225946521,0
0022100364,-53.613698776926185,0
0022100365,-28.56307660583616,1
0022100366,-61.96725291655184,0
0022100367,-99.12791441815261,1
0022100368,-189.04388987392008,0
0022100369,-69.10811853162522,1
0022100370,-44.621564397863494,1
0022100371,91.99383091848631,0
0022100372,-251.37680418636546,1
0022100373,32.971209954641154,0
0022100374,-142.86046053297196,0
0022100375,-114.09071167420939,0
0022100376,123.03619373541574,1
0022100377,121.38797657601367,1
0022100378,8.799057263161103,1
0022100379,-39.72382520818792,0
0022100380,29.08884301277567,1
0022100381,-103.42247908270065,1
0022100382,26.708153423380963,1
0022100383,-58.017609035251326,1
0022100384,-54.11600631187025,0
0022100385,-78.83862986939334,1
0022100386,-201.5425028125362,0
0022100387,-19.703444234967037,0
0022100388,104.4288162409714,1
0022100389,-122.54115586696616,0
0022100390,183.70362260145475,1
0022100391,194.18392459481902,1
0022100392,-105.83910402379752,0
0022100393,28.541716169681422,1
0022100394,2.8551924911553215,1
0022100395,163.8476502974563,1
0022100396,-67.9983029908733,1
0022100397,-81.21967608519026,0
0022100398,-84.59265178933356,0
0022100399,-300.19272070514535,0
0022100400,-150.06956575679783,0
0022100401,23.95243820526298,1
0022100402,54.13855827478119,0
0022100403,171.49977314804983,1
0022100404,-69.42899250845198,1
0022100405,-147.39896638631512,0
0022100406,-5.940205078362851,1
0022100407,167.62766864990476,0
0022100408,-97.20890171060682,1
0022100409,-32.29689514513029,1
0022100410,20.52735333171404,1
0022100411,40.7822967696286,1
0022100412,-159.27436017694708,1
0022100413,162.5047277642634,1
0022100414,-135.83300353491586,0
0022100416,-193.23699794106278,0
0022100417,119.15796848216814,1
0022100418,-194.73045719357015,0
0022100419,11.354506911508906,0
0022100420,21.91669772044179,0
0022100421,119.45127340155045,1
0022100422,-64.29247992404362,0
0022100423,-33.92048285970645,0
0022100424,100.33323125840025,0
0022100425,89.20660261522562,1
0022100426,-71.77940677884976,0
0022100427,-60.69218121112044,1
0022100428,154.13789335585648,1
0022100429,67.35528702469196,1
0022100431,-105.56935512663608,0
0022100432,191.65932255724442,1
0022100433,-245.72194712697205,0
0022100434,-16.20370209361863,0
0022100435,-126.64054985544726,0
0022100436,-46.22111149808438,1
0022100437,192.23302585112947,0
0022100438,-161.85529568805578,1
0022100439,-34.04316050981811,1
0022100440,-108.01078604981672,0
0022100441,-68.2053833294749,0
0022100442,311.6922956534502,0
0022100443,-196.60672801926466,1
0022100444,-193.7245382250635,1
0022100445,8.08872336011541,1
0022100446,69.07209151627171,0
0022100447,133.6753514073257,0
0022100448,35.60698907885808,1
0022100449,-277.8132780720978,1
0022100450,91.04619678337212,0
0022100451,-20.021996715674504,1
0022100455,-33.77628250916996,1
0022100456,194.76232407804537,1
0022100457,-35.88219967309783,0
0022100459,170.71971564414616,1
0022100460,196.42463923817854,0
0022100461,117.8413047961717,1
0022100462,179.61124285382562,1
0022100463,70.23751584526985,0
0022100465,89.47970114837085,1
0022100466,177.97182310897324,1
0022100467,-50.29562258270926,1
0022100468,15.568840929206544,1
0022100469,-190.61314205917893,0
0022100470,183.47023385709008,0
0022100471,-23.54132915970513,1
0022100473,187.8682724034402,1
0022100474,-180.1479914441884,1
0022100475,-63.05788886378173,0
0022100476,86.90600908799979,1
0022100477,-102.89517683821646,0
0022100478,57.164973887982114,0
0022100479,256.6810720964495,1
0022100480,-14.402784015916723,0
0022100481,-54.532805665616024,0
0022100482,56.7425670483608,0
0022100483,310.80591221696886,1
0022100484,130.2783917434233,1
0022100485,97.28501233048974,1
0022100487,26.582691603355443,0
0022100488,-34.3593496473286,1
0022100489,70.52874527881295,1
0022100490,59.44665592030992,0
0022100491,-125.73499631033224,0
0022100492,114.47224364456588,1
0022100493,224.0721454490979,1
0022100494,51.68080750794388,1
0022100495,-27.473134352718944,0
0022100496,-94.60199498537304,0
0022100497,-74.49509159260106,1
0022100498,179.44289945054948,1
0022100499,89.89953585693888,1
0022100500,-6.963919469027587,0
0022100501,131.23001256427324,1
0022100502,-57.46641854400127,0
0022100503,-23.936852984266807,1
0022100504,-138.30312992627705,0
0022100505,145.42850830432644,0
0022100506,-15.722401218121377,0
0022100507,-106.78643972721738,0
0022100508,-248.52758662453175,0
0022100509,61.91292299962606,1
0022100510,-98.96656390412272,0
0022100511,-112.0161305429167,0
0022100512,-1.115193980004051,0
0022100513,-70.75867547862549,1
0022100514,114.81754635599054,0
0022100515,32.889697569396276,1
0022100516,-202.03268443195816,0
0022100517,-43.25078826682443,0
0022100518,-7.832345395687298,0
0022100519,77.90001839993624,1
0022100520,74.48064655780126,1
0022100522,283.0643899965505,1
0022100523,-160.02360409547714,0
0022100524,-73.4366692315225,1
0022100525,61.650258179466846,0
0022100526,-258.8469736235613,0
0022100527,-12.199830314732935,1
0022100529,-192.89784194121967,1
0022100530,-128.47634308242323,0
0022100531,-52.951110943889034,0
0022100532,-219.8617454012624,0
0022100533,14.507668431349657,0
0022100534,-65.9059317733429,1
0022100535,86.47090290098731,1
0022100536,-119.44244549655104,1
0022100537,163.5847982795426,1
0022100538,12.824005090149285,1
0022100539,134.8235308407152,1
0022100540,-179.7408792833428,1
0022100541,-79.0099747281281,0
0022100542,109.29592983895554,0
0022100543,-207.0069731755741,0
0022100544,2.7381818561464115,0
0022100545,-37.75473987335408,1
0022100546,168.59187542825202,1
0022100547,48.81927712249467,1
0022100548,-143.0330732409784,1
0022100549,-146.98728385960408,0
0022100550,-111.76196811260047,0
0022100551,13.749765211367048,1
0022100552,235.5321152729316,1
0022100553,-8.7556229882764,1
0022100554,27.73014104060121,0
0022100555,273.3556479071233,1
0022100556,295.2775476871225,0
0022100557,-175.39506398171147,0
0022100558,-42.365419121533705,1
0022100559,84.9484387537027,1
0022100560,-43.8783561427806,1
0022100561,54.18090336181308,0
0022100562,-85.2580717454855,0
0022100563,7.884522660490347,1
0022100564,50.89475546839435,1
0022100565,-219.96544521927058,0
0022100566,43.85240777886952,1
0022100567,175.36114323550964,1
0022100568,-260.4084006089522,0
0022100569,167.19009291131988,0
0022100570,49.04395737461937,0
0022100571,-157.04826689158813,0
0022100572,-130.0500782515794,1
0022100573,108.32775687358298,0
0022100574,86.85022527537558,1
0022100575,-86.26289235718718,0
0022100576,-95.62538098652203,0
0022100577,-49.114581549411014,0
0022100578,6.045078607020287,1
0022100579,273.0850114593102,1
0022100580,-203.3294450032829,1
0022100581,170.4710020891373,1
0022100582,121.82747832461473,1
0022100583,24.453733263912,0
0022100584,-158.75039088045196,1
0022100585,108.14338336981677,1
0022100586,-185.26701995446456,0
0022100587,-98.62613350207357,0
0022100588,111.14734320050616,1
0022100589,-1.787843303865884,1
0022100590,-31.034242881165255,0
0022100591,-94.22298725996325,0
0022100592,-78.28108373014084,1
0022100593,1.041319463820173,1
0022100594,-214.42899398833288,1
0022100595,-22.01145932253462,1
0022100596,108.20696590020884,0
0022100597,-2.226957267535454,1
0022100598,-177.83641916479178,0
0022100599,44.54899953088034,1
0022100600,-143.42431721802723,0
0022100601,-172.96061556168934,0
0022100602,121.31719561097452,1
0022100603,-57.1107523507585,1
0022100604,133.91863425503334,1
0022100605,19.707456854776865,1
0022100606,-95.70477734520546,0
0022100486,-131.5808285755022,1
0022100607,-57.516935257257046,1
0022100608,-296.4763278258033,1
0022100609,52.557877167430206,1
0022100610,38.15015776835253,1
0022100611,-75.4720079032852,0
0022100711,-250.15725422907917,0
0022100415,253.88067883428698,1
0022100612,123.91443069742104,1
0022100613,-155.80279580213028,0
0022100614,-24.84888923614176,1
0022100615,-49.41188245913304,1
0022100616,-55.646635098399656,1
0022100618,-66.0376494565196,0
0022100619,73.33830998307144,0
0022100620,196.60202597894158,1
0022100621,-100.21924104950676,0
0022100622,-57.8388409964557,1
0022100623,111.06521788476994,0
0022100624,101.43648350895546,0
0022100625,23.799696696507908,0
0022100626,-89.95422563883199,1
0022100627,-68.37069537549246,1
0022100628,131.67783534092587,1
0022100629,-49.41719965733478,1
0022100630,222.70184206173872,0
0022100631,79.8436532363628,1
0022100632,239.4840496074446,0
0022100633,-163.47872308263345,1
0022100634,-253.79870725684646,0
0022100635,78.05392533839495,1
0022100636,118.19877439684524,1
0022100637,-34.18845236909806,0
0022100638,-86.42255341652913,0
0022100639,79.6192469311402,0
0022100640,69.53235740572563,1
0022100641,82.17579881125084,0
0022100642,41.28014726974925,0
0022100643,-37.66011610089686,0
0022100644,99.70827693716842,1
0022100645,11.39091199419704,0
0022100646,-147.80219335436936,0
0022100647,-75.7482706796834,1
0022100648,-77.10712796926919,1
0022100649,63.18092412306919,1
0022100650,247.01624921825737,1
0022100617,-326.45381364118293,0
0022100651,82.15321660463951,0
0022100652,-144.49049274211256,1
0022100653,-32.963541074910154,0
0022100654,44.56079496573602,1
0022100655,0.22080495603563577,0
0022100656,-112.62227715223457,1
0022100657,-39.23516771798518,1
0022100658,49.26687513301522,1
0022100659,76.22075255934033,1
0022100660,-96.31705492662195,1
0022100661,-161.35128485868904,0
0022100662,85.01346308060465,1
0022100663,191.5404277819705,1
0022100664,-247.71065327738143,0
0022100665,-120.00275909622451,1
0022100666,10.239025990169466,0
0022100667,270.5785545078702,1
0022100668,285.2532782476949,1
0022100669,-66.20860853423801,0
0022100670,-38.36957841970025,1
0022100671,-15.936836102020152,0
0022100672,113.66762590472763,1
0022100673,11.962462440122636,1
0022100674,-73.78470434582391,1
0022100675,70.99033545804309,1
0022100676,59.16108272675933,1
0022100677,232.3272427283482,0
0022100678,51.54655512749537,1
0022100679,67.70387493111593,0
0022100680,86.42770236513275,0
0022100681,38.769418796383206,0
0022100682,-111.97585134570159,0
0022100683,198.95326765176856,0
0022100684,180.61747129130822,1
0022100685,-177.80543156866406,0
0022100686,102.72856041169507,0
0022100687,-118.21954349969701,1
0022100688,29.374844689956262,0
0022100689,-1.0686725426992325,0
0022100690,-8.435813896344598,1
0022100691,-141.05070113651618,0
0022100692,-55.52114799742526,0
0022100693,215.29131655177684,1
0022100694,228.74214560363203,1
0022100695,178.76521976932827,1
0022100696,165.9778793942835,1
0022100697,256.9890357174472,1
0022100698,-20.493069247751464,1
0022100699,-13.828183880794768,0
0022100700,101.0401447813947,1
0022100701,-261.4578677311838,1
0022100702,14.95166804716996,0
0022100703,54.52674386324816,0
0022100704,-150.48590734468667,0
0022100705,-54.40575803432762,1
0022100706,-82.81656414224017,1
0022100707,188.814854693268,1
0022100708,30.087414826915392,1
0022100709,49.38171767583026,1
0022100712,34.96761127460036,1
0022100713,127.86701414059507,1
0022100730,-186.80823907173954,0
0022100454,107.60849060592909,1
0022100714,-196.3469685688392,0
0022100715,-43.37743902476768,1
0022100716,-28.525282367601903,0
0022100717,108.44177182274598,1
0022100718,92.09866101146167,0
0022100719,-47.12476325318289,0
0022100720,39.181521828958466,1
0022100721,-11.48218974912379,0
0022100453,4.78886395110294,0
0022100472,48.36045174463311,1
0022100722,-20.97012190645637,1
0022100723,-96.28420984093918,0
0022100724,-195.77226462903127,0
0022100725,116.45486577331053,1
0022100727,108.14192192719702,1
0022100728,-180.49297338472388,0
0022100731,-137.78012135152903,0
0022100732,-79.88864640188649,0
0022100733,95.11063702008141,1
0022100734,98.70771969293583,1
0022100729,-94.12413833755318,0
0022100735,43.809996238176154,1
0022100736,-41.206833634906616,1
0022100737,2.4484426096419156,1
0022100738,86.2205158957579,1
0022100739,-117.08184089116821,0
0022100740,60.265324126377436,1
0022100741,-70.94409866352862,0
0022100742,-131.83815919651397,1
0022100743,193.2404245499847,1
0022100744,80.64791246752111,1
0022100745,-37.632555702675745,0
0022100746,149.0615333638034,1
0022100747,211.9746663839935,1
0022100748,111.66018419269108,0
0022100749,168.32602012705206,1
0022100750,80.27144595753612,1
0022100751,36.435978014391594,1
0022100752,33.90390802525053,0
0022100753,55.70358763605873,1
0022100754,-221.14181741732864,1
0022100755,-269.2168320273229,1
0022100756,-8.91841993028902,0
0022100757,-36.735356748549975,1
0022100758,279.2530701673361,1
0022100759,90.57645928322177,1
0022100760,-95.01008529279056,1
0022100761,-28.34954659417781,1
0022100762,-78.57038679309653,1
0022100763,92.88797519437458,1
0022100764,-280.06708337562327,0
0022100765,-142.484268094335,1
0022100767,18.703202996830896,0
0022100766,-96.33780870823284,0
0022100768,103.5412986821218,1
0022100769,221.26081299908333,1
0022100770,-64.09293262115057,1
0022100771,-205.21328072715323,0
0022100772,175.74543619367955,1
0022100784,-59.53114937620421,1
0022100773,109.93031382881236,0
0022100774,162.7021056284259,0
0022100775,-5.972651675496536,1
0022100776,-139.49329181866779,0
0022100777,-199.72184605060647,1
0022100778,216.70237938410241,0
0022100779,-35.76021953389318,1
0022100780,-161.88665513200363,1
0022100781,7.0335061177279385,1
0022100430,-23.150103674714728,1
0022100521,-143.21328777470876,0
0022100782,-191.95635651230123,0
0022100783,-206.76943901747973,1
0022100785,256.1996750121257,1
0022100786,24.954862957353043,1
0022100787,-15.430885688024773,0
0022100788,-195.65011110889486,0
0022100789,-123.63380889623159,0
0022100790,10.799779962206912,1
0022100791,-42.322146467998664,1
0022100792,56.19456497783176,1
0022100793,26.132063655379852,1
0022100794,112.40237562581615,0
0022100795,93.44016800077361,0
0022100796,-286.94457241511554,0
0022100797,-69.49479139101891,0
0022100798,-245.29723767822998,0
0022100799,4.471557924889112,1
0022100800,-114.03769635277445,0
0022100801,3.6879532837378974,1
0022100802,-30.9086684462668,0
0022100803,211.36430708554803,1
0022100804,36.302884926237084,1
0022100805,134.015550692342,1
0022100806,-200.9007572534888,0
0022100807,39.810803233484194,1
0022100808,-114.30392694760826,0
0022100809,-52.99973535050435,0
0022100810,-48.38690978305249,0
0022100811,-130.99644893895947,0
0022100812,-170.56690553644762,0
0022100813,-273.3757272380092,0
0022100814,94.27343530250823,1
0022100815,-124.75377381562612,0
0022100816,105.5165637023606,1
0022100817,-33.06373990500879,0
0022100818,125.61313410515345,1
0022100819,131.48466409743583,1
0022100820,242.25812063810167,1
0022100821,102.44932761004202,1
0022100822,-95.20764749211071,0
0022100823,108.43768525225732,0
0022100824,-149.5933680685007,0
0022100825,125.73495037852172,1
0022100826,-46.85844372133283,0
0022100827,-188.23244282764676,0
0022100828,-87.82156755053802,1
0022100829,-51.85315719317873,1
0022100830,-164.81778054635424,1
0022100831,-314.53120352947576,0
0022100832,-50.536353478627916,1
0022100833,-111.84674757633002,0
0022100834,-221.19041487069148,0
0022100835,69.17827996062056,1
0022100836,139.01908398138312,1
0022100837,188.3849792956387,0
0022100838,-159.249703492374,0
0022100839,-154.12116051735325,0
0022100840,223.96274219147676,1
0022100841,98.0384538756332,0
0022100842,-12.172781326321456,1
0022100843,7.445015877293599,1
0022100844,230.31035736936042,1
0022100845,-35.831677794202506,1
0022100846,-155.61361655323753,0
0022100847,59.46810564281918,0
0022100848,40.25239851437573,0
0022100849,25.73273638579394,1
0022100850,12.012486839332269,0
0022100851,114.94977495626495,1
0022100852,193.99544551505937,1
0022100853,81.81675347967189,0
0022100854,159.15432229530347,1
0022100855,391.36395667575766,1
0022100856,58.15453146018285,1
0022100857,-135.15963090283276,0
0022100858,133.8649690572504,1
0022100859,72.16093674779017,1
0022100860,104.11784588204046,0
0022100861,108.98246475462497,1
0022100862,141.82095237526596,0
0022100863,-95.15057176245887,1
0022100864,230.05593077254093,1
0022100865,240.7100046604828,1
0022100866,-120.53168755261208,1
0022100867,-58.71752876245864,1
0022100868,47.250449789775985,0
0022100869,27.994947212362376,0
0022100870,181.92542374986192,1
0022100871,60.617458832688044,1
0022100872,-174.63737951724443,0
0022100873,213.66005425266962,1
0022100874,-170.84565536687614,0
0022100875,275.68228844553914,0
0022100876,-66.63615335748705,1
0022100877,-45.29821310069565,0
0022100878,156.4715680615468,1
0022100879,197.2371064571978,0
0022100880,-2.142923949781334,0
0022100881,-72.47520939239575,0
0022100882,403.2175445544269,1
0022100883,44.61338982551115,0
0022100884,-119.21261642872332,1
0022100464,61.59607792699239,0
0022100885,-125.76605490892052,0
0022100886,-109.29716151194089,0
0022100887,-11.85856551154302,0
0022100888,184.12614737811987,1
0022100889,-223.08515396818393,1
0022100890,-76.56793088197605,0
0022100891,52.11044224373245,1
0022100892,-105.71588522441948,1
0022100893,-378.12337430727007,0
0022100894,-130.56155271487296,0
0022100895,-184.50466182546984,0
0022100896,-95.8870223951169,1
0022100897,35.42750173154309,0
0022100898,0.7852987069402388,1
0022100899,0.5841204597306842,0
0022100900,-170.19277645931243,0
0022100901,-52.104528570590674,0
0022100902,283.76043336547264,0
0022100903,-15.279329171444488,1
0022100904,-47.79256776003626,0
0022100905,-236.0232244968622,0
0022100906,-39.69845395626294,1
0022100907,91.25736961511234,1
0022100908,147.64724687782427,1
0022100909,-53.79889862982827,0
0022100910,83.15791965660401,0
0022100911,197.88446260036812,1
0022100912,-178.7578168694272,0
0022100913,146.06829917146683,0
0022100914,-199.13522584762677,1
0022100915,141.06376263191123,0
0022100916,-210.44838466963574,0
0022100917,36.916606896774056,0
0022100918,-130.49069834581564,0
0022100919,-12.762134620838651,0
0022100726,-46.320056974913086,0
0022100920,4.650812997382445,0
0022100921,-56.02295782010992,1
0022100922,53.31633318741774,1
0022100923,177.86303394644233,1
0022100924,88.95299949498167,1
0022100925,-20.867643427824532,0
0022100926,87.64340908801205,1
0022100927,48.4715651811257,1
0022100928,67.39432600445184,1
0022100929,-222.53280239620926,0
0022100930,-54.30932192712635,1
0022100931,-137.65690569936578,0
0022100932,73.90515896039437,0
0022100933,-36.539602941604926,0
0022100934,192.4337805580535,1
0022100935,-284.0753899896415,0
0022100936,-70.27334121577542,1
0022100937,84.20539032289548,1
0022100938,245.37068899040105,0
0022100939,250.5746496769748,1
0022100710,-46.142922463239074,1
0022100940,-69.1069837232078,1
0022100941,-137.97141262002674,0
0022100942,213.35304495376113,0
0022100943,6.418627948286712,1
0022100944,59.242288185742154,0
0022100945,100.00850482720784,1
0022100458,201.80921699071678,0
0022100946,-36.42434307288045,1
0022100947,104.51253698621622,1
0022100948,-78.53081019523893,0
0022100949,-16.09332149442662,0
0022100950,-104.8239792219199,1
0022100951,-178.97537097920417,0
0022100952,282.7718731894936,1
0022100953,293.99451554486313,1
0022100954,194.54760801302746,1
0022100955,23.745698709982207,1
0022100956,-1.4142402266213594,1
0022100957,278.2513387811737,1
0022100958,107.12895690977189,1
0022100959,-144.72109199845022,1
0022100960,115.4337713903767,1
0022100961,-138.84413305462772,1
0022100962,-15.16350162355593,1
0022100963,45.87882568990494,1
0022100964,-331.7019622605378,1
0022100965,-216.93612858914003,0
0022100966,133.76613274444753,0
0022100967,85.92783785381107,1
0022100528,25.72823585527567,1
0022100968,-161.69672435580173,1
0022100969,78.61583480738705,1
0022100970,310.52857127082143,1
0022100971,117.95869468371052,1
0022100972,15.967942947398114,1
0022100973,-14.836726017818819,1
0022100974,-23.696155494031245,0
0022100975,11.677111812555722,0
0022100976,-136.68164161357095,0
0022100977,-350.46234666886835,0
0022100978,119.5524796241516,1
0022100979,-223.06305607635954,0
0022100980,29.02353931583889,1
0022100981,-126.38480136688145,0
0022100982,-149.1146728695146,0
0022100983,-73.23432990890956,0
0022100984,75.65624801147692,1
0022100985,-124.54601510619773,1
0022100986,214.85354678620683,1
0022100987,145.21689159428774,0
0022100988,174.71147683431877,0
0022100989,-70.10258455436656,0
0022100990,140.18718284094484,1
0022100991,-207.95222064659288,0
0022100992,87.54105077183976,1
0022100993,146.19891469619824,0
0022100994,39.36606710509409,0
0022100995,-213.01936470245982,1
0022100996,-21.445561278318337,1
0022100997,223.3000412155327,1
0022100998,97.9982309361194,1
0022100999,-271.6428157684529,0
0022101000,165.4053859432986,1
0022101001,24.162208120402966,0
0022101002,-155.6384213485776,1
0022101003,190.85831137298896,0
0022101004,-3.2338556556355798,1
0022101005,65.16509210923573,0
0022101006,19.27813607711687,1
0022101007,75.2555060698487,0
0022101008,-15.744289357817252,1
0022101009,56.61687623735793,0
0022101010,187.63320183836458,1
0022101011,15.203985629804038,1
0022101012,36.54961570613273,1
0022101013,-153.62483468059372,0
0022101014,-5.325459867149448,0
0022101015,-227.91239724523848,0
0022101016,134.5588204878036,1
0022101017,141.21800198536675,1
0022101018,-272.325029870711,0
0022101019,260.296379276725,1
0022101020,-20.465405256474014,1
0022101021,76.7106919153548,1
0022101022,27.59515429366479,0
0022101023,-115.8985589468989,0
0022101024,-143.22690087130968,0
0022101025,174.63281213886103,1
0022101026,-159.51538455815876,1
0022101027,-9.441253738773185,0
0022101028,-118.0066549724836,0
0022101029,-251.54040263681736,0
0022101030,-125.35068679009055,0
0022101031,251.45394035337154,1
0022101032,-231.12671132787887,0
0022101033,-55.967111110941914,1
0022101034,-78.93476501585064,0
0022101035,-182.8353773165304,0
0022101036,-111.32815415570394,0
0022101037,4.590314559743547,1
0022101038,-387.24831510656577,0
0022101039,156.78276851486044,1
0022101040,83.25778176867789,1
0022101041,36.761183361884605,1
0022101042,7.784350669195874,0
0022101043,-203.57866743690215,0
0022101044,-39.52572812571543,0
0022101045,3.767571016774582,0
0022101046,-17.471890812172887,1
0022101047,-116.05322735445225,1
0022101048,63.08443674728528,1
0022101049,-92.87899396705279,1
0022101050,47.902496139388404,1
0022101051,150.07300332322552,0
0022101052,281.0334919658783,1
0022101053,-58.55805341468181,0
0022101054,-33.47458574875941,0
0022101055,64.76936478656694,1
0022101056,183.94514650117435,1
0022101057,-207.94489705798128,0
0022101058,-20.01615986261845,1
0022101059,-132.34723447469332,1
0022101060,148.92321338267766,1
0022101061,-38.585397005225786,1
0022101062,-41.75643407790676,1
0022101063,-319.0120507594777,0
0022101064,57.06387604383758,0
0022101065,18.22492512603344,1
0022101066,-327.16399539502527,0
0022101067,-121.74036463725679,0
0022101068,-14.292949331506634,0
0022101069,59.40622851778335,0
0022101070,163.7080014876908,0
0022101071,7.656924999629609,1
0022101072,96.25712025122084,0
0022101073,-50.680777974324656,0
0022101074,-16.009645167401686,1
0022101075,-88.06259102254899,1
0022101076,-49.06855330754888,1
0022101077,-106.03533559846892,1
0022101078,-291.9573595211175,0
0022101079,8.031285734354014,1
0022101080,-208.76396874031275,1
0022101081,-66.22806364177131,0
0022101082,68.3342540154465,1
0022101083,75.17623395802252,1
0022101084,61.47554936492679,0
0022101085,-172.20524226125167,1
0022101086,12.348526982012118,0
0022101087,41.28242927696624,1
0022101088,56.51494350221742,0
0022101089,115.39843005240732,1
0022101090,-127.91512225601105,0
0022101091,-51.702072859297004,1
0022101092,298.87891246265417,1
0022101093,-168.5409773491583,0
0022101094,-7.535418023611101,0
0022101095,50.27586406114824,1
0022101096,251.9329685332882,1
0022101097,208.16666208643483,1
0022101098,-43.99937266129518,1
0022101099,-138.41401813285484,0
0022101100,-82.78376817206595,1
0022101101,-24.407962364741707,0
0022101102,-51.43446433992517,1
0022101103,140.90490504898662,0
0022101104,-34.289151207819486,1
0022101105,104.90544801485589,0
0022101106,-119.76076725176563,0
0022101107,42.7062756246014,0
0022101108,-31.10276647128626,0
0022101109,188.0804554694771,1
0022101110,-11.35303147746481,0
0022101111,73.23574157333383,0
0022101112,28.0806404643904,1
0022101113,247.66321967153658,1
0022101114,75.83656832775773,0
0022101115,-113.02512118935579,0
0022101116,39.11499406193229,1
0022101117,-152.47639041341017,1
0022101118,105.65246899371414,1
0022101119,41.036319310037925,1
0022101120,21.120664070210978,0
0022101121,42.797115732242446,1
0022101122,-67.79611970836208,0
0022101123,139.9405763308323,1
0022101124,-149.57078369571127,0
0022101125,162.52663917724362,1
0022101126,-46.64423824569826,1
0022101127,-64.36645607055675,1
0022101128,-120.34365943884836,0
0022101129,99.33154580220275,1
0022101130,60.05131453996114,0
0022101131,20.026739660073417,0
0022101132,-99.62371256089614,0
0022101133,160.03697113058274,1
0022101134,183.79333712964126,1
0022101135,-65.4168691490936,1
0022101136,-119.54460478845112,0
0022101137,-223.0520140232427,0
0022101138,60.956851999370656,1
0022101139,53.68438318245239,0
0022101140,-14.104973285890992,0
0022101141,-1.0898544559408947,1
0022101142,-69.6445120889714,0
0022101143,-191.55050687329117,0
0022101144,-181.3943856767371,0
0022101145,-198.65456988339656,0
0022101146,-109.38595987979852,0
0022100452,50.98076681545035,1
0022101147,-263.7813962614482,1
0022101148,-99.91929652036629,0
0022101149,25.7484841847413,1
0022101150,120.85300412773177,1
0022101151,-248.51511684335946,0
0022101152,-209.84962258073915,1
0022101153,250.08763061318496,1
0022101154,-89.37716840630469,0
0022101155,-87.69759886700513,1
0022101156,129.99083024433662,0
0022101157,-25.696832775280427,0
0022101158,96.02905123136611,1
0022101159,22.650845338977433,0
0022101160,-72.80829280384114,0
0022101161,79.00368860676349,1
0022101162,-3.688306512932286,0
0022101163,41.188425050482465,1
0022101164,-51.776258315607265,0
0022101165,-17.765029588037578,1
0022101166,186.30037150218982,1
0022101167,-3.0871692986711423,0
0022101168,-174.3961575271535,0
0022101169,-12.102974894013187,0
0022101170,-106.66006613460786,0
0022101171,-130.37185048636002,0
0022101172,-1.0470723685191388,0
0022101173,-274.49907842374387,0
0022101174,-410.0643096097929,1
0022101175,107.3707445143757,1
0022101176,-121.56563363634064,0
0022101177,5.6281674693946115,1
0022101178,-260.8141878502547,0
0022101179,-156.8870558589647,1
0022101180,190.35853406978526,1
0022101181,98.64726403341888,1
0022101182,29.630907269402996,1
0022101183,-72.87877919604466,0
0022101184,166.18114893915345,0
0022101185,-13.388590646801049,1
0022101186,118.4994169980082,0
0022101187,-125.1576368286726,1
0022101188,-82.58668608660673,0
0022101189,313.11153467785994,1
0022101190,-239.5071652335621,0
0022101191,-27.351511527605,0
0022101192,104.9221172792395,1
0022101193,-105.6503332313946,0
0022101194,204.11571076501036,1
0022101195,-202.21582173607544,1
0022101196,163.00085498690623,1
0022101197,-23.55707014561085,1
0022101198,-22.0603144375375,1
0022101199,87.78754952266445,1
0022101200,157.72510406124002,1
0022101201,-79.13211208147095,1
0022101202,149.1042909111177,1
0022101203,-236.7978581108939,0
0022101204,-27.777870039824165,0
0022101205,40.781114384535385,1
0022101206,295.14213680672106,1
0022101207,61.804732455027306,1
0022101208,-2.950253370026303,0
0022101209,286.22213624943197,1
0022101210,-147.02619548944858,0
0022101211,50.20494968017465,1
0022101212,127.45461102599575,1
0022101213,137.03120801891373,1
0022101214,261.78853566239127,1
0022101215,-72.80808335718075,0
0022101216,179.32202678241902,1
0022101217,94.866213450842,1
0022101218,-155.0739245820928,1
0022101219,158.3033234050381,1
0022101220,183.61768525782009,0
0022101221,-243.2107373460533,0
0022101222,195.2125778250645,1
0022101223,30.89599374451018,0
0022101224,88.55873982019375,0
0022101225,-60.96591094888936,0
0022101226,-126.90399892460664,1
0022101227,-283.6133196254366,1
0022101228,235.19882347118596,1
0022101229,314.80564341162585,0
0022101230,-210.28245013554965,0
0022200001,15.912358443365747,1
0022200002,116.31255234425407,1
0022200003,13.314303267592322,1
0022200004,-61.61879211278551,0
0022200005,190.32465829087755,1
0022200006,22.810828468530644,0
0022200007,72.83927859661048,0
0022200008,83.99180734850233,1
0022200009,113.42081045996042,1
0022200010,173.51415165981166,1
0022200011,-42.93785155092792,0
0022200012,-11.244947840046052,1
0022200013,44.59526076050793,1
0022200014,61.42017411704319,0
0022200015,-5.380763795623125,0
0022200016,-94.39841508369045,0
0022200017,21.890177895835677,0
0022200018,-97.84089278198007,0
0022200019,-69.84855765739576,1
0022200020,160.40009915979613,1
0022200021,-67.71832260973724,1
0022200022,-42.287364470890225,0
0022200023,74.49312447085276,1
0022200024,-264.7446955033838,0
0022200025,4.134143258351287,0
0022200026,16.485435843002733,0
0022200027,-264.01399514109835,1
0022200028,89.31073783895908,0
0022200029,-45.349967427540605,1
0022200030,-240.59096692311823,0
0022200031,-9.35246610132458,1
0022200032,31.691172226251183,0
0022200033,253.60359919564553,1
0022200034,-18.995481706154806,1
0022200035,184.08358825607638,1
0022200036,-114.93692135223455,0
0022200037,21.500470393542628,0
0022200038,28.693928210492913,0
0022200039,30.59160373148643,1
0022200040,-42.34596616049362,0
0022200041,-173.4856216472997,0
0022200042,134.38177559923156,1
0022200043,-90.88250023765454,0
0022200044,181.6610197208172,1
0022200045,7.471318150666548,0
0022200046,119.19009264900455,1
0022200047,-126.42581004349108,1
0022200048,-236.9741230027198,1
0022200049,88.97093480464605,1
0022200050,61.06505274025221,0
0022200051,-144.61456423283425,1
0022200052,57.779559588836264,1
0022200053,-93.48288680672727,1
0022200054,-175.23148477582868,1
0022200055,93.02102981132748,1
0022200056,131.03480641466558,1
0022200057,-145.40659340289722,0
0022200058,-33.92410279785281,1
0022200059,13.37014957996962,1
0022200060,85.48509143181695,1
0022200061,144.07501629115586,1
0022200062,34.11071303893641,1
0022200063,207.8109013621297,1
0022200064,135.74085915945102,1
0022200065,-121.56651435989829,0
0022200066,-88.28263615759806,0
0022200067,-149.09072649424002,1
0022200068,-10.48478275565094,1
0022200069,-200.61829148055358,0
0022200070,-160.85891943884235,0
0022200071,-159.18534826543691,1
0022200072,108.73566760421954,0
0022200073,28.93378879166994,0
0022200074,99.37621067633995,0
0022200075,96.25041258958572,1
0022200076,135.20490767845695,1
0022200077,-17.851818439039562,1
0022200078,-8.471139401459823,1
0022200079,132.2927301307027,1
0022200080,72.94021232092882,1
0022200081,-146.60101032230205,1
0022200082,-48.53030153052714,1
0022200083,120.73312607735943,0
0022200084,-54.26522080294944,0
0022200085,58.63733839842848,1
0022200086,213.80884043697756,0
0022200087,-63.10953580817795,1
0022200088,-3.4264068111078814,0
0022200089,152.027529593463,1
0022200090,17.62268965259591,1
0022200091,-174.26381402284323,1
0022200092,-44.70484238317249,1
0022200093,210.71409816430923,1
0022200094,316.3863241591016,1
0022200095,-158.50781069254253,1
0022200096,101.6931871332065,0
0022200097,-128.71905859223534,0
0022200098,90.95559626945669,1
0022200099,20.335995054705336,1
0022200100,227.6533308328933,1
0022200101,-43.21835860089641,1
0022200102,161.19213398361694,1
0022200103,-8.30708128984611,0
0022200104,3.8624665490704047,1
0022200105,33.609374965246616,1
0022200106,120.66828757278404,1
0022200107,-76.28313934300968,1
0022200108,145.09167274574384,0
0022200109,115.57103118200303,1
0022200110,-42.433714541893096,0
0022200111,2.2916395944064334,1
0022200112,-169.74483073375063,0
0022200113,233.91256997539608,1
0022200114,-56.6446411272118,0
0022200115,15.295335399802298,1
0022200116,-170.9337907155957,0
0022200117,-111.1635562746485,1
0022200118,-162.43930876387367,1
0022200119,-137.72075131465772,0
0022200120,-155.26556014995867,0
0022200121,-168.19330207119447,1
0022200122,80.4472131272264,0
0022200123,-26.694091196450927,0
0022200124,77.07510156410422,1
0022200125,109.45594562402448,1
0022200126,-8.929578647078188,0
0022200127,16.14543553285398,1
0022200128,2.686561237629121,1
0022200129,-85.9288856461119,0
0022200130,245.15205873627474,0
0022200131,-137.84573512938255,0
0022200132,-48.859444152335755,0
0022200133,4.703014612231982,0
0022200134,20.744276880656344,1
0022200135,-101.72795810444245,0
0022200136,225.38260090402423,1
0022200137,196.5631636590831,1
0022200138,66.13887089372247,1
0022200139,210.897668141939,1
0022200140,-122.93101471466252,0
0022200141,64.77505256873587,1
0022200142,173.77349760532047,1
0022200143,-49.921196622830166,0
0022200144,45.65146059208905,0
0022200145,41.6630965780721,0
0022200146,-28.29424886408401,1
0022200147,-120.58130163047645,1
0022200148,-103.38664479483418,1
0022200149,-79.89653970150766,1
0022200150,105.0531787842549,0
0022200151,-77.63367120142834,1
0022200152,8.243934775335447,0
0022200153,41.93922939058348,0
0022200154,-78.92908765748234,0
0022200155,106.75926492033727,1
0022200156,69.57304989529007,1
0022200157,172.49440675280016,1
0022200158,-37.92105290165,1
0022200159,16.86656695959664,0
0022200160,-165.84007217132535,0
0022200161,-256.3077360602697,1
0022200162,-24.923111010008824,0
0022200163,236.55950299045662,1
0022200164,-7.483493697053291,1
0022200165,231.10182221663763,1
0022200166,6.4765764658016,0
0022200167,-124.8098308129654,0
0022200168,-230.23010675131945,0
0022200169,-126.67604899964613,0
0022200170,114.98961471335701,1
0022200171,-112.24663978102603,1
0022200172,-148.99920608652246,1
0022200173,-6.997850633110147,1
0022200174,71.42462538481186,1
0022200175,56.803741817773016,0
0022200176,40.27952569478202,1
0022200177,-280.2512941252219,1
0022200178,112.48194360230332,1
0022200179,-185.30354245546187,1
0022200180,-160.4733280591911,1
0022200181,103.37170879287078,1
0022200182,-18.703207427043026,1
0022200183,-38.80926588262378,0
0022200184,27.40212535981891,0
0022200185,-141.33179048115517,1
0022200186,-254.90612310713618,0
0022200187,-157.7155643541971,1
0022200188,-9.693953625927179,1
0022200189,83.9515747727537,1
0022200190,108.32275847724009,1
0022200191,169.45590671899413,1
0022200192,96.62252167495421,0
0022200193,20.315346972703537,0
0022200194,-145.9004859619174,1
0022200195,-27.98419480449411,1
0022200196,-74.10057577010275,0
0022200197,-68.76323612336591,1
0022200198,-121.41456230386234,1
0022200199,-177.5033445541717,0
0022200200,-56.7347962891663,0
0022200201,219.135945070341,1
0022200202,-96.63369969770133,1
0022200203,-184.77011273956828,0
0022200204,63.15584550218159,0
0022200205,30.463743926374946,1
0022200206,-95.65782096511134,1
0022200207,65.76586706395256,1
0022200208,96.12419642826421,0
0022200209,-4.215593522387508,1
0022200210,-39.382555144653,1
0022200211,37.45936810189596,0
0022200212,-140.48721283053283,0
0022200213,71.54070335653932,0
0022200214,-71.00113478339426,0
0022200215,5.376018290141246,1
0022200216,92.06448408095503,1
0022200217,28.948812761253976,1
0022200218,270.30663044490484,0
0022200219,87.18777601494753,0
0022200220,104.31124141362488,1
0022200221,-15.30260831791611,0
0022200222,6.768703622034309,1
0022200223,153.98459376066012,1
0022200224,-70.64519164622948,1
0022200225,65.87968588930698,1
0022200226,-39.30230351215732,1
0022200227,116.93999953287016,0
0022200228,-85.02052809216275,0
0022200229,168.24704392809826,1
0022200230,7.077030611384544,1
0022200231,-120.03689144381428,0
0022200232,-63.75451908289779,1
0022200233,1.826288359744467,1
0022200234,46.11350654060993,1
0022200235,-4.995848525504243,1
0022200236,55.09754076406807,1
0022200237,55.42764365557127,0
0022200238,-108.47088637955517,0
0022200239,63.361224408113685,1
0022200240,115.23164917154713,1
0022200241,47.320345547284205,1
0022200242,129.06014072544167,1
0022200243,-93.49997320595617,1
0022200244,-18.95771527943225,1
0022200245,-188.70192660055704,0
0022200246,22.986457946247356,0
0022200247,-39.973337280737496,1
0022200248,-45.1111055216179,1
0022200249,68.44696928561189,1
0022200250,-186.93991444692483,1
0022200251,141.52703482024572,1
0022200252,14.781214110198562,1
0022200253,-9.138419889147826,1
0022200254,-76.71859035107627,0
0022200255,-56.2632234795974,1
0022200256,49.696587848883155,1
0022200257,102.06257922247528,0
0022200258,228.7970346836173,0
0022200259,203.55018288649785,1
0022200260,-146.18844468373982,1
0022200261,76.37772044562007,1
0022200262,-94.3709585276722,0
0022200263,55.97573899179406,1
0022200264,69.3935534996242,1
0022200265,27.019250230824127,1
0022200266,44.90329939889921,0
0022200267,121.57757630977403,0
0022200268,-146.2988333667579,0
0022200269,-85.55080233134868,0
0022200270,210.7489964026322,0
0022200271,-17.44301466261345,1
0022200272,-115.21930109019422,1
0022200273,-191.02827918334629,0
0022200274,61.06163582026966,0
0022200275,155.79251644309943,1
0022200276,-81.0960888180739,1
0022200277,41.84267443131739,1
0022200278,-236.053224478125,1
0022200279,36.00530488703407,1
0022200280,53.439078345352755,1
0022200281,-93.02110952788576,1
0022200282,15.51589907495395,0
0022200283,247.70992881440884,1
0022200284,-28.96454913683965,1
0022200285,-37.38015164705075,0
0022200286,-26.360827137297065,1
0022200287,-74.18669020007133,1
0022200288,-9.037741277658597,0
0022200289,81.97387699078513,1
0022200290,50.836639657169144,1
0022200291,4.488640133439958,0
0022200292,66.70104213213199,1
0022200293,19.49512308002295,0
0022200294,180.82894509438006,1
0022200295,-151.88076887585748,0
0022200296,-85.50989625606258,0
0022200297,-204.07580046367707,0
0022200298,37.792265735321735,1
0022200299,36.984983770370036,1
0022200300,-61.37288638992732,1
0022200301,207.64787825992425,1
0022200302,162.10436180979605,1
0022200303,12.955114296501733,1
0022200304,124.88907187351992,1
0022200305,225.61334415056422,1
0022200306,55.93513019438683,0
0022200307,-147.6871968652008,0
0022200308,-3.856735066370902,0
0022200309,-115.66174714951921,0
0022200310,1.4853718407371161,1
0022200311,-70.53276791105918,0
0022200312,-50.91107488522084,1
0022200313,-176.5994201900403,0
0022200314,119.91908285370346,1
0022200315,43.87836408785529,1
0022200316,-109.21551839523659,0
0022200317,-69.44482636759744,1
0022200318,-22.476180914897213,1
0022200319,-8.838931093200017,1
0022200320,231.93483480767168,1
0022200321,144.23679374089033,1
0022200322,-4.946083030687987,1
0022200323,24.595773815266057,1
0022200324,-14.688218262078863,1
0022200325,-198.04897464786654,1
0022200326,-25.378189150146227,1
0022200327,-47.80886950799595,1
0022200328,130.1772543959196,0
0022200329,-19.1381944335385,1
0022200330,193.45431405561294,1
0022200331,173.9501821397971,0
0022200332,9.360046804194326,1
0022200333,-143.27124871313936,0
0022200334,303.7569073676025,0
0022200335,88.38133406493284,1
0022200336,46.04017249550088,1
0022200337,-60.3646289769315,0
0022200338,37.200785155438325,0
0022200339,-140.71092654717086,0
0022200340,198.61642860222196,1
0022200341,121.95520483626865,0
0022200342,185.3796895629589,1
0022200343,107.97009166183352,0
0022200344,-22.199127959492444,1
0022200345,-238.37502639070772,0
0022200346,-112.7016504487176,0
0022200347,-212.65573628875904,0
0022200348,-67.12161500925163,1
0022200349,8.957680448475912,0
0022200350,13.080251678214836,1
0022200351,6.718278950166223,1
0022200352,-65.77331466631767,0
0022200353,-266.0061674936578,0
0022200354,121.58570877084844,0
0022200355,-115.97765957305228,0
0022200356,-203.11789051945698,1
0022200357,42.5381507571708,1
0022200358,-80.7636404740299,1
0022200359,116.82908114221436,0
0022200360,66.13093835076643,1
0022200361,175.0951124382484,0
0022200362,-1.1862364201222135,0
0022200363,-190.12081765444464,1
0022200364,92.20638021158038,1
0022200365,-44.906754342430304,1
0022200366,75.43265328728421,1
0022200367,30.014872339630074,1
0022200368,162.20187687576913,1
0022200369,99.12288320598827,1
0022200370,65.25816338915979,1
0022200371,175.49594211966792,1
0022200372,-8.581776316451624,1
0022200373,-42.089302858646306,0
0022200374,18.289996383426796,1
0022200375,14.320052710055052,1
0022200376,-95.0819755114178,0
0022200377,-62.93547885704788,0
0022200378,0.37675479301947234,1
0022200379,-194.76179719688184,1
0022200380,14.730126102026361,1
0022200381,34.686886862036545,0
0022200382,95.11830146474358,1
0022200383,223.9095908474037,1
0022200384,-51.02911162620967,1
0022200385,15.356666067005108,0
0022200386,-36.18821106782207,0
0022200387,140.51900807205948,0
0022200388,-91.14164908364046,0
0022200389,-66.7150523492578,0
0022200390,91.72276038641326,1
0022200391,-79.0343777781834,1
0022200392,-149.7006254350772,1
0022200393,37.30347874218364,1
0022200394,-85.23943566023331,1
0022200395,-31.83290742015106,1
0022200396,-70.1183474648717,0
0022200397,-12.01916489789096,1
0022200398,-167.62108159279774,1
0022200399,132.6916492259113,1
0022200400,14.357721201851746,1
0022200401,-259.745777599441,1
0022200402,-77.58215034301429,0
0022200403,-126.99844959820916,0
0022200404,87.28691215598633,1
0022200405,128.5020780411603,1
0022200406,-121.12228588012727,1
0022200407,-64.07567619843235,1
0022200408,-154.41160859920524,1
0022200409,50.95870150915334,1
0022200410,68.4535721691459,1
0022200411,-216.38220663647758,1
0022200412,-65.12305323145688,1
0022200413,-196.25044818386914,0
0022200414,48.92829729481741,0
0022200415,-102.0506492518773,1
0022200416,-141.86732174030385,1
0022200417,13.396498609237142,0
0022200418,-22.34126088681137,0
0022200419,-106.62471527951016,0
0022200420,-47.50515169613709,0
0022200421,41.77947836680073,0
0022200422,152.31975802881607,1
0022200423,10.857128986140424,1
0022200424,-144.3019362229495,0
0022200425,-2.45028169064949,1
0022200426,-45.115969718343194,1
0022200427,-50.28003282179657,0
0022200428,-99.03284378698186,0
0022200429,-132.6401053415068,0
0022200430,275.1850809928412,0
0022200431,88.759675690535,1
0022200432,41.835076983361205,1
0022200433,-58.031831458172974,0
0022200434,-44.78462941547855,0
0022200435,-91.28001663119835,0
0022200436,68.71052927185269,1
0022200437,-122.6690341651597,1
0022200438,109.24654233048159,1
0022200439,-135.00277412468472,0
0022200440,-16.30773464787967,1
0022200441,-86.99233726676403,0
0022200442,70.74224075605025,1
0022200443,-216.7666011430506,1
0022200444,29.490812078217914,1
0022200445,240.13128826744082,0
0022200446,-96.62088319527902,0
0022200447,-197.90855587527335,0
0022200448,-24.690302445465704,0
0022200449,46.05701503295927,1
0022200450,167.71739505635423,1
0022200451,55.563494058954575,1
0022200452,16.334789130317176,1
0022200453,91.71725855140198,1
0022200454,91.95461587936438,1
0022200455,-26.167699300504182,0
0022200456,-24.505560452515738,1
0022200457,-58.108751415168854,0
0022200458,-63.67691584230056,1
0022200459,130.85946433141453,1
0022200460,131.29706412047904,0
0022200461,-156.7834313013584,0
0022200462,92.44840022941344,0
0022200463,15.808379774044397,1
0022200464,204.64115257216508,0
0022200465,-41.515393031776966,1
0022200466,-69.46569865996616,1
0022200467,219.57903832002762,1
0022200468,41.06896369157198,0
0022200469,196.4714778716061,0
0022200470,56.653639839230664,1
0022200471,76.29616922926084,0
0022200472,-47.68524161023697,0
0022200473,-6.826109480477271,0
0022200474,-43.75307832059002,1
0022200475,41.92086807349665,1
0022200476,121.7894166969404,1
0022200477,131.41277609464737,1
0022200478,113.58517796123556,1
0022200479,14.670233726660854,1
0022200480,49.572343326649616,1
0022200481,148.55759903006242,1
0022200482,90.19244050998486,1
0022200483,-30.611840174753297,1
0022200484,75.89263521808107,0
0022200485,48.599671429760974,0
0022200486,94.69467621226454,0
0022200487,-193.5550342088536,0
0022200488,-112.17210444218199,0
0022200489,112.0304313620486,1
0022200490,-9.810918642045635,0
0022200491,101.6983109253299,0
0022200492,57.214769309659914,0
0022200493,-64.05118402292828,0
0022200494,111.47806085697857,1
0022200495,9.743951315844242,1
0022200496,-96.3127576633567,1
0022200497,3.825116206816574,1
0022200498,-41.45689023163072,0
0022200499,-174.22432587936282,0
0022200500,12.659744225295071,1
0022200501,153.18146126992883,0
0022200502,99.67230862108545,1
0022200503,-134.03052547988773,1
0022200504,44.60278269187165,1
0022200505,-6.792975516725619,0
0022200506,-172.45175049780937,1
0022200507,258.1865873615707,1
0022200508,-54.657926580796584,1
0022200509,-29.379504747854753,0
0022200510,30.107147910367758,0
0022200511,16.136962664600787,1
0022200512,46.353600781053274,1
0022200513,117.90993591746042,1
0022200514,-89.95832190329338,0
0022200515,-76.09744776596176,1
0022200516,-142.49405739263148,1
0022200517,-104.22648190330756,0
0022200518,83.18357293022314,1
0022200519,-110.63176144133308,1
0022200520,59.620458369302696,1
0022200521,5.884139810170382,1
0022200522,-108.52407165080285,1
0022200523,-36.10734656788122,1
0022200524,-76.6695002653264,1
0022200525,82.15836438476663,1
0022200526,-94.48387163034545,0
0022200527,-101.55808627511624,1
0022200528,205.81850743226323,1
0022200529,-41.375705805767666,0
0022200530,45.75317382677213,0
0022200531,-86.67798550282123,1
0022200532,143.4713616294532,1
0022200533,87.23870558456952,1
0022200534,-14.104664182353417,1
0022200535,47.3639250494673,1
0022200536,72.57606630695454,1
0022200537,-14.974314891961967,1
0022200538,-63.211362131050464,1
0022200539,-201.5034165490872,0
0022200540,-27.523683956904506,0
0022200541,-138.09167969113741,0
0022200542,-154.1400503595287,0
0022200543,15.515471270329726,1
0022200544,143.0032741381981,0
0022200545,-148.64192097732712,0
0022200546,-25.38928694469928,0
0022200547,93.82346361619102,1
0022200548,129.85654961894625,0
0022200549,-37.709189631468234,1
0022200550,-54.35053009307239,1
0022200551,-53.11776919751719,0
0022200552,49.672666134803194,1
0022200553,-9.3105108906027,1
0022200554,12.374895058624588,1
0022200555,208.81818092574827,1
0022200556,-228.18630699444498,0
0022200557,-125.49169501063875,1
0022200558,66.86741356778248,1
0022200559,93.67351266255514,1
0022200560,-16.422235898251074,0
0022200561,99.68450826242952,1
0022200562,-201.5103517021289,1
0022200563,-7.57831345995055,0
0022200564,-214.95960576541506,0
0022200565,-1.1103715575345632,1
0022200566,-35.22988223731886,1
0022200567,100.01267311703168,1
0022200568,107.99750672172945,1
0022200569,-97.39508070199031,0
0022200570,-137.12218260570194,1
0022200571,24.605156160027946,1
0022200572,219.6043534218536,1
0022200573,190.82254838146287,0
0022200574,-87.35995964246035,1
0022200575,44.66085625379719,0
0022200576,-206.50681227813084,0
0022200577,-24.214647141273872,0
0022200578,-142.8669789601479,0
0022200579,75.28080875883643,1
0022200580,29.752671462666967,1
0022200581,101.31799322304278,0
0022200582,-43.65091729248002,0
0022200583,203.3341931178502,0
0022200584,-46.14917055904107,1
0022200585,24.992630903130703,1
0022200586,-42.028418146034255,0
0022200587,-13.118433844460696,1
0022200588,41.25453471308742,1
0022200589,-3.6159262497640157,0
0022200590,-5.279297133551836,1
0022200591,-211.47769936998998,0
0022200592,18.9008936938626,1
0022200593,16.06079879756612,1
0022200594,131.7722584196315,0
0022200595,15.531330190519839,0
0022200596,-215.3157228924099,0
0022200597,15.474362039017706,1
0022200598,89.65725135446314,1
0022200599,-64.1412354967731,0
0022200600,136.3917649955199,1
0022200601,-171.3795917424195,0
0022200602,-146.04546574544906,1
0022200603,-19.96770987166269,0
0022200604,25.849184647250468,0
0022200605,-87.33478961449737,0
0022200606,106.88721300458678,1
0022200607,-44.78822384984005,0
0022200608,223.62971847533186,1
0022200609,105.42453138177325,1
0022200610,72.62157138254042,1
0022200611,99.16797758044868,1
0022200612,227.16516107278335,1
0022200613,74.2473833474512,1
0022200614,-80.54731301379411,1
0022200615,1.0279223136731162,0
0022200616,30.912228333008215,0
0022200617,-79.8196357205436,1
0022200618,-153.01446408084007,1
0022200619,-60.72332967930561,1
0022200620,-97.51671023725771,0
0022200621,72.40041035875151,1
0022200622,19.520964471860452,1
0022200623,230.01222210516812,1
0022200624,80.15429864887665,1
0022200625,169.44808230645276,1
0022200626,151.170043771157,0
0022200627,-6.915906387223913,0
0022200628,-42.72561840594267,1
0022200629,86.63495429087675,1
0022200630,-64.54578895798,0
0022200631,-120.6033087146393,0
0022200632,-180.78197468783287,0
0022200633,13.497994720821453,0
0022200634,-64.62741791151689,0
0022200635,-111.12319034617803,0
0022200636,46.50158896004041,0
0022200637,-23.952030546453898,1
0022200638,66.47755493879822,1
0022200639,-116.8025575753702,0
0022200640,177.685567918144,1
0022200641,-24.006081043607765,1
0022200642,-262.36403945696065,0
0022200643,-151.90026804731565,0
0022200644,-6.074583986445532,0
0022200645,-49.81098748832778,1
0022200646,-80.42316039873594,0
0022200647,-147.17718656459783,1
0022200648,-172.27114607182375,0
0022200649,171.92699389150243,1
0022200650,-25.293950302334906,1
0022200651,148.6700328803554,0
0022200652,-117.10259467815035,0
0022200653,207.0202367785355,1
0022200654,-122.53297155919745,1
0022200655,-103.1244234604319,0
0022200656,-272.08538657313056,0
0022200657,103.73840821761223,1
0022200658,-10.442111173529838,1
0022200659,70.79785857038655,0
0022200660,-54.308606568606365,0
0022200661,-67.20842767472845,1
0022200662,30.98793055532724,0
0022200663,124.77212246710542,1
0022200664,160.0203462319007,1
0022200665,94.76915917733436,1
0022200666,-224.60020621181275,1
0022200667,183.01259753505678,1
0022200668,-100.88738618429124,0
0022200669,88.24249198982761,0
0022200670,31.28050397676293,0
0022200671,-66.79719326879513,0
0022200672,87.40903959017851,1
0022200673,-9.148813124178332,0
0022200674,18.433226012979503,1
0022200675,14.109678012756149,1
0022200676,126.35774270516822,1
0022200677,-33.88156641045953,0
0022200678,-141.3681662678191,0
0022200679,141.38299821429314,1
0022200680,19.04189469066796,1
0022200681,-79.15840825835289,1
0022200682,-163.51363978717063,0
0022200683,-125.22906709164522,1
0022200684,9.268788225773278,1
0022200685,38.91272589208211,0
0022200686,-40.09697150265606,1
0022200687,-84.96815704569303,0
0022200688,177.27484528033915,1
0022200689,-71.0005504509752,0
0022200690,-182.48861424548363,1
0022200691,30.492364125432005,1
0022200692,-189.4199821641978,0
0022200693,30.655673660071216,1
0022200694,146.40608708392028,0
0022200695,-49.09651155222514,1
0022200696,207.69482245053405,1
0022200697,64.72089319942256,1
0022200698,-80.75488009591913,0
0022200699,34.76837031554078,1
0022200700,-41.20829746214963,1
0022200701,53.35328701572871,0
0022200702,154.84621110557327,0
0022200703,-110.59697619770009,1
0022200704,-63.05137885891759,0
0022200705,-47.50663219932744,0
0022200706,-227.9718836600332,0
0022200707,-251.3682991768278,1
0022200708,-10.946615291391481,1
0022200709,-214.584860569395,1
0022200710,95.26782921211952,1
0022200711,39.729623231211235,1
0022200712,-104.48542627910524,1
0022200713,-66.45477016754012,1
0022200714,-85.38177184303572,1
0022200715,-48.915639237610094,1
0022200716,-104.8566263261414,0
0022200717,63.786076704583365,0
0022200718,141.17609133621295,1
0022200719,-8.858116001498274,0
0022200720,-25.848992276606623,1
0022200721,22.858665146801513,1
0022200722,-166.23222604530883,0
0022200723,-50.35647948394649,1
0022200724,13.980618823837858,0
0022200725,-8.082543799587938,0
0022200726,-99.5274491745804,1
0022200727,-73.08491870194098,1
0022200728,56.094718688581224,0
0022200729,103.71416734307195,1
0022200730,135.6310052827157,0
0022200731,246.52392370865937,0
0022200732,-113.37832823711256,1
0022200733,-234.65765410324843,0
0022200734,28.74882118484379,0
0022200735,141.2690724848062,1
0022200736,-142.96879605017466,0
0022200737,-94.1597315416609,1
0022200738,137.88927116935793,1
0022200739,-54.0691528245452,1
0022200740,36.42919988982794,1
0022200741,4.4295310678176065,1
0022200742,49.96137212245185,1
0022200743,63.22678545109193,0
0022200744,-56.70322732050431,0
0022200745,4.266821564919155,0
0022200746,1.2600533958745928,1
0022200747,14.816876690829758,0
0022200748,-163.70214070774523,0
0022200749,143.36050091498214,1
0022200750,-33.32591507212669,1
0022200751,-42.11177739014556,0
0022200752,-181.28656535158052,1
0022200753,150.5436736007648,1
0022200754,5.352850077550102,1
0022200755,114.08002259766545,1
0022200756,209.70167248678672,0
0022200757,99.54564926436706,1
0022200758,17.491397609783917,0
0022200759,-33.89928623976357,0
0022200760,-137.5505203648588,0
0022200761,169.4126929018778,1
0022200762,43.88854377618236,1
0022200763,-79.29801735611045,1
0022200764,-29.30947353301144,0
0022200765,41.55956194961209,0
0022200766,-16.54218313784486,0
0022200767,189.538450234219,1
0022200768,134.71662565606607,1
0022200769,-160.6593183155103,0
0022200770,176.52607418833804,1
0022200771,157.14347029822966,0
0022200772,47.489030113310264,1
0022200773,-176.79193009232404,1
0022200774,-28.04459845248698,1
0022200775,-172.33271835986125,0
0022200776,15.905530447029605,1
0022200777,45.393922310497146,0
0022200778,-50.46988084617419,0
0022200779,-50.61197618481742,1
0022200780,-78.53505039616016,1
0022200781,79.99027635793664,1
0022200782,44.70178353405254,1
0022200783,85.795852325552,1
0022200784,77.74116321156089,1
0022200785,-70.32651147133265,1
0022200786,-102.92290768892713,1
0022200787,55.89784630298982,0
0022200788,109.41200338287967,0
0022200789,-153.70271316828803,0
0022200790,85.46697658927792,0
0022200791,-280.14176814283155,0
0022200792,-1.880497385663375,0
0022200793,80.77906669963795,1
0022200794,-199.02346037194548,0
0022200795,-11.73270162423114,0
0022200796,29.68776922754637,1
0022200797,43.93381149139282,1
0022200798,-28.94019393327153,1
0022200799,158.0709187435209,1
0022200800,0.9843903411474457,1
0022200801,103.42363263231209,1
0022200802,-57.08155227008865,0
0022200803,-102.1758961706355,0
0022200804,-125.84846276597705,1
0022200805,86.0726789591829,0
0022200806,-121.4514066038605,1
0022200807,-40.50426623220619,1
0022200808,-285.4848113871931,0
0022200809,-57.244213771500426,0
0022200810,47.658326811797,0
0022200811,166.72342314359298,1
0022200812,-196.95119729727526,0
0022200813,-22.16815625037748,0
0022200814,57.728551302796404,1
0022200815,-161.1010981099023,0
0022200816,-50.57276370463569,0
0022200817,20.121915412385988,0
0022200818,-30.01021414360639,1
0022200819,47.63037408121363,1
0022200820,98.2300999583922,1
0022200821,16.614079036898147,0
0022200822,223.93287416695262,1
0022200823,95.73929936017362,1
0022200824,13.266336273920842,1
0022200825,135.5277642357005,1
0022200826,164.80853676270567,1
0022200827,-209.70076387079712,0
0022200828,-30.1639626720289,0
0022200829,19.218009287602854,0
0022200830,-89.53136605409645,1
0022200831,-172.95655731387274,1
0022200832,-55.30560242348611,1
0022200833,56.152918420555125,1
0022200834,-152.81090572285598,0
0022200835,1.5926153421157778,1
0022200836,-129.866877206553,0
0022200837,84.18145069650745,1
0022200838,257.21980460715963,1
0022200839,28.493479169540933,0
0022200840,269.3216435454169,1
0022200841,36.877139514609325,1
0022200842,-65.983041664128,0
0022200843,-20.189621155362147,0
0022200844,-21.460399793538954,0
0022200845,-99.47125103660846,0
0022200846,-48.73649050043127,0
0022200847,-235.45161047531155,0
0022200848,-105.8983885358848,0
0022200849,71.20258472010573,1
0022200850,195.76068929487747,1
0022200851,30.49881180327816,1
0022200852,76.1145341155243,1
0022200853,63.45647854124627,0
0022200854,-43.95370238944838,1
0022200855,68.61311206758592,1
0022200856,150.89519933323209,1
0022200857,-149.85423891593155,1
0022200858,259.77006184109405,1
0022200859,-70.81039611862889,0
0022200860,327.51065447171777,1
0022200861,-37.661082065597384,0
0022200862,-29.562644648191508,1
0022200863,33.0207356960168,0
0022200864,9.663153010111955,0
0022200865,24.836325376154264,0
0022200866,25.750750440486854,1
0022200867,-29.485265862583674,1
0022200868,25.73739280140262,1
0022200869,-0.1917471867770928,1
0022200870,42.25733878100755,1
0022200871,2.0139668304711904,1
0022200872,-23.688769995278108,0
0022200873,68.26395713903025,1
0022200874,-77.46441322329929,1
0022200875,45.608938418061825,1
0022200876,-25.252598544006105,0
0022200877,302.487692390157,1
0022200878,-23.603931329667603,1
0022200879,74.71331539578182,1
0022200880,188.4834829769111,1
0022200881,96.53942198392383,1
0022200882,-24.704333422281252,1
0022200883,-187.32744434889605,0
0022200884,35.56607159027271,0
0022200885,32.40614870771492,0
0022200886,-60.47689540160741,0
0022200887,-230.10651497860704,0
0022200888,128.82177282828002,1
0022200889,62.45257498601086,1
0022200890,13.30441179472814,1
0022200891,217.1557849744588,1
0022200892,-3.5740542537439524,1
0022200893,-35.86844846384656,1
0022200894,61.75741478565578,1
0022200895,-35.77435743351816,0
0022200896,-65.87456594626792,1
0022200897,99.90309812889723,1
0022200898,129.2732385051968,0
0022200899,76.93490856537142,1
0022200900,-94.68418166173183,1
0022200901,217.67121544942688,1
0022200902,30.0929369551327,0
0022200903,-182.17121210164055,0
0022200904,-149.7061765857202,1
0022200905,62.648408141446,0
0022200906,74.70418664346744,1
0022200907,-80.09891285187882,1
0022200908,-5.729145454948139,0
0022200909,185.9968051786152,1
0022200910,103.95147294501248,1
0022200911,-35.92384688322295,1
0022200912,-27.947702005495557,1
0022200913,38.31761747120049,0
0022200914,36.5621792662123,1
0022200915,-58.69901257523111,0
0022200916,7.808792353092031,1
0022200917,156.1938542838866,1
0022200918,97.60811528270824,1
0022200919,96.26466245420397,1
0022200920,85.44597010659709,0
0022200921,-94.80729726123786,1
0022200922,21.940227287855805,0
0022200923,27.21066271868085,0
0022200924,-136.96422060258942,0
0022200925,30.222872856709273,1
0022200926,-356.0001963043735,0
0022200927,70.45891413770664,1
0022200928,-79.06168680736778,0
0022200929,99.09891654050102,0
0022200930,193.62859885479043,0
0022200931,71.60667241079773,1
0022200932,34.25369903841488,0
0022200933,-133.2755678149149,0
0022200934,-156.6301425154179,0
0022200935,85.49722553772654,1
0022200936,-57.28915681035551,0
0022200937,46.58216393473026,1
0022200938,-300.57814956718653,0
0022200939,213.71165390952092,1
0022200940,-44.8589935566215,0
0022200941,-20.537852012356552,0
0022200942,-14.88277997817977,1
0022200943,-121.76779786370298,1
0022200944,-113.65141608445151,1
0022200945,8.464637460236418,1
0022200946,-47.160423034557425,0
0022200947,73.37565434800081,1
0022200948,132.49262840649862,0
0022200949,-33.64077455256779,0
0022200950,-84.8783814826902,0
0022200951,-36.90806891640818,1
0022200952,57.63418582037207,1
0022200953,60.23044948851475,1
0022200954,41.35712870305201,1
0022200955,-0.6832593692051887,0
0022200956,2.252085759534566,0
0022200957,246.5575195558422,1
0022200958,24.949742881460224,1
0022200959,53.5103931159108,0
0022200960,70.27796529207876,0
0022200961,37.3320030376658,0
0022200962,-60.063512397093746,0
0022200963,49.63648113870204,0
0022200964,-44.12937590760862,1
0022200965,130.1001869864117,1
0022200966,48.154086715469475,0
0022200967,-26.94120571164308,1
0022200968,-18.52165569372778,1
0022200969,46.07936255743812,0
0022200970,-75.51572877078502,1
0022200973,-170.11668367372977,0
0022200971,-66.25047918667497,1
0022200972,-192.36039226632397,0
0022200974,39.88448698288403,1
0022200975,128.77605101424,1
0022200976,78.00187904151562,1
0022200977,-132.47639806883967,0
0022200978,-216.3952096773453,0
0022200979,204.23060242843394,0
0022200980,-98.81703099338642,0
0022200981,-241.230000836538,0
0022200982,-71.0527651115899,1
0022200983,42.29704441995591,1
0022200984,-62.06999223502703,1
0022200985,-4.110008523298802,0
0022200986,167.9195971732122,1
0022200987,-17.676445432694436,0
0022200988,-49.45203554217801,1
0022200989,197.12326608498734,0
0022200990,113.65182731287359,1
0022200991,-2.3540892217599776,1
0022200992,-118.96855304439168,0
0022200993,134.2026538165444,1
0022200994,-0.6864395050909025,0
0022200995,137.00300882004808,1
0022200996,36.99917499255298,1
0022200997,-35.933360348206634,1
0022200998,199.9167186026175,1
0022200999,-27.57966778444552,0
0022201000,-40.38388548513922,1
0022201001,-15.414731224785783,0
0022201002,-330.25952717474206,1
0022201003,8.618363036363235,1
0022201004,-56.90702941710015,1
0022201005,-41.609919218726645,0
0022201006,-143.31993402775424,0
0022201007,-105.95327004330034,1
0022201008,-99.2186184583577,0
0022201009,-185.15951831243842,0
0022201010,64.09162007622854,1
0022201011,5.679117463276725,0
0022201012,-172.71174106930107,1
0022201013,28.690518446683882,0
0022201014,69.7450141457523,0
0022201015,-155.68701970262418,0
0022201016,176.220594717812,1
0022201017,20.692916519624532,1
0022201018,-153.23218953208152,0
0022201019,-44.687615009845786,0
0022201020,-158.8863217382618,1
0022201021,-3.644776056734827,0
0022201022,59.76085210883821,1
0022201023,-76.98458834810481,0
0022201024,-345.38428334904575,1
0022201025,-49.72343198895828,1
0022201026,-100.40350985233113,0
0022201027,-170.58206638971205,0
0022201028,171.3745349642918,1
0022201029,-108.27459284219049,1
0022201030,-46.80624786184171,0
0022201031,-80.60106270763117,1
0022201032,-136.6644912768977,1
0022201033,-115.52432133482125,0
0022201034,-148.51949534163987,0
0022201035,-65.03541305044905,0
0022201036,-38.13101444121003,1
0022201037,-84.23702806223218,0
0022201038,-225.50199026063,1
0022201039,-85.18321082592388,0
0022201040,-156.62916641776428,0
0022201041,-5.431806276648786,1
0022201042,-306.8626674584218,0
0022201043,-18.919812851547704,0
0022201044,15.472178999182233,1
0022201045,264.0070105046839,0
0022201046,117.5465214733963,1
0022201047,-259.71909824150976,0
0022201048,-30.305387143849202,1
0022201049,105.08900749627446,1
0022201050,-45.04306466754883,1
0022201051,-143.33256376324903,1
0022201052,-251.11814391123858,0
0022201053,-196.7717563056683,0
0022201054,16.921327534955026,0
0022201055,-13.660537964701462,1
0022201056,103.55185620984798,0
0022201057,-219.50278378190728,0
0022201058,12.087088087308757,1
0022201059,-121.45780487905768,0
0022201060,-72.42806031653163,1
0022201061,58.008666559590665,1
0022201062,-155.69151077277502,1
0022201063,-48.33137206703077,0
0022201064,-76.37451348761329,1
0022201065,-191.01913288946798,1
0022201066,-256.7082237364184,0
0022201067,-118.89826018103736,0
0022201068,147.70749125406746,1
0022201069,-108.38201083802369,0
0022201070,46.738775384597375,1
0022201071,-44.22542337273444,1
0022201072,179.6769401453223,0
0022201073,96.82934209263885,0
0022201074,-196.3292208930486,0
0022201075,79.03266290475108,1
0022201076,-110.53242673084765,1
0022201077,-11.741023264630257,1
0022201078,212.90026835174353,1
0022201079,-46.59028173456272,0
0022201080,122.72974120947038,1
0022201081,-31.35696611030562,0
0022201082,35.94426880903234,0
0022201083,-155.57975999383143,0
0022201084,-33.65938539894432,1
0022201085,92.21583773752013,0
0022201086,-20.290169875187075,0
0022201087,-147.5359364471458,0
0022201088,280.00565740401817,1
0022201089,354.05513376355316,1
0022201090,15.9362233602385,1
0022201091,86.4522745325769,0
0022201092,-49.44935155170856,1
0022201093,-119.84064558703153,1
0022201094,-67.64903961103255,0
0022201095,53.23929071279463,1
0022201096,10.291616071684302,1
0022201097,180.85623542143207,1
0022201098,116.60146808930381,1
0022201099,230.14780644526195,1
0022201100,284.83283303066946,1
0022201101,90.22335344934527,0
0022201102,-199.90966875123308,0
0022201103,-131.2217475461655,1
0022201104,-76.78293898909146,0
0022201105,27.292604767801322,1
0022201106,10.863245622986142,1
0022201107,49.40641595223951,1
0022201108,43.762495724568,0
0022201109,-76.56379518795984,1
0022201110,-113.15812677906297,1
0022201111,104.76891236436722,1
0022201112,64.79072541609298,0
0022201113,-61.838567923733535,1
0022201114,13.080791407118568,0
0022201115,-98.75659501485507,0
0022201116,310.8965588132901,1
0022201117,294.92214123890517,1
0022201118,-62.08610458547332,1
0022201119,65.95487518589721,1
0022201120,-82.62139890464368,0
0022201121,21.716625504961257,0
0022201122,-401.8861369073177,0
0022201123,-30.469451638295595,0
0022201124,257.3184486679029,1
0022201125,-79.51353734218651,0
0022201126,-18.167708405953817,1
0022201127,-74.76961799304581,0
0022201128,51.13841339183955,0
0022201129,-5.390253669100275,1
0022201130,-192.35120341572565,1
0022201131,-115.40409615785347,1
0022201132,-26.460486763526205,1
0022201133,130.28709858480556,1
0022201134,82.99199198238125,0
0022201135,42.53704698415413,1
0022201136,-256.6176374320837,0
0022201137,215.48346606575728,1
0022201138,28.525232446874043,1
0022201139,155.26158053088943,1
0022201140,3.0387967478443443,0
0022201141,85.18953960824024,0
0022201142,218.7097604729015,1
0022201143,-143.3460449837287,0
0022201144,11.304630811596326,1
0022201145,-177.83333842658203,0
0022201146,66.5655626731259,0
0022201147,148.5527925196816,0
0022201148,-64.93857640709007,0
0022201149,-76.66351005531351,1
0022201150,108.26095873575605,1
0022201151,-16.931928964935196,0
0022201152,163.99575605635164,1
0022201153,20.664625701910154,1
0022201154,20.561365242716192,0
0022201155,28.557245076043955,1
0022201156,57.04503603069975,1
0022201157,17.182370938683334,0
0022201158,229.10487763872925,1
0022201159,-191.55723873921806,0
0022201160,-48.00111590000324,1
0022201161,57.083739668657245,1
0022201162,-35.20398415447448,1
0022201163,-94.99726304852811,0
0022201164,64.26341862874506,1
0022201165,-90.88574183837795,1
0022201166,146.3536948542869,0
0022201167,27.430993015031618,1
0022201168,142.49520155923096,1
0022201169,218.94632224148245,1
0022201170,279.6737165664008,0
0022201171,-229.18606574791693,0
0022201172,-91.55640699842047,0
0022201173,151.20518494940052,1
0022201174,30.491809365389827,1
0022201175,63.92299065010502,1
0022201176,-113.274759750479,0
0022201177,-275.9663713694256,0
0022201178,-99.75562086847185,0
0022201179,-241.62462788983544,0
0022201180,22.481932453372337,0
0022201181,-2.6984341766521993,1
0022201182,22.876774043078512,0
0022201183,-311.5656766426298,1
0022201184,195.3794179812419,1
0022201185,-61.79751483436871,0
0022201186,-83.15471150834264,0
0022201187,59.39869132316721,1
0022201188,261.91902331171286,1
0022201189,-267.4511516382338,0
0022201190,-164.59404459778375,0
0022201191,80.3765477953666,1
0022201192,88.43508572427436,1
0022201193,173.95128838948517,1
0022201194,-99.35482201587797,1
0022201195,-120.78641044227811,1
0022201196,-26.777939504555434,1
0022201197,-117.76157351321172,0
0022201198,102.05623137343309,0
0022201199,-71.93434973538115,1
0022201200,-21.029463668781545,0
0022201201,-7.444325515331002,1
0022201202,92.82937427577508,0
0022201203,167.20226342361616,0
0022201204,-128.4912636400552,1
0022201205,-109.14493628771811,0
0022201206,100.13533083010725,1
0022201207,59.64766538135359,1
0022201208,103.44450245721441,0
0022201209,-88.85891672373327,1
0022201210,-37.00576562445872,0
0022201211,25.157066836581635,0
0022201212,-55.42072521014006,1
0022201213,-150.61339820949547,1
0022201214,-193.3474828356491,0
0022201215,149.4394120347597,1
0022201216,130.022462557969,1
0022201217,-102.68291071667613,0
0022201218,207.081180728763,0
0022201219,81.78638669484462,1
0022201220,184.1661640939103,0
0022201221,-145.36400517525158,1
0022201222,107.00608604371155,0
0022201223,251.12913546835603,1
0022201224,133.51184884604504,0
0022201225,13.078272420604208,1
0022201226,-118.9073624300272,1
0022201227,20.761942654632094,1
0022201228,101.77405195750407,1
0022201229,50.15751234898062,0
0022201230,-175.8071559033349,0
0022300061,19.538620303045263,1
0022300062,-9.519989728185465,0
0022300063,-69.86274042563537,1
0022300064,-4.1736036218756,1
0022300065,-56.35327306050067,0
0022300066,82.12810691624986,1
0022300067,-45.68687490731418,0
0022300068,214.12407469900336,1
0022300069,1.2615753460927408,1
0022300070,20.91324960330735,0
0022300071,58.08713791116361,0
0022300072,-77.23310344036554,0
0022300073,-77.38849277772965,0
0022300074,133.92649992360907,1
0022300075,12.218167360815187,1
0022300076,-32.124349579527916,1
0022300077,124.835134780207,0
0022300078,-17.162656490183736,0
0022300079,-48.42036434356669,0
0022300080,78.88366079713228,1
0022300081,68.36229610099758,0
0022300082,-36.165471467913676,1
0022300083,-7.566343316431585,1
0022300084,-40.85647998829063,1
0022300085,-94.2188794874312,1
0022300086,-73.32103625579794,0
0022300087,10.420586085476089,0
0022300088,-177.64169644044614,1
0022300089,-106.96358972734993,1
0022300090,-31.170913567569187,1
0022300091,114.6269209829386,0
0022300092,-71.63880262221369,0
0022300093,-12.604882953670312,1
0022300094,98.89983208218268,1
0022300095,-60.916918382468566,0
0022300096,-176.78077993133456,0
0022300097,145.98388191700792,0
0022300098,221.85875174043917,1
0022300099,152.75742421029713,1
0022300100,-11.33575751659032,1
0022300101,-69.78329272770884,0
0022300102,-37.276173344268045,0
0022300103,-179.47116184897595,0
0022300104,-31.260635383937824,1
0022300105,133.82075175629302,0
0022300106,53.461723120182114,0
0022300107,88.28100104298687,1
0022300108,-23.11535189375263,0
0022300109,162.8134901588569,1
0022300110,137.68775873689242,1
0022300111,53.541410845052724,1
0022300112,3.043925184743557,0
0022300113,189.16219610576286,0
0022300114,60.81768449599895,1
0022300115,-58.11561231983001,0
0022300116,-114.89459909590778,1
0022300117,68.91620173227602,1
0022300118,181.17475204050993,1
0022300119,10.865592921178177,0
0022300120,20.823675787103866,0
0022300121,-4.804203017274631,0
0022300122,-56.2650644717678,1
0022300123,-75.23363183980382,1
0022300124,-19.60336087269593,1
0022300125,-67.93461097688578,1
0022300126,23.4754703081519,1
0022300127,-0.3761445908016867,1
0022300128,98.21920064601818,1
0022300129,198.0213672127545,1
0022300130,-9.904227308288228,0
0022300131,156.68209332266565,0
0022300001,-100.30514301779885,1
0022300002,65.13213004515637,1
0022300003,75.0656567609085,1
0022300004,-20.069986413821425,0
0022300005,-69.5415858939657,0
0022300006,87.1505678461092,1
0022300007,-95.3103407824292,1
0022300132,88.10670616200787,1
0022300133,48.27854188303013,0
0022300134,-70.08823126661855,1
0022300135,20.575284972347617,0
0022300136,-103.55314094362075,0
0022300137,-161.02784901104474,1
0022300138,83.7343623553129,1
0022300139,102.11553968795215,1
0022300140,-196.7015791837946,0
0022300141,-104.05863278029824,0
0022300142,-46.06075517055638,1
0022300143,70.10394640985874,1
0022300144,-73.56995035481987,0
0022300145,-249.72947402367777,0
0022300146,47.04537790829659,1
0022300147,-8.448038761486032,0
0022300148,199.60604701493844,1
0022300149,-91.30756061928878,0
0022300150,-26.75075333645941,1
0022300151,2.0346203618598793,1
0022300152,42.577467565585266,1
0022300153,-135.63662894646563,1
0022300154,-107.53726410212425,1
0022300155,-33.55024191202256,1
0022300156,75.05965302244749,1
0022300157,-6.300141499673828,0
0022300158,17.067254147492804,1
0022300159,-4.002726591839519,1
0022300160,-12.450191691004193,1
0022300161,154.02504267043923,1
0022300162,-41.37830300472024,0
0022300163,-134.06019967707812,1
0022300164,-16.922535498034676,0
0022300165,306.04816036306306,1
0022300166,32.35938763990657,1
0022300167,-43.57756746575137,1
0022300168,-8.739985844652665,0
0022300169,25.57214725921017,1
0022300170,96.50833579509481,1
0022300171,-166.76992714402536,1
0022300172,-38.30362864547283,0
0022300008,-321.993542117953,0
0022300009,29.64738869696839,0
0022300010,102.60781963353134,1
0022300011,-99.29759083421573,1
0022300012,67.48908643525692,0
0022300013,-169.30558627373034,0
0022300014,-18.946341164976957,1
0022300015,23.545036743573064,0
0022300016,3.3981983991900506,1
0022300173,-144.89260678040387,1
0022300174,99.66950849259388,1
0022300175,-5.866105380703402,0
0022300176,34.216735129342396,0
0022300177,131.80441747765576,1
0022300178,95.36529031473924,1
0022300179,28.708472916948722,0
0022300180,169.3514185610568,1
0022300181,168.36325197742372,1
0022300182,-190.44039786767803,1
0022300183,-10.031213913755892,0
0022300184,-166.41106763014523,0
0022300185,27.317912745677404,0
0022300186,-5.1091734039432595,0
0022300187,125.13541901280496,1
0022300188,82.24868823009865,1
0022300189,109.44039631943497,1
0022300190,116.37431697317993,1
0022300191,-26.135108889813637,1
0022300017,-140.30601088986782,0
0022300018,-208.53478819610518,0
0022300019,177.5925444958027,0
0022300020,42.23889761729288,1
0022300021,143.82204638644066,1
0022300022,-33.169331451604194,1
0022300023,38.52633153567854,1
0022300024,100.66978662713473,1
0022300025,-28.52301945703539,0
0022300026,43.794538207550886,1
0022300192,-99.60325751596497,0
0022300193,-25.555069259071615,0
0022300194,-12.782790713272334,0
0022300195,-75.27656758800845,0
0022300196,5.799230647968898,0
0022300197,-67.44233207586763,1
0022300198,12.347925410302878,0
0022300199,-145.25394315125664,0
0022300200,30.90985812380859,1
0022300201,14.330388853835757,0
0022300027,-211.1656810055083,0
0022300028,-157.53506937917837,0
0022300029,-106.65690988028564,0
0022300030,246.00492545500674,1
0022300031,-132.67382159838326,0
0022300032,-176.43504038102287,0
0022300033,-18.220810196384946,0
0022300034,-107.69499560195459,1
0022300035,-80.54858047968446,0
0022300036,-144.77894388223308,0
0022300037,57.284962472292364,1
0022300202,-167.96986758061098,0
0022300203,-68.90866370735057,0
0022300204,-112.02109959263271,1
0022300205,102.56047743533077,1
0022300206,-125.76226270547363,0
0022300207,-10.158495667160878,0
0022300208,-104.37455023232269,0
0022300209,-12.869369906547718,0
0022300210,-41.08341530484586,1
0022300211,214.11545061978086,1
0022300212,-37.038669769804756,0
0022300213,-167.28203946084113,0
0022300214,-99.65412928839851,0
0022300215,-164.99587122763387,0
0022300216,112.34022916506933,1
0022300217,-277.5139988239962,1
0022300218,-286.83802191965606,0
0022300219,-233.09557722821273,0
0022300220,-89.33075319688623,0
0022300221,11.579860246662065,1
0022300222,-64.99104146142827,1
0022300223,-145.4953090097033,0
0022300224,89.0783156852408,1
0022300038,-8.034064185700345,1
0022300039,30.061510997928508,0
0022300040,75.73863771944548,0
0022300041,174.51686970920105,1
0022300042,115.9105803177356,1
0022300225,18.200830847254338,1
0022300226,-70.06113638182251,1
0022300227,-23.694082145884067,1
0022300228,20.699220086064315,1
0022300229,7.86969568547579,0
0022300230,-22.837272253241053,0
0022300231,-71.32081094412479,1
0022300232,-28.747609588286196,1
0022300233,-44.99155715636243,1
0022300234,93.52260349200901,1
0022300235,-160.94279248890234,0
0022300236,33.80097873313548,1
0022300237,-55.65755615377611,1
0022300238,47.16910805311659,0
0022300043,-134.26683687307786,1
0022300044,-80.64054210999439,0
0022300045,-12.133725931910703,1
0022300046,66.93884451166514,1
0022300047,182.73864616466562,1
0022300048,-150.32972646273765,1
0022300049,244.17747832245072,1
0022300050,59.908330820181845,0
0022300051,172.38844307537875,1
0022300052,-3.2111293270188526,0
0022300239,-55.64246858346769,0
0022300240,-64.74595202710111,1
0022300241,-120.50081087868557,0
0022300242,24.747534187473775,0
0022300243,-113.74594534276366,1
0022300244,-15.013610397792718,1
0022300245,250.31669517249748,1
0022300246,142.0432832679187,1
0022300247,6.905098524958021,0
0022300248,124.24104480246729,1
0022300249,-120.90995610930781,0
0022300250,68.8610402720376,1
0022300251,23.623539946607707,1
0022300252,231.03856796539253,1
0022300253,-82.44219614901931,0
0022300254,102.7951197744303,0
0022300255,73.64933557985773,1
0022300256,-90.95817135334255,1
0022300257,-57.686103690154596,0
0022300053,214.2526868212426,1
0022300054,3.0022740514739326,1
0022300055,54.25065005262809,1
0022300056,-71.43640563449048,0
0022300057,152.76047878877444,1
0022300058,50.04147270619137,1
0022300059,68.77797141124142,1
0022300060,41.905070982493726,1
0022300258,-265.46064109387976,0
0022300259,164.58097902700365,1
0022300260,-69.47752208242036,1
0022300261,23.134437886166324,1
0022300262,-123.73482472687533,1
0022300263,145.132389062637,1
0022300264,63.21692153022809,0
0022300265,173.88559956421363,0
0022300266,124.03772106750898,0
0022300267,86.35733166736395,1
0022300268,293.7070195367687,1
0022300269,-204.5386204279639,1
0022300270,175.17455677190924,1
0022300271,-7.923307175937225,1
0022300272,-165.6559135827581,0
0022300273,-6.252828770058386,1
0022300274,173.0032383045268,1
0022300275,39.46160841118831,1
0022300276,-48.86560092690229,0
0022300277,46.99627610794823,0
0022300278,194.38561220377255,1
0022300279,-12.746976188918552,0
0022300280,-10.397276840127233,1
0022300281,-187.76733187633977,0
0022300282,-37.938829422819936,1
0022300283,-276.6442261575055,0
0022300284,98.15682926788463,0
0022300285,-70.93848116624144,1
0022300286,124.0094604318117,1
0022300287,-47.84830089284196,0
0022300288,77.93164390538755,1
0022300289,19.156753213351976,1
0022300290,-44.50973480390576,1
0022300291,111.94339529094555,1
0022301202,-192.41648923741354,1
0022301204,47.6929707143056,0
0022301201,52.52214721851965,1
0022301203,-18.937375343698932,1
0022301205,9.101714373424556,1
0022301206,-207.6002856958189,0
0022301207,-31.54445253509175,0
0022301208,-239.5959695360591,0
0022301209,-25.507261787088055,0
0022301210,295.1900879627826,1
0022301211,46.7463837108985,1
0022301212,-136.56312438582154,1
0022301213,57.94171964375005,1
0022301214,108.70762590040204,1
0022301215,-71.13656502648541,1
0022301229,153.4001442809306,0
0022301230,29.77297001555371,1
0022301216,-92.14150825878096,1
0022301217,274.8844094918843,1
0022301218,129.2025026979295,1
0022301219,168.88231936605825,1
0022301220,-7.723740910038259,0
0022301221,-136.73570920506404,0
0022301222,35.06362991931201,1
0022301223,-150.08037690740753,0
0022301224,139.50333845841556,0
0022301225,-97.56662462577287,0
0022301226,-104.32775497603802,0
0022301227,77.9974667433105,1
0022301228,9.922339423643507,0
0022300292,-123.19250667697656,0
0022300293,-243.2601413378029,0
0022300294,-34.05651374071999,1
0022300295,259.3712689891556,1
0022300296,-76.88006062297973,0
0022300297,78.6906047055636,1
0022300298,140.37570192247722,1
0022300299,-33.701390362532265,0
0022300300,148.46147068181585,1
0022300301,-108.03914874095494,1
0022300302,137.60994960739913,1
0022300303,18.81867663741673,1
0022300304,148.68671201385928,1
0022300305,94.40202983853965,1
0022300306,-44.47381255889832,1
0022300307,-98.20889233013463,0
0022300308,38.41610784755062,1
0022300309,-28.305791014484157,1
0022300310,-371.2120047747819,0
0022300311,-168.98382711710906,0
0022300312,139.87365386635042,1
0022300313,9.666648861725662,1
0022300314,-6.590406935957844,1
0022300315,121.50956838036404,1
0022300316,-246.91425591137772,0
0022300317,19.235359335804787,0
0022300318,-160.8657813529735,1
0022300319,105.81998290361184,1
0022300320,92.46530193548483,0
0022300321,-87.42179495504092,0
0022300322,34.01224042000217,1
0022300323,-45.453507145403364,0
0022300324,-2.7815920509622174,1
0022300325,48.12457441956417,1
0022300326,-130.61992424215373,0
0022300327,377.0701150568941,1
0022300328,-149.32629701965402,1
0022300329,121.3887504539639,1
0022300330,25.433461745534714,0
0022300331,-257.30491507857846,1
0022300332,-10.078589133455125,0
0022300333,-22.125397042952045,0
0022300334,384.801861856527,1
0022300335,-231.78657563483284,0
0022300336,74.42548990861496,1
0022300337,63.97443119271861,1
0022300338,134.0612061224706,1
0022300339,-45.40498642235548,1
0022300340,33.92435527323005,0
0022300341,-148.11160690496968,0
0022300342,129.3040409591672,1
0022300343,-18.628952930343075,1
0022300344,131.58252643159085,1
0022300345,-228.49859890183075,0
0022300346,159.78768565971927,1
0022300347,162.52744742932805,1
0022300348,-139.35327922489319,0
0022300349,87.3727085812609,1
0022300350,-77.41231085368395,0
0022300351,164.57915092156122,0
0022300352,224.0722912518479,1
0022300353,-81.79668866450879,0
0022300354,86.5496526482616,1
0022300355,122.3228614742959,1
0022300356,47.59445842477976,1
0022300357,-96.58085660129018,1
0022300358,209.43981661728458,1
0022300359,-20.768194120279304,0
0022300360,112.57451540374427,0
0022300361,329.5324338588475,1
0022300362,-169.84119077280275,1
0022300363,-177.94057035956075,1
0022300364,122.2572274164229,1
0022300365,89.49313565989678,1
0022300366,0.3413240409888658,0
0022300367,-19.396596110599376,1
0022300368,-57.99347079038125,0
0022300369,-95.66430433376877,0
0022300370,-45.83071003442819,1
0022300371,-9.628304517727884,0
0022300372,-53.51775159268641,0
0022300373,-92.28103525115398,0
0022300374,-192.60132643032057,0
0022300375,34.446553204689735,0
0022300376,187.0781668475272,1
0022300377,-29.252180732159104,1
0022300378,115.59480417094892,1
0022300379,-12.68788082246374,1
0022300380,107.32127410900989,1
0022300381,9.64530332047957,0
0022300382,152.44187360416322,1
0022300383,-82.2218989045034,0
0022300384,62.71403587114878,1
0022300385,-54.454131854637126,1
0022300386,152.4549895505038,1
0022300387,45.75214627504465,1
0022300388,-61.536379144427656,0
0022300389,-101.48280344245586,0
0022300390,-218.45360725724072,0
0022300391,-48.44780589889751,0
0022300392,84.42543515224247,0
0022300393,19.156244299786977,0
0022300394,259.2248194222211,1
0022300395,27.030245927460555,0
0022300396,-57.67304885977683,0
0022300397,61.40222133317229,0
0022300398,194.10689494236385,1
0022300399,171.4895721672831,1
0022300400,-63.378367165959844,0
0022300401,-81.73575458337405,1
0022300402,73.65042375763915,1
0022300403,-154.029766730662,0
0022300404,-76.23701138798788,1
0022300405,9.796383867022541,0
0022300406,-264.5832275850007,0
0022300407,-165.8704837869318,0
0022300408,21.179476781742096,1
0022300409,15.772119349689547,0
0022300410,60.54055810700811,0
0022300411,-80.27242166138194,1
0022300412,-155.46459801227115,0
0022300413,-210.47688028546122,1
0022300414,190.73683795152328,1
0022300415,-83.34408563239981,0
0022300416,-99.96241535660647,0
0022300417,-141.56317982215523,0
0022300418,-34.640976131982825,0
0022300419,-10.38748990870522,1
0022300420,-52.65462483904412,0
0022300421,461.26527468754966,1
0022300422,22.418478787645427,0
0022300423,130.6014055554224,1
0022300424,56.70924317938352,1
0022300425,123.80640114137441,1
0022300426,-41.57712690206927,0
0022300427,71.72360335281064,0
0022300428,152.33762388650803,1
0022300429,-48.26912631787991,1
0022300430,-147.83499518099075,1
0022300431,-87.44413720076386,0
0022300432,225.68641577808808,1
0022300433,-76.83451399896467,0
0022300434,-176.7754026298578,0
0022300435,31.997166044846153,0
0022300436,144.72537984127962,1
0022300437,44.23574982137325,1
0022300438,86.95834575854587,1
0022300439,-119.71926171911832,1
0022300440,-234.26379482053517,1
0022300441,-81.1052053118965,1
0022300442,-154.04358300788954,1
0022300443,112.2040172195882,1
0022300444,14.759027885806518,0
0022300445,-89.33277850579043,0
0022300446,5.046150420803542,1
0022300447,111.73632366775473,1
0022300448,-395.8259869477513,0
0022300449,-81.09991622487269,0
0022300450,-23.017311665350007,1
0022300451,-87.62770861017248,1
0022300452,-118.2896057929313,1
0022300453,203.31766473627522,1
0022300454,166.86569997904212,0
0022300455,241.47043560079328,1
0022300456,165.92172296345348,1
0022300457,-42.730918809900004,1
0022300458,9.372281906104035,1
0022300459,129.02717619523582,1
0022300460,168.805494874518,1
0022300461,55.72927241009984,1
0022300462,-96.85279551400413,1
0022300463,-28.00154909049934,1
0022300464,207.9738974592915,0
0022300465,204.00570077966836,1
0022300466,-135.20084641302287,1
0022300467,-152.48274097435433,1
0022300468,76.22600665393816,1
0022300469,-21.637605976487748,1
0022300470,9.521649609929,0
0022300471,92.43873177688238,0
0022300472,147.92139926193045,1
0022300473,-54.11655870272352,0
0022300474,237.3129298958752,1
0022300475,-43.34636544519253,0
0022300476,29.27556975540415,1
0022300477,-342.640889618217,0
0022300478,-95.30567992218675,0
0022300479,206.64664290548558,1
0022300480,52.24091112470205,1
0022300481,-136.22297816305877,1
0022300482,211.01769846971843,1
0022300483,56.51937147329295,0
0022300484,110.36323806428209,1
0022300485,-160.1195353868095,0
0022300486,-36.84371000262172,0
0022300487,156.99897750814148,1
0022300488,101.66350426756435,0
0022300489,-49.896859227383175,1
0022300490,263.7254304924354,1
0022300491,45.01519041774918,0
0022300492,84.24364595719385,1
0022300493,-159.51431048158406,0
0022300494,-242.04818908263474,0
0022300495,139.6149608586211,0
0022300496,-186.9412358018435,1
0022300497,273.0527917114714,1
0022300498,130.74779322656946,0
0022300499,61.94572619800738,1
0022300500,18.097613411722023,0
0022300501,-116.33829545989306,1
0022300502,365.4506428699474,1
0022300503,56.210399410901346,0
0022300504,36.93372073943965,0
0022300505,-113.31060652511837,1
0022300506,-121.04656625528332,0
0022300507,-174.2039803063824,1
0022300508,-248.1299095414763,0
0022300509,92.55881485020677,1
0022300510,133.2236137219636,0
0022300511,77.95806446861889,1
0022300512,-317.3769646422279,0
0022300513,-81.4897429068551,0
0022300514,232.34815023278725,1
0022300515,37.59667399329419,0
0022300516,21.726459811459335,1
0022300517,60.090792583336906,1
0022300518,-193.3431169748842,0
0022300519,-57.79884222874898,0
0022300520,202.45715526064828,1
0022300521,-142.50442147946364,1
0022300522,-29.135662562802963,0
0022300523,39.1171251089479,1
0022300524,-94.10880213681253,1
0022300525,-66.31294354643978,0
0022300526,125.93109611358113,1
0022300527,104.75757283304551,1
0022300528,-81.06257750660666,1
0022300529,247.07832261013755,1
0022300530,-86.20005550395581,1
0022300531,1.0678807028371011,0
0022300532,28.485564455889516,1
0022300533,-69.27366789743519,0
0022300534,-233.4649069369707,0
0022300535,28.360588745140376,1
0022300536,25.064593013680906,0
0022300537,-105.69199398570186,0
0022300538,264.36421274995314,1
0022300539,23.775865685907547,1
0022300540,51.395262238983605,1
0022300541,-57.1452967191824,1
0022300542,222.9831791758154,1
0022300543,130.37018286295415,0
0022300544,-96.28135898159735,0
0022300545,127.575155267647,1
0022300546,89.77482755563096,1
0022300547,-39.85586750226321,0
0022300548,-186.23876402553537,0
0022300549,28.210608842955708,1
0022300550,48.05628386796843,1
0022300551,215.38077424394896,1
0022300552,72.51087227034077,1
0022300553,9.194420335441237,1
0022300554,-168.27532619770454,0
0022300555,141.7280957248579,1
0022300556,-61.30075845650845,1
0022300557,82.6277913793067,0
0022300558,132.35081430985133,0
0022300559,145.68674891563955,1
0022300560,-9.092662395195703,1
0022300561,70.65589812825351,1
0022300562,-108.45408622059244,0
0022300563,-224.03965358567757,0
0022300564,-10.874070408489615,1
0022300565,-122.99366717755174,1
0022300566,-3.910171520165477,1
0022300567,-20.38868351170254,1
0022300568,2.950716540579606,1
0022300569,-400.09003603569386,0
0022300570,-74.43311028810285,1
0022300571,394.10771909603454,1
0022300572,-55.19747484651498,1
0022300573,129.55523380952422,1
0022300574,-117.6511235702319,1
0022300575,219.00045582638745,1
0022300577,-17.64407958000652,1
0022300578,-101.94098005875503,1
0022300579,253.85955775199454,1
0022300580,-27.69437076531267,0
0022300581,-51.846308117922035,0
0022300582,143.68588520667618,1
0022300583,3.458037531902164,0
0022300584,43.57157572514075,1
0022300585,-94.64075758675949,0
0022300586,94.3880271421192,0
0022300587,99.65392784142364,0
0022300588,28.170106201973567,0
0022300590,-191.59310706148312,1
0022300591,74.73503584528112,0
0022300592,-396.1864232344701,0
0022300593,-273.5903834375938,0
0022300594,40.5054609261249,0
0022300595,-111.23036717901073,0
0022300596,132.49940709037173,1
0022300597,21.701575120500365,1
0022300598,-85.32238694785997,1
0022300599,32.79057339842939,0
0022300600,162.97690485116414,1
0022300601,-40.49908389964662,1
0022300602,-296.0818256777393,0
0022300603,-221.14235558126506,0
0022300604,14.679759908916822,1
0022300605,127.24876511118373,1
0022300606,-401.3615758716551,0
0022300607,-80.2838263929666,0
0022300608,322.7880660052997,1
0022300609,-25.434801953879514,0
0022300610,282.8035163912857,0
0022300611,-172.58378643620426,0
0022300612,43.50912382073443,1
0022300613,59.734737484489415,1
0022300614,-89.7280741794325,0
0022300615,-147.5889685272914,0
0022300616,30.993798327714103,1
0022300617,252.12961518755287,1
0022300618,115.15036508152616,1
0022300619,-136.97274429980644,1
0022300620,-294.6974432117297,0
0022300621,50.292508824129754,0
0022300622,-320.1552526171986,0
0022300623,89.03532725585524,0
0022300624,22.632821547599633,1
0022300625,-59.59089910539342,0
0022300626,19.801616960987303,1
0022300627,-108.86694327932037,1
0022300628,-205.98605872778808,0
0022300629,-172.8121237908415,0
0022300630,-166.06125251178628,0
0022300631,-24.719698658249172,1
0022300632,-45.43963547764224,0
0022300633,-9.569991983956015,1
0022300634,-40.4935952021483,0
0022300635,-89.88630220406071,0
0022300636,-45.335587023859716,1
0022300637,-182.4551297815076,0
0022300638,-5.623274500539537,1
0022300639,37.69259287110344,0
0022300640,-64.14881413458511,0
0022300641,-80.38153773545196,1
0022300642,-67.43566119049797,0
0022300643,92.23861240261249,1
0022300644,1.8501863664637312,1
0022300645,-15.162131403284548,1
0022300646,68.82752343786387,0
0022300647,-182.1208809140553,0
0022300648,73.86620304563553,1
0022300649,-311.5666810065252,1
0022300650,-27.177541670129813,0
0022300651,-39.818981933376335,0
0022300652,28.907086555011347,1
0022300653,9.662288909818926,1
0022300654,-409.2804002457342,1
0022300655,-66.36505947593992,1
0022300656,-132.15961170500213,0
0022300657,-284.5660568362962,0
0022300658,-31.59487408558607,1
0022300659,141.20023726096701,1
0022300660,-87.00265839706572,1
0022300661,-42.68301581984838,0
0022300662,-78.6509030456532,1
0022300663,-53.51356518858984,0
0022300664,14.182895251971559,0
0022300665,10.867302631244002,0
0022300666,-14.161178412573008,1
0022300667,-4.43668674324681,1
0022300668,-249.2025057682863,1
0022300669,-55.1421625248654,1
0022300670,143.54922406815717,1
0022300671,103.98133802579378,1
0022300672,80.70458161471834,0
0022300673,-125.092894685999,1
0022300674,-165.46525227669713,0
0022300675,378.4652582544636,1
0022300676,-310.1096856568106,0
0022300677,-114.87915509560412,0
0022300678,-64.47328001534152,1
0022300679,-90.39698720241313,0
0022300680,111.38855808505514,1
0022300681,-189.42562707874526,0
0022300682,-29.527114870809555,1
0022300683,-248.55851052071125,1
0022300684,197.42772734962386,0
0022300685,84.66180659642578,1
0022300686,-69.81302315984249,0
0022300687,-130.24092164284525,0
0022300688,-397.34360474713503,0
0022300689,-191.40935894062181,0
0022300690,-113.24184636794212,1
0022300691,-20.798080780107284,0
0022300692,-0.5283173026220993,1
0022300693,4.671672722481844,0
0022300694,113.07578076018967,0
0022300695,293.2555887026326,1
0022300696,-244.02495614200438,0
0022300697,236.84687737697618,1
0022300698,148.49970632353006,0
0022300699,-18.784072833283744,1
0022300700,-67.67438288545759,0
0022300701,118.84216024598663,0
0022300702,-108.98345178257136,0
0022300703,-331.4423065738556,0
0022300704,-283.1622832827941,0
0022300705,-249.09904941343598,0
0022300706,205.87634684170894,1
0022300707,-206.43979458747913,0
0022300708,-122.60208938703272,0
0022300709,157.6582177033738,1
0022300710,183.8022414409977,1
0022300711,-114.35319614892501,1
0022300712,242.83174995878267,1
0022300713,-216.3928986451417,0
0022300714,56.555632779375856,1
0022300715,86.17490406164211,0
0022300716,-168.10268893220655,0
0022300717,-24.79885821883272,0
0022300718,125.68927150975628,1
0022300719,87.15644980544903,1
0022300720,-56.626868287076604,0
0022300721,-16.06646448503102,1
0022300722,148.6848484235161,1
0022300723,-119.6005019762024,1
0022300724,-106.7211075263549,1
0022300725,-36.11100299827467,1
0022300726,-117.14638050342228,0
0022300727,67.5072583734468,0
0022300728,-331.9557025933368,0
0022300729,207.28837280216862,1
0022300730,223.0502080618412,1
0022300731,97.78593979967923,0
0022300732,336.86101482472304,0
0022300733,28.87011830514257,0
0022300734,225.11524359117084,1
0022300735,-207.81759866956668,0
0022300736,108.20779435677241,0
0022300737,-37.537615455863715,0
0022300738,-2.9501262869755465,0
0022300739,53.39547820396865,1
0022300740,-96.82037580591668,0
0022300741,129.9361023381441,0
0022300742,77.01729721874608,0
0022300743,379.6049215595385,1
0022300744,-5.924861600851955,1
0022300745,286.04488865429903,1
0022300746,-87.20406373519654,1
0022300747,-48.10867662914757,1
0022300748,-80.10238836899748,1
0022300749,374.7390220824782,1
0022300750,141.16246997798908,1
0022300751,-158.2935084226899,1
0022300752,8.27193490277773,1
0022300753,-229.99228703777794,0
0022300754,55.44940005547619,1
0022300755,83.49193936109964,0
0022300756,-210.5976268605309,0
0022300757,-63.98295615550569,1
0022300758,-196.418511354982,0
0022300759,-164.47205096640278,0
0022300760,34.500767246578334,1
0022300761,-230.1213001069798,1
0022300762,117.04616284313488,0
0022300763,-13.25511983185811,0
0022300764,149.23312721048956,0
0022300765,-170.72190976160869,1
0022300766,-129.2665936835981,0
0022300767,-43.58415497825422,1
0022300768,240.3860319070609,1
0022300769,-12.81996386127571,0
0022300770,33.71299602149884,0
0022300771,-258.46454511521006,0
0022300772,-76.4932527684316,0
0022300773,80.47589133499287,0
0022300774,17.959305232375073,1
0022300775,-261.89439654561033,0
0022300776,268.5727246504871,1
0022300777,-157.7065283782997,1
0022300778,-61.28743091147271,1
0022300779,25.6278409531551,0
0022300780,268.35202718275605,1
0022300781,125.68686878232779,1
0022300782,-105.02205294634427,0
0022300783,-2.903370724968454,1
0022300784,282.7855384542099,1
0022300785,241.5515939160091,1
0022300786,71.41180361207785,0
0022300787,318.44716980398675,1
0022300788,-31.24787320264727,0
0022300789,-89.23654970095868,0
0022300576,-37.466180599702966,0
0022300790,-140.42088962309344,1
0022300791,-271.6356516797298,0
0022300792,117.82944962186366,0
0022300793,270.8147268227865,1
0022300794,-28.657042788480794,0
0022300795,-18.12028047786498,1
0022300796,-39.25357447374813,1
0022300797,-190.07390836394006,0
0022300798,153.31670170665757,1
0022300799,-25.354590640143897,1
0022300800,313.2466732591554,1
0022300801,149.36534636677675,0
0022300802,-4.927699955422213,1
0022300803,265.1352624765152,1
0022300804,49.043611180178004,0
0022300805,-101.20268752144784,1
0022300806,-151.76746171488435,1
0022300807,-178.38695143962832,0
0022300808,63.15988775164806,0
0022300809,332.72153936113773,1
0022300810,43.77499947953811,0
0022300811,201.2108880846331,1
0022300812,-257.020765922837,0
0022300813,245.19235456813635,1
0022300814,-284.8214856634663,0
0022300815,199.7391990611543,1
0022300816,-126.21407130206808,0
0022300817,-40.8787528948601,0
0022300818,19.483136378785957,1
0022300819,-19.07491089876953,1
0022300820,-331.7252372694561,0
0022300821,-94.07486752608543,1
0022300822,-190.28100798805622,0
0022300823,67.47299057301234,0
0022300824,-58.29323560781768,0
0022300825,176.88674062143832,1
0022300826,-0.3605977735248871,0
0022300827,73.25148157761987,0
0022300828,318.68476104610295,1
0022300829,112.1140534498943,0
0022300830,30.69311118555197,0
0022300831,24.456896883569016,0
0022300832,79.24688460031848,1
0022300833,109.2024353684426,1
0022300834,-259.19133002791773,0
0022300835,-7.6969629082793745,1
0022300836,184.86662029758713,1
0022300837,16.84434009657025,0
0022300838,334.5610240524288,1
0022300839,265.6029342251452,0
0022300840,234.8078225979234,1
0022300841,203.3663756911817,1
0022300842,-232.30474348617008,0
0022300843,-41.872893011190854,1
0022300844,-93.04822067446162,0
0022300845,190.71028138705606,1
0022300846,-129.76075864671384,1
0022300847,57.2796069273038,1
0022300848,89.35815459918217,0
0022300849,-240.8526793128658,0
0022300850,78.44146212778378,1
0022300851,-50.530701084210705,1
0022300852,13.13723763480175,0
0022300853,-349.6890895018646,1
0022300854,144.54857124006685,1
0022300855,57.79155440582281,1
0022300856,268.5403384057879,1
0022300857,-348.7113245611363,0
0022300858,177.0598087653177,1
0022300859,171.46301608079034,1
0022300860,-125.07882612803382,0
0022300861,100.7356972166508,0
0022300862,68.28241336329506,0
0022300863,23.202233484893668,1
0022300864,-89.10132546710793,0
0022300865,332.1120047537863,1
0022300866,-31.363139682281144,1
0022300867,107.56271428265177,1
0022300868,71.8585288243703,0
0022300869,-84.92613345351106,0
0022300870,153.7631203767778,0
0022300871,13.017435332568539,0
0022300872,153.61443714738562,1
0022300873,2.1235124767906655,0
0022300874,282.08993245510396,1
0022300875,82.38779200276372,1
0022300876,71.26518450574417,0
0022300877,-227.923135948869,1
0022300878,-60.07451528313709,0
0022300879,39.84968392224914,0
0022300880,-13.005204609015436,1
0022300881,245.1590253850627,1
0022300882,176.455589239642,1
0022300883,69.971080697851,0
0022300884,-86.65702104200159,1
0022300885,-210.95949464979117,0
0022300886,-120.08085731355368,1
0022300887,-114.98686022912398,1
0022300888,306.8223678372026,1
0022300889,109.74177439492587,0
0022300890,-134.25776293251056,0
0022300891,119.13946653366133,1
0022300892,15.787082028978148,0
0022300893,97.48135793079814,0
0022300894,-284.8905649099411,0
0022300895,-150.4696926342324,1
0022300896,117.54880791666687,0
0022300897,-174.14387637342838,0
0022300898,-60.247126324403325,0
0022300899,-53.69577118225811,1
0022300900,-264.1207780224106,0
0022300901,-6.565208367084779,0
0022300902,-177.67175712528615,1
0022300903,-76.66309021632765,0
0022300904,-53.48581624422059,1
0022300905,136.47697973875302,1
0022300906,-84.92667211474895,1
0022300907,48.372422931704705,0
0022300908,259.30577145436723,1
0022300909,-59.69807797330509,0
0022300910,-66.27102066690759,1
0022300911,-7.486631590932575,1
0022300912,-11.837310879326651,1
0022300913,-52.4508444713922,0
0022300914,59.66725029845702,1
0022300915,-68.51676089459738,1
0022300916,-84.93193475579619,0
0022300917,82.17553062055504,1
0022300918,-102.59270639540978,1
0022300919,-254.08074960224667,0
0022300920,-138.33491375443555,0
0022300921,253.10473619449704,0
0022300922,195.7565063328591,1
0022300923,-81.747771794056,1
0022300924,28.71045766672796,0
0022300925,-94.95018287693415,0
0022300926,279.0574033053904,0
0022300927,51.21529705647504,0
0022300928,34.25596263741613,0
0022300929,130.08304791481692,0
0022300930,200.06763094590747,0
0022300931,210.8787922632821,1
0022300932,-55.06545103607209,1
0022300933,-64.92739696732383,1
0022300934,39.41147590168134,0
0022300935,-0.17461093939186867,0
0022300936,-218.62875112213806,0
0022300937,234.70631064962913,1
0022300938,-363.54623136212854,0
0022300939,24.764227121915837,1
0022300940,119.99448522727744,1
0022300941,101.5371891401378,0
0022300942,-138.27733833560774,0
0022300943,-274.143944435958,0
0022300944,19.039825727386642,0
0022300945,-53.564296386980914,1
0022300946,-127.9840631766408,1
0022300947,108.24915026558779,1
0022300948,23.667672320590327,0
0022300949,-109.60180045717198,0
0022300950,95.41897202575024,0
0022300951,9.791019141337301,0
0022300952,-4.657163257216325,1
0022300953,-135.46656522893227,1
0022300954,7.340510874443453,1
0022300955,148.91377185644455,1
0022300956,-68.51626291359867,0
0022300957,176.43898802462013,1
0022300958,89.92402956042565,1
0022300959,64.14668247717759,1
0022300960,-193.01488532595613,0
0022300961,-228.74743262377888,0
0022300962,-238.61994025783792,0
0022300963,-149.24231667881622,0
0022300964,-29.29402744321601,1
0022300965,-345.0419103286256,0
0022300966,-32.59677005512981,1
0022300967,-127.67949912402128,1
0022300968,106.90476536305937,1
0022300969,173.03551721134454,1
0022300970,240.02558548407683,1
0022300971,238.6270180195388,1
0022300972,-218.8403801357324,0
0022300973,10.522374927300461,0
0022300974,-161.7388358211099,0
0022300975,17.466569052438217,0
0022300976,34.62656597473347,1
0022300977,-249.38202762568403,0
0022300978,-112.94840101438149,1
0022300979,164.4857897120637,1
0022300980,-442.7991425775963,0
0022300981,-111.89165008580403,1
0022300982,142.49936755032604,0
0022300983,-47.69378279658372,0
0022300984,446.714662290555,1
0022300985,-30.208999209950207,1
0022300986,177.94247749255283,1
0022300987,-176.30968297770983,0
0022300988,-16.481092001090474,0
0022300989,163.61313114388008,1
0022300990,63.833917072672875,1
0022300991,227.6804895594894,1
0022300992,-201.20830127555882,0
0022300993,-186.03780371736252,0
0022300994,-238.77552854837904,0
0022300995,-26.368940230090402,0
0022300996,64.98820654838914,0
0022300997,-247.95968477286056,0
0022300998,113.54825285104266,1
0022300999,-183.68186700042475,0
0022301000,197.78202565997935,1
0022301001,147.1676445607577,1
0022301002,46.66469610934723,1
0022301003,-242.92433388421637,0
0022301004,-41.9350566054145,1
0022301005,-299.91254022066664,1
0022301006,-43.08466179864581,1
0022301007,207.1733788900383,1
0022301008,135.26436052782947,1
0022301009,78.13431884252304,1
0022301010,102.80914436387638,1
0022301011,-459.1547430616715,0
0022301012,-256.68217542736124,0
0022301013,-47.48582505567106,0
0022301014,28.594640470276318,1
0022301015,-76.35399723042042,0
0022301016,14.282831233720572,0
0022301017,-253.4926227889598,0
0022301018,34.38001391622083,1
0022301019,176.75130506552568,1
0022301020,10.875134318368737,0
0022301021,138.50415458798034,1
0022301022,-81.93664524655537,1
0022301023,-213.83250812533424,0
0022301024,73.42831148746404,1
0022301025,-273.41451612968194,0
0022301026,-331.1548416642743,0
0022301027,-330.27299179719444,0
0022301028,93.44129455622578,0
0022301029,-40.97033746693796,1
0022301030,-25.68940910970423,1
0022301031,83.8653317123651,1
0022301032,8.783414791337464,1
0022301033,244.9400268417471,1
0022301034,-272.39582819998645,1
0022301035,310.6165208846062,1
0022301036,-33.38040826011775,0
0022301037,215.12310197315014,0
0022301038,172.25295221807346,1
0022301039,-282.6754433777669,1
0022301040,269.0909523928492,1
0022301041,-151.07733991023088,0
0022301042,51.11977778918731,1
0022301043,47.05365638196827,0
0022301044,14.830503411370046,0
0022301045,60.15466399937645,0
0022301046,-23.36876471852497,0
0022301047,0.8262035127427225,0
0022301048,-250.6916443609398,1
0022301049,15.841793655405581,0
0022301050,-88.57523983635656,0
0022301051,157.19541387799495,1
0022301052,-58.56354641184771,0
0022301053,-231.06907716209207,0
0022301054,-51.19615962492162,1
0022301055,-177.25807038098128,0
0022301056,357.6757568424132,1
0022301057,133.395875108135,0
0022301058,94.4280399503998,0
0022301059,104.85327171429435,0
0022301060,-237.34434758086104,1
0022301061,-13.164490620946026,1
0022301062,-220.28990048084097,0
0022301063,-41.41491595311891,1
0022301064,-36.562240126125744,0
0022301065,42.58670650841759,0
0022301066,-93.47784658091837,1
0022301067,51.72743770390571,1
0022301068,208.56373634661168,1
0022301069,44.06150263352333,1
0022301070,-257.28938277038037,1
0022301071,31.31004361172222,0
0022301072,-126.94717671662443,0
0022301073,-22.918358974051444,0
0022301074,-107.75756236899679,0
0022301075,142.82418752188528,1
0022301076,-96.53317181068269,0
0022301077,84.07394055383406,1
0022301078,-146.74308209308424,0
0022301079,-264.7452204041408,0
0022301080,-150.45087894732023,0
0022301081,-239.92262382939907,0
0022301082,-60.567337434645424,0
0022301083,-68.40766501684152,0
0022301084,141.13923091565925,0
0022301085,-214.2014164330426,0
0022301086,166.49719260483562,1
0022301087,-397.80485059505963,0
0022301088,-108.03436315072258,0
0022301089,131.66229789643626,1
0022301090,219.06219322952143,1
0022301091,18.877200833260986,0
0022301092,20.172467615632513,0
0022300589,-44.15325386627819,1
0022301093,-139.80055366540068,1
0022301094,-242.91134575957517,0
0022301095,-319.4016196529326,1
0022301096,-21.89338489373904,1
0022301098,102.53543547616687,1
0022301099,311.762691742259,1
0022301100,-171.42463305938531,0
0022301101,-38.605269563066486,1
0022301102,3.7553340151307566,0
0022301103,-279.8638953630566,0
0022301104,237.04725092688636,1
0022301105,92.05861018751534,1
0022301106,-141.41340182157887,1
0022301107,197.58789372924548,0
0022301108,296.9415544852636,1
0022301109,40.82775064681505,0
0022301110,25.359030779416116,1
0022301111,33.73002515969824,0
0022301112,-14.157474473439379,1
0022301113,-58.97887413357489,0
0022301114,-65.24956358959889,1
0022301124,90.28842423833157,1
0022301097,20.984630049137877,1
0022301115,-246.74030449189718,1
0022301116,-82.38277017984251,1
0022301117,-26.795446001276105,0
0022301118,169.68012504202534,1
0022301119,-61.11305102798701,1
0022301120,-30.80292286133499,0
0022301121,144.9450970821847,1
0022301122,246.35774029738286,0
0022301123,232.6298716540657,0
0022301125,-36.69153403575865,1
0022301126,221.24623288941507,1
0022301127,35.78739002446423,1
0022301128,163.5791325312823,1
0022301129,-111.87444744490494,0
0022301130,139.04473978932015,1
0022301131,118.86566000939592,1
0022301132,53.625617265367964,1
0022301133,5.969419547624739,1
0022301134,393.5233393233159,1
0022301135,-291.7681816757795,0
0022301136,29.2521842226854,1
0022301137,56.90857402134725,1
0022301138,51.17830846646848,0
0022301139,7.214785807208273,0
0022301140,-182.72643792000122,0
0022301141,-125.02914676087107,0
0022301142,204.00635307223092,1
0022301143,-24.81103227095673,0
0022301144,-299.9337749759882,0
0022301145,285.6427724618136,1
0022301146,-207.3732800944349,0
0022301147,-40.10980345405392,0
0022301148,-186.91323779594427,1
0022301149,-60.73772656942742,0
0022301150,-57.99210443650554,1
0022301151,60.269598084641984,0
0022301152,349.7273427079208,1
0022301153,55.6836597051979,1
0022301154,-277.9362184008776,0
0022301155,5.556168012012222,0
0022301156,-16.926070239890805,0
0022301157,-228.02303992535667,0
0022301158,146.49160756383299,1
0022301159,173.98035012214177,0
0022301160,73.86206600969604,1
0022301161,-72.63248526760572,0
0022301162,23.068469827132276,1
0022301163,264.7992776318615,1
0022301164,17.103150066618127,1
0022301165,39.67590132623786,0
0022301166,-237.76595127970245,0
0022301167,146.53549552552295,0
0022301168,-133.96484239354004,1
0022301169,-260.4031044563926,0
0022301170,-15.070594090067743,0
0022301171,15.805830738950817,1
0022301172,-216.6634232174472,0
0022301173,374.9062570643723,1
0022301174,-22.17888593298335,1
0022301175,161.88275518669934,1
0022301176,198.68850809061428,1
0022301178,154.92243021375725,1
0022301179,60.01995109469999,1
0022301180,-301.73678559803466,1
0022301181,382.3129158940401,0
0022301182,14.606464973674747,0
0022301183,-159.75084630787865,0
0022301184,228.95036870949752,0
0022301185,-47.15261845342093,0
0022301186,430.7133400650846,1
0022301187,224.96380308006133,0
0022301188,90.47322859197925,1
0022301189,205.87926953396777,1
0022301190,89.38640175077467,1
0022301191,-39.27066840012503,1
0022301192,130.01273990329696,1
0022301193,-254.41917705272817,0
0022301194,29.032374290901544,0
0022301195,20.998292996986265,0
0022301196,20.874129682562398,1
0022301197,105.38215909157839,1
0022301198,191.3611226033329,1
0022301199,94.6755825900982,0
0022301200,214.50142552268244,1
0022400061,81.10585784678005,1
0022400062,-24.33843253606483,1
0022400063,-225.85500377893163,0
0022400064,32.75039402064181,1
0022400065,11.787019566801973,0
0022400066,4.602861693580735,0
0022400067,-151.98496523572908,0
0022400068,122.26910137469213,0
0022400069,63.10250659871667,1
0022400070,4.356791171318719,0
0022400071,-30.38758976171539,0
0022400072,-204.2628392040533,0
0022400073,-330.69620128230554,0
0022400074,170.0470230250412,1
0022400075,5.029675001824444,0
0022400076,-52.0908820295017,0
0022400077,104.14415290961642,1
0022400078,-163.56992791245239,1
0022400079,79.70443787322824,1
0022400080,218.6304991848881,1
0022400081,14.851144062569347,1
0022400082,66.34951230344723,1
0022400083,58.64186688023142,0
0022400084,-167.26657757065982,0
0022400085,-23.685514710845382,1
0022400086,-212.24025151911042,0
0022400087,54.56243110033711,0
0022400088,-130.07892261761913,0
0022400089,-352.0449824564853,0
0022400090,-210.94295316163175,0
0022400091,-112.70558163997407,0
0022400092,-122.37914566346058,1
0022400093,209.8546211650471,1
0022400094,-92.55472195770835,1
0022400095,4.949847971485269,1
0022400096,64.61024009363086,1
0022400097,27.10618039533415,0
0022400098,-111.57536883999228,1
0022400099,-224.23785631001442,1
0022400100,142.29537875874144,1
0022400101,21.67076097850145,0
0022400102,-3.9187944708726263,1
0022400103,158.7112803900934,0
0022400104,142.2681634720302,1
0022400105,221.17862628555145,1
0022400106,31.86740994108436,0
0022400107,-208.7873663384728,0
0022400108,-66.76180661874673,0
0022400109,-70.97186194139749,0
0022400110,177.15535107043502,1
0022400111,7.632622692248788,1
0022400112,146.97835376443868,1
0022400113,-154.96111530317967,0
0022400114,14.56826418240712,0
0022400115,-121.55573652231806,0
0022400116,7.392359619801482,1
0022400117,13.49601230385747,1
0022400118,-23.791411640081833,1
0022400119,-148.0325146877135,1
0022400120,224.662217618383,0
0022400121,-127.36039433510564,1
0022400122,-29.156394655036138,0
0022400123,-30.654576736724266,1
0022400124,-9.447172863310016,0
0022400125,225.49068574874536,1
0022400126,23.284397715789055,1
0022400127,210.83117665526834,0
0022400128,-112.75592313903098,1
0022400129,94.88357875151223,0
0022400130,-17.069448379298365,0
0022400131,-50.36035967512544,0
0022400132,-268.2040579032239,0
0022400133,37.26809895232577,1
0022400134,-250.99693446357423,0
0022400135,-71.65934516995753,0
0022400136,-74.64243302150521,1
0022400137,-208.57650234021185,0
0022400138,7.170000903012124,1
0022400139,-17.913938352890682,1
0022400140,-258.4311486243662,0
0022400141,-277.6801619359496,0
0022400142,94.44385132734965,0
0022400143,-176.69859533317003,1
0022400144,-71.75759812115734,0
0022400145,-62.90251296101087,0
0022400146,-176.02283396269672,1
0022400147,-174.51707804425178,0
0022400148,216.44197199039604,1
0022400149,243.34478527029546,1
0022400150,-96.17786318243907,0
0022400151,133.2041115668469,0
0022400152,109.70242459810743,0
0022400153,55.898130828058584,1
0022400154,83.02325255390724,1
0022400155,-250.81337050542766,0
0022400156,-244.54557975077955,1
0022400157,-212.56030375581963,0
0022400158,2.0804972812582037,1
0022400159,9.297512546625285,0
0022400160,134.4539329066065,0
0022400161,-78.33850077345414,1
0022400162,194.07502650668084,1
0022400163,134.04578131820858,1
0022400164,169.30859263329307,0
0022400165,54.6066830946686,0
0022400166,223.82798638323902,1
0022400167,117.43905138720129,1
0022400168,107.01563786726933,1
0022400169,31.22595419243771,1
0022400170,32.737774714200214,1
0022400171,-117.79853185716297,1
0022400172,78.22055840466965,0
0022400173,89.62686085397013,1
0022400174,-137.07700501941736,1
0022400175,-67.0877415779662,0
0022400176,80.1871568125946,1
0022400177,-56.196922283638514,1
0022400178,104.71735107884274,1
0022400179,44.8341060102382,1
0022400180,165.7760791037199,1
0022400181,-96.49925363807324,0
0022400182,107.63716029997522,1
0022400183,31.8021807155817,1
0022400184,-163.13866761628265,1
0022400185,-121.92361357665936,1
0022400186,-9.296201219038949,1
0022400187,217.5245389168042,1
0022400188,-12.669804097219867,1
0022400189,58.25442564234004,1
0022400190,-51.57511205175069,0
0022400191,101.6037442959298,1
0022400192,126.45083849042976,1
0022400193,212.93619531024729,1
0022400194,94.56020709039035,1
0022400195,63.20267643700254,1
0022400196,-9.581271959067408,0
0022400197,42.47036137880332,0
0022400198,-24.05398426013062,0
0022400199,166.2330742789934,1
0022400200,195.31564773636637,1
0022400201,-159.85389123980804,0
0022400202,-172.48361656836255,0
0022400203,-27.08917334349917,1
0022400204,179.9540234442677,1
0022400205,82.04772150478607,1
0022400206,86.45790331973626,0
0022400207,45.76674052302542,0
0022400208,46.56971419682509,1
0022400209,113.05143064142771,0
0022400210,-70.10157056576895,0
0022400211,198.34441738101464,1
0022400212,-125.12909473022182,0
0022400213,192.57427619535406,1
0022400214,66.52969496228252,0
0022400215,73.77695571022969,1
0022400216,-129.88251042147704,1
0022400001,232.21584456645246,0
0022400002,-175.76112018485264,1
0022400003,121.46964902731474,1
0022400004,-67.75979923839986,0
0022400005,130.03751091340496,1
0022400006,-229.97045305898814,0
0022400007,56.76738149176845,1
0022400008,-215.4063714899844,1
0022400217,-25.98679179466626,1
0022400218,-204.72508543282242,0
0022400219,87.06718000313595,0
0022400220,-142.23568980545724,0
0022400221,152.0450363939094,1
0022400222,-32.32210352261518,1
0022400223,132.39380486528648,1
0022400224,98.78705182847148,1
0022400225,107.66196753537633,1
0022400226,-187.2514586067009,1
0022400227,-101.03920910600345,1
0022400228,-164.39393430328755,1
0022400009,29.277237544498348,0
0022400010,59.125392994029426,1
0022400011,-2.6039012381281736,0
0022400012,139.1333767409626,1
0022400013,135.39758867322053,1
0022400014,106.69406708063184,1
0022400015,-138.83559691820415,0
0022400016,-14.197667140949761,1
0022400017,-134.28950290913144,1
0022400018,27.957745081644134,1
0022400019,174.55162626003766,1
0022400020,-12.294133766497907,0
0022400229,-107.14872417649894,1
0022400230,322.4538881045107,1
0022400231,-77.18349721351342,0
0022400232,120.00932953169581,1
0022400233,126.83238686120603,1
0022400234,-47.785907032692876,1
0022400235,3.979594580056073,1
0022400236,232.86725563343293,1
0022400237,-52.075509499225745,0
0022400238,-163.56667868874,1
0022400239,-70.43121893716943,1
0022400240,117.54358740716566,1
0022400241,-53.56331721764741,0
0022400242,108.70355464741897,0
0022400243,141.99234603389596,1
0022400244,-101.57090990913298,0
0022400245,49.25187155576782,1
0022400246,258.95471994509876,1
0022400247,-195.44338799932325,1
0022400248,-67.03433563662611,1
0022400249,66.03936751564152,0
0022400250,81.39511880587679,0
0022400251,-83.99044500078412,1
0022400021,27.92343463786733,1
0022400022,37.25663344931354,1
0022400023,-138.0402001593884,0
0022400024,71.94212636710108,1
0022400025,-224.3462444901827,1
0022400026,192.75022428958073,1
0022400252,146.6249214139434,1
0022400253,8.294369613979143,1
0022400254,22.34840658979897,1
0022400255,-7.38433362355272,1
0022400256,223.44613599357444,1
0022400257,23.548789979601224,0
0022400258,150.72080719899213,1
0022400259,4.237810789861669,1
0022400260,22.78483947383279,1
0022400261,-222.07662687573725,1
0022400262,41.3125246201098,1
0022400263,46.86076445262847,0
0022400027,7.110775158075967,1
0022400028,-370.75503302772404,0
0022400029,-9.110085036164492,1
0022400030,17.13556111941398,1
0022400031,150.61683868215619,1
0022400032,-143.78647656988278,0
0022400033,36.974538650186105,0
0022400034,42.42197212246492,1
0022400264,-196.12996007161564,1
0022400265,195.08929543452314,1
0022400266,28.47204760371369,0
0022400267,159.58599329734966,0
0022400268,113.78347042785322,1
0022400269,-192.36162459960906,1
0022400270,-15.246793555179238,0
0022400271,115.2314139824532,1
0022400272,205.88032421559979,1
0022400273,-59.48899831364247,1
0022400274,-112.37392570424367,0
0022400275,267.7665816017691,1
0022400276,78.96420974160264,0
0022400277,-166.17472597319556,0
0022400278,-6.919962949055844,1
0022400279,37.323268855846436,1
0022400280,-115.59903013154826,0
0022400281,101.96991861170773,1
0022400282,60.572827621720535,1
0022400283,38.207963108380454,0
0022400284,168.07572271651293,0
0022400285,-130.0319995573418,0
0022400035,-179.5653040358734,0
0022400036,13.171500687708203,0
0022400037,15.66116093607161,0
0022400038,-55.28205898013107,0
0022400039,12.047189235173391,1
0022400286,-132.43967574620092,0
0022400287,190.45433275084656,0
0022400288,110.72767531946874,1
0022400289,84.96683584165544,1
0022400290,-102.55642522507264,0
0022400291,-284.64811143572206,0
0022400292,1.3445910173252287,1
0022400293,112.76076508468213,1
0022400294,51.136782506001055,0
0022400295,108.0148540881687,0
0022400296,-95.65744053595677,0
0022400297,120.49897531417128,0
0022400298,-204.52205306349606,0
0022400299,-37.08222506985862,0
0022400040,-191.6375122428201,0
0022400041,-157.9289167665995,1
0022400042,34.40644285235521,1
0022400043,-93.29477406183696,0
0022400044,-48.10255652752153,1
0022400045,160.4662924542672,0
0022400046,156.40190784665833,1
0022400047,-210.41753453223555,0
0022400048,-82.31347241438971,0
0022400049,-105.53687255267596,1
0022400300,-103.77245490746736,0
0022400301,-64.2330167228397,0
0022400302,245.75445297089982,1
0022400303,-19.94784852976636,1
0022400304,-207.73136374223714,0
0022400305,-111.66958725646327,0
0022400306,-14.205876724678546,1
0022400307,-84.18575679373816,1
0022400308,134.3522923735868,1
0022400309,-165.14147962045513,1
0022400310,-97.67505530349649,1
0022400311,-183.41195595286945,0
0022400312,-183.00584218409745,0
0022400313,41.13934109721117,0
0022400314,-28.4085447037653,1
0022400315,47.17786197174064,1
0022400316,163.43142312121086,1
0022400317,8.27095636901754,1
0022400318,-24.608447956500413,1
0022400050,-87.43977239916285,0
0022400051,337.36139726133274,1
0022400052,-166.8752906235511,0
0022400053,-9.413528907898353,1
0022400054,-117.64751279069765,1
0022400055,280.5098422947906,1
0022400056,100.86821320718195,1
0022400057,113.32418989432153,1
0022400058,6.222629042339804,1
0022400059,-90.799408602129,1
0022400060,173.33273435741785,1
0022400319,327.2183303362049,1
0022400320,-31.325456716518374,1
0022400321,-40.719137119557445,1
0022400322,-122.56667789396897,0
0022400323,48.758210414148834,0
0022400324,33.2286165966957,0
0022400325,24.91401043593487,1
0022400326,-326.2418073369465,0
0022400327,236.13018815450664,1
0022400328,-259.42561709053984,0
0022400329,2.3158436909768625,1
0022400330,-153.85263914846337,1
0022400331,-17.497767402894397,0
0022400332,12.601815125649637,1
0022400333,-139.28286908555538,1
0022400334,-41.16024592064423,1
0022400335,161.100588400976,1
0022400336,13.181681213825868,0
0022400337,-34.50149608715901,0
0022400338,20.537382152038617,0
0022400339,35.29316399315303,0
0022400340,-277.53842165262836,0
0022400341,-312.2078321028539,1
0022400342,-211.8925768311035,0
0022400343,235.65813361349115,0
0022400344,-224.0213721922314,0
0022400345,190.30130925471553,0
0022400346,-48.20609809046732,1
0022400347,13.571739820678204,0
0022400348,-59.85882905015751,0
0022400349,142.26335462193992,0
0022400350,-58.307804090160744,0
0022400351,-99.5735539744021,1
0022400352,16.288034458678794,1
0022400353,-226.1241012598855,0
0022400354,1.2478692789902652,1
0022400355,-4.289415507719923,1
0022400356,15.390262852717115,0
0022400357,117.03953556589227,1
0022400358,149.3113343356688,1
0022400359,-195.88934669282935,0
0022401201,-53.42090621604257,1
0022401203,45.53989576437539,1
0022401202,78.4762923199487,0
0022401204,-11.790916666758221,1
0022401205,302.0334962247673,1
0022401206,170.64795802492677,1
0022401207,-70.80907177879726,0
0022401208,335.165530165526,1
0022401209,2.753507825023007,0
0022401210,24.080726601987408,1
0022401211,71.29096708481734,1
0022401212,103.4493809075841,1
0022401213,26.074964749618857,1
0022401214,-182.3662043594552,0
0022401215,-63.73867079315892,0
0022401229,24.938715442575358,1
0022401230,93.84935068958134,1
0022401216,65.89874974278928,1
0022401217,-393.5477317532959,0
0022401218,-116.12943415180848,0
0022401219,188.79052942891735,1
0022401220,3.158323597119761,1
0022401227,8.36925619812746,0
0022401228,-39.63613501162263,0
0022401221,-176.2885186480205,1
0022401222,-107.89819641431245,0
0022401223,-100.98860625238399,0
0022401224,-177.07854075678642,0
0022401225,-80.32850338927483,0
0022401226,183.3816463030662,1
0022400360,23.40108247750277,0
0022400361,-108.97140263989536,0
0022400362,-65.03995298088535,1
0022400363,201.5651632732031,0
0022400364,-79.15841173929994,0
0022400365,155.60721703132845,1
0022400366,-35.8346999274504,1
0022400367,0.696847543878448,0
0022400368,66.40641633990526,0
0022400369,73.79487411723471,0
0022400370,-62.30517383219694,1
0022400371,-230.5910581065143,1
0022400372,-41.56354934011506,0
0022400373,135.44240043188552,1
0022400374,80.40402832735185,1
0022400375,-147.13688019901906,0
0022400376,-62.9106173431187,0
0022400377,28.36223667447848,1
0022400378,-31.164458847834794,0
0022400379,75.04374185318693,0
0022400380,159.0685938202207,1
0022400381,-168.65877360508125,0
0022400382,251.85381849288706,1
0022400383,20.281712020742134,0
0022400384,-183.97574611026698,0
0022400385,39.183237088574515,1
0022400386,74.5260520666177,1
0022400387,178.77963428495764,0
0022400388,-221.79092882038117,0
0022400389,-25.913005240557595,0
0022400390,-183.41707889366808,0
0022400391,-246.02790413625735,0
0022400392,252.82774418233157,1
0022400393,-108.36899604701239,1
0022400394,9.130991156064283,1
0022400395,-67.52015858295385,1
0022400396,84.73029909570846,1
0022400397,253.8625529807034,1
0022400398,-58.05636765641793,0
0022400399,-16.912038511913806,0
0022400400,400.6064468882141,1
0022400401,235.5800576501747,1
0022400402,56.399359202095866,1
0022400403,45.05818482912446,0
0022400404,173.63862149758188,0
0022400405,145.622965297973,1
0022400406,68.94099428964546,0
0022400407,179.34111870283732,0
0022400408,1.9543226524745023,0
0022400409,-69.68221864945895,1
0022400410,-161.92136294140892,0
0022400411,48.41664064940119,0
0022400412,-39.08908305901355,1
0022400413,20.825530955791237,1
0022400414,188.67431730882095,1
0022400415,127.54521075698563,0
0022400416,-188.78480409492136,0
0022400417,-11.152164526431989,1
0022400418,63.52784735697878,0
0022400419,-44.97849962687087,0
0022400420,122.2247834235618,1
0022400421,-7.019558868617196,0
0022400422,29.813123573902658,0
0022400423,-146.5097867591512,0
0022400424,-55.36849801828089,0
0022400425,-63.19696488774798,0
0022400426,34.31147824608661,1
0022400427,-32.26752497916186,1
0022400428,-380.6194889712724,0
0022400429,-319.519652554083,0
0022400430,-70.99827736153748,1
0022400431,0.40005390348710534,1
0022400432,159.80126424658192,1
0022400433,-120.31473584466698,0
0022400434,-229.51675046867012,1
0022400435,103.63451406639638,1
0022400436,117.91264788496937,1
0022400437,132.38204634156364,0
0022400438,-177.42409280364473,0
0022400439,47.41425660122445,0
0022400440,158.86187142087465,1
0022400441,109.91823774804811,1
0022400442,-165.995590744016,0
0022400443,-327.0269932519475,0
0022400444,-197.3169645804869,0
0022400445,-213.90069592698023,0
0022400446,-116.57063280553575,0
0022400447,-108.55291023055474,0
0022400448,-148.54967720562195,1
0022400449,302.5268844502709,1
0022400450,0.3457140413738671,0
0022400451,-126.46031803240407,1
0022400452,127.24150114750387,1
0022400453,-17.548384648744104,0
0022400454,-98.6721689489109,0
0022400455,-142.0790047741932,1
0022400456,-198.32688380949708,1
0022400457,169.05759199175122,1
0022400458,261.8643614192231,1
0022400459,-98.10397282578947,1
0022400460,-20.85056520317403,1
0022400461,65.32986036039642,1
0022400462,-52.80009850888678,1
0022400463,27.13081866153607,0
0022400464,-62.92654979463214,0
0022400465,126.93512671604685,0
0022400466,138.1235549144219,1
0022400467,24.161875743498513,1
0022400468,166.4892971615741,1
0022400469,118.05764701463613,1
0022400470,-203.23038244053646,0
0022400471,-73.27222650622844,0
0022400472,66.45584245335499,1
0022400473,88.48380336841842,1
0022400474,-94.87571989931348,0
0022400475,125.06335769881571,0
0022400476,-78.41700688452374,1
0022400477,42.4011486080924,1
0022400478,-65.38645811815354,0
0022400479,-132.20703181480167,1
0022400480,23.603921016719823,1
0022400481,175.0680744268127,0
0022400482,-146.40219693489962,1
0022400483,144.59779895404608,0
0022400484,-95.0972933849107,0
0022400485,-2.8784513737100497,1
0022400486,58.31995752010562,1
0022400487,65.02199186224266,1
0022400488,377.7748328961852,1
0022400489,-79.23018924872736,0
0022400490,174.22463342965852,0
0022400491,-2.454515696932731,1
0022400492,62.99740561636372,0
0022400493,43.68593451799052,1
0022400494,5.352076189979016,0
0022400495,-118.62337411078033,0
0022400496,74.76246107451084,0
0022400497,-178.9409216277204,0
0022400498,11.540997663563758,1
0022400499,-36.503273051068845,1
0022400500,-22.880956636716746,1
0022400501,-23.808112226656476,1
0022400502,-212.40925796254874,1
0022400503,-283.9703878067703,0
0022400504,0.580995643408869,1
0022400505,-174.2111919193469,0
0022400506,-111.16449340416193,0
0022400507,-61.00975217692917,0
0022400508,20.957283583689787,0
0022400509,-45.63279865854906,1
0022400510,54.05779787040751,1
0022400511,267.4744295009086,1
0022400512,211.8685263011605,1
0022400513,-36.797730615804085,0
0022400514,-13.332086849975894,0
0022400515,13.083418257255971,1
0022400516,52.48722846305668,1
0022400517,366.58040862662506,1
0022400518,-57.65554511523874,0
0022400519,-19.43570852480525,0
0022400520,-35.960258889613215,0
0022400521,162.43884994444306,1
0022400522,-11.79542354931391,1
0022400523,-139.40939760210927,0
0022400524,234.16235108055844,0
0022400525,26.78761825225388,1
0022400526,9.69665530788825,0
0022400527,130.84880420784202,0
0022400528,156.0613258934227,0
0022400529,-120.71065198651104,0
0022400530,208.21198013306685,1
0022400531,183.98396093002225,1
0022400532,-83.81840914520126,0
0022400533,133.0981457068292,1
0022400534,127.32844665489324,1
0022400535,49.2888914970456,0
0022400536,-130.65012687590774,0
0022400537,71.71241131621082,1
0022400538,225.46867066180903,1
0022400539,50.168704808640996,1
0022400540,-19.6865775743006,0
0022400541,-27.94774717662608,0
0022400542,261.5295865283051,1
0022400543,130.04657637017112,0
0022400544,41.00118467672564,1
0022400545,-450.1909593791563,0
0022400546,-28.327772590914492,1
0022400547,183.91927935010972,1
0022400548,-290.902580829566,0
0022400549,140.25027385373392,0
0022400550,-202.95689708305326,1
0022400551,53.91116173711475,1
0022400552,84.22511175026648,0
0022400553,22.495636185128888,1
0022400554,-99.86642806116765,0
0022400555,-252.24336147240138,0
0022400556,-23.322588124200365,1
0022400557,100.3536879222977,0
0022400558,1.5946510592611958,1
0022400559,-42.28033785093635,0
0022400560,1.8733817961381192,0
0022400561,-109.3236826707996,0
0022400562,-314.77467795856114,1
0022400563,-36.38937707377545,0
0022400564,8.802777839533519,1
0022400565,62.09137615065765,0
0022400566,-154.13750030148958,1
0022400567,-67.09999411697731,0
0022400568,9.205099310659534,0
0022400569,53.932202172639336,0
0022400570,-6.16882459293106,1
0022400571,166.91660897821407,1
0022400572,-98.10154516717489,0
0022400573,-237.93859040736834,0
0022400574,46.74998648015162,1
0022400575,-193.01253048992135,0
0022400576,-92.73247864765108,1
0022400577,107.24701824502836,1
0022400578,33.170942282837586,0
0022400579,-77.54950114055441,0
0022400580,199.82011091686195,1
0022400581,41.099154228267935,1
0022400582,-86.97911021033701,0
0022400583,-204.39790272787536,1
0022400584,116.60234212713772,0
0022400585,135.67427032813907,1
0022400586,-51.62349101361178,0
0022400587,122.94164041744762,0
0022400588,115.56503300957297,1
0022400589,256.2747103740778,1
0022400590,-111.12314522867291,0
0022400591,-231.18973767183616,0
0022400592,63.64193020475318,1
0022400593,-91.6834410361846,0
0022400594,94.40257816943563,1
0022400595,334.13291918376785,1
0022400596,41.25829622901756,1
0022400597,-72.78935264089773,1
0022400598,271.146736922801,1
0022400599,-196.56869987200116,1
0022400600,158.39501064124875,0
0022400601,-5.186028325505049,1
0022400602,48.3946945822222,1
0022400603,164.79956103519362,1
0022400604,-97.45749604365619,0
0022400605,55.17462633977016,1
0022400611,155.97912371996745,0
0022400606,-192.62888084917995,0
0022400607,141.57966335543347,0
0022400608,-164.13352440049084,1
0022400609,167.4229656733719,1
0022400610,271.28835576958363,1
0022400612,54.143483571397155,0
0022400613,-135.39615090187,0
0022400614,-15.57488838080235,0
0022400615,-98.67389205901668,1
0022400616,196.31670809282832,1
0022400617,-136.6687003495665,0
0022400618,376.3400918972411,1
0022400619,21.026754404364056,1
0022400620,-59.77047654047624,0
0022400621,140.46217095322322,0
0022400622,102.92218985668319,0
0022400623,150.50722376000704,0
0022400624,61.29846730353029,1
0022400625,205.09448262493697,0
0022400626,79.86544217609503,1
0022400628,61.337956360897806,1
0022400629,-107.10236750084755,1
0022400983,303.3634953883243,1
0022400630,-44.282614859838304,0
0022400631,-234.50306713947134,1
0022400632,154.18092605616403,1
0022400633,-109.8446002771118,0
0022400634,-65.89677206743704,1
0022400635,-87.80287693568607,0
0022400636,-121.26955693114678,0
0022400637,-55.58940778392548,1
0022400638,1.1225239399991551,1
0022400639,119.48076960401568,0
0022400640,62.21627913136513,0
0022400641,52.64002156728179,1
0022400642,-22.681030930212046,0
0022400643,220.60992901934424,1
0022400644,-30.905968193846547,0
0022400645,272.81791608197545,1
0022400646,-9.372993692029922,1
0022400647,-295.26436249652284,0
0022400648,-193.02912649418863,0
0022400649,181.55132626037084,1
0022400650,19.887339877797558,0
0022400651,-162.61329389819662,0
0022400652,16.24078969368793,1
0022400653,22.01744072808833,1
0022400654,-10.751191500638697,1
0022400655,-191.13536859647115,1
0022400656,95.71535072291499,1
0022400657,279.72682884612345,1
0022400658,-215.95866251220286,0
0022400659,-40.74018087440322,1
0022400660,-88.83409767458579,1
0022400661,161.05586779181544,1
0022400662,-155.34169814691563,1
0022400663,-4.606171606441194,0
0022400664,108.2644090410231,1
0022400665,-146.38077104715035,0
0022400666,184.64828397456108,1
0022400667,-144.14116664907579,0
0022400668,-1.549099999846021,1
0022400669,-53.91729581806908,1
0022400670,-144.3311794291169,0
0022400671,-112.18527335064982,0
0022400672,-39.53797858419671,0
0022400673,-210.76120364839903,1
0022400674,-309.0668330350218,0
0022400675,193.5990030706214,1
0022400676,-64.03460444426696,1
0022400677,-252.4311131564948,0
0022400678,-55.41961511834461,1
0022400679,-225.97237580213937,0
0022400680,-79.19996864322138,1
0022400681,-103.9914682393105,0
0022400682,-33.67160350465679,0
0022400683,-247.60599206068014,0
0022400684,-116.05251317765578,1
0022400685,-7.85081934363302,0
0022400686,113.83196265955416,1
0022400687,-140.02715414680506,1
0022400688,-267.7745816225099,0
0022400689,248.76843770760365,0
0022400690,356.5272148151421,0
0022400691,175.65227037767795,1
0022400692,57.10619142755422,0
0022400693,-53.644744207123495,0
0022400694,-104.07819567388333,1
0022400695,24.873636522758034,1
0022400696,137.38334078820753,1
0022400697,-182.81905612447986,1
0022400698,-150.55843214980496,0
0022400699,-31.646066257354278,0
0022400700,77.2000970482768,0
0022400701,17.931117260341807,0
0022400702,-4.956705521459753,1
0022400703,146.06451002902327,1
0022400704,52.37449237779515,0
0022400705,173.31575210966184,1
0022400706,233.91093246064588,1
0022400707,-242.98869858403987,0
0022400708,49.12249333822251,1
0022400709,-81.83811228098148,1
0022400710,31.20021353461175,0
0022400711,-206.12355948384607,1
0022400712,-50.03705637465214,1
0022400713,-200.87831789265965,0
0022400714,-75.09090168173134,1
0022400715,-5.951129440008344,0
0022400716,-134.73741537451156,1
0022400717,-210.37466891611575,0
0022400718,-192.69449797354946,0
0022400719,38.00766554660731,0
0022400720,132.81906331694677,0
0022400721,-19.297090852655856,0
0022400722,-192.44454087325244,0
0022400723,111.78293465118304,1
0022400724,193.0032817722108,1
0022400725,-177.0078842860471,1
0022400726,239.98232964110525,1
0022400727,84.01164238439151,0
0022400728,137.96324488187474,0
0022400729,-13.288184084135764,1
0022400730,149.76381040975548,1
0022400731,77.32511988817691,1
0022400732,-53.39865763203852,1
0022400733,-29.674943061507065,0
0022400734,-136.26523273506518,1
0022400735,-382.06388586324374,0
0022400736,-73.95152618461043,1
0022400737,-129.00516075964356,1
0022400738,-13.20736750202559,1
0022400739,321.8509772943835,1
0022400740,162.87676019185255,1
0022400741,-40.49045056216869,1
0022400742,-5.251998415529897,1
0022400743,24.665881138360646,1
0022400744,-189.79486675743237,0
0022400745,-50.761985174144456,0
0022400746,-118.37771460859062,0
0022400747,97.47231868736776,1
0022400748,-26.68618148442306,0
0022400749,-102.30052993962818,0
0022400750,142.3696794212599,1
0022400751,192.01246103053154,1
0022400752,144.6535590814442,1
0022400753,172.2990703076266,1
0022400754,59.36172924394805,1
0022400755,87.87963944642547,1
0022400756,-8.940491719294869,0
0022400757,-154.34847349712572,0
0022400758,78.67521151404503,1
0022400759,-145.91914749691045,0
0022400760,25.45086335674864,0
0022400761,359.29710330789226,1
0022400762,23.802624708620442,0
0022400763,156.64182611152114,1
0022400768,250.46908102722796,1
0022400764,72.62074343034669,0
0022400765,-19.063885826234355,0
0022400766,-39.542496227019456,0
0022400767,-80.1696413511811,0
0022400769,220.8352421284012,1
0022400770,143.45116329765528,1
0022400771,-303.1774996268691,0
0022400772,-40.33293416511242,1
0022400773,122.88225450450682,1
0022400774,-275.03100566366857,0
0022400775,-61.00533095681112,0
0022400776,56.62238922098231,0
0022400777,-165.77503127356772,0
0022400778,229.80020941227713,1
0022400779,67.2056229627367,1
0022400780,165.37196867746638,1
0022400781,-256.065729731027,1
0022400782,9.753962663180573,1
0022400783,-56.44465058488504,1
0022400784,62.469421234631,0
0022400785,-180.13134365504834,1
0022400786,42.85579910141996,1
0022400787,-167.15689920975524,1
0022401004,-196.98012758076857,0
0022400788,-14.262108703417198,1
0022400789,-225.10075166004322,0
0022400790,22.44580261057763,0
0022400791,-265.58163082269175,0
0022400792,203.97726663496746,1
0022400793,-26.27166026838836,1
0022400794,328.464292754642,1
0022400795,-59.49601212416769,1
0022400796,-117.16004346034197,0
0022400797,63.467566881364974,1
0022400798,-105.99556459763608,0
0022400799,-277.59282061758745,0
0022400800,-90.82854820466605,0
0022400801,-15.399393031580075,1
0022400802,-51.27010338202831,0
0022400803,173.42753938398596,1
0022400804,-367.6489384658789,0
0022400805,-0.6963010230208511,0
0022400806,-73.28446184497352,0
0022400807,20.850770029886917,0
0022400808,49.975390835202916,0
0022400809,-222.37217037760843,1
0022400810,148.07174022905997,1
0022400811,52.099112605653545,1
0022400812,-11.209368406769272,1
0022400813,33.74071019733469,1
0022400814,-33.12890127017317,0
0022400815,206.71198108668182,1
0022400816,-106.86496829302814,1
0022400817,50.112768124797185,1
0022400818,-67.44177037901204,1
0022400819,101.60677055949691,1
0022400820,-153.00278792071163,0
0022400821,-26.301145238050594,1
0022400822,-35.91098278415461,0
0022400823,17.480925976525896,0
0022400824,-166.21887029442973,1
0022400825,-27.629580900606697,1
0022400826,168.04256696147536,0
0022400827,-100.03370114685072,0
0022400828,208.68610129875265,1
0022400829,-275.9985627072972,0
0022400830,-227.33345572743383,0
0022400831,1.4533811245330526,1
0022400832,101.92500029206849,1
0022400833,-47.30121309128276,1
0022400834,244.93513707328634,1
0022400835,64.19318344180851,1
0022400836,-153.01435419074642,1
0022400837,186.91978224601144,1
0022400838,202.3873810160194,1
0022400839,-200.71063035933776,0
0022400840,-302.16247023812593,0
0022400841,9.772537342519854,1
0022400842,-120.89310349004109,0
0022400843,-164.0003858898374,0
0022400844,148.48958223322552,1
0022400845,-83.79420833773906,0
0022400846,-92.97293167908833,1
0022400847,235.64838548995817,1
0022400848,91.1167130264098,0
0022400849,34.61605956711264,1
0022400850,-89.07785182144585,0
0022400851,-252.9680049704043,0
0022400852,-36.62551138400727,0
0022400853,-70.50799816661402,0
0022400854,-95.84721031491677,1
0022400855,15.160771047648268,1
0022400856,-22.00348764807586,0
0022400857,62.68958602551493,1
0022400858,-223.7105697016632,1
0022400859,74.66617424576634,1
0022400860,31.538810056139027,0
0022400861,133.14516143664991,1
0022400862,44.29275603834026,0
0022400863,169.08656090852787,0
0022400864,-154.88528760910026,1
0022400865,-19.88117926015775,0
0022400866,18.85269293842407,1
0022400867,227.756185960518,1
0022400868,160.73964474060654,1
0022400869,-123.98046758166402,0
0022400870,72.75771105693934,0
0022400871,-295.3090402271862,0
0022400872,-34.864547760249934,0
0022400873,-84.64330594987041,0
0022400874,87.03313963531946,1
0022400875,-263.33486521277905,0
0022400876,-67.64546446408804,0
0022400877,215.4864724251338,1
0022400878,105.12150798074026,0
0022400879,170.88235917249403,1
0022400880,-11.323608756110616,0
0022400881,-185.76046933561906,0
0022400882,27.526830378676777,1
0022400883,45.21873066057492,0
0022400884,-94.80769132628461,0
0022400885,81.80866334045527,0
0022400886,-308.43305376709736,0
0022400887,158.1967082526346,1
0022400888,30.540032069061454,1
0022400889,-70.65389549180554,1
0022400890,224.8069464024727,1
0022400891,170.33744670305828,1
0022400892,-290.9589566360464,0
0022400893,226.43614196738667,1
0022400894,-69.10432587168953,1
0022400895,-180.79977053076277,0
0022400896,81.35811031683306,1
0022400897,63.14084484983914,1
0022400898,-19.97934920702164,1
0022400899,-121.84563258207004,1
0022400900,266.2672585134833,1
0022400901,-180.23340526664015,0
0022400902,-141.37643091124255,0
0022400903,14.90486493046842,1
0022400944,23.52892379734817,0
0022400904,-451.39044576188235,0
0022400905,77.68731874887521,1
0022400906,-34.91697263912761,0
0022400907,-80.86270064710811,0
0022400908,247.39160460023436,1
0022400909,164.88777021035685,1
0022400910,112.81531763653061,1
0022400911,-80.7800045864119,1
0022400912,-106.20544581570744,1
0022400913,157.04932872698828,1
0022400914,-98.60222522859317,1
0022400915,132.66483214721393,0
0022400916,64.71499361861243,0
0022400917,167.34630945855338,0
0022400918,29.469046336359042,1
0022400919,38.935992136446885,1
0022400920,99.68528868050339,1
0022400921,29.991533504778317,0
0022400922,-158.8980483532839,0
0022400923,-163.3127553104348,0
0022400924,73.22892582248937,1
0022400925,158.12279281981364,1
0022400926,-38.797518240128284,0
0022400927,-7.282207611297963,1
0022400928,81.2989946585135,1
0022400929,358.2341669088785,1
0022400930,-267.3394987841848,1
0022400931,186.31648006585056,0
0022400932,102.37344327411756,1
0022400933,-132.0107626262211,1
0022400934,123.65447482737909,1
0022400935,81.2114946052368,1
0022400936,110.85673926039203,0
0022400937,-64.06693547805344,0
0022400938,102.6755272147027,1
0022400939,-60.94391471195172,0
0022400940,352.38664009667923,1
0022400941,243.38682459591064,1
0022400942,-9.008936950423049,1
0022400943,-165.9732219556447,1
0022400945,193.90847876510065,1
0022400946,-51.066167610508955,0
0022400947,6.857924339370129,1
0022400948,-83.21942596324857,0
0022400949,87.48991192471362,1
0022400950,248.52135514807196,1
0022400951,-84.1206468604014,1
0022400952,62.330454809388584,0
0022400953,-140.04792329610746,0
0022400954,249.18261301501207,0
0022400955,-66.48796112083414,1
0022400956,63.21593700473909,1
0022400957,54.83838293735562,1
0022401141,-31.477905884067013,0
0022400958,-225.90259449467612,0
0022400959,-168.45236333143362,0
0022400960,-49.04670293168101,0
0022400961,83.20612544785581,1
0022400962,-166.2855892160744,0
0022400963,162.21420900472185,1
0022400964,125.38741013997765,0
0022400965,27.09595436364225,1
0022400966,-98.89808171305208,0
0022400967,-55.05769644663383,1
0022400968,-301.2664660437722,0
0022400969,-219.12683165548992,0
0022400970,122.98910179375116,1
0022400971,124.707448099658,1
0022400972,-4.8601350381206885,1
0022400973,20.844681860500714,1
0022400974,-27.530584487049055,1
0022400975,335.92366949966686,0
0022400976,93.25759541813181,0
0022400977,123.88179018249093,1
0022400978,-116.44071929776328,1
0022400979,309.08886811753655,0
0022400980,39.2852963632854,1
0022400981,298.28838052258993,1
0022400982,-176.47361670965893,0
0022400984,176.80343314612037,1
0022400985,179.21254644180635,1
0022400986,48.06767792474352,0
0022400987,-138.97360232454162,0
0022400989,-140.60126470851128,0
0022400990,-25.135892142089688,0
0022400991,56.04648425173559,1
0022400992,-54.47323737353804,1
0022400995,144.3031402021013,1
0022400993,-164.34421610671848,0
0022400994,297.96583568508845,1
0022400997,-169.09828956770502,1
0022401012,25.050218776225393,1
0022400627,-24.464942524132766,1
0022400998,108.53166508214554,1
0022400999,-129.97253409908626,0
0022401000,-95.39287529424496,0
0022401001,224.40804167768692,0
0022401002,359.1378493277407,1
0022401003,-200.24937723340622,1
0022401006,-29.82446919523477,1
0022401007,26.304413624170593,1
0022401008,-83.42660066828967,1
0022401009,-189.536906835659,1
0022400996,59.102064670594245,0
0022401005,186.53236565660677,1
0022401010,-296.7436988857387,1
0022401011,198.45298695423662,1
0022401013,90.89288206540778,0
0022401014,-131.7596522097449,0
0022401015,-170.41129866275764,0
0022401016,190.76654872069685,1
0022401017,436.63658565092373,1
0022401018,33.78264106522465,1
0022401019,-75.19207177024691,1
0022401020,-376.0831179874499,0
0022401021,-212.38664760507163,1
0022401022,-142.24856500408782,1
0022401023,21.708737014337885,1
0022401024,205.65174830856085,1
0022401025,-118.1421785932896,1
0022401026,280.08293568534145,1
0022401027,-47.6835617004765,0
0022401028,142.40717259432745,0
0022401029,140.52380580617114,1
0022401030,-382.45503244574275,0
0022401031,107.39872933152537,1
0022401032,94.72565616916268,1
0022401033,-28.36664952362662,0
0022401034,-187.07135083953108,0
0022401035,-17.866376683889712,0
0022401036,-180.06294561627237,0
0022401037,3.7706028067252646,1
0022401038,-134.66453444067247,1
0022401039,-93.30494993379921,0
0022401040,-96.52657050618564,0
0022401041,-2.789709058141625,1
0022401042,151.48904042620234,0
0022401043,-79.69518827651768,1
0022401044,-179.33319416859922,0
0022401045,-151.69919742308457,0
0022401046,82.41005501906398,1
0022401047,-170.19906474307277,1
0022401048,108.9259671988973,1
0022401049,86.97208093093946,1
0022401050,-240.12651093941486,0
0022401051,-197.11918046469805,0
0022401052,-258.7708280321633,0
0022401053,80.02745960921311,0
0022401054,-41.22652924057206,0
0022401055,17.95402157109811,0
0022401056,22.045468112051594,0
0022401057,41.06984235086338,1
0022401058,-186.74920629098528,0
0022401059,254.68564173259506,1
0022401060,-0.6984340174219597,0
0022401061,-273.9121024162398,0
0022401062,-61.677446674169914,1
0022401063,-96.54115637632981,1
0022401064,223.27583033066617,1
0022401065,-297.3929249195555,0
0022401066,15.597036472122454,1
0022401067,-163.026604610277,1
0022401068,-230.10875988362136,0
0022401069,110.07501722594816,1
0022401070,-16.649269027436503,0
0022401071,68.41797862482167,1
0022401072,-189.53693150707568,0
0022401073,327.73417678409305,1
0022401074,-47.8413983114458,1
0022401075,-44.866255503646244,0
0022401076,-82.73399813970809,0
0022401077,17.331178162637343,0
0022401078,-34.12681454109975,0
0022401079,186.74931208100566,1
0022401080,-267.71178830241,0
0022401081,96.188063202492,1
0022401082,114.32860544661457,1
0022401083,68.3006313454307,0
0022401084,32.56499121123761,1
0022401085,80.19367943341831,1
0022401086,-150.3166086946917,0
0022401087,-71.12065940050002,0
0022401088,-97.90267385220523,0
0022401089,5.000675248523976,1
0022401090,83.07563193105443,1
0022401091,-113.01355622210008,0
0022401092,-159.55546444250854,0
0022401093,-178.0109778158494,0
0022401094,286.4017666287955,1
0022401095,139.17906377284407,0
0022401096,-17.96942215250442,1
0022400988,-36.26294977596194,0
0022401097,25.52492244554196,0
0022401098,256.8847067676961,1
0022401099,56.759118977171966,1
0022401100,-65.56911550235327,0
0022401101,48.796103517463735,1
0022401102,33.45956389009257,0
0022401103,90.94798753058922,1
0022401104,285.75319477538665,1
0022401105,-208.2184444291836,1
0022401106,257.8944021545399,0
0022401107,316.00986378470543,1
0022401108,238.51839488382802,1
0022401109,-3.124135165141979,1
0022401110,193.58244603480125,0
0022401111,205.23253610657002,1
0022401112,-173.6636704492471,0
0022401113,-226.6475388055385,0
0022401114,-38.882145712534566,0
0022401115,-208.10590090063442,0
0022401116,-60.4625498375965,0
0022401117,-4.141479609206044,0
0022401118,-179.16103037675634,0
0022401119,311.12933845673183,1
0022401120,216.54784176310022,1
0022401121,-123.11035662228733,0
0022401122,-0.569529322406197,1
0022401123,-182.44129343600366,1
0022401124,-265.72416331178033,0
0022401125,20.779264959089687,1
0022401126,201.79804762720914,1
0022401127,104.99251784235003,1
0022401128,-117.0151929931626,0
0022401129,19.641695497305363,0
0022401130,-274.4023492721087,0
0022401131,-86.06023256360118,0
0022401132,115.91965701936988,1
0022401133,-209.36120504040196,0
0022401134,-38.0304627456112,0
0022401135,180.0426700726889,0
0022401136,191.22923864720224,1
0022401137,411.2034949989427,1
0022401138,215.34245422236495,0
0022401139,60.74302771322573,1
0022401140,122.69576865649879,1
0022401142,-8.3149621284158,0
0022401143,7.5309264319530484,0
0022401144,30.60979045865338,0
0022401145,129.45979148494575,1
0022401146,-251.3097618760005,0
0022401147,176.0500162486203,1
0022401148,313.54989454919996,1
0022401149,7.176945839361679,1
0022401150,-22.52922186694923,1
0022401151,-96.59959047981033,0
0022401152,-49.3136868700733,1
0022401153,147.88838004152285,1
0022401154,-133.3045667020167,0
0022401155,186.52561559177434,1
0022401156,-225.95141649360926,1
0022401157,-33.330295598387465,0
0022401158,134.63955470052633,1
0022401159,-120.34830953322717,0
0022401160,43.436887213371165,1
0022401162,-219.77099078068431,1
0022401163,200.43603963103897,0
0022401164,-290.2797954263938,0
0022401165,-57.216225117179874,0
0022401166,-14.823107578989948,1
0022401161,199.83482889757647,1
0022401167,-77.9090321014537,1
0022401168,-82.49797949341837,1
0022401169,-98.4063811028675,0
0022401170,-57.3491752969835,0
0022401171,-43.25728403208882,0
0022401172,114.99022735844665,0
0022401173,-140.52249927080243,0
0022401174,421.76731946904374,1
0022401175,-90.01466581385512,0
0022401176,233.95736320831793,1
0022401177,-86.95855367394824,0
0022401178,49.78966740286069,1
0022401179,254.27442284406698,1
0022401180,49.499922766618056,1
0022401181,-473.56518166017395,0
0022401182,30.285292939828878,1
0022401183,-120.5720096822713,0
0022401184,-113.26629920518099,0
0022401185,-7.649678511801767,1
0022401186,-35.2688349390005,1
0022401187,424.055842280482,1
0022401188,-224.78790338971703,0
0022401189,85.53479027159369,0
0022401190,188.9713526150274,0
0022401191,-189.70394469829193,0
0022401192,64.50726402273835,1
0022401193,18.110758718863735,0
0022401194,48.41490862141427,1
0022401195,327.85406818698766,1
0022401196,-405.14959303959085,0
0022401197,10.153494165243728,1
0022401198,-18.908170232769407,0
0022401199,-146.0946328336729,1
0022401200,26.774722681366484,1
0042400121,70.64595426769506,1
0042400131,24.68963489695102,1
0042400161,-11.207389269626901,0
0042400171,-36.374348904876115,1
0042400101,226.02044873543264,1
0042400111,193.95552298977736,1
0042400141,232.16872751268124,1
0042400151,-1.4126435691375718,0
0042400122,83.21150168179452,0
0042400172,-18.018455285882737,0
0042400132,39.63839427227572,1
0042400142,238.2919527857223,1
0042400162,-34.279432754151685,1
0042400102,232.32947629583077,1
0042400112,201.30838350304384,1
0042400152,-25.032696914345934,1
0042400123,-55.16220030908039,0
0042400143,-244.23461231441047,0
0042400173,40.70656588697648,1
0042400113,-208.41062384250972,1
0042400133,-53.79067095294499,1
0042400163,16.043256478048306,1
0042400103,-238.4479043860715,0
0042400144,-254.7443540728152,0
0042400153,7.32330478820154,1
0042400174,54.80266101260622,0
0042400114,-180.59419908652762,0
0042400124,-75.72835828143184,0
0042400134,-34.435708010431654,0
0042400164,31.460842645400817,1
0042400104,-249.21778389666724,0
0042400154,23.219150451546057,1
0042400115,194.17518107503565,1
0042400125,95.11098054466015,0
0042400135,56.190605421441205,1
0042400175,-28.167191460268896,1
0042400155,-38.24724256039531,1
0042400165,-46.04651637507527,0
0042400126,-66.4956666872979,0
0042400176,10.279550798069522,1
0042400156,19.784218645903593,0
0042400177,-26.012675422622124,1
0042400157,5.001727371802872,0
0042400201,51.71963267433557,0
0042400211,112.58600900632564,0
0042400221,165.77892562839702,0
0042400202,25.242563539459752,0
0042400231,38.11203335868299,0
0042400212,83.16944918581248,0
0042400222,134.15542605301266,1
0042400232,12.344765767303443,1
0042400203,-0.1615360844953102,0
0042400223,-143.801090769339,1
0042400213,-55.122176541837234,0
0042400233,-27.964563154353073,0
0042400204,-23.851203789648935,1
0042400224,-119.34115009505217,0
0042400214,-75.69063661367363,1
0042400234,-50.08845588711847,0
0042400205,6.208905354555554,0
0042400225,136.23828265052293,1
0042400215,55.07542824877737,1
0042400235,70.94630670258039,1
0042400226,-145.79645766157296,1
0042400216,-68.42598894188723,1
0042400227,121.22750709115167,1
0042400311,98.25333797766689,1
0042400301,-48.53653739145989,0
0042400312,109.49127674842202,1
0042400302,-69.48354178577597,0
0042400313,-120.2139528141206,1
0042400303,89.22546269963846,0
0042400314,-97.0620713238468,0
0042400304,60.888081024171015,1
0042400315,115.22165149842203,1
0042400305,-73.94269850118212,1
0042400306,53.42802904654104,1
0042400401,96.03312911454736,0
0042400402,67.37463165100121,1
0042400403,-80.10303613347719,1
0042400404,-59.23418269252875,0
0042400405,79.5660593506916,1
0042400406,-91.69335489367609,1
0042400407,70.15977814363009,1
